group	fill	colour	clickSelects
1	#FFFFFF	#D3D3D3	1
2	#FFFFFF	#D3D3D3	1
3	#FFFFFF	#D3D3D3	1
4	#FFFFFF	#D3D3D3	21
5	#FFFFFF	#D3D3D3	21
6	#FFFFFF	#D3D3D3	21
7	#FFFFFF	#D3D3D3	21
8	#FFFFFF	#D3D3D3	21
9	#FFFFFF	#D3D3D3	41
10	#FFFFFF	#D3D3D3	41
11	#FFFFFF	#D3D3D3	41
12	#FFFFFF	#D3D3D3	41
13	#FFFFFF	#D3D3D3	41
14	#FFFFFF	#D3D3D3	1
15	#FFFFFF	#D3D3D3	41
16	#FFFFFF	#D3D3D3	41
17	#FFFFFF	#D3D3D3	41
18	#FFFFFF	#D3D3D3	41
19	#FFFFFF	#D3D3D3	182
20	#FFFFFF	#D3D3D3	182
21	#FFFFFF	#D3D3D3	41
22	#FFFFFF	#D3D3D3	41
23	#FFFFFF	#D3D3D3	41
24	#FFFFFF	#D3D3D3	41
25	#FFFFFF	#D3D3D3	1
26	#FFFFFF	#D3D3D3	41
27	#FFFFFF	#D3D3D3	214
28	#FFFFFF	#D3D3D3	107
29	#FFFFFF	#D3D3D3	107
30	#FFFFFF	#D3D3D3	107
31	#FFFFFF	#D3D3D3	107
32	#FFFFFF	#D3D3D3	107
36	#FFFFFF	#D3D3D3	1
46	#FFFFFF	#D3D3D3	40
47	#FFFFFF	#D3D3D3	21
48	#FFFFFF	#D3D3D3	21
49	#FFFFFF	#D3D3D3	21
50	#FFFFFF	#D3D3D3	21
52	#FFFFFF	#D3D3D3	1
53	#FFFFFF	#D3D3D3	1
54	#FFFFFF	#D3D3D3	21
55	#FFFFFF	#D3D3D3	21
56	#FFFFFF	#D3D3D3	21
57	#FFFFFF	#D3D3D3	21
58	#FFFFFF	#D3D3D3	21
59	#FFFFFF	#D3D3D3	21
60	#FFFFFF	#D3D3D3	41
61	#FFFFFF	#D3D3D3	41
62	#FFFFFF	#D3D3D3	41
63	#FFFFFF	#D3D3D3	41
64	#FFFFFF	#D3D3D3	1
65	#FFFFFF	#D3D3D3	41
66	#FFFFFF	#D3D3D3	41
67	#FFFFFF	#D3D3D3	41
68	#FFFFFF	#D3D3D3	41
69	#FFFFFF	#D3D3D3	41
70	#FFFFFF	#D3D3D3	182
71	#FFFFFF	#D3D3D3	41
72	#FFFFFF	#D3D3D3	41
73	#FFFFFF	#D3D3D3	41
74	#FFFFFF	#D3D3D3	41
75	#FFFFFF	#D3D3D3	1
76	#FFFFFF	#D3D3D3	41
77	#FFFFFF	#D3D3D3	214
78	#FFFFFF	#D3D3D3	107
79	#FFFFFF	#D3D3D3	107
80	#FFFFFF	#D3D3D3	107
81	#FFFFFF	#D3D3D3	107
82	#FFFFFF	#D3D3D3	28
83	#FFFFFF	#D3D3D3	107
86	#FFFFFF	#D3D3D3	1
97	#FFFFFF	#D3D3D3	1
98	#FFFFFF	#D3D3D3	40
99	#FFFFFF	#D3D3D3	21
100	#FFFFFF	#D3D3D3	21
101	#FFFFFF	#D3D3D3	21
102	#FFFFFF	#D3D3D3	40
103	#FFFFFF	#D3D3D3	1
104	#FFFFFF	#D3D3D3	1
105	#FFFFFF	#D3D3D3	21
106	#FFFFFF	#D3D3D3	21
107	#FFFFFF	#D3D3D3	21
108	#FFFFFF	#D3D3D3	21
109	#FFFFFF	#D3D3D3	21
110	#FFFFFF	#D3D3D3	21
111	#FFFFFF	#D3D3D3	41
112	#FFFFFF	#D3D3D3	41
113	#FFFFFF	#D3D3D3	41
114	#FFFFFF	#D3D3D3	41
115	#FFFFFF	#D3D3D3	1
116	#FFFFFF	#D3D3D3	41
117	#FFFFFF	#D3D3D3	41
118	#FFFFFF	#D3D3D3	41
119	#FFFFFF	#D3D3D3	41
120	#FFFFFF	#D3D3D3	182
121	#FFFFFF	#D3D3D3	41
122	#FFFFFF	#D3D3D3	41
123	#FFFFFF	#D3D3D3	41
124	#FFFFFF	#D3D3D3	41
125	#FFFFFF	#D3D3D3	41
126	#FFFFFF	#D3D3D3	1
127	#FFFFFF	#D3D3D3	214
128	#FFFFFF	#D3D3D3	214
129	#FFFFFF	#D3D3D3	107
130	#FFFFFF	#D3D3D3	107
131	#FFFFFF	#D3D3D3	107
132	#FFFFFF	#D3D3D3	28
133	#FFFFFF	#D3D3D3	107
134	#FFFFFF	#D3D3D3	107
137	#FFFFFF	#D3D3D3	1
147	#FFFFFF	#D3D3D3	1
148	#FFFFFF	#D3D3D3	40
149	#FFFFFF	#D3D3D3	40
150	#FFFFFF	#D3D3D3	21
151	#FFFFFF	#D3D3D3	21
153	#FFFFFF	#D3D3D3	1
154	#FFFFFF	#D3D3D3	1
155	#FFFFFF	#D3D3D3	40
156	#FFFFFF	#D3D3D3	40
157	#FFFFFF	#D3D3D3	1
158	#FFFFFF	#D3D3D3	40
159	#FFFFFF	#D3D3D3	40
160	#FFFFFF	#D3D3D3	40
161	#FFFFFF	#D3D3D3	40
162	#FFFFFF	#D3D3D3	21
163	#FFFFFF	#D3D3D3	41
164	#FFFFFF	#D3D3D3	16
165	#FFFFFF	#D3D3D3	1
166	#FFFFFF	#D3D3D3	16
167	#FFFFFF	#D3D3D3	16
168	#FFFFFF	#D3D3D3	16
169	#FFFFFF	#D3D3D3	16
170	#FFFFFF	#D3D3D3	41
171	#FFFFFF	#D3D3D3	28
172	#FFFFFF	#D3D3D3	41
173	#FFFFFF	#D3D3D3	28
174	#FFFFFF	#D3D3D3	41
175	#FFFFFF	#D3D3D3	41
176	#FFFFFF	#D3D3D3	40
177	#FFFFFF	#D3D3D3	41
178	#FFFFFF	#D3D3D3	41
179	#FFFFFF	#D3D3D3	28
180	#FFFFFF	#D3D3D3	28
181	#FFFFFF	#D3D3D3	28
182	#FFFFFF	#D3D3D3	28
183	#FFFFFF	#D3D3D3	28
184	#FFFFFF	#D3D3D3	28
185	#FFFFFF	#D3D3D3	28
186	#FFFFFF	#D3D3D3	28
187	#FFFFFF	#D3D3D3	40
188	#FFFFFF	#D3D3D3	28
189	#FFFFFF	#D3D3D3	28
190	#FFFFFF	#D3D3D3	28
191	#FFFFFF	#D3D3D3	28
192	#FFFFFF	#D3D3D3	28
193	#FFFFFF	#D3D3D3	107
194	#FFFFFF	#D3D3D3	107
198	#FFFFFF	#D3D3D3	40
199	#FFFFFF	#D3D3D3	40
200	#FFFFFF	#D3D3D3	40
201	#FFFFFF	#D3D3D3	40
202	#FFFFFF	#D3D3D3	40
203	#FFFFFF	#D3D3D3	66
204	#FFFFFF	#D3D3D3	1
205	#FFFFFF	#D3D3D3	1
206	#FFFFFF	#D3D3D3	40
207	#FFFFFF	#D3D3D3	40
208	#FFFFFF	#D3D3D3	1
209	#FFFFFF	#D3D3D3	40
210	#FFFFFF	#D3D3D3	40
211	#FFFFFF	#D3D3D3	40
212	#FFFFFF	#D3D3D3	40
213	#FFFFFF	#D3D3D3	40
214	#FFFFFF	#D3D3D3	16
215	#FFFFFF	#D3D3D3	16
216	#FFFFFF	#D3D3D3	1
217	#FFFFFF	#D3D3D3	16
218	#FFFFFF	#D3D3D3	16
219	#FFFFFF	#D3D3D3	16
220	#FFFFFF	#D3D3D3	16
221	#FFFFFF	#D3D3D3	41
222	#FFFFFF	#D3D3D3	41
223	#FFFFFF	#D3D3D3	28
224	#FFFFFF	#D3D3D3	41
225	#FFFFFF	#D3D3D3	41
226	#FFFFFF	#D3D3D3	41
227	#FFFFFF	#D3D3D3	40
228	#FFFFFF	#D3D3D3	41
229	#FFFFFF	#D3D3D3	41
230	#FFFFFF	#D3D3D3	28
231	#FFFFFF	#D3D3D3	28
232	#FFFFFF	#D3D3D3	28
233	#FFFFFF	#D3D3D3	28
234	#FFFFFF	#D3D3D3	28
235	#FFFFFF	#D3D3D3	28
236	#FFFFFF	#D3D3D3	28
237	#FFFFFF	#D3D3D3	28
238	#FFFFFF	#D3D3D3	40
239	#FFFFFF	#D3D3D3	28
240	#FFFFFF	#D3D3D3	28
241	#FFFFFF	#D3D3D3	28
242	#FFFFFF	#D3D3D3	28
243	#FFFFFF	#D3D3D3	28
244	#FFFFFF	#D3D3D3	107
245	#FFFFFF	#D3D3D3	107
248	#FFFFFF	#D3D3D3	40
249	#FFFFFF	#D3D3D3	40
250	#FFFFFF	#D3D3D3	40
251	#FFFFFF	#D3D3D3	40
252	#FFFFFF	#D3D3D3	40
254	#FFFFFF	#D3D3D3	66
255	#FFFFFF	#D3D3D3	1
256	#FFFFFF	#D3D3D3	40
257	#FFFFFF	#D3D3D3	40
258	#FFFFFF	#D3D3D3	40
259	#FFFFFF	#D3D3D3	1
260	#FFFFFF	#D3D3D3	40
261	#FFFFFF	#D3D3D3	1
262	#FFFFFF	#D3D3D3	40
263	#FFFFFF	#D3D3D3	40
264	#FFFFFF	#D3D3D3	40
265	#FFFFFF	#D3D3D3	16
266	#FFFFFF	#D3D3D3	1
267	#FFFFFF	#D3D3D3	16
268	#FFFFFF	#D3D3D3	16
269	#FFFFFF	#D3D3D3	16
270	#FFFFFF	#D3D3D3	16
271	#FFFFFF	#D3D3D3	16
272	#FFFFFF	#D3D3D3	41
273	#FFFFFF	#D3D3D3	28
274	#FFFFFF	#D3D3D3	41
275	#FFFFFF	#D3D3D3	41
276	#FFFFFF	#D3D3D3	41
277	#FFFFFF	#D3D3D3	1
278	#FFFFFF	#D3D3D3	41
279	#FFFFFF	#D3D3D3	41
280	#FFFFFF	#D3D3D3	41
281	#FFFFFF	#D3D3D3	28
282	#FFFFFF	#D3D3D3	28
283	#FFFFFF	#D3D3D3	28
284	#FFFFFF	#D3D3D3	28
285	#FFFFFF	#D3D3D3	28
286	#FFFFFF	#D3D3D3	28
287	#FFFFFF	#D3D3D3	28
288	#FFFFFF	#D3D3D3	40
289	#FFFFFF	#D3D3D3	28
290	#FFFFFF	#D3D3D3	28
291	#FFFFFF	#D3D3D3	28
292	#FFFFFF	#D3D3D3	28
293	#FFFFFF	#D3D3D3	107
294	#FFFFFF	#D3D3D3	28
295	#FFFFFF	#D3D3D3	107
296	#FFFFFF	#D3D3D3	107
299	#FFFFFF	#D3D3D3	40
300	#FFFFFF	#D3D3D3	40
301	#FFFFFF	#D3D3D3	40
302	#FFFFFF	#D3D3D3	40
303	#FFFFFF	#D3D3D3	40
304	#FFFFFF	#D3D3D3	66
305	#FFFFFF	#D3D3D3	66
306	#FFFFFF	#D3D3D3	1
307	#FFFFFF	#D3D3D3	40
308	#FFFFFF	#D3D3D3	40
309	#FFFFFF	#D3D3D3	40
310	#FFFFFF	#D3D3D3	1
311	#FFFFFF	#D3D3D3	1
312	#FFFFFF	#D3D3D3	1
313	#FFFFFF	#D3D3D3	40
314	#FFFFFF	#D3D3D3	40
315	#FFFFFF	#D3D3D3	40
316	#FFFFFF	#D3D3D3	16
317	#FFFFFF	#D3D3D3	1
318	#FFFFFF	#D3D3D3	16
319	#FFFFFF	#D3D3D3	16
320	#FFFFFF	#D3D3D3	16
321	#FFFFFF	#D3D3D3	16
322	#FFFFFF	#D3D3D3	16
323	#FFFFFF	#D3D3D3	28
324	#FFFFFF	#D3D3D3	41
325	#FFFFFF	#D3D3D3	41
326	#FFFFFF	#D3D3D3	41
327	#FFFFFF	#D3D3D3	41
328	#FFFFFF	#D3D3D3	1
329	#FFFFFF	#D3D3D3	41
330	#FFFFFF	#D3D3D3	41
331	#FFFFFF	#D3D3D3	41
332	#FFFFFF	#D3D3D3	41
333	#FFFFFF	#D3D3D3	28
334	#FFFFFF	#D3D3D3	28
335	#FFFFFF	#D3D3D3	28
336	#FFFFFF	#D3D3D3	28
337	#FFFFFF	#D3D3D3	28
338	#FFFFFF	#D3D3D3	28
339	#FFFFFF	#D3D3D3	40
340	#FFFFFF	#D3D3D3	28
341	#FFFFFF	#D3D3D3	28
342	#FFFFFF	#D3D3D3	28
343	#FFFFFF	#D3D3D3	107
344	#FFFFFF	#D3D3D3	107
345	#FFFFFF	#D3D3D3	107
346	#FFFFFF	#D3D3D3	96
347	#FFFFFF	#D3D3D3	96
349	#FFFFFF	#D3D3D3	40
350	#FFFFFF	#D3D3D3	40
351	#FFFFFF	#D3D3D3	40
352	#FFFFFF	#D3D3D3	40
353	#FFFFFF	#D3D3D3	40
355	#FFFFFF	#D3D3D3	66
356	#FFFFFF	#D3D3D3	66
357	#FFFFFF	#D3D3D3	40
358	#FFFFFF	#D3D3D3	40
359	#FFFFFF	#D3D3D3	40
360	#FFFFFF	#D3D3D3	1
361	#FFFFFF	#D3D3D3	1
362	#FFFFFF	#D3D3D3	1
363	#FFFFFF	#D3D3D3	40
364	#FFFFFF	#D3D3D3	40
365	#FFFFFF	#D3D3D3	40
366	#FFFFFF	#D3D3D3	40
367	#FFFFFF	#D3D3D3	1
368	#FFFFFF	#D3D3D3	16
369	#FFFFFF	#D3D3D3	16
370	#FFFFFF	#D3D3D3	16
371	#FFFFFF	#D3D3D3	16
372	#FFFFFF	#D3D3D3	16
373	#FFFFFF	#D3D3D3	107
374	#FFFFFF	#D3D3D3	28
375	#FFFFFF	#D3D3D3	41
376	#FFFFFF	#D3D3D3	41
377	#FFFFFF	#D3D3D3	41
378	#FFFFFF	#D3D3D3	1
379	#FFFFFF	#D3D3D3	41
380	#FFFFFF	#D3D3D3	41
381	#FFFFFF	#D3D3D3	41
382	#FFFFFF	#D3D3D3	41
383	#FFFFFF	#D3D3D3	41
384	#FFFFFF	#D3D3D3	28
385	#FFFFFF	#D3D3D3	28
386	#FFFFFF	#D3D3D3	28
387	#FFFFFF	#D3D3D3	28
388	#FFFFFF	#D3D3D3	28
389	#FFFFFF	#D3D3D3	1
390	#FFFFFF	#D3D3D3	28
391	#FFFFFF	#D3D3D3	28
392	#FFFFFF	#D3D3D3	28
393	#FFFFFF	#D3D3D3	107
394	#FFFFFF	#D3D3D3	107
395	#FFFFFF	#D3D3D3	107
396	#FFFFFF	#D3D3D3	107
397	#FFFFFF	#D3D3D3	96
398	#FFFFFF	#D3D3D3	96
400	#FFFFFF	#D3D3D3	40
401	#FFFFFF	#D3D3D3	40
402	#FFFFFF	#D3D3D3	40
403	#FFFFFF	#D3D3D3	40
404	#FFFFFF	#D3D3D3	40
405	#FFFFFF	#D3D3D3	66
406	#FFFFFF	#D3D3D3	66
407	#FFFFFF	#D3D3D3	66
408	#FFFFFF	#D3D3D3	40
409	#FFFFFF	#D3D3D3	40
410	#FFFFFF	#D3D3D3	1
411	#FFFFFF	#D3D3D3	1
412	#FFFFFF	#D3D3D3	1
413	#FFFFFF	#D3D3D3	40
414	#FFFFFF	#D3D3D3	40
415	#FFFFFF	#D3D3D3	40
416	#FFFFFF	#D3D3D3	40
417	#FFFFFF	#D3D3D3	16
418	#FFFFFF	#D3D3D3	1
419	#FFFFFF	#D3D3D3	16
420	#FFFFFF	#D3D3D3	16
421	#FFFFFF	#D3D3D3	16
422	#FFFFFF	#D3D3D3	16
423	#FFFFFF	#D3D3D3	107
424	#FFFFFF	#D3D3D3	28
425	#FFFFFF	#D3D3D3	28
426	#FFFFFF	#D3D3D3	41
427	#FFFFFF	#D3D3D3	41
428	#FFFFFF	#D3D3D3	41
429	#FFFFFF	#D3D3D3	1
430	#FFFFFF	#D3D3D3	41
431	#FFFFFF	#D3D3D3	41
432	#FFFFFF	#D3D3D3	41
433	#FFFFFF	#D3D3D3	41
434	#FFFFFF	#D3D3D3	41
435	#FFFFFF	#D3D3D3	28
436	#FFFFFF	#D3D3D3	28
437	#FFFFFF	#D3D3D3	28
438	#FFFFFF	#D3D3D3	28
439	#FFFFFF	#D3D3D3	28
440	#FFFFFF	#D3D3D3	1
441	#FFFFFF	#D3D3D3	28
442	#FFFFFF	#D3D3D3	28
443	#FFFFFF	#D3D3D3	28
444	#FFFFFF	#D3D3D3	107
445	#FFFFFF	#D3D3D3	96
446	#FFFFFF	#D3D3D3	107
447	#FFFFFF	#D3D3D3	96
448	#FFFFFF	#D3D3D3	96
449	#FFFFFF	#D3D3D3	96
450	#FFFFFF	#D3D3D3	40
451	#FFFFFF	#D3D3D3	40
452	#FFFFFF	#D3D3D3	40
453	#FFFFFF	#D3D3D3	40
454	#FFFFFF	#D3D3D3	40
456	#FFFFFF	#D3D3D3	66
457	#FFFFFF	#D3D3D3	66
458	#FFFFFF	#D3D3D3	40
459	#FFFFFF	#D3D3D3	40
460	#FFFFFF	#D3D3D3	40
461	#FFFFFF	#D3D3D3	1
462	#FFFFFF	#D3D3D3	1
463	#FFFFFF	#D3D3D3	40
464	#FFFFFF	#D3D3D3	40
465	#FFFFFF	#D3D3D3	40
466	#FFFFFF	#D3D3D3	40
467	#FFFFFF	#D3D3D3	16
468	#FFFFFF	#D3D3D3	66
469	#FFFFFF	#D3D3D3	16
470	#FFFFFF	#D3D3D3	16
471	#FFFFFF	#D3D3D3	16
472	#FFFFFF	#D3D3D3	16
473	#FFFFFF	#D3D3D3	107
474	#FFFFFF	#D3D3D3	28
475	#FFFFFF	#D3D3D3	28
476	#FFFFFF	#D3D3D3	28
477	#FFFFFF	#D3D3D3	28
478	#FFFFFF	#D3D3D3	41
479	#FFFFFF	#D3D3D3	1
480	#FFFFFF	#D3D3D3	41
481	#FFFFFF	#D3D3D3	41
482	#FFFFFF	#D3D3D3	41
483	#FFFFFF	#D3D3D3	41
484	#FFFFFF	#D3D3D3	41
485	#FFFFFF	#D3D3D3	28
486	#FFFFFF	#D3D3D3	28
487	#FFFFFF	#D3D3D3	28
488	#FFFFFF	#D3D3D3	28
489	#FFFFFF	#D3D3D3	28
490	#FFFFFF	#D3D3D3	1
491	#FFFFFF	#D3D3D3	28
492	#FFFFFF	#D3D3D3	28
493	#FFFFFF	#D3D3D3	107
494	#FFFFFF	#D3D3D3	28
495	#FFFFFF	#D3D3D3	107
496	#FFFFFF	#D3D3D3	96
497	#FFFFFF	#D3D3D3	96
498	#FFFFFF	#D3D3D3	96
499	#FFFFFF	#D3D3D3	96
501	#FFFFFF	#D3D3D3	1
502	#FFFFFF	#D3D3D3	40
503	#FFFFFF	#D3D3D3	40
504	#FFFFFF	#D3D3D3	40
505	#FFFFFF	#D3D3D3	40
506	#FFFFFF	#D3D3D3	66
507	#FFFFFF	#D3D3D3	66
508	#FFFFFF	#D3D3D3	66
509	#FFFFFF	#D3D3D3	40
510	#FFFFFF	#D3D3D3	40
511	#FFFFFF	#D3D3D3	1
512	#FFFFFF	#D3D3D3	1
513	#FFFFFF	#D3D3D3	40
514	#FFFFFF	#D3D3D3	40
515	#FFFFFF	#D3D3D3	40
516	#FFFFFF	#D3D3D3	40
517	#FFFFFF	#D3D3D3	16
518	#FFFFFF	#D3D3D3	16
519	#FFFFFF	#D3D3D3	66
520	#FFFFFF	#D3D3D3	16
521	#FFFFFF	#D3D3D3	16
522	#FFFFFF	#D3D3D3	16
523	#FFFFFF	#D3D3D3	107
524	#FFFFFF	#D3D3D3	28
525	#FFFFFF	#D3D3D3	28
526	#FFFFFF	#D3D3D3	28
527	#FFFFFF	#D3D3D3	28
528	#FFFFFF	#D3D3D3	28
529	#FFFFFF	#D3D3D3	41
530	#FFFFFF	#D3D3D3	1
531	#FFFFFF	#D3D3D3	41
532	#FFFFFF	#D3D3D3	41
533	#FFFFFF	#D3D3D3	41
534	#FFFFFF	#D3D3D3	41
535	#FFFFFF	#D3D3D3	28
536	#FFFFFF	#D3D3D3	28
537	#FFFFFF	#D3D3D3	28
538	#FFFFFF	#D3D3D3	28
539	#FFFFFF	#D3D3D3	28
540	#FFFFFF	#D3D3D3	28
541	#FFFFFF	#D3D3D3	1
542	#FFFFFF	#D3D3D3	28
543	#FFFFFF	#D3D3D3	107
544	#FFFFFF	#D3D3D3	107
545	#FFFFFF	#D3D3D3	107
546	#FFFFFF	#D3D3D3	96
547	#FFFFFF	#D3D3D3	96
548	#FFFFFF	#D3D3D3	96
549	#FFFFFF	#D3D3D3	96
551	#FFFFFF	#D3D3D3	1
552	#FFFFFF	#D3D3D3	40
553	#FFFFFF	#D3D3D3	40
554	#FFFFFF	#D3D3D3	40
555	#FFFFFF	#D3D3D3	40
557	#FFFFFF	#D3D3D3	66
558	#FFFFFF	#D3D3D3	66
559	#FFFFFF	#D3D3D3	40
560	#FFFFFF	#D3D3D3	40
561	#FFFFFF	#D3D3D3	40
562	#FFFFFF	#D3D3D3	1
563	#FFFFFF	#D3D3D3	40
564	#FFFFFF	#D3D3D3	40
565	#FFFFFF	#D3D3D3	40
566	#FFFFFF	#D3D3D3	40
567	#FFFFFF	#D3D3D3	16
568	#FFFFFF	#D3D3D3	16
569	#FFFFFF	#D3D3D3	66
570	#FFFFFF	#D3D3D3	16
571	#FFFFFF	#D3D3D3	107
572	#FFFFFF	#D3D3D3	16
573	#FFFFFF	#D3D3D3	107
574	#FFFFFF	#D3D3D3	28
575	#FFFFFF	#D3D3D3	28
576	#FFFFFF	#D3D3D3	28
577	#FFFFFF	#D3D3D3	28
578	#FFFFFF	#D3D3D3	28
579	#FFFFFF	#D3D3D3	28
580	#FFFFFF	#D3D3D3	66
581	#FFFFFF	#D3D3D3	41
582	#FFFFFF	#D3D3D3	41
583	#FFFFFF	#D3D3D3	41
584	#FFFFFF	#D3D3D3	41
585	#FFFFFF	#D3D3D3	28
586	#FFFFFF	#D3D3D3	28
587	#FFFFFF	#D3D3D3	28
588	#FFFFFF	#D3D3D3	28
589	#FFFFFF	#D3D3D3	28
590	#FFFFFF	#D3D3D3	28
591	#FFFFFF	#D3D3D3	1
592	#FFFFFF	#D3D3D3	28
593	#FFFFFF	#D3D3D3	28
594	#FFFFFF	#D3D3D3	107
595	#FFFFFF	#D3D3D3	107
596	#FFFFFF	#D3D3D3	107
597	#FFFFFF	#D3D3D3	96
598	#FFFFFF	#D3D3D3	96
599	#FFFFFF	#D3D3D3	96
600	#FFFFFF	#D3D3D3	145
602	#FFFFFF	#D3D3D3	1
603	#FFFFFF	#D3D3D3	1
604	#FFFFFF	#D3D3D3	1
605	#FFFFFF	#D3D3D3	40
606	#FFFFFF	#D3D3D3	40
607	#FFFFFF	#D3D3D3	66
608	#FFFFFF	#D3D3D3	66
609	#FFFFFF	#D3D3D3	66
610	#FFFFFF	#D3D3D3	40
611	#FFFFFF	#D3D3D3	40
612	#FFFFFF	#D3D3D3	1
613	#FFFFFF	#D3D3D3	1
614	#FFFFFF	#D3D3D3	40
615	#FFFFFF	#D3D3D3	40
616	#FFFFFF	#D3D3D3	40
617	#FFFFFF	#D3D3D3	16
618	#FFFFFF	#D3D3D3	107
619	#FFFFFF	#D3D3D3	16
620	#FFFFFF	#D3D3D3	66
621	#FFFFFF	#D3D3D3	107
622	#FFFFFF	#D3D3D3	107
623	#FFFFFF	#D3D3D3	107
624	#FFFFFF	#D3D3D3	28
625	#FFFFFF	#D3D3D3	28
626	#FFFFFF	#D3D3D3	28
627	#FFFFFF	#D3D3D3	107
628	#FFFFFF	#D3D3D3	28
629	#FFFFFF	#D3D3D3	28
630	#FFFFFF	#D3D3D3	41
631	#FFFFFF	#D3D3D3	66
632	#FFFFFF	#D3D3D3	41
633	#FFFFFF	#D3D3D3	41
634	#FFFFFF	#D3D3D3	41
635	#FFFFFF	#D3D3D3	28
636	#FFFFFF	#D3D3D3	28
637	#FFFFFF	#D3D3D3	28
638	#FFFFFF	#D3D3D3	28
639	#FFFFFF	#D3D3D3	28
640	#FFFFFF	#D3D3D3	28
641	#FFFFFF	#D3D3D3	28
642	#FFFFFF	#D3D3D3	1
643	#FFFFFF	#D3D3D3	28
644	#FFFFFF	#D3D3D3	28
645	#FFFFFF	#D3D3D3	107
646	#FFFFFF	#D3D3D3	96
647	#FFFFFF	#D3D3D3	96
648	#FFFFFF	#D3D3D3	96
649	#FFFFFF	#D3D3D3	96
652	#FFFFFF	#D3D3D3	1
653	#FFFFFF	#D3D3D3	1
654	#FFFFFF	#D3D3D3	40
655	#FFFFFF	#D3D3D3	40
656	#FFFFFF	#D3D3D3	40
658	#FFFFFF	#D3D3D3	66
659	#FFFFFF	#D3D3D3	66
660	#FFFFFF	#D3D3D3	40
661	#FFFFFF	#D3D3D3	40
662	#FFFFFF	#D3D3D3	1
663	#FFFFFF	#D3D3D3	1
664	#FFFFFF	#D3D3D3	1
665	#FFFFFF	#D3D3D3	40
666	#FFFFFF	#D3D3D3	40
667	#FFFFFF	#D3D3D3	16
668	#FFFFFF	#D3D3D3	107
669	#FFFFFF	#D3D3D3	107
670	#FFFFFF	#D3D3D3	66
671	#FFFFFF	#D3D3D3	107
672	#FFFFFF	#D3D3D3	107
673	#FFFFFF	#D3D3D3	107
674	#FFFFFF	#D3D3D3	28
675	#FFFFFF	#D3D3D3	28
676	#FFFFFF	#D3D3D3	28
677	#FFFFFF	#D3D3D3	107
678	#FFFFFF	#D3D3D3	107
679	#FFFFFF	#D3D3D3	107
680	#FFFFFF	#D3D3D3	28
681	#FFFFFF	#D3D3D3	66
682	#FFFFFF	#D3D3D3	41
683	#FFFFFF	#D3D3D3	41
684	#FFFFFF	#D3D3D3	41
685	#FFFFFF	#D3D3D3	28
686	#FFFFFF	#D3D3D3	28
687	#FFFFFF	#D3D3D3	28
688	#FFFFFF	#D3D3D3	28
689	#FFFFFF	#D3D3D3	28
690	#FFFFFF	#D3D3D3	28
691	#FFFFFF	#D3D3D3	28
692	#FFFFFF	#D3D3D3	66
693	#FFFFFF	#D3D3D3	28
694	#FFFFFF	#D3D3D3	28
695	#FFFFFF	#D3D3D3	28
696	#FFFFFF	#D3D3D3	107
697	#FFFFFF	#D3D3D3	96
698	#FFFFFF	#D3D3D3	96
699	#FFFFFF	#D3D3D3	96
703	#FFFFFF	#D3D3D3	66
704	#FFFFFF	#D3D3D3	1
705	#FFFFFF	#D3D3D3	1
706	#FFFFFF	#D3D3D3	40
707	#FFFFFF	#D3D3D3	40
708	#FFFFFF	#D3D3D3	66
709	#FFFFFF	#D3D3D3	66
710	#FFFFFF	#D3D3D3	66
711	#FFFFFF	#D3D3D3	1
712	#FFFFFF	#D3D3D3	1
713	#FFFFFF	#D3D3D3	1
714	#FFFFFF	#D3D3D3	1
715	#FFFFFF	#D3D3D3	1
716	#FFFFFF	#D3D3D3	40
717	#FFFFFF	#D3D3D3	16
718	#FFFFFF	#D3D3D3	16
719	#FFFFFF	#D3D3D3	107
720	#FFFFFF	#D3D3D3	107
721	#FFFFFF	#D3D3D3	66
722	#FFFFFF	#D3D3D3	107
723	#FFFFFF	#D3D3D3	107
724	#FFFFFF	#D3D3D3	28
725	#FFFFFF	#D3D3D3	28
726	#FFFFFF	#D3D3D3	28
727	#FFFFFF	#D3D3D3	107
728	#FFFFFF	#D3D3D3	107
729	#FFFFFF	#D3D3D3	107
730	#FFFFFF	#D3D3D3	28
731	#FFFFFF	#D3D3D3	28
732	#FFFFFF	#D3D3D3	66
733	#FFFFFF	#D3D3D3	41
734	#FFFFFF	#D3D3D3	41
735	#FFFFFF	#D3D3D3	28
736	#FFFFFF	#D3D3D3	28
737	#FFFFFF	#D3D3D3	28
738	#FFFFFF	#D3D3D3	28
739	#FFFFFF	#D3D3D3	107
740	#FFFFFF	#D3D3D3	28
741	#FFFFFF	#D3D3D3	28
742	#FFFFFF	#D3D3D3	28
743	#FFFFFF	#D3D3D3	66
744	#FFFFFF	#D3D3D3	28
745	#FFFFFF	#D3D3D3	28
746	#FFFFFF	#D3D3D3	107
747	#FFFFFF	#D3D3D3	96
748	#FFFFFF	#D3D3D3	96
749	#FFFFFF	#D3D3D3	96
750	#FFFFFF	#D3D3D3	145
753	#FFFFFF	#D3D3D3	1
754	#FFFFFF	#D3D3D3	1
755	#FFFFFF	#D3D3D3	1
756	#FFFFFF	#D3D3D3	40
757	#FFFFFF	#D3D3D3	40
759	#FFFFFF	#D3D3D3	66
760	#FFFFFF	#D3D3D3	66
761	#FFFFFF	#D3D3D3	1
762	#FFFFFF	#D3D3D3	1
763	#FFFFFF	#D3D3D3	1
764	#FFFFFF	#D3D3D3	1
765	#FFFFFF	#D3D3D3	1
766	#FFFFFF	#D3D3D3	1
767	#FFFFFF	#D3D3D3	16
768	#FFFFFF	#D3D3D3	107
769	#FFFFFF	#D3D3D3	107
770	#FFFFFF	#D3D3D3	107
771	#FFFFFF	#D3D3D3	66
772	#FFFFFF	#D3D3D3	107
773	#FFFFFF	#D3D3D3	107
774	#FFFFFF	#D3D3D3	107
775	#FFFFFF	#D3D3D3	28
776	#FFFFFF	#D3D3D3	28
777	#FFFFFF	#D3D3D3	107
778	#FFFFFF	#D3D3D3	107
779	#FFFFFF	#D3D3D3	107
780	#FFFFFF	#D3D3D3	28
781	#FFFFFF	#D3D3D3	28
782	#FFFFFF	#D3D3D3	66
783	#FFFFFF	#D3D3D3	28
784	#FFFFFF	#D3D3D3	41
785	#FFFFFF	#D3D3D3	28
786	#FFFFFF	#D3D3D3	28
787	#FFFFFF	#D3D3D3	28
788	#FFFFFF	#D3D3D3	28
789	#FFFFFF	#D3D3D3	107
790	#FFFFFF	#D3D3D3	107
791	#FFFFFF	#D3D3D3	28
792	#FFFFFF	#D3D3D3	107
793	#FFFFFF	#D3D3D3	66
794	#FFFFFF	#D3D3D3	28
795	#FFFFFF	#D3D3D3	28
796	#FFFFFF	#D3D3D3	107
797	#FFFFFF	#D3D3D3	96
798	#FFFFFF	#D3D3D3	96
799	#FFFFFF	#D3D3D3	96
800	#FFFFFF	#D3D3D3	145
804	#FFFFFF	#D3D3D3	66
805	#FFFFFF	#D3D3D3	1
806	#FFFFFF	#D3D3D3	1
807	#FFFFFF	#D3D3D3	1
808	#FFFFFF	#D3D3D3	1
809	#FFFFFF	#D3D3D3	66
810	#FFFFFF	#D3D3D3	66
811	#FFFFFF	#D3D3D3	66
812	#FFFFFF	#D3D3D3	1
813	#FFFFFF	#D3D3D3	58
814	#FFFFFF	#D3D3D3	1
815	#FFFFFF	#D3D3D3	1
816	#FFFFFF	#D3D3D3	1
817	#FFFFFF	#D3D3D3	107
818	#FFFFFF	#D3D3D3	107
819	#FFFFFF	#D3D3D3	107
820	#FFFFFF	#D3D3D3	107
821	#FFFFFF	#D3D3D3	107
822	#FFFFFF	#D3D3D3	66
823	#FFFFFF	#D3D3D3	62
824	#FFFFFF	#D3D3D3	107
825	#FFFFFF	#D3D3D3	107
826	#FFFFFF	#D3D3D3	107
827	#FFFFFF	#D3D3D3	107
828	#FFFFFF	#D3D3D3	107
829	#FFFFFF	#D3D3D3	107
830	#FFFFFF	#D3D3D3	28
831	#FFFFFF	#D3D3D3	28
832	#FFFFFF	#D3D3D3	28
833	#FFFFFF	#D3D3D3	66
834	#FFFFFF	#D3D3D3	28
835	#FFFFFF	#D3D3D3	28
836	#FFFFFF	#D3D3D3	28
837	#FFFFFF	#D3D3D3	28
838	#FFFFFF	#D3D3D3	28
839	#FFFFFF	#D3D3D3	28
840	#FFFFFF	#D3D3D3	107
841	#FFFFFF	#D3D3D3	107
842	#FFFFFF	#D3D3D3	107
843	#FFFFFF	#D3D3D3	107
844	#FFFFFF	#D3D3D3	66
845	#FFFFFF	#D3D3D3	28
846	#FFFFFF	#D3D3D3	107
847	#FFFFFF	#D3D3D3	107
848	#FFFFFF	#D3D3D3	96
849	#FFFFFF	#D3D3D3	96
852	#FFFFFF	#D3D3D3	145
854	#FFFFFF	#D3D3D3	66
855	#FFFFFF	#D3D3D3	1
856	#FFFFFF	#D3D3D3	1
857	#FFFFFF	#D3D3D3	1
858	#FFFFFF	#D3D3D3	1
860	#FFFFFF	#D3D3D3	66
861	#FFFFFF	#D3D3D3	66
862	#FFFFFF	#D3D3D3	1
863	#FFFFFF	#D3D3D3	58
864	#FFFFFF	#D3D3D3	58
865	#FFFFFF	#D3D3D3	1
866	#FFFFFF	#D3D3D3	1
867	#FFFFFF	#D3D3D3	107
868	#FFFFFF	#D3D3D3	107
869	#FFFFFF	#D3D3D3	107
870	#FFFFFF	#D3D3D3	107
871	#FFFFFF	#D3D3D3	107
872	#FFFFFF	#D3D3D3	66
873	#FFFFFF	#D3D3D3	62
874	#FFFFFF	#D3D3D3	62
875	#FFFFFF	#D3D3D3	107
876	#FFFFFF	#D3D3D3	107
877	#FFFFFF	#D3D3D3	107
878	#FFFFFF	#D3D3D3	107
879	#FFFFFF	#D3D3D3	107
880	#FFFFFF	#D3D3D3	28
881	#FFFFFF	#D3D3D3	28
882	#FFFFFF	#D3D3D3	28
883	#FFFFFF	#D3D3D3	66
884	#FFFFFF	#D3D3D3	28
885	#FFFFFF	#D3D3D3	28
886	#FFFFFF	#D3D3D3	28
887	#FFFFFF	#D3D3D3	28
888	#FFFFFF	#D3D3D3	28
889	#FFFFFF	#D3D3D3	28
890	#FFFFFF	#D3D3D3	28
891	#FFFFFF	#D3D3D3	107
892	#FFFFFF	#D3D3D3	107
893	#FFFFFF	#D3D3D3	96
894	#FFFFFF	#D3D3D3	66
895	#FFFFFF	#D3D3D3	107
896	#FFFFFF	#D3D3D3	107
897	#FFFFFF	#D3D3D3	107
898	#FFFFFF	#D3D3D3	96
899	#FFFFFF	#D3D3D3	96
905	#FFFFFF	#D3D3D3	66
906	#FFFFFF	#D3D3D3	66
907	#FFFFFF	#D3D3D3	1
908	#FFFFFF	#D3D3D3	1
909	#FFFFFF	#D3D3D3	1
910	#FFFFFF	#D3D3D3	66
911	#FFFFFF	#D3D3D3	66
912	#FFFFFF	#D3D3D3	66
913	#FFFFFF	#D3D3D3	58
914	#FFFFFF	#D3D3D3	58
915	#FFFFFF	#D3D3D3	58
916	#FFFFFF	#D3D3D3	1
917	#FFFFFF	#D3D3D3	107
918	#FFFFFF	#D3D3D3	62
919	#FFFFFF	#D3D3D3	62
920	#FFFFFF	#D3D3D3	107
921	#FFFFFF	#D3D3D3	107
922	#FFFFFF	#D3D3D3	62
923	#FFFFFF	#D3D3D3	66
924	#FFFFFF	#D3D3D3	62
925	#FFFFFF	#D3D3D3	62
926	#FFFFFF	#D3D3D3	107
927	#FFFFFF	#D3D3D3	107
928	#FFFFFF	#D3D3D3	107
929	#FFFFFF	#D3D3D3	107
930	#FFFFFF	#D3D3D3	107
931	#FFFFFF	#D3D3D3	28
932	#FFFFFF	#D3D3D3	28
933	#FFFFFF	#D3D3D3	28
934	#FFFFFF	#D3D3D3	66
935	#FFFFFF	#D3D3D3	107
936	#FFFFFF	#D3D3D3	28
937	#FFFFFF	#D3D3D3	28
938	#FFFFFF	#D3D3D3	28
939	#FFFFFF	#D3D3D3	28
940	#FFFFFF	#D3D3D3	28
941	#FFFFFF	#D3D3D3	28
942	#FFFFFF	#D3D3D3	107
943	#FFFFFF	#D3D3D3	96
944	#FFFFFF	#D3D3D3	96
945	#FFFFFF	#D3D3D3	66
946	#FFFFFF	#D3D3D3	107
947	#FFFFFF	#D3D3D3	107
948	#FFFFFF	#D3D3D3	96
949	#FFFFFF	#D3D3D3	96
950	#FFFFFF	#D3D3D3	145
954	#FFFFFF	#D3D3D3	96
955	#FFFFFF	#D3D3D3	66
956	#FFFFFF	#D3D3D3	66
957	#FFFFFF	#D3D3D3	1
958	#FFFFFF	#D3D3D3	1
959	#FFFFFF	#D3D3D3	58
961	#FFFFFF	#D3D3D3	66
962	#FFFFFF	#D3D3D3	66
963	#FFFFFF	#D3D3D3	58
964	#FFFFFF	#D3D3D3	58
965	#FFFFFF	#D3D3D3	58
966	#FFFFFF	#D3D3D3	58
967	#FFFFFF	#D3D3D3	107
968	#FFFFFF	#D3D3D3	62
969	#FFFFFF	#D3D3D3	62
970	#FFFFFF	#D3D3D3	62
971	#FFFFFF	#D3D3D3	107
972	#FFFFFF	#D3D3D3	62
973	#FFFFFF	#D3D3D3	66
974	#FFFFFF	#D3D3D3	62
975	#FFFFFF	#D3D3D3	62
976	#FFFFFF	#D3D3D3	62
977	#FFFFFF	#D3D3D3	107
978	#FFFFFF	#D3D3D3	107
979	#FFFFFF	#D3D3D3	107
980	#FFFFFF	#D3D3D3	107
981	#FFFFFF	#D3D3D3	28
982	#FFFFFF	#D3D3D3	28
983	#FFFFFF	#D3D3D3	28
984	#FFFFFF	#D3D3D3	66
985	#FFFFFF	#D3D3D3	107
986	#FFFFFF	#D3D3D3	107
987	#FFFFFF	#D3D3D3	28
988	#FFFFFF	#D3D3D3	28
989	#FFFFFF	#D3D3D3	28
990	#FFFFFF	#D3D3D3	28
991	#FFFFFF	#D3D3D3	28
992	#FFFFFF	#D3D3D3	107
993	#FFFFFF	#D3D3D3	96
994	#FFFFFF	#D3D3D3	96
995	#FFFFFF	#D3D3D3	66
996	#FFFFFF	#D3D3D3	96
997	#FFFFFF	#D3D3D3	96
998	#FFFFFF	#D3D3D3	96
999	#FFFFFF	#D3D3D3	96
1000	#FFFFFF	#D3D3D3	145
1004	#FFFFFF	#D3D3D3	96
1006	#FFFFFF	#D3D3D3	66
1007	#FFFFFF	#D3D3D3	66
1008	#FFFFFF	#D3D3D3	66
1009	#FFFFFF	#D3D3D3	1
1010	#FFFFFF	#D3D3D3	58
1011	#FFFFFF	#D3D3D3	66
1012	#FFFFFF	#D3D3D3	66
1013	#FFFFFF	#D3D3D3	66
1014	#FFFFFF	#D3D3D3	58
1015	#FFFFFF	#D3D3D3	58
1016	#FFFFFF	#D3D3D3	58
1017	#FFFFFF	#D3D3D3	215
1018	#FFFFFF	#D3D3D3	62
1019	#FFFFFF	#D3D3D3	62
1020	#FFFFFF	#D3D3D3	62
1021	#FFFFFF	#D3D3D3	62
1022	#FFFFFF	#D3D3D3	62
1023	#FFFFFF	#D3D3D3	62
1024	#FFFFFF	#D3D3D3	66
1025	#FFFFFF	#D3D3D3	62
1026	#FFFFFF	#D3D3D3	62
1027	#FFFFFF	#D3D3D3	62
1028	#FFFFFF	#D3D3D3	107
1029	#FFFFFF	#D3D3D3	107
1030	#FFFFFF	#D3D3D3	107
1031	#FFFFFF	#D3D3D3	28
1032	#FFFFFF	#D3D3D3	28
1033	#FFFFFF	#D3D3D3	28
1034	#FFFFFF	#D3D3D3	107
1035	#FFFFFF	#D3D3D3	66
1036	#FFFFFF	#D3D3D3	107
1037	#FFFFFF	#D3D3D3	107
1038	#FFFFFF	#D3D3D3	28
1039	#FFFFFF	#D3D3D3	28
1040	#FFFFFF	#D3D3D3	28
1041	#FFFFFF	#D3D3D3	28
1042	#FFFFFF	#D3D3D3	107
1043	#FFFFFF	#D3D3D3	107
1044	#FFFFFF	#D3D3D3	96
1045	#FFFFFF	#D3D3D3	96
1046	#FFFFFF	#D3D3D3	66
1047	#FFFFFF	#D3D3D3	96
1048	#FFFFFF	#D3D3D3	96
1049	#FFFFFF	#D3D3D3	96
1050	#FFFFFF	#D3D3D3	145
1054	#FFFFFF	#D3D3D3	96
1055	#FFFFFF	#D3D3D3	120
1056	#FFFFFF	#D3D3D3	66
1057	#FFFFFF	#D3D3D3	66
1058	#FFFFFF	#D3D3D3	1
1059	#FFFFFF	#D3D3D3	58
1060	#FFFFFF	#D3D3D3	58
1062	#FFFFFF	#D3D3D3	66
1063	#FFFFFF	#D3D3D3	66
1064	#FFFFFF	#D3D3D3	58
1065	#FFFFFF	#D3D3D3	58
1066	#FFFFFF	#D3D3D3	58
1067	#FFFFFF	#D3D3D3	215
1068	#FFFFFF	#D3D3D3	215
1069	#FFFFFF	#D3D3D3	62
1070	#FFFFFF	#D3D3D3	62
1071	#FFFFFF	#D3D3D3	62
1072	#FFFFFF	#D3D3D3	62
1073	#FFFFFF	#D3D3D3	62
1074	#FFFFFF	#D3D3D3	66
1075	#FFFFFF	#D3D3D3	62
1076	#FFFFFF	#D3D3D3	62
1077	#FFFFFF	#D3D3D3	62
1078	#FFFFFF	#D3D3D3	62
1079	#FFFFFF	#D3D3D3	107
1080	#FFFFFF	#D3D3D3	107
1081	#FFFFFF	#D3D3D3	107
1082	#FFFFFF	#D3D3D3	28
1083	#FFFFFF	#D3D3D3	28
1084	#FFFFFF	#D3D3D3	107
1085	#FFFFFF	#D3D3D3	66
1086	#FFFFFF	#D3D3D3	107
1087	#FFFFFF	#D3D3D3	107
1088	#FFFFFF	#D3D3D3	107
1089	#FFFFFF	#D3D3D3	28
1090	#FFFFFF	#D3D3D3	28
1091	#FFFFFF	#D3D3D3	28
1092	#FFFFFF	#D3D3D3	107
1093	#FFFFFF	#D3D3D3	107
1094	#FFFFFF	#D3D3D3	107
1095	#FFFFFF	#D3D3D3	186
1096	#FFFFFF	#D3D3D3	66
1097	#FFFFFF	#D3D3D3	186
1098	#FFFFFF	#D3D3D3	186
1099	#FFFFFF	#D3D3D3	186
1100	#FFFFFF	#D3D3D3	145
1104	#FFFFFF	#D3D3D3	96
1105	#FFFFFF	#D3D3D3	120
1107	#FFFFFF	#D3D3D3	66
1108	#FFFFFF	#D3D3D3	66
1109	#FFFFFF	#D3D3D3	1
1110	#FFFFFF	#D3D3D3	1
1111	#FFFFFF	#D3D3D3	58
1112	#FFFFFF	#D3D3D3	100
1113	#FFFFFF	#D3D3D3	66
1114	#FFFFFF	#D3D3D3	66
1115	#FFFFFF	#D3D3D3	58
1116	#FFFFFF	#D3D3D3	58
1117	#FFFFFF	#D3D3D3	215
1118	#FFFFFF	#D3D3D3	215
1119	#FFFFFF	#D3D3D3	215
1120	#FFFFFF	#D3D3D3	62
1121	#FFFFFF	#D3D3D3	62
1122	#FFFFFF	#D3D3D3	62
1123	#FFFFFF	#D3D3D3	62
1124	#FFFFFF	#D3D3D3	62
1125	#FFFFFF	#D3D3D3	66
1126	#FFFFFF	#D3D3D3	62
1127	#FFFFFF	#D3D3D3	62
1128	#FFFFFF	#D3D3D3	62
1129	#FFFFFF	#D3D3D3	62
1130	#FFFFFF	#D3D3D3	107
1131	#FFFFFF	#D3D3D3	107
1132	#FFFFFF	#D3D3D3	107
1133	#FFFFFF	#D3D3D3	28
1134	#FFFFFF	#D3D3D3	107
1135	#FFFFFF	#D3D3D3	107
1136	#FFFFFF	#D3D3D3	66
1137	#FFFFFF	#D3D3D3	107
1138	#FFFFFF	#D3D3D3	107
1139	#FFFFFF	#D3D3D3	107
1140	#FFFFFF	#D3D3D3	28
1141	#FFFFFF	#D3D3D3	28
1142	#FFFFFF	#D3D3D3	107
1143	#FFFFFF	#D3D3D3	107
1144	#FFFFFF	#D3D3D3	107
1145	#FFFFFF	#D3D3D3	8
1146	#FFFFFF	#D3D3D3	186
1147	#FFFFFF	#D3D3D3	66
1148	#FFFFFF	#D3D3D3	186
1149	#FFFFFF	#D3D3D3	186
1154	#FFFFFF	#D3D3D3	96
1155	#FFFFFF	#D3D3D3	120
1156	#FFFFFF	#D3D3D3	120
1157	#FFFFFF	#D3D3D3	66
1158	#FFFFFF	#D3D3D3	1
1159	#FFFFFF	#D3D3D3	1
1160	#FFFFFF	#D3D3D3	1
1161	#FFFFFF	#D3D3D3	58
1163	#FFFFFF	#D3D3D3	40
1164	#FFFFFF	#D3D3D3	40
1165	#FFFFFF	#D3D3D3	21
1166	#FFFFFF	#D3D3D3	21
1167	#FFFFFF	#D3D3D3	21
1168	#FFFFFF	#D3D3D3	21
1169	#FFFFFF	#D3D3D3	21
1170	#FFFFFF	#D3D3D3	21
1171	#FFFFFF	#D3D3D3	21
1172	#FFFFFF	#D3D3D3	41
1173	#FFFFFF	#D3D3D3	41
1174	#FFFFFF	#D3D3D3	41
1175	#FFFFFF	#D3D3D3	1
1176	#FFFFFF	#D3D3D3	41
1177	#FFFFFF	#D3D3D3	41
1178	#FFFFFF	#D3D3D3	41
1179	#FFFFFF	#D3D3D3	41
1180	#FFFFFF	#D3D3D3	41
1181	#FFFFFF	#D3D3D3	182
1182	#FFFFFF	#D3D3D3	41
1183	#FFFFFF	#D3D3D3	41
1184	#FFFFFF	#D3D3D3	41
1185	#FFFFFF	#D3D3D3	41
1186	#FFFFFF	#D3D3D3	1
1187	#FFFFFF	#D3D3D3	214
1188	#FFFFFF	#D3D3D3	214
1189	#FFFFFF	#D3D3D3	107
1190	#FFFFFF	#D3D3D3	107
1191	#FFFFFF	#D3D3D3	107
1192	#FFFFFF	#D3D3D3	28
1193	#FFFFFF	#D3D3D3	28
1194	#FFFFFF	#D3D3D3	107
1195	#FFFFFF	#D3D3D3	107
1197	#FFFFFF	#D3D3D3	1
1208	#FFFFFF	#D3D3D3	1
1209	#FFFFFF	#D3D3D3	1
1210	#FFFFFF	#D3D3D3	40
1211	#FFFFFF	#D3D3D3	40
1212	#FFFFFF	#D3D3D3	21
1213	#FFFFFF	#D3D3D3	40
1214	#FFFFFF	#D3D3D3	40
1215	#FFFFFF	#D3D3D3	40
1216	#FFFFFF	#D3D3D3	21
1217	#FFFFFF	#D3D3D3	21
1218	#FFFFFF	#D3D3D3	21
1219	#FFFFFF	#D3D3D3	21
1220	#FFFFFF	#D3D3D3	21
1221	#FFFFFF	#D3D3D3	21
1222	#FFFFFF	#D3D3D3	21
1223	#FFFFFF	#D3D3D3	41
1224	#FFFFFF	#D3D3D3	41
1225	#FFFFFF	#D3D3D3	41
1226	#FFFFFF	#D3D3D3	1
1227	#FFFFFF	#D3D3D3	41
1228	#FFFFFF	#D3D3D3	41
1229	#FFFFFF	#D3D3D3	41
1230	#FFFFFF	#D3D3D3	41
1231	#FFFFFF	#D3D3D3	182
1232	#FFFFFF	#D3D3D3	182
1233	#FFFFFF	#D3D3D3	41
1234	#FFFFFF	#D3D3D3	41
1235	#FFFFFF	#D3D3D3	41
1236	#FFFFFF	#D3D3D3	214
1237	#FFFFFF	#D3D3D3	1
1238	#FFFFFF	#D3D3D3	214
1239	#FFFFFF	#D3D3D3	107
1240	#FFFFFF	#D3D3D3	107
1241	#FFFFFF	#D3D3D3	107
1242	#FFFFFF	#D3D3D3	28
1243	#FFFFFF	#D3D3D3	28
1244	#FFFFFF	#D3D3D3	28
1245	#FFFFFF	#D3D3D3	107
1246	#FFFFFF	#D3D3D3	107
1248	#FFFFFF	#D3D3D3	1
1258	#FFFFFF	#D3D3D3	1
1259	#FFFFFF	#D3D3D3	1
1260	#FFFFFF	#D3D3D3	40
1261	#FFFFFF	#D3D3D3	40
1262	#FFFFFF	#D3D3D3	21
1264	#FFFFFF	#D3D3D3	100
1265	#FFFFFF	#D3D3D3	66
1266	#FFFFFF	#D3D3D3	58
1267	#FFFFFF	#D3D3D3	58
1268	#FFFFFF	#D3D3D3	215
1269	#FFFFFF	#D3D3D3	215
1270	#FFFFFF	#D3D3D3	215
1271	#FFFFFF	#D3D3D3	215
1272	#FFFFFF	#D3D3D3	62
1273	#FFFFFF	#D3D3D3	62
1274	#FFFFFF	#D3D3D3	62
1275	#FFFFFF	#D3D3D3	62
1276	#FFFFFF	#D3D3D3	66
1277	#FFFFFF	#D3D3D3	62
1278	#FFFFFF	#D3D3D3	62
1279	#FFFFFF	#D3D3D3	62
1280	#FFFFFF	#D3D3D3	62
1281	#FFFFFF	#D3D3D3	62
1282	#FFFFFF	#D3D3D3	107
1283	#FFFFFF	#D3D3D3	107
1284	#FFFFFF	#D3D3D3	107
1285	#FFFFFF	#D3D3D3	107
1286	#FFFFFF	#D3D3D3	107
1287	#FFFFFF	#D3D3D3	66
1288	#FFFFFF	#D3D3D3	107
1289	#FFFFFF	#D3D3D3	107
1290	#FFFFFF	#D3D3D3	107
1291	#FFFFFF	#D3D3D3	107
1292	#FFFFFF	#D3D3D3	28
1293	#FFFFFF	#D3D3D3	107
1294	#FFFFFF	#D3D3D3	107
1295	#FFFFFF	#D3D3D3	107
1296	#FFFFFF	#D3D3D3	8
1297	#FFFFFF	#D3D3D3	8
1298	#FFFFFF	#D3D3D3	66
1299	#FFFFFF	#D3D3D3	186
1300	#FFFFFF	#D3D3D3	186
1305	#FFFFFF	#D3D3D3	96
1306	#FFFFFF	#D3D3D3	120
1307	#FFFFFF	#D3D3D3	120
1309	#FFFFFF	#D3D3D3	66
1310	#FFFFFF	#D3D3D3	1
1311	#FFFFFF	#D3D3D3	1
1312	#FFFFFF	#D3D3D3	1
1313	#FFFFFF	#D3D3D3	58
1314	#FFFFFF	#D3D3D3	100
1315	#FFFFFF	#D3D3D3	66
1316	#FFFFFF	#D3D3D3	66
1317	#FFFFFF	#D3D3D3	58
1318	#FFFFFF	#D3D3D3	215
1319	#FFFFFF	#D3D3D3	215
1320	#FFFFFF	#D3D3D3	215
1321	#FFFFFF	#D3D3D3	215
1322	#FFFFFF	#D3D3D3	215
1323	#FFFFFF	#D3D3D3	62
1324	#FFFFFF	#D3D3D3	62
1325	#FFFFFF	#D3D3D3	62
1326	#FFFFFF	#D3D3D3	62
1327	#FFFFFF	#D3D3D3	66
1328	#FFFFFF	#D3D3D3	62
1329	#FFFFFF	#D3D3D3	62
1330	#FFFFFF	#D3D3D3	62
1331	#FFFFFF	#D3D3D3	62
1332	#FFFFFF	#D3D3D3	62
1333	#FFFFFF	#D3D3D3	107
1334	#FFFFFF	#D3D3D3	107
1335	#FFFFFF	#D3D3D3	107
1336	#FFFFFF	#D3D3D3	107
1337	#FFFFFF	#D3D3D3	107
1338	#FFFFFF	#D3D3D3	66
1339	#FFFFFF	#D3D3D3	107
1340	#FFFFFF	#D3D3D3	107
1341	#FFFFFF	#D3D3D3	107
1342	#FFFFFF	#D3D3D3	28
1343	#FFFFFF	#D3D3D3	107
1344	#FFFFFF	#D3D3D3	107
1345	#FFFFFF	#D3D3D3	107
1346	#FFFFFF	#D3D3D3	8
1347	#FFFFFF	#D3D3D3	8
1348	#FFFFFF	#D3D3D3	186
1349	#FFFFFF	#D3D3D3	66
1350	#FFFFFF	#D3D3D3	186
1355	#FFFFFF	#D3D3D3	96
1356	#FFFFFF	#D3D3D3	120
1357	#FFFFFF	#D3D3D3	120
1358	#FFFFFF	#D3D3D3	120
1359	#FFFFFF	#D3D3D3	1
1360	#FFFFFF	#D3D3D3	1
1361	#FFFFFF	#D3D3D3	1
1362	#FFFFFF	#D3D3D3	58
1363	#FFFFFF	#D3D3D3	58
1365	#FFFFFF	#D3D3D3	100
1366	#FFFFFF	#D3D3D3	100
1367	#FFFFFF	#D3D3D3	58
1368	#FFFFFF	#D3D3D3	215
1369	#FFFFFF	#D3D3D3	215
1370	#FFFFFF	#D3D3D3	215
1371	#FFFFFF	#D3D3D3	215
1372	#FFFFFF	#D3D3D3	215
1373	#FFFFFF	#D3D3D3	62
1374	#FFFFFF	#D3D3D3	62
1375	#FFFFFF	#D3D3D3	62
1376	#FFFFFF	#D3D3D3	62
1377	#FFFFFF	#D3D3D3	66
1378	#FFFFFF	#D3D3D3	62
1379	#FFFFFF	#D3D3D3	62
1380	#FFFFFF	#D3D3D3	62
1381	#FFFFFF	#D3D3D3	62
1382	#FFFFFF	#D3D3D3	62
1383	#FFFFFF	#D3D3D3	62
1384	#FFFFFF	#D3D3D3	107
1385	#FFFFFF	#D3D3D3	107
1386	#FFFFFF	#D3D3D3	107
1387	#FFFFFF	#D3D3D3	107
1388	#FFFFFF	#D3D3D3	66
1389	#FFFFFF	#D3D3D3	107
1390	#FFFFFF	#D3D3D3	107
1391	#FFFFFF	#D3D3D3	107
1392	#FFFFFF	#D3D3D3	28
1393	#FFFFFF	#D3D3D3	28
1394	#FFFFFF	#D3D3D3	107
1395	#FFFFFF	#D3D3D3	107
1396	#FFFFFF	#D3D3D3	8
1397	#FFFFFF	#D3D3D3	8
1398	#FFFFFF	#D3D3D3	186
1399	#FFFFFF	#D3D3D3	66
1400	#FFFFFF	#D3D3D3	186
1405	#FFFFFF	#D3D3D3	96
1406	#FFFFFF	#D3D3D3	120
1407	#FFFFFF	#D3D3D3	120
1408	#FFFFFF	#D3D3D3	120
1410	#FFFFFF	#D3D3D3	1
1411	#FFFFFF	#D3D3D3	1
1412	#FFFFFF	#D3D3D3	1
1413	#FFFFFF	#D3D3D3	58
1414	#FFFFFF	#D3D3D3	58
1415	#FFFFFF	#D3D3D3	100
1416	#FFFFFF	#D3D3D3	100
1417	#FFFFFF	#D3D3D3	100
1418	#FFFFFF	#D3D3D3	215
1419	#FFFFFF	#D3D3D3	215
1420	#FFFFFF	#D3D3D3	215
1421	#FFFFFF	#D3D3D3	215
1422	#FFFFFF	#D3D3D3	215
1423	#FFFFFF	#D3D3D3	62
1424	#FFFFFF	#D3D3D3	62
1425	#FFFFFF	#D3D3D3	62
1426	#FFFFFF	#D3D3D3	62
1427	#FFFFFF	#D3D3D3	62
1428	#FFFFFF	#D3D3D3	66
1429	#FFFFFF	#D3D3D3	62
1430	#FFFFFF	#D3D3D3	62
1431	#FFFFFF	#D3D3D3	62
1432	#FFFFFF	#D3D3D3	62
1433	#FFFFFF	#D3D3D3	62
1434	#FFFFFF	#D3D3D3	62
1435	#FFFFFF	#D3D3D3	107
1436	#FFFFFF	#D3D3D3	107
1437	#FFFFFF	#D3D3D3	107
1438	#FFFFFF	#D3D3D3	107
1439	#FFFFFF	#D3D3D3	1
1440	#FFFFFF	#D3D3D3	107
1441	#FFFFFF	#D3D3D3	28
1442	#FFFFFF	#D3D3D3	28
1443	#FFFFFF	#D3D3D3	28
1444	#FFFFFF	#D3D3D3	28
1445	#FFFFFF	#D3D3D3	107
1446	#FFFFFF	#D3D3D3	8
1447	#FFFFFF	#D3D3D3	8
1448	#FFFFFF	#D3D3D3	186
1449	#FFFFFF	#D3D3D3	186
1450	#FFFFFF	#D3D3D3	66
1455	#FFFFFF	#D3D3D3	186
1456	#FFFFFF	#D3D3D3	120
1457	#FFFFFF	#D3D3D3	120
1458	#FFFFFF	#D3D3D3	120
1459	#FFFFFF	#D3D3D3	120
1460	#FFFFFF	#D3D3D3	1
1461	#FFFFFF	#D3D3D3	1
1462	#FFFFFF	#D3D3D3	58
1463	#FFFFFF	#D3D3D3	58
1464	#FFFFFF	#D3D3D3	58
1466	#FFFFFF	#D3D3D3	100
1467	#FFFFFF	#D3D3D3	100
1468	#FFFFFF	#D3D3D3	215
1469	#FFFFFF	#D3D3D3	215
1470	#FFFFFF	#D3D3D3	215
1471	#FFFFFF	#D3D3D3	215
1472	#FFFFFF	#D3D3D3	215
1473	#FFFFFF	#D3D3D3	62
1474	#FFFFFF	#D3D3D3	62
1475	#FFFFFF	#D3D3D3	62
1476	#FFFFFF	#D3D3D3	62
1477	#FFFFFF	#D3D3D3	62
1478	#FFFFFF	#D3D3D3	100
1479	#FFFFFF	#D3D3D3	62
1480	#FFFFFF	#D3D3D3	62
1481	#FFFFFF	#D3D3D3	62
1482	#FFFFFF	#D3D3D3	62
1483	#FFFFFF	#D3D3D3	62
1484	#FFFFFF	#D3D3D3	62
1485	#FFFFFF	#D3D3D3	62
1486	#FFFFFF	#D3D3D3	107
1487	#FFFFFF	#D3D3D3	107
1488	#FFFFFF	#D3D3D3	107
1489	#FFFFFF	#D3D3D3	66
1490	#FFFFFF	#D3D3D3	107
1491	#FFFFFF	#D3D3D3	107
1492	#FFFFFF	#D3D3D3	28
1493	#FFFFFF	#D3D3D3	28
1494	#FFFFFF	#D3D3D3	28
1495	#FFFFFF	#D3D3D3	107
1496	#FFFFFF	#D3D3D3	107
1497	#FFFFFF	#D3D3D3	8
1498	#FFFFFF	#D3D3D3	186
1499	#FFFFFF	#D3D3D3	186
1500	#FFFFFF	#D3D3D3	1
1505	#FFFFFF	#D3D3D3	186
1506	#FFFFFF	#D3D3D3	26
1507	#FFFFFF	#D3D3D3	120
1508	#FFFFFF	#D3D3D3	120
1509	#FFFFFF	#D3D3D3	120
1511	#FFFFFF	#D3D3D3	1
1512	#FFFFFF	#D3D3D3	1
1513	#FFFFFF	#D3D3D3	58
1514	#FFFFFF	#D3D3D3	58
1515	#FFFFFF	#D3D3D3	58
1516	#FFFFFF	#D3D3D3	100
1517	#FFFFFF	#D3D3D3	100
1518	#FFFFFF	#D3D3D3	100
1519	#FFFFFF	#D3D3D3	215
1520	#FFFFFF	#D3D3D3	213
1521	#FFFFFF	#D3D3D3	215
1522	#FFFFFF	#D3D3D3	215
1523	#FFFFFF	#D3D3D3	62
1524	#FFFFFF	#D3D3D3	62
1525	#FFFFFF	#D3D3D3	62
1526	#FFFFFF	#D3D3D3	62
1527	#FFFFFF	#D3D3D3	62
1528	#FFFFFF	#D3D3D3	62
1529	#FFFFFF	#D3D3D3	100
1530	#FFFFFF	#D3D3D3	62
1531	#FFFFFF	#D3D3D3	62
1532	#FFFFFF	#D3D3D3	62
1533	#FFFFFF	#D3D3D3	62
1534	#FFFFFF	#D3D3D3	62
1535	#FFFFFF	#D3D3D3	62
1536	#FFFFFF	#D3D3D3	62
1537	#FFFFFF	#D3D3D3	107
1538	#FFFFFF	#D3D3D3	107
1539	#FFFFFF	#D3D3D3	28
1540	#FFFFFF	#D3D3D3	1
1541	#FFFFFF	#D3D3D3	107
1542	#FFFFFF	#D3D3D3	28
1543	#FFFFFF	#D3D3D3	28
1544	#FFFFFF	#D3D3D3	28
1545	#FFFFFF	#D3D3D3	28
1546	#FFFFFF	#D3D3D3	107
1547	#FFFFFF	#D3D3D3	8
1548	#FFFFFF	#D3D3D3	8
1549	#FFFFFF	#D3D3D3	186
1551	#FFFFFF	#D3D3D3	1
1555	#FFFFFF	#D3D3D3	186
1556	#FFFFFF	#D3D3D3	8
1557	#FFFFFF	#D3D3D3	26
1558	#FFFFFF	#D3D3D3	120
1559	#FFFFFF	#D3D3D3	120
1560	#FFFFFF	#D3D3D3	120
1561	#FFFFFF	#D3D3D3	1
1562	#FFFFFF	#D3D3D3	58
1563	#FFFFFF	#D3D3D3	58
1564	#FFFFFF	#D3D3D3	58
1565	#FFFFFF	#D3D3D3	215
1567	#FFFFFF	#D3D3D3	100
1568	#FFFFFF	#D3D3D3	100
1569	#FFFFFF	#D3D3D3	215
1570	#FFFFFF	#D3D3D3	213
1571	#FFFFFF	#D3D3D3	213
1572	#FFFFFF	#D3D3D3	215
1573	#FFFFFF	#D3D3D3	62
1574	#FFFFFF	#D3D3D3	62
1575	#FFFFFF	#D3D3D3	62
1576	#FFFFFF	#D3D3D3	62
1577	#FFFFFF	#D3D3D3	62
1578	#FFFFFF	#D3D3D3	62
1579	#FFFFFF	#D3D3D3	100
1580	#FFFFFF	#D3D3D3	62
1581	#FFFFFF	#D3D3D3	62
1582	#FFFFFF	#D3D3D3	62
1583	#FFFFFF	#D3D3D3	62
1584	#FFFFFF	#D3D3D3	62
1585	#FFFFFF	#D3D3D3	62
1586	#FFFFFF	#D3D3D3	62
1587	#FFFFFF	#D3D3D3	62
1588	#FFFFFF	#D3D3D3	107
1589	#FFFFFF	#D3D3D3	107
1590	#FFFFFF	#D3D3D3	100
1591	#FFFFFF	#D3D3D3	28
1592	#FFFFFF	#D3D3D3	28
1593	#FFFFFF	#D3D3D3	107
1594	#FFFFFF	#D3D3D3	28
1595	#FFFFFF	#D3D3D3	28
1596	#FFFFFF	#D3D3D3	107
1597	#FFFFFF	#D3D3D3	107
1598	#FFFFFF	#D3D3D3	8
1599	#FFFFFF	#D3D3D3	186
1601	#FFFFFF	#D3D3D3	1
1605	#FFFFFF	#D3D3D3	186
1606	#FFFFFF	#D3D3D3	8
1607	#FFFFFF	#D3D3D3	8
1608	#FFFFFF	#D3D3D3	26
1609	#FFFFFF	#D3D3D3	120
1610	#FFFFFF	#D3D3D3	26
1612	#FFFFFF	#D3D3D3	58
1613	#FFFFFF	#D3D3D3	58
1614	#FFFFFF	#D3D3D3	58
1615	#FFFFFF	#D3D3D3	58
1616	#FFFFFF	#D3D3D3	215
1617	#FFFFFF	#D3D3D3	100
1618	#FFFFFF	#D3D3D3	100
1619	#FFFFFF	#D3D3D3	100
1620	#FFFFFF	#D3D3D3	213
1621	#FFFFFF	#D3D3D3	213
1622	#FFFFFF	#D3D3D3	213
1623	#FFFFFF	#D3D3D3	62
1624	#FFFFFF	#D3D3D3	62
1625	#FFFFFF	#D3D3D3	62
1626	#FFFFFF	#D3D3D3	62
1627	#FFFFFF	#D3D3D3	62
1628	#FFFFFF	#D3D3D3	62
1629	#FFFFFF	#D3D3D3	62
1630	#FFFFFF	#D3D3D3	100
1631	#FFFFFF	#D3D3D3	62
1632	#FFFFFF	#D3D3D3	62
1633	#FFFFFF	#D3D3D3	62
1634	#FFFFFF	#D3D3D3	62
1635	#FFFFFF	#D3D3D3	62
1636	#FFFFFF	#D3D3D3	62
1637	#FFFFFF	#D3D3D3	62
1638	#FFFFFF	#D3D3D3	62
1639	#FFFFFF	#D3D3D3	107
1640	#FFFFFF	#D3D3D3	107
1641	#FFFFFF	#D3D3D3	1
1642	#FFFFFF	#D3D3D3	28
1643	#FFFFFF	#D3D3D3	107
1644	#FFFFFF	#D3D3D3	28
1645	#FFFFFF	#D3D3D3	28
1646	#FFFFFF	#D3D3D3	107
1647	#FFFFFF	#D3D3D3	107
1648	#FFFFFF	#D3D3D3	107
1649	#FFFFFF	#D3D3D3	8
1652	#FFFFFF	#D3D3D3	58
1655	#FFFFFF	#D3D3D3	186
1656	#FFFFFF	#D3D3D3	8
1657	#FFFFFF	#D3D3D3	8
1658	#FFFFFF	#D3D3D3	8
1659	#FFFFFF	#D3D3D3	26
1660	#FFFFFF	#D3D3D3	26
1661	#FFFFFF	#D3D3D3	26
1662	#FFFFFF	#D3D3D3	58
1663	#FFFFFF	#D3D3D3	58
1664	#FFFFFF	#D3D3D3	58
1665	#FFFFFF	#D3D3D3	215
1666	#FFFFFF	#D3D3D3	215
1668	#FFFFFF	#D3D3D3	100
1669	#FFFFFF	#D3D3D3	100
1670	#FFFFFF	#D3D3D3	213
1671	#FFFFFF	#D3D3D3	213
1672	#FFFFFF	#D3D3D3	213
1673	#FFFFFF	#D3D3D3	62
1674	#FFFFFF	#D3D3D3	62
1675	#FFFFFF	#D3D3D3	62
1676	#FFFFFF	#D3D3D3	62
1677	#FFFFFF	#D3D3D3	62
1678	#FFFFFF	#D3D3D3	62
1679	#FFFFFF	#D3D3D3	62
1680	#FFFFFF	#D3D3D3	100
1681	#FFFFFF	#D3D3D3	62
1682	#FFFFFF	#D3D3D3	62
1683	#FFFFFF	#D3D3D3	62
1684	#FFFFFF	#D3D3D3	62
1685	#FFFFFF	#D3D3D3	62
1686	#FFFFFF	#D3D3D3	62
1687	#FFFFFF	#D3D3D3	62
1688	#FFFFFF	#D3D3D3	62
1689	#FFFFFF	#D3D3D3	62
1690	#FFFFFF	#D3D3D3	107
1691	#FFFFFF	#D3D3D3	1
1692	#FFFFFF	#D3D3D3	107
1693	#FFFFFF	#D3D3D3	107
1694	#FFFFFF	#D3D3D3	28
1695	#FFFFFF	#D3D3D3	107
1696	#FFFFFF	#D3D3D3	107
1697	#FFFFFF	#D3D3D3	107
1698	#FFFFFF	#D3D3D3	107
1699	#FFFFFF	#D3D3D3	8
1701	#FFFFFF	#D3D3D3	145
1702	#FFFFFF	#D3D3D3	1
1705	#FFFFFF	#D3D3D3	186
1706	#FFFFFF	#D3D3D3	8
1707	#FFFFFF	#D3D3D3	8
1708	#FFFFFF	#D3D3D3	8
1709	#FFFFFF	#D3D3D3	26
1710	#FFFFFF	#D3D3D3	26
1711	#FFFFFF	#D3D3D3	26
1713	#FFFFFF	#D3D3D3	58
1714	#FFFFFF	#D3D3D3	58
1715	#FFFFFF	#D3D3D3	58
1716	#FFFFFF	#D3D3D3	215
1717	#FFFFFF	#D3D3D3	215
1718	#FFFFFF	#D3D3D3	100
1719	#FFFFFF	#D3D3D3	100
1720	#FFFFFF	#D3D3D3	100
1721	#FFFFFF	#D3D3D3	213
1722	#FFFFFF	#D3D3D3	213
1723	#FFFFFF	#D3D3D3	62
1724	#FFFFFF	#D3D3D3	62
1725	#FFFFFF	#D3D3D3	62
1726	#FFFFFF	#D3D3D3	62
1727	#FFFFFF	#D3D3D3	62
1728	#FFFFFF	#D3D3D3	62
1729	#FFFFFF	#D3D3D3	62
1730	#FFFFFF	#D3D3D3	62
1731	#FFFFFF	#D3D3D3	1
1732	#FFFFFF	#D3D3D3	62
1733	#FFFFFF	#D3D3D3	62
1734	#FFFFFF	#D3D3D3	62
1735	#FFFFFF	#D3D3D3	62
1736	#FFFFFF	#D3D3D3	62
1737	#FFFFFF	#D3D3D3	62
1738	#FFFFFF	#D3D3D3	62
1739	#FFFFFF	#D3D3D3	62
1740	#FFFFFF	#D3D3D3	62
1741	#FFFFFF	#D3D3D3	107
1742	#FFFFFF	#D3D3D3	1
1743	#FFFFFF	#D3D3D3	107
1744	#FFFFFF	#D3D3D3	107
1745	#FFFFFF	#D3D3D3	107
1746	#FFFFFF	#D3D3D3	107
1747	#FFFFFF	#D3D3D3	107
1748	#FFFFFF	#D3D3D3	107
1749	#FFFFFF	#D3D3D3	8
1753	#FFFFFF	#D3D3D3	58
1755	#FFFFFF	#D3D3D3	186
1756	#FFFFFF	#D3D3D3	8
1757	#FFFFFF	#D3D3D3	8
1758	#FFFFFF	#D3D3D3	8
1759	#FFFFFF	#D3D3D3	26
1760	#FFFFFF	#D3D3D3	26
1761	#FFFFFF	#D3D3D3	26
1762	#FFFFFF	#D3D3D3	120
1763	#FFFFFF	#D3D3D3	58
1764	#FFFFFF	#D3D3D3	58
1765	#FFFFFF	#D3D3D3	215
1766	#FFFFFF	#D3D3D3	215
1767	#FFFFFF	#D3D3D3	215
1769	#FFFFFF	#D3D3D3	100
1770	#FFFFFF	#D3D3D3	100
1771	#FFFFFF	#D3D3D3	213
1772	#FFFFFF	#D3D3D3	213
1773	#FFFFFF	#D3D3D3	62
1774	#FFFFFF	#D3D3D3	62
1775	#FFFFFF	#D3D3D3	62
1776	#FFFFFF	#D3D3D3	62
1777	#FFFFFF	#D3D3D3	62
1778	#FFFFFF	#D3D3D3	62
1779	#FFFFFF	#D3D3D3	62
1780	#FFFFFF	#D3D3D3	62
1781	#FFFFFF	#D3D3D3	1
1782	#FFFFFF	#D3D3D3	62
1783	#FFFFFF	#D3D3D3	62
1784	#FFFFFF	#D3D3D3	62
1785	#FFFFFF	#D3D3D3	62
1786	#FFFFFF	#D3D3D3	62
1787	#FFFFFF	#D3D3D3	62
1788	#FFFFFF	#D3D3D3	62
1789	#FFFFFF	#D3D3D3	62
1790	#FFFFFF	#D3D3D3	62
1791	#FFFFFF	#D3D3D3	62
1792	#FFFFFF	#D3D3D3	1
1793	#FFFFFF	#D3D3D3	8
1794	#FFFFFF	#D3D3D3	107
1795	#FFFFFF	#D3D3D3	107
1796	#FFFFFF	#D3D3D3	107
1797	#FFFFFF	#D3D3D3	8
1798	#FFFFFF	#D3D3D3	107
1799	#FFFFFF	#D3D3D3	8
1800	#FFFFFF	#D3D3D3	145
1803	#FFFFFF	#D3D3D3	58
1805	#FFFFFF	#D3D3D3	186
1806	#FFFFFF	#D3D3D3	8
1807	#FFFFFF	#D3D3D3	8
1808	#FFFFFF	#D3D3D3	8
1809	#FFFFFF	#D3D3D3	26
1810	#FFFFFF	#D3D3D3	26
1811	#FFFFFF	#D3D3D3	26
1812	#FFFFFF	#D3D3D3	26
1814	#FFFFFF	#D3D3D3	141
1815	#FFFFFF	#D3D3D3	58
1816	#FFFFFF	#D3D3D3	215
1817	#FFFFFF	#D3D3D3	215
1818	#FFFFFF	#D3D3D3	213
1819	#FFFFFF	#D3D3D3	1
1820	#FFFFFF	#D3D3D3	100
1821	#FFFFFF	#D3D3D3	1
1822	#FFFFFF	#D3D3D3	213
1823	#FFFFFF	#D3D3D3	62
1824	#FFFFFF	#D3D3D3	62
1825	#FFFFFF	#D3D3D3	62
1826	#FFFFFF	#D3D3D3	62
1827	#FFFFFF	#D3D3D3	62
1828	#FFFFFF	#D3D3D3	62
1829	#FFFFFF	#D3D3D3	62
1830	#FFFFFF	#D3D3D3	62
1831	#FFFFFF	#D3D3D3	62
1832	#FFFFFF	#D3D3D3	1
1833	#FFFFFF	#D3D3D3	62
1834	#FFFFFF	#D3D3D3	62
1835	#FFFFFF	#D3D3D3	62
1836	#FFFFFF	#D3D3D3	62
1837	#FFFFFF	#D3D3D3	62
1838	#FFFFFF	#D3D3D3	62
1839	#FFFFFF	#D3D3D3	62
1840	#FFFFFF	#D3D3D3	62
1841	#FFFFFF	#D3D3D3	62
1842	#FFFFFF	#D3D3D3	192
1843	#FFFFFF	#D3D3D3	58
1844	#FFFFFF	#D3D3D3	8
1845	#FFFFFF	#D3D3D3	8
1846	#FFFFFF	#D3D3D3	8
1847	#FFFFFF	#D3D3D3	8
1848	#FFFFFF	#D3D3D3	8
1849	#FFFFFF	#D3D3D3	8
1854	#FFFFFF	#D3D3D3	141
1855	#FFFFFF	#D3D3D3	8
1856	#FFFFFF	#D3D3D3	8
1857	#FFFFFF	#D3D3D3	8
1858	#FFFFFF	#D3D3D3	8
1859	#FFFFFF	#D3D3D3	26
1860	#FFFFFF	#D3D3D3	26
1861	#FFFFFF	#D3D3D3	26
1862	#FFFFFF	#D3D3D3	26
1863	#FFFFFF	#D3D3D3	26
1864	#FFFFFF	#D3D3D3	141
1865	#FFFFFF	#D3D3D3	215
1866	#FFFFFF	#D3D3D3	215
1867	#FFFFFF	#D3D3D3	213
1868	#FFFFFF	#D3D3D3	213
1870	#FFFFFF	#D3D3D3	1
1871	#FFFFFF	#D3D3D3	1
1872	#FFFFFF	#D3D3D3	213
1873	#FFFFFF	#D3D3D3	62
1874	#FFFFFF	#D3D3D3	62
1875	#FFFFFF	#D3D3D3	62
1876	#FFFFFF	#D3D3D3	62
1877	#FFFFFF	#D3D3D3	62
1878	#FFFFFF	#D3D3D3	62
1879	#FFFFFF	#D3D3D3	62
1880	#FFFFFF	#D3D3D3	62
1881	#FFFFFF	#D3D3D3	62
1882	#FFFFFF	#D3D3D3	1
1883	#FFFFFF	#D3D3D3	62
1884	#FFFFFF	#D3D3D3	62
1885	#FFFFFF	#D3D3D3	62
1886	#FFFFFF	#D3D3D3	62
1887	#FFFFFF	#D3D3D3	62
1888	#FFFFFF	#D3D3D3	62
1889	#FFFFFF	#D3D3D3	62
1890	#FFFFFF	#D3D3D3	62
1891	#FFFFFF	#D3D3D3	62
1892	#FFFFFF	#D3D3D3	192
1893	#FFFFFF	#D3D3D3	58
1894	#FFFFFF	#D3D3D3	192
1895	#FFFFFF	#D3D3D3	8
1896	#FFFFFF	#D3D3D3	8
1897	#FFFFFF	#D3D3D3	8
1898	#FFFFFF	#D3D3D3	8
1899	#FFFFFF	#D3D3D3	8
1900	#FFFFFF	#D3D3D3	145
1902	#FFFFFF	#D3D3D3	145
1904	#FFFFFF	#D3D3D3	141
1905	#FFFFFF	#D3D3D3	8
1906	#FFFFFF	#D3D3D3	8
1907	#FFFFFF	#D3D3D3	8
1908	#FFFFFF	#D3D3D3	8
1909	#FFFFFF	#D3D3D3	26
1910	#FFFFFF	#D3D3D3	26
1911	#FFFFFF	#D3D3D3	26
1912	#FFFFFF	#D3D3D3	26
1913	#FFFFFF	#D3D3D3	93
1915	#FFFFFF	#D3D3D3	141
1916	#FFFFFF	#D3D3D3	213
1917	#FFFFFF	#D3D3D3	215
1918	#FFFFFF	#D3D3D3	213
1919	#FFFFFF	#D3D3D3	213
1920	#FFFFFF	#D3D3D3	1
1921	#FFFFFF	#D3D3D3	1
1922	#FFFFFF	#D3D3D3	1
1923	#FFFFFF	#D3D3D3	62
1924	#FFFFFF	#D3D3D3	62
1925	#FFFFFF	#D3D3D3	62
1926	#FFFFFF	#D3D3D3	62
1927	#FFFFFF	#D3D3D3	62
1928	#FFFFFF	#D3D3D3	62
1929	#FFFFFF	#D3D3D3	62
1930	#FFFFFF	#D3D3D3	62
1931	#FFFFFF	#D3D3D3	62
1932	#FFFFFF	#D3D3D3	62
1933	#FFFFFF	#D3D3D3	58
1934	#FFFFFF	#D3D3D3	62
1935	#FFFFFF	#D3D3D3	62
1936	#FFFFFF	#D3D3D3	62
1937	#FFFFFF	#D3D3D3	62
1938	#FFFFFF	#D3D3D3	62
1939	#FFFFFF	#D3D3D3	62
1940	#FFFFFF	#D3D3D3	62
1941	#FFFFFF	#D3D3D3	62
1942	#FFFFFF	#D3D3D3	192
1943	#FFFFFF	#D3D3D3	192
1944	#FFFFFF	#D3D3D3	141
1945	#FFFFFF	#D3D3D3	192
1946	#FFFFFF	#D3D3D3	8
1947	#FFFFFF	#D3D3D3	8
1948	#FFFFFF	#D3D3D3	8
1949	#FFFFFF	#D3D3D3	8
1950	#FFFFFF	#D3D3D3	145
1952	#FFFFFF	#D3D3D3	145
1954	#FFFFFF	#D3D3D3	8
1955	#FFFFFF	#D3D3D3	141
1956	#FFFFFF	#D3D3D3	26
1957	#FFFFFF	#D3D3D3	8
1958	#FFFFFF	#D3D3D3	8
1959	#FFFFFF	#D3D3D3	26
1960	#FFFFFF	#D3D3D3	26
1961	#FFFFFF	#D3D3D3	26
1962	#FFFFFF	#D3D3D3	26
1963	#FFFFFF	#D3D3D3	93
1964	#FFFFFF	#D3D3D3	93
1965	#FFFFFF	#D3D3D3	213
1966	#FFFFFF	#D3D3D3	213
1967	#FFFFFF	#D3D3D3	213
1968	#FFFFFF	#D3D3D3	213
1969	#FFFFFF	#D3D3D3	213
1971	#FFFFFF	#D3D3D3	1
1972	#FFFFFF	#D3D3D3	1
1973	#FFFFFF	#D3D3D3	62
1974	#FFFFFF	#D3D3D3	62
1975	#FFFFFF	#D3D3D3	62
1976	#FFFFFF	#D3D3D3	62
1977	#FFFFFF	#D3D3D3	62
1978	#FFFFFF	#D3D3D3	62
1979	#FFFFFF	#D3D3D3	62
1980	#FFFFFF	#D3D3D3	62
1981	#FFFFFF	#D3D3D3	62
1982	#FFFFFF	#D3D3D3	62
1983	#FFFFFF	#D3D3D3	58
1984	#FFFFFF	#D3D3D3	62
1985	#FFFFFF	#D3D3D3	62
1986	#FFFFFF	#D3D3D3	62
1987	#FFFFFF	#D3D3D3	62
1988	#FFFFFF	#D3D3D3	62
1989	#FFFFFF	#D3D3D3	62
1990	#FFFFFF	#D3D3D3	62
1991	#FFFFFF	#D3D3D3	62
1992	#FFFFFF	#D3D3D3	192
1993	#FFFFFF	#D3D3D3	192
1994	#FFFFFF	#D3D3D3	141
1995	#FFFFFF	#D3D3D3	192
1996	#FFFFFF	#D3D3D3	8
1997	#FFFFFF	#D3D3D3	8
1998	#FFFFFF	#D3D3D3	8
1999	#FFFFFF	#D3D3D3	8
2000	#FFFFFF	#D3D3D3	145
2001	#FFFFFF	#D3D3D3	145
2002	#FFFFFF	#D3D3D3	145
2004	#FFFFFF	#D3D3D3	8
2005	#FFFFFF	#D3D3D3	141
2006	#FFFFFF	#D3D3D3	26
2007	#FFFFFF	#D3D3D3	26
2008	#FFFFFF	#D3D3D3	8
2009	#FFFFFF	#D3D3D3	26
2010	#FFFFFF	#D3D3D3	26
2011	#FFFFFF	#D3D3D3	26
2012	#FFFFFF	#D3D3D3	26
2013	#FFFFFF	#D3D3D3	93
2014	#FFFFFF	#D3D3D3	93
2016	#FFFFFF	#D3D3D3	213
2017	#FFFFFF	#D3D3D3	213
2018	#FFFFFF	#D3D3D3	143
2019	#FFFFFF	#D3D3D3	213
2020	#FFFFFF	#D3D3D3	213
2021	#FFFFFF	#D3D3D3	1
2022	#FFFFFF	#D3D3D3	1
2023	#FFFFFF	#D3D3D3	58
2024	#FFFFFF	#D3D3D3	62
2025	#FFFFFF	#D3D3D3	62
2026	#FFFFFF	#D3D3D3	62
2027	#FFFFFF	#D3D3D3	62
2028	#FFFFFF	#D3D3D3	62
2029	#FFFFFF	#D3D3D3	62
2030	#FFFFFF	#D3D3D3	62
2031	#FFFFFF	#D3D3D3	62
2032	#FFFFFF	#D3D3D3	62
2033	#FFFFFF	#D3D3D3	62
2034	#FFFFFF	#D3D3D3	141
2035	#FFFFFF	#D3D3D3	62
2036	#FFFFFF	#D3D3D3	62
2037	#FFFFFF	#D3D3D3	62
2038	#FFFFFF	#D3D3D3	62
2039	#FFFFFF	#D3D3D3	62
2040	#FFFFFF	#D3D3D3	62
2041	#FFFFFF	#D3D3D3	62
2042	#FFFFFF	#D3D3D3	192
2043	#FFFFFF	#D3D3D3	192
2044	#FFFFFF	#D3D3D3	192
2045	#FFFFFF	#D3D3D3	141
2046	#FFFFFF	#D3D3D3	8
2047	#FFFFFF	#D3D3D3	8
2048	#FFFFFF	#D3D3D3	8
2049	#FFFFFF	#D3D3D3	8
2051	#FFFFFF	#D3D3D3	145
2052	#FFFFFF	#D3D3D3	145
2054	#FFFFFF	#D3D3D3	8
2055	#FFFFFF	#D3D3D3	26
2056	#FFFFFF	#D3D3D3	213
2057	#FFFFFF	#D3D3D3	26
2058	#FFFFFF	#D3D3D3	26
2059	#FFFFFF	#D3D3D3	26
2060	#FFFFFF	#D3D3D3	26
2061	#FFFFFF	#D3D3D3	26
2062	#FFFFFF	#D3D3D3	26
2063	#FFFFFF	#D3D3D3	93
2064	#FFFFFF	#D3D3D3	93
2065	#FFFFFF	#D3D3D3	93
2066	#FFFFFF	#D3D3D3	213
2067	#FFFFFF	#D3D3D3	143
2068	#FFFFFF	#D3D3D3	143
2069	#FFFFFF	#D3D3D3	213
2070	#FFFFFF	#D3D3D3	62
2072	#FFFFFF	#D3D3D3	1
2073	#FFFFFF	#D3D3D3	58
2074	#FFFFFF	#D3D3D3	62
2075	#FFFFFF	#D3D3D3	62
2076	#FFFFFF	#D3D3D3	62
2077	#FFFFFF	#D3D3D3	62
2078	#FFFFFF	#D3D3D3	62
2079	#FFFFFF	#D3D3D3	62
2080	#FFFFFF	#D3D3D3	62
2081	#FFFFFF	#D3D3D3	62
2082	#FFFFFF	#D3D3D3	62
2083	#FFFFFF	#D3D3D3	62
2084	#FFFFFF	#D3D3D3	141
2085	#FFFFFF	#D3D3D3	62
2086	#FFFFFF	#D3D3D3	62
2087	#FFFFFF	#D3D3D3	62
2088	#FFFFFF	#D3D3D3	62
2089	#FFFFFF	#D3D3D3	62
2090	#FFFFFF	#D3D3D3	62
2091	#FFFFFF	#D3D3D3	62
2092	#FFFFFF	#D3D3D3	192
2093	#FFFFFF	#D3D3D3	192
2094	#FFFFFF	#D3D3D3	192
2095	#FFFFFF	#D3D3D3	141
2096	#FFFFFF	#D3D3D3	192
2097	#FFFFFF	#D3D3D3	8
2098	#FFFFFF	#D3D3D3	8
2099	#FFFFFF	#D3D3D3	8
2100	#FFFFFF	#D3D3D3	145
2104	#FFFFFF	#D3D3D3	8
2105	#FFFFFF	#D3D3D3	26
2106	#FFFFFF	#D3D3D3	213
2107	#FFFFFF	#D3D3D3	26
2108	#FFFFFF	#D3D3D3	26
2109	#FFFFFF	#D3D3D3	26
2110	#FFFFFF	#D3D3D3	26
2111	#FFFFFF	#D3D3D3	26
2112	#FFFFFF	#D3D3D3	26
2113	#FFFFFF	#D3D3D3	93
2114	#FFFFFF	#D3D3D3	93
2115	#FFFFFF	#D3D3D3	93
2117	#FFFFFF	#D3D3D3	213
2118	#FFFFFF	#D3D3D3	143
2119	#FFFFFF	#D3D3D3	143
2120	#FFFFFF	#D3D3D3	213
2121	#FFFFFF	#D3D3D3	62
2122	#FFFFFF	#D3D3D3	58
2123	#FFFFFF	#D3D3D3	58
2124	#FFFFFF	#D3D3D3	141
2125	#FFFFFF	#D3D3D3	62
2126	#FFFFFF	#D3D3D3	62
2127	#FFFFFF	#D3D3D3	62
2128	#FFFFFF	#D3D3D3	62
2129	#FFFFFF	#D3D3D3	62
2130	#FFFFFF	#D3D3D3	62
2131	#FFFFFF	#D3D3D3	62
2132	#FFFFFF	#D3D3D3	62
2133	#FFFFFF	#D3D3D3	62
2134	#FFFFFF	#D3D3D3	62
2135	#FFFFFF	#D3D3D3	141
2136	#FFFFFF	#D3D3D3	62
2137	#FFFFFF	#D3D3D3	62
2138	#FFFFFF	#D3D3D3	62
2139	#FFFFFF	#D3D3D3	62
2140	#FFFFFF	#D3D3D3	62
2141	#FFFFFF	#D3D3D3	62
2142	#FFFFFF	#D3D3D3	192
2143	#FFFFFF	#D3D3D3	8
2144	#FFFFFF	#D3D3D3	192
2145	#FFFFFF	#D3D3D3	8
2146	#FFFFFF	#D3D3D3	213
2147	#FFFFFF	#D3D3D3	8
2148	#FFFFFF	#D3D3D3	8
2149	#FFFFFF	#D3D3D3	8
2154	#FFFFFF	#D3D3D3	8
2155	#FFFFFF	#D3D3D3	26
2156	#FFFFFF	#D3D3D3	26
2157	#FFFFFF	#D3D3D3	213
2158	#FFFFFF	#D3D3D3	26
2159	#FFFFFF	#D3D3D3	26
2160	#FFFFFF	#D3D3D3	26
2161	#FFFFFF	#D3D3D3	26
2162	#FFFFFF	#D3D3D3	26
2163	#FFFFFF	#D3D3D3	93
2164	#FFFFFF	#D3D3D3	93
2165	#FFFFFF	#D3D3D3	93
2166	#FFFFFF	#D3D3D3	93
2167	#FFFFFF	#D3D3D3	143
2168	#FFFFFF	#D3D3D3	143
2169	#FFFFFF	#D3D3D3	213
2170	#FFFFFF	#D3D3D3	213
2171	#FFFFFF	#D3D3D3	62
2173	#FFFFFF	#D3D3D3	58
2174	#FFFFFF	#D3D3D3	58
2175	#FFFFFF	#D3D3D3	62
2176	#FFFFFF	#D3D3D3	62
2177	#FFFFFF	#D3D3D3	62
2178	#FFFFFF	#D3D3D3	62
2179	#FFFFFF	#D3D3D3	62
2180	#FFFFFF	#D3D3D3	62
2181	#FFFFFF	#D3D3D3	62
2182	#FFFFFF	#D3D3D3	62
2183	#FFFFFF	#D3D3D3	62
2184	#FFFFFF	#D3D3D3	62
2185	#FFFFFF	#D3D3D3	141
2186	#FFFFFF	#D3D3D3	62
2187	#FFFFFF	#D3D3D3	62
2188	#FFFFFF	#D3D3D3	62
2189	#FFFFFF	#D3D3D3	62
2190	#FFFFFF	#D3D3D3	62
2191	#FFFFFF	#D3D3D3	62
2192	#FFFFFF	#D3D3D3	192
2193	#FFFFFF	#D3D3D3	8
2194	#FFFFFF	#D3D3D3	8
2195	#FFFFFF	#D3D3D3	192
2196	#FFFFFF	#D3D3D3	65
2197	#FFFFFF	#D3D3D3	8
2198	#FFFFFF	#D3D3D3	8
2199	#FFFFFF	#D3D3D3	8
2204	#FFFFFF	#D3D3D3	8
2205	#FFFFFF	#D3D3D3	26
2206	#FFFFFF	#D3D3D3	26
2207	#FFFFFF	#D3D3D3	213
2208	#FFFFFF	#D3D3D3	26
2209	#FFFFFF	#D3D3D3	26
2210	#FFFFFF	#D3D3D3	26
2211	#FFFFFF	#D3D3D3	26
2212	#FFFFFF	#D3D3D3	26
2213	#FFFFFF	#D3D3D3	93
2214	#FFFFFF	#D3D3D3	93
2215	#FFFFFF	#D3D3D3	93
2216	#FFFFFF	#D3D3D3	93
2218	#FFFFFF	#D3D3D3	143
2219	#FFFFFF	#D3D3D3	143
2220	#FFFFFF	#D3D3D3	213
2221	#FFFFFF	#D3D3D3	213
2222	#FFFFFF	#D3D3D3	213
2223	#FFFFFF	#D3D3D3	58
2224	#FFFFFF	#D3D3D3	58
2225	#FFFFFF	#D3D3D3	58
2226	#FFFFFF	#D3D3D3	62
2227	#FFFFFF	#D3D3D3	62
2228	#FFFFFF	#D3D3D3	62
2229	#FFFFFF	#D3D3D3	62
2230	#FFFFFF	#D3D3D3	62
2231	#FFFFFF	#D3D3D3	62
2232	#FFFFFF	#D3D3D3	62
2233	#FFFFFF	#D3D3D3	62
2234	#FFFFFF	#D3D3D3	62
2235	#FFFFFF	#D3D3D3	62
2236	#FFFFFF	#D3D3D3	65
2237	#FFFFFF	#D3D3D3	62
2238	#FFFFFF	#D3D3D3	62
2239	#FFFFFF	#D3D3D3	62
2240	#FFFFFF	#D3D3D3	62
2241	#FFFFFF	#D3D3D3	62
2242	#FFFFFF	#D3D3D3	192
2243	#FFFFFF	#D3D3D3	8
2244	#FFFFFF	#D3D3D3	8
2245	#FFFFFF	#D3D3D3	8
2246	#FFFFFF	#D3D3D3	8
2247	#FFFFFF	#D3D3D3	213
2248	#FFFFFF	#D3D3D3	8
2249	#FFFFFF	#D3D3D3	8
2254	#FFFFFF	#D3D3D3	8
2255	#FFFFFF	#D3D3D3	26
2256	#FFFFFF	#D3D3D3	26
2257	#FFFFFF	#D3D3D3	26
2258	#FFFFFF	#D3D3D3	143
2259	#FFFFFF	#D3D3D3	26
2260	#FFFFFF	#D3D3D3	26
2261	#FFFFFF	#D3D3D3	26
2262	#FFFFFF	#D3D3D3	26
2263	#FFFFFF	#D3D3D3	93
2264	#FFFFFF	#D3D3D3	93
2265	#FFFFFF	#D3D3D3	93
2266	#FFFFFF	#D3D3D3	93
2267	#FFFFFF	#D3D3D3	93
2268	#FFFFFF	#D3D3D3	143
2269	#FFFFFF	#D3D3D3	213
2270	#FFFFFF	#D3D3D3	213
2271	#FFFFFF	#D3D3D3	213
2272	#FFFFFF	#D3D3D3	213
2274	#FFFFFF	#D3D3D3	40
2275	#FFFFFF	#D3D3D3	40
2276	#FFFFFF	#D3D3D3	21
2277	#FFFFFF	#D3D3D3	21
2278	#FFFFFF	#D3D3D3	21
2279	#FFFFFF	#D3D3D3	21
2280	#FFFFFF	#D3D3D3	21
2281	#FFFFFF	#D3D3D3	21
2282	#FFFFFF	#D3D3D3	21
2283	#FFFFFF	#D3D3D3	21
2284	#FFFFFF	#D3D3D3	41
2285	#FFFFFF	#D3D3D3	41
2286	#FFFFFF	#D3D3D3	40
2287	#FFFFFF	#D3D3D3	41
2288	#FFFFFF	#D3D3D3	41
2289	#FFFFFF	#D3D3D3	41
2290	#FFFFFF	#D3D3D3	41
2291	#FFFFFF	#D3D3D3	182
2292	#FFFFFF	#D3D3D3	182
2293	#FFFFFF	#D3D3D3	41
2294	#FFFFFF	#D3D3D3	41
2295	#FFFFFF	#D3D3D3	41
2296	#FFFFFF	#D3D3D3	214
2297	#FFFFFF	#D3D3D3	1
2298	#FFFFFF	#D3D3D3	214
2299	#FFFFFF	#D3D3D3	107
2300	#FFFFFF	#D3D3D3	107
2301	#FFFFFF	#D3D3D3	107
2302	#FFFFFF	#D3D3D3	28
2303	#FFFFFF	#D3D3D3	28
2304	#FFFFFF	#D3D3D3	28
2305	#FFFFFF	#D3D3D3	28
2306	#FFFFFF	#D3D3D3	28
2307	#FFFFFF	#D3D3D3	107
2308	#FFFFFF	#D3D3D3	1
2319	#FFFFFF	#D3D3D3	1
2320	#FFFFFF	#D3D3D3	1
2321	#FFFFFF	#D3D3D3	1
2322	#FFFFFF	#D3D3D3	40
2323	#FFFFFF	#D3D3D3	40
2324	#FFFFFF	#D3D3D3	40
2325	#FFFFFF	#D3D3D3	40
2326	#FFFFFF	#D3D3D3	40
2327	#FFFFFF	#D3D3D3	21
2328	#FFFFFF	#D3D3D3	21
2329	#FFFFFF	#D3D3D3	21
2330	#FFFFFF	#D3D3D3	21
2331	#FFFFFF	#D3D3D3	21
2332	#FFFFFF	#D3D3D3	21
2333	#FFFFFF	#D3D3D3	21
2334	#FFFFFF	#D3D3D3	21
2335	#FFFFFF	#D3D3D3	41
2336	#FFFFFF	#D3D3D3	41
2337	#FFFFFF	#D3D3D3	1
2338	#FFFFFF	#D3D3D3	41
2339	#FFFFFF	#D3D3D3	41
2340	#FFFFFF	#D3D3D3	41
2341	#FFFFFF	#D3D3D3	182
2342	#FFFFFF	#D3D3D3	182
2343	#FFFFFF	#D3D3D3	41
2344	#FFFFFF	#D3D3D3	41
2345	#FFFFFF	#D3D3D3	41
2346	#FFFFFF	#D3D3D3	214
2347	#FFFFFF	#D3D3D3	214
2348	#FFFFFF	#D3D3D3	1
2349	#FFFFFF	#D3D3D3	107
2350	#FFFFFF	#D3D3D3	107
2351	#FFFFFF	#D3D3D3	107
2352	#FFFFFF	#D3D3D3	28
2353	#FFFFFF	#D3D3D3	28
2354	#FFFFFF	#D3D3D3	28
2355	#FFFFFF	#D3D3D3	28
2356	#FFFFFF	#D3D3D3	28
2357	#FFFFFF	#D3D3D3	28
2358	#FFFFFF	#D3D3D3	107
2359	#FFFFFF	#D3D3D3	1
2369	#FFFFFF	#D3D3D3	1
2370	#FFFFFF	#D3D3D3	1
2371	#FFFFFF	#D3D3D3	1
2372	#FFFFFF	#D3D3D3	40
2373	#FFFFFF	#D3D3D3	40
2375	#FFFFFF	#D3D3D3	58
2376	#FFFFFF	#D3D3D3	58
2377	#FFFFFF	#D3D3D3	213
2378	#FFFFFF	#D3D3D3	62
2379	#FFFFFF	#D3D3D3	62
2380	#FFFFFF	#D3D3D3	62
2381	#FFFFFF	#D3D3D3	62
2382	#FFFFFF	#D3D3D3	62
2383	#FFFFFF	#D3D3D3	62
2384	#FFFFFF	#D3D3D3	62
2385	#FFFFFF	#D3D3D3	62
2386	#FFFFFF	#D3D3D3	62
2387	#FFFFFF	#D3D3D3	122
2388	#FFFFFF	#D3D3D3	62
2389	#FFFFFF	#D3D3D3	62
2390	#FFFFFF	#D3D3D3	62
2391	#FFFFFF	#D3D3D3	62
2392	#FFFFFF	#D3D3D3	62
2393	#FFFFFF	#D3D3D3	192
2394	#FFFFFF	#D3D3D3	8
2395	#FFFFFF	#D3D3D3	8
2396	#FFFFFF	#D3D3D3	8
2397	#FFFFFF	#D3D3D3	8
2398	#FFFFFF	#D3D3D3	65
2399	#FFFFFF	#D3D3D3	8
2400	#FFFFFF	#D3D3D3	8
2401	#FFFFFF	#D3D3D3	145
2405	#FFFFFF	#D3D3D3	8
2406	#FFFFFF	#D3D3D3	26
2407	#FFFFFF	#D3D3D3	26
2408	#FFFFFF	#D3D3D3	26
2409	#FFFFFF	#D3D3D3	213
2410	#FFFFFF	#D3D3D3	26
2411	#FFFFFF	#D3D3D3	26
2412	#FFFFFF	#D3D3D3	26
2413	#FFFFFF	#D3D3D3	26
2414	#FFFFFF	#D3D3D3	26
2415	#FFFFFF	#D3D3D3	93
2416	#FFFFFF	#D3D3D3	93
2417	#FFFFFF	#D3D3D3	93
2418	#FFFFFF	#D3D3D3	93
2420	#FFFFFF	#D3D3D3	143
2421	#FFFFFF	#D3D3D3	213
2422	#FFFFFF	#D3D3D3	213
2423	#FFFFFF	#D3D3D3	213
2424	#FFFFFF	#D3D3D3	213
2425	#FFFFFF	#D3D3D3	58
2426	#FFFFFF	#D3D3D3	58
2427	#FFFFFF	#D3D3D3	122
2428	#FFFFFF	#D3D3D3	213
2429	#FFFFFF	#D3D3D3	62
2430	#FFFFFF	#D3D3D3	62
2431	#FFFFFF	#D3D3D3	62
2432	#FFFFFF	#D3D3D3	62
2433	#FFFFFF	#D3D3D3	62
2434	#FFFFFF	#D3D3D3	62
2435	#FFFFFF	#D3D3D3	62
2436	#FFFFFF	#D3D3D3	62
2437	#FFFFFF	#D3D3D3	62
2438	#FFFFFF	#D3D3D3	65
2439	#FFFFFF	#D3D3D3	62
2440	#FFFFFF	#D3D3D3	62
2441	#FFFFFF	#D3D3D3	62
2442	#FFFFFF	#D3D3D3	62
2443	#FFFFFF	#D3D3D3	192
2444	#FFFFFF	#D3D3D3	192
2445	#FFFFFF	#D3D3D3	8
2446	#FFFFFF	#D3D3D3	8
2447	#FFFFFF	#D3D3D3	8
2448	#FFFFFF	#D3D3D3	8
2449	#FFFFFF	#D3D3D3	213
2450	#FFFFFF	#D3D3D3	8
2455	#FFFFFF	#D3D3D3	8
2456	#FFFFFF	#D3D3D3	26
2457	#FFFFFF	#D3D3D3	26
2458	#FFFFFF	#D3D3D3	26
2459	#FFFFFF	#D3D3D3	26
2460	#FFFFFF	#D3D3D3	143
2461	#FFFFFF	#D3D3D3	26
2462	#FFFFFF	#D3D3D3	26
2463	#FFFFFF	#D3D3D3	26
2464	#FFFFFF	#D3D3D3	26
2465	#FFFFFF	#D3D3D3	26
2466	#FFFFFF	#D3D3D3	93
2467	#FFFFFF	#D3D3D3	93
2468	#FFFFFF	#D3D3D3	93
2469	#FFFFFF	#D3D3D3	93
2470	#FFFFFF	#D3D3D3	213
2471	#FFFFFF	#D3D3D3	213
2472	#FFFFFF	#D3D3D3	213
2473	#FFFFFF	#D3D3D3	213
2474	#FFFFFF	#D3D3D3	213
2476	#FFFFFF	#D3D3D3	58
2477	#FFFFFF	#D3D3D3	122
2478	#FFFFFF	#D3D3D3	213
2479	#FFFFFF	#D3D3D3	213
2480	#FFFFFF	#D3D3D3	62
2481	#FFFFFF	#D3D3D3	62
2482	#FFFFFF	#D3D3D3	62
2483	#FFFFFF	#D3D3D3	62
2484	#FFFFFF	#D3D3D3	62
2485	#FFFFFF	#D3D3D3	62
2486	#FFFFFF	#D3D3D3	62
2487	#FFFFFF	#D3D3D3	62
2488	#FFFFFF	#D3D3D3	122
2489	#FFFFFF	#D3D3D3	62
2490	#FFFFFF	#D3D3D3	62
2491	#FFFFFF	#D3D3D3	62
2492	#FFFFFF	#D3D3D3	62
2493	#FFFFFF	#D3D3D3	192
2494	#FFFFFF	#D3D3D3	192
2495	#FFFFFF	#D3D3D3	192
2496	#FFFFFF	#D3D3D3	8
2497	#FFFFFF	#D3D3D3	8
2498	#FFFFFF	#D3D3D3	8
2499	#FFFFFF	#D3D3D3	65
2500	#FFFFFF	#D3D3D3	8
2505	#FFFFFF	#D3D3D3	8
2506	#FFFFFF	#D3D3D3	46
2507	#FFFFFF	#D3D3D3	26
2508	#FFFFFF	#D3D3D3	26
2509	#FFFFFF	#D3D3D3	26
2510	#FFFFFF	#D3D3D3	213
2511	#FFFFFF	#D3D3D3	26
2512	#FFFFFF	#D3D3D3	26
2513	#FFFFFF	#D3D3D3	26
2514	#FFFFFF	#D3D3D3	26
2515	#FFFFFF	#D3D3D3	26
2516	#FFFFFF	#D3D3D3	26
2517	#FFFFFF	#D3D3D3	93
2518	#FFFFFF	#D3D3D3	93
2519	#FFFFFF	#D3D3D3	93
2521	#FFFFFF	#D3D3D3	213
2522	#FFFFFF	#D3D3D3	213
2523	#FFFFFF	#D3D3D3	213
2524	#FFFFFF	#D3D3D3	213
2525	#FFFFFF	#D3D3D3	213
2526	#FFFFFF	#D3D3D3	58
2527	#FFFFFF	#D3D3D3	122
2528	#FFFFFF	#D3D3D3	122
2529	#FFFFFF	#D3D3D3	213
2530	#FFFFFF	#D3D3D3	213
2531	#FFFFFF	#D3D3D3	62
2532	#FFFFFF	#D3D3D3	62
2533	#FFFFFF	#D3D3D3	62
2534	#FFFFFF	#D3D3D3	62
2535	#FFFFFF	#D3D3D3	62
2536	#FFFFFF	#D3D3D3	62
2537	#FFFFFF	#D3D3D3	62
2538	#FFFFFF	#D3D3D3	62
2539	#FFFFFF	#D3D3D3	65
2540	#FFFFFF	#D3D3D3	62
2541	#FFFFFF	#D3D3D3	62
2542	#FFFFFF	#D3D3D3	62
2543	#FFFFFF	#D3D3D3	62
2544	#FFFFFF	#D3D3D3	192
2545	#FFFFFF	#D3D3D3	192
2546	#FFFFFF	#D3D3D3	192
2547	#FFFFFF	#D3D3D3	8
2548	#FFFFFF	#D3D3D3	8
2549	#FFFFFF	#D3D3D3	8
2550	#FFFFFF	#D3D3D3	65
2555	#FFFFFF	#D3D3D3	8
2556	#FFFFFF	#D3D3D3	46
2557	#FFFFFF	#D3D3D3	46
2558	#FFFFFF	#D3D3D3	46
2559	#FFFFFF	#D3D3D3	26
2560	#FFFFFF	#D3D3D3	26
2561	#FFFFFF	#D3D3D3	213
2562	#FFFFFF	#D3D3D3	26
2563	#FFFFFF	#D3D3D3	26
2564	#FFFFFF	#D3D3D3	26
2565	#FFFFFF	#D3D3D3	26
2566	#FFFFFF	#D3D3D3	26
2567	#FFFFFF	#D3D3D3	26
2568	#FFFFFF	#D3D3D3	93
2569	#FFFFFF	#D3D3D3	93
2570	#FFFFFF	#D3D3D3	26
2571	#FFFFFF	#D3D3D3	62
2572	#FFFFFF	#D3D3D3	213
2573	#FFFFFF	#D3D3D3	213
2574	#FFFFFF	#D3D3D3	213
2575	#FFFFFF	#D3D3D3	213
2577	#FFFFFF	#D3D3D3	122
2578	#FFFFFF	#D3D3D3	122
2579	#FFFFFF	#D3D3D3	213
2580	#FFFFFF	#D3D3D3	213
2581	#FFFFFF	#D3D3D3	213
2582	#FFFFFF	#D3D3D3	62
2583	#FFFFFF	#D3D3D3	62
2584	#FFFFFF	#D3D3D3	62
2585	#FFFFFF	#D3D3D3	62
2586	#FFFFFF	#D3D3D3	62
2587	#FFFFFF	#D3D3D3	62
2588	#FFFFFF	#D3D3D3	62
2589	#FFFFFF	#D3D3D3	65
2590	#FFFFFF	#D3D3D3	62
2591	#FFFFFF	#D3D3D3	62
2592	#FFFFFF	#D3D3D3	62
2593	#FFFFFF	#D3D3D3	62
2594	#FFFFFF	#D3D3D3	62
2595	#FFFFFF	#D3D3D3	192
2596	#FFFFFF	#D3D3D3	192
2597	#FFFFFF	#D3D3D3	8
2598	#FFFFFF	#D3D3D3	8
2599	#FFFFFF	#D3D3D3	8
2600	#FFFFFF	#D3D3D3	65
2605	#FFFFFF	#D3D3D3	8
2606	#FFFFFF	#D3D3D3	46
2607	#FFFFFF	#D3D3D3	46
2608	#FFFFFF	#D3D3D3	46
2609	#FFFFFF	#D3D3D3	46
2610	#FFFFFF	#D3D3D3	26
2611	#FFFFFF	#D3D3D3	65
2612	#FFFFFF	#D3D3D3	26
2613	#FFFFFF	#D3D3D3	26
2614	#FFFFFF	#D3D3D3	26
2615	#FFFFFF	#D3D3D3	26
2616	#FFFFFF	#D3D3D3	26
2617	#FFFFFF	#D3D3D3	26
2618	#FFFFFF	#D3D3D3	26
2619	#FFFFFF	#D3D3D3	26
2620	#FFFFFF	#D3D3D3	26
2622	#FFFFFF	#D3D3D3	62
2623	#FFFFFF	#D3D3D3	62
2624	#FFFFFF	#D3D3D3	213
2625	#FFFFFF	#D3D3D3	213
2626	#FFFFFF	#D3D3D3	213
2627	#FFFFFF	#D3D3D3	122
2628	#FFFFFF	#D3D3D3	122
2629	#FFFFFF	#D3D3D3	122
2630	#FFFFFF	#D3D3D3	213
2631	#FFFFFF	#D3D3D3	213
2632	#FFFFFF	#D3D3D3	213
2633	#FFFFFF	#D3D3D3	62
2634	#FFFFFF	#D3D3D3	62
2635	#FFFFFF	#D3D3D3	62
2636	#FFFFFF	#D3D3D3	62
2637	#FFFFFF	#D3D3D3	62
2638	#FFFFFF	#D3D3D3	62
2639	#FFFFFF	#D3D3D3	62
2640	#FFFFFF	#D3D3D3	65
2641	#FFFFFF	#D3D3D3	62
2642	#FFFFFF	#D3D3D3	62
2643	#FFFFFF	#D3D3D3	62
2644	#FFFFFF	#D3D3D3	62
2645	#FFFFFF	#D3D3D3	192
2646	#FFFFFF	#D3D3D3	192
2647	#FFFFFF	#D3D3D3	8
2648	#FFFFFF	#D3D3D3	8
2649	#FFFFFF	#D3D3D3	8
2651	#FFFFFF	#D3D3D3	65
2655	#FFFFFF	#D3D3D3	8
2656	#FFFFFF	#D3D3D3	7
2657	#FFFFFF	#D3D3D3	7
2658	#FFFFFF	#D3D3D3	46
2659	#FFFFFF	#D3D3D3	46
2660	#FFFFFF	#D3D3D3	26
2661	#FFFFFF	#D3D3D3	26
2662	#FFFFFF	#D3D3D3	62
2663	#FFFFFF	#D3D3D3	26
2664	#FFFFFF	#D3D3D3	26
2665	#FFFFFF	#D3D3D3	26
2666	#FFFFFF	#D3D3D3	26
2667	#FFFFFF	#D3D3D3	26
2668	#FFFFFF	#D3D3D3	26
2669	#FFFFFF	#D3D3D3	26
2670	#FFFFFF	#D3D3D3	26
2671	#FFFFFF	#D3D3D3	26
2672	#FFFFFF	#D3D3D3	62
2673	#FFFFFF	#D3D3D3	62
2674	#FFFFFF	#D3D3D3	213
2675	#FFFFFF	#D3D3D3	213
2676	#FFFFFF	#D3D3D3	213
2678	#FFFFFF	#D3D3D3	122
2679	#FFFFFF	#D3D3D3	122
2680	#FFFFFF	#D3D3D3	213
2681	#FFFFFF	#D3D3D3	213
2682	#FFFFFF	#D3D3D3	213
2683	#FFFFFF	#D3D3D3	213
2684	#FFFFFF	#D3D3D3	62
2685	#FFFFFF	#D3D3D3	62
2686	#FFFFFF	#D3D3D3	62
2687	#FFFFFF	#D3D3D3	62
2688	#FFFFFF	#D3D3D3	62
2689	#FFFFFF	#D3D3D3	62
2690	#FFFFFF	#D3D3D3	65
2691	#FFFFFF	#D3D3D3	62
2692	#FFFFFF	#D3D3D3	62
2693	#FFFFFF	#D3D3D3	238
2694	#FFFFFF	#D3D3D3	62
2695	#FFFFFF	#D3D3D3	192
2696	#FFFFFF	#D3D3D3	192
2697	#FFFFFF	#D3D3D3	8
2698	#FFFFFF	#D3D3D3	8
2699	#FFFFFF	#D3D3D3	8
2701	#FFFFFF	#D3D3D3	65
2705	#FFFFFF	#D3D3D3	8
2706	#FFFFFF	#D3D3D3	7
2707	#FFFFFF	#D3D3D3	7
2708	#FFFFFF	#D3D3D3	46
2709	#FFFFFF	#D3D3D3	7
2710	#FFFFFF	#D3D3D3	46
2711	#FFFFFF	#D3D3D3	46
2712	#FFFFFF	#D3D3D3	62
2713	#FFFFFF	#D3D3D3	26
2714	#FFFFFF	#D3D3D3	26
2715	#FFFFFF	#D3D3D3	26
2716	#FFFFFF	#D3D3D3	26
2717	#FFFFFF	#D3D3D3	26
2718	#FFFFFF	#D3D3D3	26
2719	#FFFFFF	#D3D3D3	26
2720	#FFFFFF	#D3D3D3	26
2721	#FFFFFF	#D3D3D3	26
2723	#FFFFFF	#D3D3D3	62
2724	#FFFFFF	#D3D3D3	62
2725	#FFFFFF	#D3D3D3	62
2726	#FFFFFF	#D3D3D3	213
2727	#FFFFFF	#D3D3D3	213
2728	#FFFFFF	#D3D3D3	122
2729	#FFFFFF	#D3D3D3	65
2730	#FFFFFF	#D3D3D3	65
2731	#FFFFFF	#D3D3D3	213
2732	#FFFFFF	#D3D3D3	213
2733	#FFFFFF	#D3D3D3	213
2734	#FFFFFF	#D3D3D3	213
2735	#FFFFFF	#D3D3D3	62
2736	#FFFFFF	#D3D3D3	62
2737	#FFFFFF	#D3D3D3	62
2738	#FFFFFF	#D3D3D3	62
2739	#FFFFFF	#D3D3D3	62
2740	#FFFFFF	#D3D3D3	62
2741	#FFFFFF	#D3D3D3	65
2742	#FFFFFF	#D3D3D3	62
2743	#FFFFFF	#D3D3D3	238
2744	#FFFFFF	#D3D3D3	238
2745	#FFFFFF	#D3D3D3	192
2746	#FFFFFF	#D3D3D3	192
2747	#FFFFFF	#D3D3D3	192
2748	#FFFFFF	#D3D3D3	8
2749	#FFFFFF	#D3D3D3	8
2752	#FFFFFF	#D3D3D3	62
2755	#FFFFFF	#D3D3D3	8
2756	#FFFFFF	#D3D3D3	7
2757	#FFFFFF	#D3D3D3	7
2758	#FFFFFF	#D3D3D3	7
2759	#FFFFFF	#D3D3D3	7
2760	#FFFFFF	#D3D3D3	7
2761	#FFFFFF	#D3D3D3	46
2762	#FFFFFF	#D3D3D3	46
2763	#FFFFFF	#D3D3D3	62
2764	#FFFFFF	#D3D3D3	46
2765	#FFFFFF	#D3D3D3	26
2766	#FFFFFF	#D3D3D3	26
2767	#FFFFFF	#D3D3D3	26
2768	#FFFFFF	#D3D3D3	26
2769	#FFFFFF	#D3D3D3	26
2770	#FFFFFF	#D3D3D3	26
2771	#FFFFFF	#D3D3D3	26
2772	#FFFFFF	#D3D3D3	26
2773	#FFFFFF	#D3D3D3	62
2774	#FFFFFF	#D3D3D3	62
2775	#FFFFFF	#D3D3D3	62
2776	#FFFFFF	#D3D3D3	213
2777	#FFFFFF	#D3D3D3	213
2779	#FFFFFF	#D3D3D3	65
2780	#FFFFFF	#D3D3D3	65
2781	#FFFFFF	#D3D3D3	213
2782	#FFFFFF	#D3D3D3	213
2783	#FFFFFF	#D3D3D3	213
2784	#FFFFFF	#D3D3D3	213
2785	#FFFFFF	#D3D3D3	62
2786	#FFFFFF	#D3D3D3	62
2787	#FFFFFF	#D3D3D3	62
2788	#FFFFFF	#D3D3D3	62
2789	#FFFFFF	#D3D3D3	62
2790	#FFFFFF	#D3D3D3	62
2791	#FFFFFF	#D3D3D3	65
2792	#FFFFFF	#D3D3D3	62
2793	#FFFFFF	#D3D3D3	238
2794	#FFFFFF	#D3D3D3	238
2795	#FFFFFF	#D3D3D3	8
2796	#FFFFFF	#D3D3D3	192
2797	#FFFFFF	#D3D3D3	192
2798	#FFFFFF	#D3D3D3	8
2799	#FFFFFF	#D3D3D3	8
2802	#FFFFFF	#D3D3D3	62
2805	#FFFFFF	#D3D3D3	8
2806	#FFFFFF	#D3D3D3	8
2807	#FFFFFF	#D3D3D3	7
2808	#FFFFFF	#D3D3D3	7
2809	#FFFFFF	#D3D3D3	7
2810	#FFFFFF	#D3D3D3	7
2811	#FFFFFF	#D3D3D3	7
2812	#FFFFFF	#D3D3D3	46
2813	#FFFFFF	#D3D3D3	62
2814	#FFFFFF	#D3D3D3	46
2815	#FFFFFF	#D3D3D3	26
2816	#FFFFFF	#D3D3D3	26
2817	#FFFFFF	#D3D3D3	26
2818	#FFFFFF	#D3D3D3	26
2819	#FFFFFF	#D3D3D3	26
2820	#FFFFFF	#D3D3D3	26
2821	#FFFFFF	#D3D3D3	26
2822	#FFFFFF	#D3D3D3	26
2824	#FFFFFF	#D3D3D3	62
2825	#FFFFFF	#D3D3D3	62
2826	#FFFFFF	#D3D3D3	62
2827	#FFFFFF	#D3D3D3	62
2828	#FFFFFF	#D3D3D3	213
2829	#FFFFFF	#D3D3D3	65
2830	#FFFFFF	#D3D3D3	65
2831	#FFFFFF	#D3D3D3	65
2832	#FFFFFF	#D3D3D3	213
2833	#FFFFFF	#D3D3D3	213
2834	#FFFFFF	#D3D3D3	213
2835	#FFFFFF	#D3D3D3	62
2836	#FFFFFF	#D3D3D3	62
2837	#FFFFFF	#D3D3D3	62
2838	#FFFFFF	#D3D3D3	62
2839	#FFFFFF	#D3D3D3	62
2840	#FFFFFF	#D3D3D3	62
2841	#FFFFFF	#D3D3D3	62
2842	#FFFFFF	#D3D3D3	62
2843	#FFFFFF	#D3D3D3	238
2844	#FFFFFF	#D3D3D3	238
2845	#FFFFFF	#D3D3D3	8
2846	#FFFFFF	#D3D3D3	8
2847	#FFFFFF	#D3D3D3	8
2848	#FFFFFF	#D3D3D3	8
2849	#FFFFFF	#D3D3D3	8
2850	#FFFFFF	#D3D3D3	145
2852	#FFFFFF	#D3D3D3	145
2853	#FFFFFF	#D3D3D3	62
2855	#FFFFFF	#D3D3D3	8
2856	#FFFFFF	#D3D3D3	8
2857	#FFFFFF	#D3D3D3	8
2858	#FFFFFF	#D3D3D3	7
2859	#FFFFFF	#D3D3D3	7
2860	#FFFFFF	#D3D3D3	7
2861	#FFFFFF	#D3D3D3	7
2862	#FFFFFF	#D3D3D3	7
2863	#FFFFFF	#D3D3D3	46
2864	#FFFFFF	#D3D3D3	62
2865	#FFFFFF	#D3D3D3	46
2866	#FFFFFF	#D3D3D3	26
2867	#FFFFFF	#D3D3D3	26
2868	#FFFFFF	#D3D3D3	26
2869	#FFFFFF	#D3D3D3	26
2870	#FFFFFF	#D3D3D3	26
2871	#FFFFFF	#D3D3D3	26
2872	#FFFFFF	#D3D3D3	26
2873	#FFFFFF	#D3D3D3	26
2874	#FFFFFF	#D3D3D3	62
2875	#FFFFFF	#D3D3D3	62
2876	#FFFFFF	#D3D3D3	62
2877	#FFFFFF	#D3D3D3	62
2878	#FFFFFF	#D3D3D3	213
2880	#FFFFFF	#D3D3D3	65
2881	#FFFFFF	#D3D3D3	65
2882	#FFFFFF	#D3D3D3	213
2883	#FFFFFF	#D3D3D3	213
2884	#FFFFFF	#D3D3D3	213
2885	#FFFFFF	#D3D3D3	62
2886	#FFFFFF	#D3D3D3	62
2887	#FFFFFF	#D3D3D3	62
2888	#FFFFFF	#D3D3D3	62
2889	#FFFFFF	#D3D3D3	62
2890	#FFFFFF	#D3D3D3	62
2891	#FFFFFF	#D3D3D3	62
2892	#FFFFFF	#D3D3D3	62
2893	#FFFFFF	#D3D3D3	238
2894	#FFFFFF	#D3D3D3	238
2895	#FFFFFF	#D3D3D3	8
2896	#FFFFFF	#D3D3D3	8
2897	#FFFFFF	#D3D3D3	8
2898	#FFFFFF	#D3D3D3	8
2899	#FFFFFF	#D3D3D3	8
2900	#FFFFFF	#D3D3D3	145
2903	#FFFFFF	#D3D3D3	62
2905	#FFFFFF	#D3D3D3	8
2906	#FFFFFF	#D3D3D3	8
2907	#FFFFFF	#D3D3D3	8
2908	#FFFFFF	#D3D3D3	8
2909	#FFFFFF	#D3D3D3	7
2910	#FFFFFF	#D3D3D3	7
2911	#FFFFFF	#D3D3D3	7
2912	#FFFFFF	#D3D3D3	7
2913	#FFFFFF	#D3D3D3	46
2914	#FFFFFF	#D3D3D3	62
2915	#FFFFFF	#D3D3D3	46
2916	#FFFFFF	#D3D3D3	46
2917	#FFFFFF	#D3D3D3	26
2918	#FFFFFF	#D3D3D3	26
2919	#FFFFFF	#D3D3D3	26
2920	#FFFFFF	#D3D3D3	26
2921	#FFFFFF	#D3D3D3	26
2922	#FFFFFF	#D3D3D3	26
2923	#FFFFFF	#D3D3D3	26
2925	#FFFFFF	#D3D3D3	62
2926	#FFFFFF	#D3D3D3	62
2927	#FFFFFF	#D3D3D3	62
2928	#FFFFFF	#D3D3D3	62
2929	#FFFFFF	#D3D3D3	62
2930	#FFFFFF	#D3D3D3	65
2931	#FFFFFF	#D3D3D3	65
2932	#FFFFFF	#D3D3D3	62
2933	#FFFFFF	#D3D3D3	213
2934	#FFFFFF	#D3D3D3	213
2935	#FFFFFF	#D3D3D3	62
2936	#FFFFFF	#D3D3D3	62
2937	#FFFFFF	#D3D3D3	62
2938	#FFFFFF	#D3D3D3	62
2939	#FFFFFF	#D3D3D3	62
2940	#FFFFFF	#D3D3D3	62
2941	#FFFFFF	#D3D3D3	62
2942	#FFFFFF	#D3D3D3	238
2943	#FFFFFF	#D3D3D3	62
2944	#FFFFFF	#D3D3D3	238
2945	#FFFFFF	#D3D3D3	238
2946	#FFFFFF	#D3D3D3	8
2947	#FFFFFF	#D3D3D3	8
2948	#FFFFFF	#D3D3D3	8
2949	#FFFFFF	#D3D3D3	8
2954	#FFFFFF	#D3D3D3	62
2955	#FFFFFF	#D3D3D3	8
2956	#FFFFFF	#D3D3D3	8
2957	#FFFFFF	#D3D3D3	8
2958	#FFFFFF	#D3D3D3	8
2959	#FFFFFF	#D3D3D3	7
2960	#FFFFFF	#D3D3D3	7
2961	#FFFFFF	#D3D3D3	7
2962	#FFFFFF	#D3D3D3	7
2963	#FFFFFF	#D3D3D3	46
2964	#FFFFFF	#D3D3D3	46
2965	#FFFFFF	#D3D3D3	62
2966	#FFFFFF	#D3D3D3	46
2967	#FFFFFF	#D3D3D3	26
2968	#FFFFFF	#D3D3D3	26
2969	#FFFFFF	#D3D3D3	26
2970	#FFFFFF	#D3D3D3	26
2971	#FFFFFF	#D3D3D3	26
2972	#FFFFFF	#D3D3D3	26
2973	#FFFFFF	#D3D3D3	26
2974	#FFFFFF	#D3D3D3	26
2975	#FFFFFF	#D3D3D3	62
2976	#FFFFFF	#D3D3D3	62
2977	#FFFFFF	#D3D3D3	62
2978	#FFFFFF	#D3D3D3	62
2979	#FFFFFF	#D3D3D3	62
2981	#FFFFFF	#D3D3D3	65
2982	#FFFFFF	#D3D3D3	62
2983	#FFFFFF	#D3D3D3	62
2984	#FFFFFF	#D3D3D3	213
2985	#FFFFFF	#D3D3D3	62
2986	#FFFFFF	#D3D3D3	62
2987	#FFFFFF	#D3D3D3	62
2988	#FFFFFF	#D3D3D3	62
2989	#FFFFFF	#D3D3D3	62
2990	#FFFFFF	#D3D3D3	62
2991	#FFFFFF	#D3D3D3	62
2992	#FFFFFF	#D3D3D3	238
2993	#FFFFFF	#D3D3D3	62
2994	#FFFFFF	#D3D3D3	238
2995	#FFFFFF	#D3D3D3	238
2996	#FFFFFF	#D3D3D3	8
2997	#FFFFFF	#D3D3D3	8
2998	#FFFFFF	#D3D3D3	8
2999	#FFFFFF	#D3D3D3	8
3004	#FFFFFF	#D3D3D3	62
3005	#FFFFFF	#D3D3D3	8
3006	#FFFFFF	#D3D3D3	7
3007	#FFFFFF	#D3D3D3	8
3008	#FFFFFF	#D3D3D3	8
3009	#FFFFFF	#D3D3D3	7
3010	#FFFFFF	#D3D3D3	7
3011	#FFFFFF	#D3D3D3	7
3012	#FFFFFF	#D3D3D3	7
3013	#FFFFFF	#D3D3D3	7
3014	#FFFFFF	#D3D3D3	46
3015	#FFFFFF	#D3D3D3	62
3016	#FFFFFF	#D3D3D3	46
3017	#FFFFFF	#D3D3D3	46
3018	#FFFFFF	#D3D3D3	46
3019	#FFFFFF	#D3D3D3	26
3020	#FFFFFF	#D3D3D3	26
3021	#FFFFFF	#D3D3D3	26
3022	#FFFFFF	#D3D3D3	26
3023	#FFFFFF	#D3D3D3	26
3024	#FFFFFF	#D3D3D3	26
3026	#FFFFFF	#D3D3D3	62
3027	#FFFFFF	#D3D3D3	62
3028	#FFFFFF	#D3D3D3	62
3029	#FFFFFF	#D3D3D3	62
3030	#FFFFFF	#D3D3D3	62
3031	#FFFFFF	#D3D3D3	65
3032	#FFFFFF	#D3D3D3	64
3033	#FFFFFF	#D3D3D3	62
3034	#FFFFFF	#D3D3D3	62
3035	#FFFFFF	#D3D3D3	62
3036	#FFFFFF	#D3D3D3	62
3037	#FFFFFF	#D3D3D3	62
3038	#FFFFFF	#D3D3D3	62
3039	#FFFFFF	#D3D3D3	62
3040	#FFFFFF	#D3D3D3	62
3041	#FFFFFF	#D3D3D3	62
3042	#FFFFFF	#D3D3D3	238
3043	#FFFFFF	#D3D3D3	238
3044	#FFFFFF	#D3D3D3	62
3045	#FFFFFF	#D3D3D3	238
3046	#FFFFFF	#D3D3D3	8
3047	#FFFFFF	#D3D3D3	8
3048	#FFFFFF	#D3D3D3	8
3049	#FFFFFF	#D3D3D3	8
3054	#FFFFFF	#D3D3D3	8
3055	#FFFFFF	#D3D3D3	62
3056	#FFFFFF	#D3D3D3	7
3057	#FFFFFF	#D3D3D3	7
3058	#FFFFFF	#D3D3D3	8
3059	#FFFFFF	#D3D3D3	7
3060	#FFFFFF	#D3D3D3	7
3061	#FFFFFF	#D3D3D3	7
3062	#FFFFFF	#D3D3D3	7
3063	#FFFFFF	#D3D3D3	7
3064	#FFFFFF	#D3D3D3	7
3065	#FFFFFF	#D3D3D3	46
3066	#FFFFFF	#D3D3D3	62
3067	#FFFFFF	#D3D3D3	46
3068	#FFFFFF	#D3D3D3	46
3069	#FFFFFF	#D3D3D3	46
3070	#FFFFFF	#D3D3D3	26
3071	#FFFFFF	#D3D3D3	26
3072	#FFFFFF	#D3D3D3	26
3073	#FFFFFF	#D3D3D3	26
3074	#FFFFFF	#D3D3D3	26
3075	#FFFFFF	#D3D3D3	26
3076	#FFFFFF	#D3D3D3	62
3077	#FFFFFF	#D3D3D3	62
3078	#FFFFFF	#D3D3D3	62
3079	#FFFFFF	#D3D3D3	62
3080	#FFFFFF	#D3D3D3	62
3082	#FFFFFF	#D3D3D3	64
3083	#FFFFFF	#D3D3D3	62
3084	#FFFFFF	#D3D3D3	62
3085	#FFFFFF	#D3D3D3	62
3086	#FFFFFF	#D3D3D3	62
3087	#FFFFFF	#D3D3D3	62
3088	#FFFFFF	#D3D3D3	62
3089	#FFFFFF	#D3D3D3	62
3090	#FFFFFF	#D3D3D3	62
3091	#FFFFFF	#D3D3D3	238
3092	#FFFFFF	#D3D3D3	238
3093	#FFFFFF	#D3D3D3	238
3094	#FFFFFF	#D3D3D3	62
3095	#FFFFFF	#D3D3D3	238
3096	#FFFFFF	#D3D3D3	8
3097	#FFFFFF	#D3D3D3	8
3098	#FFFFFF	#D3D3D3	8
3099	#FFFFFF	#D3D3D3	8
3103	#FFFFFF	#D3D3D3	145
3104	#FFFFFF	#D3D3D3	8
3105	#FFFFFF	#D3D3D3	62
3106	#FFFFFF	#D3D3D3	7
3107	#FFFFFF	#D3D3D3	7
3108	#FFFFFF	#D3D3D3	7
3109	#FFFFFF	#D3D3D3	7
3110	#FFFFFF	#D3D3D3	7
3111	#FFFFFF	#D3D3D3	7
3112	#FFFFFF	#D3D3D3	7
3113	#FFFFFF	#D3D3D3	7
3114	#FFFFFF	#D3D3D3	7
3115	#FFFFFF	#D3D3D3	46
3116	#FFFFFF	#D3D3D3	62
3117	#FFFFFF	#D3D3D3	46
3118	#FFFFFF	#D3D3D3	46
3119	#FFFFFF	#D3D3D3	46
3120	#FFFFFF	#D3D3D3	26
3121	#FFFFFF	#D3D3D3	26
3122	#FFFFFF	#D3D3D3	26
3123	#FFFFFF	#D3D3D3	26
3124	#FFFFFF	#D3D3D3	26
3125	#FFFFFF	#D3D3D3	26
3127	#FFFFFF	#D3D3D3	62
3128	#FFFFFF	#D3D3D3	62
3129	#FFFFFF	#D3D3D3	62
3130	#FFFFFF	#D3D3D3	62
3131	#FFFFFF	#D3D3D3	62
3132	#FFFFFF	#D3D3D3	64
3133	#FFFFFF	#D3D3D3	62
3134	#FFFFFF	#D3D3D3	62
3135	#FFFFFF	#D3D3D3	62
3136	#FFFFFF	#D3D3D3	62
3137	#FFFFFF	#D3D3D3	62
3138	#FFFFFF	#D3D3D3	62
3139	#FFFFFF	#D3D3D3	62
3140	#FFFFFF	#D3D3D3	62
3141	#FFFFFF	#D3D3D3	238
3142	#FFFFFF	#D3D3D3	238
3143	#FFFFFF	#D3D3D3	238
3144	#FFFFFF	#D3D3D3	238
3145	#FFFFFF	#D3D3D3	62
3146	#FFFFFF	#D3D3D3	8
3147	#FFFFFF	#D3D3D3	8
3148	#FFFFFF	#D3D3D3	8
3149	#FFFFFF	#D3D3D3	8
3154	#FFFFFF	#D3D3D3	8
3155	#FFFFFF	#D3D3D3	7
3156	#FFFFFF	#D3D3D3	62
3157	#FFFFFF	#D3D3D3	7
3158	#FFFFFF	#D3D3D3	7
3159	#FFFFFF	#D3D3D3	7
3160	#FFFFFF	#D3D3D3	7
3161	#FFFFFF	#D3D3D3	7
3162	#FFFFFF	#D3D3D3	7
3163	#FFFFFF	#D3D3D3	151
3164	#FFFFFF	#D3D3D3	7
3165	#FFFFFF	#D3D3D3	46
3166	#FFFFFF	#D3D3D3	7
3167	#FFFFFF	#D3D3D3	62
3168	#FFFFFF	#D3D3D3	46
3169	#FFFFFF	#D3D3D3	46
3170	#FFFFFF	#D3D3D3	46
3171	#FFFFFF	#D3D3D3	26
3172	#FFFFFF	#D3D3D3	26
3173	#FFFFFF	#D3D3D3	26
3174	#FFFFFF	#D3D3D3	26
3175	#FFFFFF	#D3D3D3	26
3176	#FFFFFF	#D3D3D3	26
3177	#FFFFFF	#D3D3D3	62
3178	#FFFFFF	#D3D3D3	62
3179	#FFFFFF	#D3D3D3	62
3180	#FFFFFF	#D3D3D3	62
3181	#FFFFFF	#D3D3D3	62
3183	#FFFFFF	#D3D3D3	62
3184	#FFFFFF	#D3D3D3	62
3185	#FFFFFF	#D3D3D3	62
3186	#FFFFFF	#D3D3D3	62
3187	#FFFFFF	#D3D3D3	62
3188	#FFFFFF	#D3D3D3	62
3189	#FFFFFF	#D3D3D3	62
3190	#FFFFFF	#D3D3D3	62
3191	#FFFFFF	#D3D3D3	238
3192	#FFFFFF	#D3D3D3	238
3193	#FFFFFF	#D3D3D3	8
3194	#FFFFFF	#D3D3D3	238
3195	#FFFFFF	#D3D3D3	62
3196	#FFFFFF	#D3D3D3	8
3197	#FFFFFF	#D3D3D3	8
3198	#FFFFFF	#D3D3D3	8
3199	#FFFFFF	#D3D3D3	8
3204	#FFFFFF	#D3D3D3	8
3205	#FFFFFF	#D3D3D3	7
3206	#FFFFFF	#D3D3D3	62
3207	#FFFFFF	#D3D3D3	7
3208	#FFFFFF	#D3D3D3	7
3209	#FFFFFF	#D3D3D3	7
3210	#FFFFFF	#D3D3D3	7
3211	#FFFFFF	#D3D3D3	7
3212	#FFFFFF	#D3D3D3	7
3213	#FFFFFF	#D3D3D3	151
3214	#FFFFFF	#D3D3D3	151
3215	#FFFFFF	#D3D3D3	7
3216	#FFFFFF	#D3D3D3	46
3217	#FFFFFF	#D3D3D3	62
3218	#FFFFFF	#D3D3D3	7
3219	#FFFFFF	#D3D3D3	46
3220	#FFFFFF	#D3D3D3	7
3221	#FFFFFF	#D3D3D3	46
3222	#FFFFFF	#D3D3D3	26
3223	#FFFFFF	#D3D3D3	26
3224	#FFFFFF	#D3D3D3	26
3225	#FFFFFF	#D3D3D3	26
3226	#FFFFFF	#D3D3D3	26
3228	#FFFFFF	#D3D3D3	62
3229	#FFFFFF	#D3D3D3	62
3230	#FFFFFF	#D3D3D3	62
3231	#FFFFFF	#D3D3D3	62
3232	#FFFFFF	#D3D3D3	62
3233	#FFFFFF	#D3D3D3	62
3234	#FFFFFF	#D3D3D3	62
3235	#FFFFFF	#D3D3D3	62
3236	#FFFFFF	#D3D3D3	62
3237	#FFFFFF	#D3D3D3	62
3238	#FFFFFF	#D3D3D3	62
3239	#FFFFFF	#D3D3D3	62
3240	#FFFFFF	#D3D3D3	62
3241	#FFFFFF	#D3D3D3	238
3242	#FFFFFF	#D3D3D3	238
3243	#FFFFFF	#D3D3D3	8
3244	#FFFFFF	#D3D3D3	8
3245	#FFFFFF	#D3D3D3	8
3246	#FFFFFF	#D3D3D3	62
3247	#FFFFFF	#D3D3D3	8
3248	#FFFFFF	#D3D3D3	8
3249	#FFFFFF	#D3D3D3	8
3250	#FFFFFF	#D3D3D3	145
3254	#FFFFFF	#D3D3D3	8
3255	#FFFFFF	#D3D3D3	7
3256	#FFFFFF	#D3D3D3	7
3257	#FFFFFF	#D3D3D3	62
3258	#FFFFFF	#D3D3D3	7
3259	#FFFFFF	#D3D3D3	7
3260	#FFFFFF	#D3D3D3	7
3261	#FFFFFF	#D3D3D3	7
3262	#FFFFFF	#D3D3D3	7
3263	#FFFFFF	#D3D3D3	151
3264	#FFFFFF	#D3D3D3	151
3265	#FFFFFF	#D3D3D3	151
3266	#FFFFFF	#D3D3D3	7
3267	#FFFFFF	#D3D3D3	46
3268	#FFFFFF	#D3D3D3	62
3269	#FFFFFF	#D3D3D3	7
3270	#FFFFFF	#D3D3D3	7
3271	#FFFFFF	#D3D3D3	7
3272	#FFFFFF	#D3D3D3	46
3273	#FFFFFF	#D3D3D3	46
3274	#FFFFFF	#D3D3D3	26
3275	#FFFFFF	#D3D3D3	26
3276	#FFFFFF	#D3D3D3	26
3277	#FFFFFF	#D3D3D3	46
3278	#FFFFFF	#D3D3D3	62
3279	#FFFFFF	#D3D3D3	62
3280	#FFFFFF	#D3D3D3	62
3281	#FFFFFF	#D3D3D3	62
3282	#FFFFFF	#D3D3D3	62
3284	#FFFFFF	#D3D3D3	62
3285	#FFFFFF	#D3D3D3	62
3286	#FFFFFF	#D3D3D3	62
3287	#FFFFFF	#D3D3D3	62
3288	#FFFFFF	#D3D3D3	62
3289	#FFFFFF	#D3D3D3	62
3290	#FFFFFF	#D3D3D3	62
3291	#FFFFFF	#D3D3D3	238
3292	#FFFFFF	#D3D3D3	238
3293	#FFFFFF	#D3D3D3	238
3294	#FFFFFF	#D3D3D3	8
3295	#FFFFFF	#D3D3D3	8
3296	#FFFFFF	#D3D3D3	62
3297	#FFFFFF	#D3D3D3	8
3298	#FFFFFF	#D3D3D3	8
3299	#FFFFFF	#D3D3D3	8
3304	#FFFFFF	#D3D3D3	8
3305	#FFFFFF	#D3D3D3	229
3306	#FFFFFF	#D3D3D3	7
3307	#FFFFFF	#D3D3D3	62
3308	#FFFFFF	#D3D3D3	7
3309	#FFFFFF	#D3D3D3	7
3310	#FFFFFF	#D3D3D3	7
3311	#FFFFFF	#D3D3D3	7
3312	#FFFFFF	#D3D3D3	7
3313	#FFFFFF	#D3D3D3	151
3314	#FFFFFF	#D3D3D3	151
3315	#FFFFFF	#D3D3D3	151
3316	#FFFFFF	#D3D3D3	151
3317	#FFFFFF	#D3D3D3	7
3318	#FFFFFF	#D3D3D3	62
3319	#FFFFFF	#D3D3D3	46
3320	#FFFFFF	#D3D3D3	7
3321	#FFFFFF	#D3D3D3	7
3322	#FFFFFF	#D3D3D3	7
3323	#FFFFFF	#D3D3D3	46
3324	#FFFFFF	#D3D3D3	46
3325	#FFFFFF	#D3D3D3	46
3326	#FFFFFF	#D3D3D3	26
3327	#FFFFFF	#D3D3D3	46
3329	#FFFFFF	#D3D3D3	62
3330	#FFFFFF	#D3D3D3	62
3331	#FFFFFF	#D3D3D3	62
3332	#FFFFFF	#D3D3D3	62
3333	#FFFFFF	#D3D3D3	62
3334	#FFFFFF	#D3D3D3	64
3335	#FFFFFF	#D3D3D3	62
3336	#FFFFFF	#D3D3D3	62
3337	#FFFFFF	#D3D3D3	62
3338	#FFFFFF	#D3D3D3	62
3339	#FFFFFF	#D3D3D3	62
3340	#FFFFFF	#D3D3D3	62
3341	#FFFFFF	#D3D3D3	238
3342	#FFFFFF	#D3D3D3	238
3343	#FFFFFF	#D3D3D3	238
3344	#FFFFFF	#D3D3D3	8
3345	#FFFFFF	#D3D3D3	8
3346	#FFFFFF	#D3D3D3	145
3347	#FFFFFF	#D3D3D3	62
3348	#FFFFFF	#D3D3D3	8
3349	#FFFFFF	#D3D3D3	8
3354	#FFFFFF	#D3D3D3	8
3355	#FFFFFF	#D3D3D3	229
3356	#FFFFFF	#D3D3D3	229
3357	#FFFFFF	#D3D3D3	7
3358	#FFFFFF	#D3D3D3	62
3359	#FFFFFF	#D3D3D3	7
3360	#FFFFFF	#D3D3D3	7
3361	#FFFFFF	#D3D3D3	7
3362	#FFFFFF	#D3D3D3	7
3363	#FFFFFF	#D3D3D3	7
3364	#FFFFFF	#D3D3D3	151
3365	#FFFFFF	#D3D3D3	151
3366	#FFFFFF	#D3D3D3	151
3367	#FFFFFF	#D3D3D3	151
3368	#FFFFFF	#D3D3D3	7
3369	#FFFFFF	#D3D3D3	62
3370	#FFFFFF	#D3D3D3	7
3371	#FFFFFF	#D3D3D3	7
3372	#FFFFFF	#D3D3D3	7
3373	#FFFFFF	#D3D3D3	46
3374	#FFFFFF	#D3D3D3	46
3375	#FFFFFF	#D3D3D3	46
3376	#FFFFFF	#D3D3D3	26
3377	#FFFFFF	#D3D3D3	46
3378	#FFFFFF	#D3D3D3	46
3379	#FFFFFF	#D3D3D3	62
3380	#FFFFFF	#D3D3D3	62
3381	#FFFFFF	#D3D3D3	62
3382	#FFFFFF	#D3D3D3	62
3383	#FFFFFF	#D3D3D3	62
3385	#FFFFFF	#D3D3D3	40
3386	#FFFFFF	#D3D3D3	40
3387	#FFFFFF	#D3D3D3	40
3388	#FFFFFF	#D3D3D3	21
3389	#FFFFFF	#D3D3D3	21
3390	#FFFFFF	#D3D3D3	21
3391	#FFFFFF	#D3D3D3	21
3392	#FFFFFF	#D3D3D3	21
3393	#FFFFFF	#D3D3D3	21
3394	#FFFFFF	#D3D3D3	21
3395	#FFFFFF	#D3D3D3	21
3396	#FFFFFF	#D3D3D3	41
3397	#FFFFFF	#D3D3D3	40
3398	#FFFFFF	#D3D3D3	41
3399	#FFFFFF	#D3D3D3	41
3400	#FFFFFF	#D3D3D3	41
3401	#FFFFFF	#D3D3D3	182
3402	#FFFFFF	#D3D3D3	182
3403	#FFFFFF	#D3D3D3	41
3404	#FFFFFF	#D3D3D3	198
3405	#FFFFFF	#D3D3D3	41
3406	#FFFFFF	#D3D3D3	214
3407	#FFFFFF	#D3D3D3	214
3408	#FFFFFF	#D3D3D3	1
3409	#FFFFFF	#D3D3D3	214
3410	#FFFFFF	#D3D3D3	107
3411	#FFFFFF	#D3D3D3	107
3412	#FFFFFF	#D3D3D3	28
3413	#FFFFFF	#D3D3D3	28
3414	#FFFFFF	#D3D3D3	28
3415	#FFFFFF	#D3D3D3	28
3416	#FFFFFF	#D3D3D3	28
3417	#FFFFFF	#D3D3D3	28
3418	#FFFFFF	#D3D3D3	28
3419	#FFFFFF	#D3D3D3	1
3420	#FFFFFF	#D3D3D3	107
3430	#FFFFFF	#D3D3D3	1
3431	#FFFFFF	#D3D3D3	1
3432	#FFFFFF	#D3D3D3	1
3433	#FFFFFF	#D3D3D3	40
3434	#FFFFFF	#D3D3D3	40
3435	#FFFFFF	#D3D3D3	1
3436	#FFFFFF	#D3D3D3	40
3437	#FFFFFF	#D3D3D3	40
3438	#FFFFFF	#D3D3D3	21
3439	#FFFFFF	#D3D3D3	21
3440	#FFFFFF	#D3D3D3	21
3441	#FFFFFF	#D3D3D3	21
3442	#FFFFFF	#D3D3D3	21
3443	#FFFFFF	#D3D3D3	21
3444	#FFFFFF	#D3D3D3	21
3445	#FFFFFF	#D3D3D3	21
3446	#FFFFFF	#D3D3D3	21
3447	#FFFFFF	#D3D3D3	41
3448	#FFFFFF	#D3D3D3	40
3449	#FFFFFF	#D3D3D3	41
3450	#FFFFFF	#D3D3D3	41
3451	#FFFFFF	#D3D3D3	41
3452	#FFFFFF	#D3D3D3	182
3453	#FFFFFF	#D3D3D3	41
3454	#FFFFFF	#D3D3D3	198
3455	#FFFFFF	#D3D3D3	198
3456	#FFFFFF	#D3D3D3	41
3457	#FFFFFF	#D3D3D3	214
3458	#FFFFFF	#D3D3D3	214
3459	#FFFFFF	#D3D3D3	1
3460	#FFFFFF	#D3D3D3	214
3461	#FFFFFF	#D3D3D3	107
3462	#FFFFFF	#D3D3D3	28
3463	#FFFFFF	#D3D3D3	28
3464	#FFFFFF	#D3D3D3	28
3465	#FFFFFF	#D3D3D3	28
3466	#FFFFFF	#D3D3D3	28
3467	#FFFFFF	#D3D3D3	28
3468	#FFFFFF	#D3D3D3	28
3469	#FFFFFF	#D3D3D3	107
3470	#FFFFFF	#D3D3D3	1
3471	#FFFFFF	#D3D3D3	107
3480	#FFFFFF	#D3D3D3	1
3481	#FFFFFF	#D3D3D3	1
3482	#FFFFFF	#D3D3D3	1
3483	#FFFFFF	#D3D3D3	40
3484	#FFFFFF	#D3D3D3	40
3486	#FFFFFF	#D3D3D3	64
3487	#FFFFFF	#D3D3D3	62
3488	#FFFFFF	#D3D3D3	62
3489	#FFFFFF	#D3D3D3	62
3490	#FFFFFF	#D3D3D3	62
3491	#FFFFFF	#D3D3D3	62
3492	#FFFFFF	#D3D3D3	62
3493	#FFFFFF	#D3D3D3	238
3494	#FFFFFF	#D3D3D3	238
3495	#FFFFFF	#D3D3D3	8
3496	#FFFFFF	#D3D3D3	8
3497	#FFFFFF	#D3D3D3	8
3498	#FFFFFF	#D3D3D3	62
3499	#FFFFFF	#D3D3D3	145
3500	#FFFFFF	#D3D3D3	8
3505	#FFFFFF	#D3D3D3	8
3506	#FFFFFF	#D3D3D3	229
3507	#FFFFFF	#D3D3D3	229
3508	#FFFFFF	#D3D3D3	229
3509	#FFFFFF	#D3D3D3	62
3510	#FFFFFF	#D3D3D3	7
3511	#FFFFFF	#D3D3D3	7
3512	#FFFFFF	#D3D3D3	7
3513	#FFFFFF	#D3D3D3	7
3514	#FFFFFF	#D3D3D3	7
3515	#FFFFFF	#D3D3D3	7
3516	#FFFFFF	#D3D3D3	151
3517	#FFFFFF	#D3D3D3	151
3518	#FFFFFF	#D3D3D3	151
3519	#FFFFFF	#D3D3D3	151
3520	#FFFFFF	#D3D3D3	62
3521	#FFFFFF	#D3D3D3	7
3522	#FFFFFF	#D3D3D3	7
3523	#FFFFFF	#D3D3D3	7
3524	#FFFFFF	#D3D3D3	46
3525	#FFFFFF	#D3D3D3	46
3526	#FFFFFF	#D3D3D3	46
3527	#FFFFFF	#D3D3D3	46
3528	#FFFFFF	#D3D3D3	46
3529	#FFFFFF	#D3D3D3	46
3531	#FFFFFF	#D3D3D3	62
3532	#FFFFFF	#D3D3D3	62
3533	#FFFFFF	#D3D3D3	62
3534	#FFFFFF	#D3D3D3	62
3535	#FFFFFF	#D3D3D3	62
3536	#FFFFFF	#D3D3D3	62
3537	#FFFFFF	#D3D3D3	62
3538	#FFFFFF	#D3D3D3	62
3539	#FFFFFF	#D3D3D3	62
3540	#FFFFFF	#D3D3D3	62
3541	#FFFFFF	#D3D3D3	62
3542	#FFFFFF	#D3D3D3	62
3543	#FFFFFF	#D3D3D3	238
3544	#FFFFFF	#D3D3D3	8
3545	#FFFFFF	#D3D3D3	8
3546	#FFFFFF	#D3D3D3	8
3547	#FFFFFF	#D3D3D3	145
3548	#FFFFFF	#D3D3D3	145
3549	#FFFFFF	#D3D3D3	62
3550	#FFFFFF	#D3D3D3	145
3555	#FFFFFF	#D3D3D3	8
3556	#FFFFFF	#D3D3D3	229
3557	#FFFFFF	#D3D3D3	229
3558	#FFFFFF	#D3D3D3	229
3559	#FFFFFF	#D3D3D3	7
3560	#FFFFFF	#D3D3D3	62
3561	#FFFFFF	#D3D3D3	7
3562	#FFFFFF	#D3D3D3	7
3563	#FFFFFF	#D3D3D3	7
3564	#FFFFFF	#D3D3D3	7
3565	#FFFFFF	#D3D3D3	7
3566	#FFFFFF	#D3D3D3	7
3567	#FFFFFF	#D3D3D3	151
3568	#FFFFFF	#D3D3D3	151
3569	#FFFFFF	#D3D3D3	151
3570	#FFFFFF	#D3D3D3	7
3571	#FFFFFF	#D3D3D3	62
3572	#FFFFFF	#D3D3D3	7
3573	#FFFFFF	#D3D3D3	7
3574	#FFFFFF	#D3D3D3	7
3575	#FFFFFF	#D3D3D3	46
3576	#FFFFFF	#D3D3D3	46
3577	#FFFFFF	#D3D3D3	46
3578	#FFFFFF	#D3D3D3	46
3579	#FFFFFF	#D3D3D3	46
3580	#FFFFFF	#D3D3D3	26
3581	#FFFFFF	#D3D3D3	62
3582	#FFFFFF	#D3D3D3	62
3583	#FFFFFF	#D3D3D3	62
3584	#FFFFFF	#D3D3D3	62
3585	#FFFFFF	#D3D3D3	62
3587	#FFFFFF	#D3D3D3	62
3588	#FFFFFF	#D3D3D3	62
3589	#FFFFFF	#D3D3D3	62
3590	#FFFFFF	#D3D3D3	62
3591	#FFFFFF	#D3D3D3	62
3592	#FFFFFF	#D3D3D3	62
3593	#FFFFFF	#D3D3D3	238
3594	#FFFFFF	#D3D3D3	238
3595	#FFFFFF	#D3D3D3	8
3596	#FFFFFF	#D3D3D3	8
3597	#FFFFFF	#D3D3D3	8
3598	#FFFFFF	#D3D3D3	145
3599	#FFFFFF	#D3D3D3	62
3600	#FFFFFF	#D3D3D3	145
3605	#FFFFFF	#D3D3D3	8
3606	#FFFFFF	#D3D3D3	229
3607	#FFFFFF	#D3D3D3	229
3608	#FFFFFF	#D3D3D3	229
3609	#FFFFFF	#D3D3D3	7
3610	#FFFFFF	#D3D3D3	62
3611	#FFFFFF	#D3D3D3	7
3612	#FFFFFF	#D3D3D3	7
3613	#FFFFFF	#D3D3D3	7
3614	#FFFFFF	#D3D3D3	7
3615	#FFFFFF	#D3D3D3	7
3616	#FFFFFF	#D3D3D3	7
3617	#FFFFFF	#D3D3D3	7
3618	#FFFFFF	#D3D3D3	151
3619	#FFFFFF	#D3D3D3	151
3620	#FFFFFF	#D3D3D3	7
3621	#FFFFFF	#D3D3D3	62
3622	#FFFFFF	#D3D3D3	7
3623	#FFFFFF	#D3D3D3	7
3624	#FFFFFF	#D3D3D3	7
3625	#FFFFFF	#D3D3D3	7
3626	#FFFFFF	#D3D3D3	46
3627	#FFFFFF	#D3D3D3	7
3628	#FFFFFF	#D3D3D3	46
3629	#FFFFFF	#D3D3D3	46
3630	#FFFFFF	#D3D3D3	46
3632	#FFFFFF	#D3D3D3	62
3633	#FFFFFF	#D3D3D3	62
3634	#FFFFFF	#D3D3D3	62
3635	#FFFFFF	#D3D3D3	62
3636	#FFFFFF	#D3D3D3	62
3637	#FFFFFF	#D3D3D3	62
3638	#FFFFFF	#D3D3D3	62
3639	#FFFFFF	#D3D3D3	62
3640	#FFFFFF	#D3D3D3	62
3641	#FFFFFF	#D3D3D3	62
3642	#FFFFFF	#D3D3D3	62
3643	#FFFFFF	#D3D3D3	62
3644	#FFFFFF	#D3D3D3	238
3645	#FFFFFF	#D3D3D3	238
3646	#FFFFFF	#D3D3D3	8
3647	#FFFFFF	#D3D3D3	8
3648	#FFFFFF	#D3D3D3	145
3649	#FFFFFF	#D3D3D3	145
3650	#FFFFFF	#D3D3D3	62
3655	#FFFFFF	#D3D3D3	8
3656	#FFFFFF	#D3D3D3	229
3657	#FFFFFF	#D3D3D3	229
3658	#FFFFFF	#D3D3D3	229
3659	#FFFFFF	#D3D3D3	7
3660	#FFFFFF	#D3D3D3	7
3661	#FFFFFF	#D3D3D3	62
3662	#FFFFFF	#D3D3D3	7
3663	#FFFFFF	#D3D3D3	7
3664	#FFFFFF	#D3D3D3	7
3665	#FFFFFF	#D3D3D3	7
3666	#FFFFFF	#D3D3D3	7
3667	#FFFFFF	#D3D3D3	7
3668	#FFFFFF	#D3D3D3	7
3669	#FFFFFF	#D3D3D3	7
3670	#FFFFFF	#D3D3D3	7
3671	#FFFFFF	#D3D3D3	7
3672	#FFFFFF	#D3D3D3	62
3673	#FFFFFF	#D3D3D3	7
3674	#FFFFFF	#D3D3D3	7
3675	#FFFFFF	#D3D3D3	7
3676	#FFFFFF	#D3D3D3	7
3677	#FFFFFF	#D3D3D3	7
3678	#FFFFFF	#D3D3D3	7
3679	#FFFFFF	#D3D3D3	46
3680	#FFFFFF	#D3D3D3	46
3681	#FFFFFF	#D3D3D3	46
3682	#FFFFFF	#D3D3D3	62
3683	#FFFFFF	#D3D3D3	62
3684	#FFFFFF	#D3D3D3	62
3685	#FFFFFF	#D3D3D3	62
3686	#FFFFFF	#D3D3D3	62
3688	#FFFFFF	#D3D3D3	62
3689	#FFFFFF	#D3D3D3	62
3690	#FFFFFF	#D3D3D3	62
3691	#FFFFFF	#D3D3D3	62
3692	#FFFFFF	#D3D3D3	62
3693	#FFFFFF	#D3D3D3	62
3694	#FFFFFF	#D3D3D3	62
3695	#FFFFFF	#D3D3D3	238
3696	#FFFFFF	#D3D3D3	8
3697	#FFFFFF	#D3D3D3	8
3698	#FFFFFF	#D3D3D3	145
3699	#FFFFFF	#D3D3D3	145
3700	#FFFFFF	#D3D3D3	62
3705	#FFFFFF	#D3D3D3	8
3706	#FFFFFF	#D3D3D3	229
3707	#FFFFFF	#D3D3D3	229
3708	#FFFFFF	#D3D3D3	229
3709	#FFFFFF	#D3D3D3	7
3710	#FFFFFF	#D3D3D3	7
3711	#FFFFFF	#D3D3D3	62
3712	#FFFFFF	#D3D3D3	7
3713	#FFFFFF	#D3D3D3	7
3714	#FFFFFF	#D3D3D3	7
3715	#FFFFFF	#D3D3D3	7
3716	#FFFFFF	#D3D3D3	7
3717	#FFFFFF	#D3D3D3	7
3718	#FFFFFF	#D3D3D3	7
3719	#FFFFFF	#D3D3D3	7
3720	#FFFFFF	#D3D3D3	7
3721	#FFFFFF	#D3D3D3	7
3722	#FFFFFF	#D3D3D3	62
3723	#FFFFFF	#D3D3D3	7
3724	#FFFFFF	#D3D3D3	7
3725	#FFFFFF	#D3D3D3	7
3726	#FFFFFF	#D3D3D3	7
3727	#FFFFFF	#D3D3D3	7
3728	#FFFFFF	#D3D3D3	7
3729	#FFFFFF	#D3D3D3	7
3730	#FFFFFF	#D3D3D3	46
3731	#FFFFFF	#D3D3D3	46
3733	#FFFFFF	#D3D3D3	62
3734	#FFFFFF	#D3D3D3	62
3735	#FFFFFF	#D3D3D3	62
3736	#FFFFFF	#D3D3D3	62
3737	#FFFFFF	#D3D3D3	62
3738	#FFFFFF	#D3D3D3	64
3739	#FFFFFF	#D3D3D3	62
3740	#FFFFFF	#D3D3D3	62
3741	#FFFFFF	#D3D3D3	62
3742	#FFFFFF	#D3D3D3	62
3743	#FFFFFF	#D3D3D3	62
3744	#FFFFFF	#D3D3D3	62
3745	#FFFFFF	#D3D3D3	62
3746	#FFFFFF	#D3D3D3	8
3747	#FFFFFF	#D3D3D3	8
3748	#FFFFFF	#D3D3D3	145
3749	#FFFFFF	#D3D3D3	145
3751	#FFFFFF	#D3D3D3	62
3755	#FFFFFF	#D3D3D3	8
3756	#FFFFFF	#D3D3D3	229
3757	#FFFFFF	#D3D3D3	229
3758	#FFFFFF	#D3D3D3	229
3759	#FFFFFF	#D3D3D3	7
3760	#FFFFFF	#D3D3D3	7
3761	#FFFFFF	#D3D3D3	7
3762	#FFFFFF	#D3D3D3	62
3763	#FFFFFF	#D3D3D3	7
3764	#FFFFFF	#D3D3D3	132
3765	#FFFFFF	#D3D3D3	7
3766	#FFFFFF	#D3D3D3	7
3767	#FFFFFF	#D3D3D3	7
3768	#FFFFFF	#D3D3D3	7
3769	#FFFFFF	#D3D3D3	7
3770	#FFFFFF	#D3D3D3	7
3771	#FFFFFF	#D3D3D3	7
3772	#FFFFFF	#D3D3D3	7
3773	#FFFFFF	#D3D3D3	62
3774	#FFFFFF	#D3D3D3	7
3775	#FFFFFF	#D3D3D3	7
3776	#FFFFFF	#D3D3D3	7
3777	#FFFFFF	#D3D3D3	7
3778	#FFFFFF	#D3D3D3	7
3779	#FFFFFF	#D3D3D3	7
3780	#FFFFFF	#D3D3D3	7
3781	#FFFFFF	#D3D3D3	46
3782	#FFFFFF	#D3D3D3	46
3783	#FFFFFF	#D3D3D3	62
3784	#FFFFFF	#D3D3D3	62
3785	#FFFFFF	#D3D3D3	62
3786	#FFFFFF	#D3D3D3	62
3787	#FFFFFF	#D3D3D3	62
3789	#FFFFFF	#D3D3D3	64
3790	#FFFFFF	#D3D3D3	62
3791	#FFFFFF	#D3D3D3	62
3792	#FFFFFF	#D3D3D3	62
3793	#FFFFFF	#D3D3D3	62
3794	#FFFFFF	#D3D3D3	62
3795	#FFFFFF	#D3D3D3	62
3796	#FFFFFF	#D3D3D3	118
3797	#FFFFFF	#D3D3D3	8
3798	#FFFFFF	#D3D3D3	8
3799	#FFFFFF	#D3D3D3	145
3800	#FFFFFF	#D3D3D3	145
3801	#FFFFFF	#D3D3D3	62
3805	#FFFFFF	#D3D3D3	145
3806	#FFFFFF	#D3D3D3	229
3807	#FFFFFF	#D3D3D3	229
3808	#FFFFFF	#D3D3D3	229
3809	#FFFFFF	#D3D3D3	7
3810	#FFFFFF	#D3D3D3	7
3811	#FFFFFF	#D3D3D3	7
3812	#FFFFFF	#D3D3D3	62
3813	#FFFFFF	#D3D3D3	7
3814	#FFFFFF	#D3D3D3	132
3815	#FFFFFF	#D3D3D3	132
3816	#FFFFFF	#D3D3D3	7
3817	#FFFFFF	#D3D3D3	7
3818	#FFFFFF	#D3D3D3	7
3819	#FFFFFF	#D3D3D3	7
3820	#FFFFFF	#D3D3D3	7
3821	#FFFFFF	#D3D3D3	7
3822	#FFFFFF	#D3D3D3	7
3823	#FFFFFF	#D3D3D3	62
3824	#FFFFFF	#D3D3D3	7
3825	#FFFFFF	#D3D3D3	7
3826	#FFFFFF	#D3D3D3	7
3827	#FFFFFF	#D3D3D3	7
3828	#FFFFFF	#D3D3D3	7
3829	#FFFFFF	#D3D3D3	7
3830	#FFFFFF	#D3D3D3	7
3831	#FFFFFF	#D3D3D3	7
3832	#FFFFFF	#D3D3D3	46
3834	#FFFFFF	#D3D3D3	62
3835	#FFFFFF	#D3D3D3	62
3836	#FFFFFF	#D3D3D3	62
3837	#FFFFFF	#D3D3D3	62
3838	#FFFFFF	#D3D3D3	62
3839	#FFFFFF	#D3D3D3	64
3840	#FFFFFF	#D3D3D3	62
3841	#FFFFFF	#D3D3D3	62
3842	#FFFFFF	#D3D3D3	62
3843	#FFFFFF	#D3D3D3	62
3844	#FFFFFF	#D3D3D3	62
3845	#FFFFFF	#D3D3D3	62
3846	#FFFFFF	#D3D3D3	118
3847	#FFFFFF	#D3D3D3	118
3848	#FFFFFF	#D3D3D3	8
3849	#FFFFFF	#D3D3D3	145
3852	#FFFFFF	#D3D3D3	62
3855	#FFFFFF	#D3D3D3	8
3856	#FFFFFF	#D3D3D3	8
3857	#FFFFFF	#D3D3D3	229
3858	#FFFFFF	#D3D3D3	229
3859	#FFFFFF	#D3D3D3	7
3860	#FFFFFF	#D3D3D3	7
3861	#FFFFFF	#D3D3D3	7
3862	#FFFFFF	#D3D3D3	7
3863	#FFFFFF	#D3D3D3	62
3864	#FFFFFF	#D3D3D3	132
3865	#FFFFFF	#D3D3D3	132
3866	#FFFFFF	#D3D3D3	132
3867	#FFFFFF	#D3D3D3	7
3868	#FFFFFF	#D3D3D3	7
3869	#FFFFFF	#D3D3D3	7
3870	#FFFFFF	#D3D3D3	7
3871	#FFFFFF	#D3D3D3	7
3872	#FFFFFF	#D3D3D3	7
3873	#FFFFFF	#D3D3D3	7
3874	#FFFFFF	#D3D3D3	62
3875	#FFFFFF	#D3D3D3	7
3876	#FFFFFF	#D3D3D3	7
3877	#FFFFFF	#D3D3D3	7
3878	#FFFFFF	#D3D3D3	7
3879	#FFFFFF	#D3D3D3	7
3880	#FFFFFF	#D3D3D3	7
3881	#FFFFFF	#D3D3D3	7
3882	#FFFFFF	#D3D3D3	7
3883	#FFFFFF	#D3D3D3	46
3884	#FFFFFF	#D3D3D3	62
3885	#FFFFFF	#D3D3D3	62
3886	#FFFFFF	#D3D3D3	62
3887	#FFFFFF	#D3D3D3	62
3888	#FFFFFF	#D3D3D3	62
3890	#FFFFFF	#D3D3D3	62
3891	#FFFFFF	#D3D3D3	62
3892	#FFFFFF	#D3D3D3	62
3893	#FFFFFF	#D3D3D3	62
3894	#FFFFFF	#D3D3D3	62
3895	#FFFFFF	#D3D3D3	62
3896	#FFFFFF	#D3D3D3	118
3897	#FFFFFF	#D3D3D3	118
3898	#FFFFFF	#D3D3D3	118
3899	#FFFFFF	#D3D3D3	8
3902	#FFFFFF	#D3D3D3	62
3905	#FFFFFF	#D3D3D3	145
3906	#FFFFFF	#D3D3D3	8
3907	#FFFFFF	#D3D3D3	8
3908	#FFFFFF	#D3D3D3	229
3909	#FFFFFF	#D3D3D3	7
3910	#FFFFFF	#D3D3D3	7
3911	#FFFFFF	#D3D3D3	7
3912	#FFFFFF	#D3D3D3	7
3913	#FFFFFF	#D3D3D3	62
3914	#FFFFFF	#D3D3D3	132
3915	#FFFFFF	#D3D3D3	132
3916	#FFFFFF	#D3D3D3	132
3917	#FFFFFF	#D3D3D3	132
3918	#FFFFFF	#D3D3D3	7
3919	#FFFFFF	#D3D3D3	7
3920	#FFFFFF	#D3D3D3	132
3921	#FFFFFF	#D3D3D3	7
3922	#FFFFFF	#D3D3D3	7
3923	#FFFFFF	#D3D3D3	7
3924	#FFFFFF	#D3D3D3	62
3925	#FFFFFF	#D3D3D3	7
3926	#FFFFFF	#D3D3D3	7
3927	#FFFFFF	#D3D3D3	7
3928	#FFFFFF	#D3D3D3	7
3929	#FFFFFF	#D3D3D3	7
3930	#FFFFFF	#D3D3D3	7
3931	#FFFFFF	#D3D3D3	7
3932	#FFFFFF	#D3D3D3	7
3933	#FFFFFF	#D3D3D3	7
3935	#FFFFFF	#D3D3D3	62
3936	#FFFFFF	#D3D3D3	62
3937	#FFFFFF	#D3D3D3	62
3938	#FFFFFF	#D3D3D3	62
3939	#FFFFFF	#D3D3D3	62
3940	#FFFFFF	#D3D3D3	64
3941	#FFFFFF	#D3D3D3	62
3942	#FFFFFF	#D3D3D3	62
3943	#FFFFFF	#D3D3D3	62
3944	#FFFFFF	#D3D3D3	62
3945	#FFFFFF	#D3D3D3	62
3946	#FFFFFF	#D3D3D3	118
3947	#FFFFFF	#D3D3D3	118
3948	#FFFFFF	#D3D3D3	118
3949	#FFFFFF	#D3D3D3	118
3953	#FFFFFF	#D3D3D3	62
3955	#FFFFFF	#D3D3D3	145
3956	#FFFFFF	#D3D3D3	8
3957	#FFFFFF	#D3D3D3	8
3958	#FFFFFF	#D3D3D3	8
3959	#FFFFFF	#D3D3D3	7
3960	#FFFFFF	#D3D3D3	7
3961	#FFFFFF	#D3D3D3	7
3962	#FFFFFF	#D3D3D3	7
3963	#FFFFFF	#D3D3D3	132
3964	#FFFFFF	#D3D3D3	62
3965	#FFFFFF	#D3D3D3	132
3966	#FFFFFF	#D3D3D3	132
3967	#FFFFFF	#D3D3D3	132
3968	#FFFFFF	#D3D3D3	132
3969	#FFFFFF	#D3D3D3	7
3970	#FFFFFF	#D3D3D3	132
3971	#FFFFFF	#D3D3D3	132
3972	#FFFFFF	#D3D3D3	7
3973	#FFFFFF	#D3D3D3	7
3974	#FFFFFF	#D3D3D3	7
3975	#FFFFFF	#D3D3D3	62
3976	#FFFFFF	#D3D3D3	7
3977	#FFFFFF	#D3D3D3	7
3978	#FFFFFF	#D3D3D3	7
3979	#FFFFFF	#D3D3D3	7
3980	#FFFFFF	#D3D3D3	7
3981	#FFFFFF	#D3D3D3	7
3982	#FFFFFF	#D3D3D3	7
3983	#FFFFFF	#D3D3D3	7
3984	#FFFFFF	#D3D3D3	7
3985	#FFFFFF	#D3D3D3	62
3986	#FFFFFF	#D3D3D3	62
3987	#FFFFFF	#D3D3D3	62
3988	#FFFFFF	#D3D3D3	62
3989	#FFFFFF	#D3D3D3	62
3991	#FFFFFF	#D3D3D3	62
3992	#FFFFFF	#D3D3D3	62
3993	#FFFFFF	#D3D3D3	62
3994	#FFFFFF	#D3D3D3	62
3995	#FFFFFF	#D3D3D3	118
3996	#FFFFFF	#D3D3D3	118
3997	#FFFFFF	#D3D3D3	118
3998	#FFFFFF	#D3D3D3	118
3999	#FFFFFF	#D3D3D3	118
4000	#FFFFFF	#D3D3D3	145
4003	#FFFFFF	#D3D3D3	62
4005	#FFFFFF	#D3D3D3	145
4006	#FFFFFF	#D3D3D3	8
4007	#FFFFFF	#D3D3D3	8
4008	#FFFFFF	#D3D3D3	8
4009	#FFFFFF	#D3D3D3	7
4010	#FFFFFF	#D3D3D3	7
4011	#FFFFFF	#D3D3D3	7
4012	#FFFFFF	#D3D3D3	7
4013	#FFFFFF	#D3D3D3	132
4014	#FFFFFF	#D3D3D3	64
4015	#FFFFFF	#D3D3D3	132
4016	#FFFFFF	#D3D3D3	132
4017	#FFFFFF	#D3D3D3	132
4018	#FFFFFF	#D3D3D3	132
4019	#FFFFFF	#D3D3D3	132
4020	#FFFFFF	#D3D3D3	132
4021	#FFFFFF	#D3D3D3	132
4022	#FFFFFF	#D3D3D3	132
4023	#FFFFFF	#D3D3D3	7
4024	#FFFFFF	#D3D3D3	7
4025	#FFFFFF	#D3D3D3	62
4026	#FFFFFF	#D3D3D3	7
4027	#FFFFFF	#D3D3D3	7
4028	#FFFFFF	#D3D3D3	7
4029	#FFFFFF	#D3D3D3	7
4030	#FFFFFF	#D3D3D3	132
4031	#FFFFFF	#D3D3D3	7
4032	#FFFFFF	#D3D3D3	7
4033	#FFFFFF	#D3D3D3	7
4034	#FFFFFF	#D3D3D3	7
4036	#FFFFFF	#D3D3D3	62
4037	#FFFFFF	#D3D3D3	62
4038	#FFFFFF	#D3D3D3	62
4039	#FFFFFF	#D3D3D3	62
4040	#FFFFFF	#D3D3D3	62
4042	#FFFFFF	#D3D3D3	1
4043	#FFFFFF	#D3D3D3	40
4044	#FFFFFF	#D3D3D3	40
4045	#FFFFFF	#D3D3D3	40
4046	#FFFFFF	#D3D3D3	21
4047	#FFFFFF	#D3D3D3	21
4048	#FFFFFF	#D3D3D3	21
4049	#FFFFFF	#D3D3D3	21
4050	#FFFFFF	#D3D3D3	21
4051	#FFFFFF	#D3D3D3	21
4052	#FFFFFF	#D3D3D3	21
4053	#FFFFFF	#D3D3D3	21
4054	#FFFFFF	#D3D3D3	40
4055	#FFFFFF	#D3D3D3	41
4056	#FFFFFF	#D3D3D3	41
4057	#FFFFFF	#D3D3D3	21
4058	#FFFFFF	#D3D3D3	41
4059	#FFFFFF	#D3D3D3	41
4060	#FFFFFF	#D3D3D3	198
4061	#FFFFFF	#D3D3D3	198
4062	#FFFFFF	#D3D3D3	41
4063	#FFFFFF	#D3D3D3	41
4064	#FFFFFF	#D3D3D3	214
4065	#FFFFFF	#D3D3D3	1
4066	#FFFFFF	#D3D3D3	214
4067	#FFFFFF	#D3D3D3	214
4068	#FFFFFF	#D3D3D3	28
4069	#FFFFFF	#D3D3D3	28
4070	#FFFFFF	#D3D3D3	28
4071	#FFFFFF	#D3D3D3	28
4072	#FFFFFF	#D3D3D3	28
4073	#FFFFFF	#D3D3D3	28
4074	#FFFFFF	#D3D3D3	28
4075	#FFFFFF	#D3D3D3	28
4076	#FFFFFF	#D3D3D3	40
4077	#FFFFFF	#D3D3D3	107
4078	#FFFFFF	#D3D3D3	107
4087	#FFFFFF	#D3D3D3	1
4088	#FFFFFF	#D3D3D3	1
4089	#FFFFFF	#D3D3D3	1
4090	#FFFFFF	#D3D3D3	1
4091	#FFFFFF	#D3D3D3	40
4092	#FFFFFF	#D3D3D3	1
4093	#FFFFFF	#D3D3D3	1
4094	#FFFFFF	#D3D3D3	1
4095	#FFFFFF	#D3D3D3	40
4096	#FFFFFF	#D3D3D3	40
4097	#FFFFFF	#D3D3D3	21
4098	#FFFFFF	#D3D3D3	21
4099	#FFFFFF	#D3D3D3	21
4100	#FFFFFF	#D3D3D3	21
4101	#FFFFFF	#D3D3D3	21
4102	#FFFFFF	#D3D3D3	21
4103	#FFFFFF	#D3D3D3	21
4104	#FFFFFF	#D3D3D3	21
4105	#FFFFFF	#D3D3D3	40
4106	#FFFFFF	#D3D3D3	21
4107	#FFFFFF	#D3D3D3	21
4108	#FFFFFF	#D3D3D3	41
4109	#FFFFFF	#D3D3D3	41
4110	#FFFFFF	#D3D3D3	198
4111	#FFFFFF	#D3D3D3	198
4112	#FFFFFF	#D3D3D3	41
4113	#FFFFFF	#D3D3D3	28
4114	#FFFFFF	#D3D3D3	41
4115	#FFFFFF	#D3D3D3	214
4116	#FFFFFF	#D3D3D3	40
4117	#FFFFFF	#D3D3D3	214
4118	#FFFFFF	#D3D3D3	28
4119	#FFFFFF	#D3D3D3	28
4120	#FFFFFF	#D3D3D3	28
4121	#FFFFFF	#D3D3D3	28
4122	#FFFFFF	#D3D3D3	28
4123	#FFFFFF	#D3D3D3	28
4124	#FFFFFF	#D3D3D3	28
4125	#FFFFFF	#D3D3D3	28
4126	#FFFFFF	#D3D3D3	28
4127	#FFFFFF	#D3D3D3	40
4128	#FFFFFF	#D3D3D3	107
4129	#FFFFFF	#D3D3D3	107
4137	#FFFFFF	#D3D3D3	1
4138	#FFFFFF	#D3D3D3	1
4139	#FFFFFF	#D3D3D3	1
4140	#FFFFFF	#D3D3D3	40
4141	#FFFFFF	#D3D3D3	40
4143	#FFFFFF	#D3D3D3	1
4144	#FFFFFF	#D3D3D3	1
4145	#FFFFFF	#D3D3D3	40
4146	#FFFFFF	#D3D3D3	40
4147	#FFFFFF	#D3D3D3	40
4148	#FFFFFF	#D3D3D3	21
4149	#FFFFFF	#D3D3D3	21
4150	#FFFFFF	#D3D3D3	21
4151	#FFFFFF	#D3D3D3	21
4152	#FFFFFF	#D3D3D3	21
4153	#FFFFFF	#D3D3D3	21
4154	#FFFFFF	#D3D3D3	21
4155	#FFFFFF	#D3D3D3	1
4156	#FFFFFF	#D3D3D3	21
4157	#FFFFFF	#D3D3D3	21
4158	#FFFFFF	#D3D3D3	21
4159	#FFFFFF	#D3D3D3	41
4160	#FFFFFF	#D3D3D3	198
4161	#FFFFFF	#D3D3D3	198
4162	#FFFFFF	#D3D3D3	41
4163	#FFFFFF	#D3D3D3	28
4164	#FFFFFF	#D3D3D3	28
4165	#FFFFFF	#D3D3D3	28
4166	#FFFFFF	#D3D3D3	40
4167	#FFFFFF	#D3D3D3	214
4168	#FFFFFF	#D3D3D3	28
4169	#FFFFFF	#D3D3D3	28
4170	#FFFFFF	#D3D3D3	28
4171	#FFFFFF	#D3D3D3	28
4172	#FFFFFF	#D3D3D3	28
4173	#FFFFFF	#D3D3D3	28
4174	#FFFFFF	#D3D3D3	28
4175	#FFFFFF	#D3D3D3	28
4176	#FFFFFF	#D3D3D3	28
4177	#FFFFFF	#D3D3D3	40
4178	#FFFFFF	#D3D3D3	28
4179	#FFFFFF	#D3D3D3	107
4180	#FFFFFF	#D3D3D3	107
4188	#FFFFFF	#D3D3D3	40
4189	#FFFFFF	#D3D3D3	1
4190	#FFFFFF	#D3D3D3	1
4191	#FFFFFF	#D3D3D3	40
4192	#FFFFFF	#D3D3D3	40
4193	#FFFFFF	#D3D3D3	1
4194	#FFFFFF	#D3D3D3	1
4195	#FFFFFF	#D3D3D3	1
4196	#FFFFFF	#D3D3D3	40
4197	#FFFFFF	#D3D3D3	40
4198	#FFFFFF	#D3D3D3	40
4199	#FFFFFF	#D3D3D3	21
4200	#FFFFFF	#D3D3D3	21
4201	#FFFFFF	#D3D3D3	21
4202	#FFFFFF	#D3D3D3	21
4203	#FFFFFF	#D3D3D3	21
4204	#FFFFFF	#D3D3D3	21
4205	#FFFFFF	#D3D3D3	21
4206	#FFFFFF	#D3D3D3	40
4207	#FFFFFF	#D3D3D3	21
4208	#FFFFFF	#D3D3D3	21
4209	#FFFFFF	#D3D3D3	41
4210	#FFFFFF	#D3D3D3	198
4211	#FFFFFF	#D3D3D3	198
4212	#FFFFFF	#D3D3D3	41
4213	#FFFFFF	#D3D3D3	28
4214	#FFFFFF	#D3D3D3	28
4215	#FFFFFF	#D3D3D3	28
4216	#FFFFFF	#D3D3D3	28
4217	#FFFFFF	#D3D3D3	40
4218	#FFFFFF	#D3D3D3	28
4219	#FFFFFF	#D3D3D3	28
4220	#FFFFFF	#D3D3D3	28
4221	#FFFFFF	#D3D3D3	28
4222	#FFFFFF	#D3D3D3	28
4223	#FFFFFF	#D3D3D3	28
4224	#FFFFFF	#D3D3D3	28
4225	#FFFFFF	#D3D3D3	28
4226	#FFFFFF	#D3D3D3	28
4227	#FFFFFF	#D3D3D3	28
4228	#FFFFFF	#D3D3D3	40
4229	#FFFFFF	#D3D3D3	28
4230	#FFFFFF	#D3D3D3	28
4231	#FFFFFF	#D3D3D3	107
4238	#FFFFFF	#D3D3D3	40
4239	#FFFFFF	#D3D3D3	1
4240	#FFFFFF	#D3D3D3	40
4241	#FFFFFF	#D3D3D3	40
4242	#FFFFFF	#D3D3D3	40
4244	#FFFFFF	#D3D3D3	1
4245	#FFFFFF	#D3D3D3	1
4246	#FFFFFF	#D3D3D3	40
4247	#FFFFFF	#D3D3D3	40
4248	#FFFFFF	#D3D3D3	40
4249	#FFFFFF	#D3D3D3	40
4250	#FFFFFF	#D3D3D3	21
4251	#FFFFFF	#D3D3D3	21
4252	#FFFFFF	#D3D3D3	21
4253	#FFFFFF	#D3D3D3	21
4254	#FFFFFF	#D3D3D3	21
4255	#FFFFFF	#D3D3D3	21
4256	#FFFFFF	#D3D3D3	1
4257	#FFFFFF	#D3D3D3	41
4258	#FFFFFF	#D3D3D3	41
4259	#FFFFFF	#D3D3D3	41
4260	#FFFFFF	#D3D3D3	198
4261	#FFFFFF	#D3D3D3	198
4262	#FFFFFF	#D3D3D3	41
4263	#FFFFFF	#D3D3D3	41
4264	#FFFFFF	#D3D3D3	28
4265	#FFFFFF	#D3D3D3	28
4266	#FFFFFF	#D3D3D3	28
4267	#FFFFFF	#D3D3D3	40
4268	#FFFFFF	#D3D3D3	28
4269	#FFFFFF	#D3D3D3	28
4270	#FFFFFF	#D3D3D3	28
4271	#FFFFFF	#D3D3D3	28
4272	#FFFFFF	#D3D3D3	28
4273	#FFFFFF	#D3D3D3	28
4274	#FFFFFF	#D3D3D3	28
4275	#FFFFFF	#D3D3D3	28
4276	#FFFFFF	#D3D3D3	28
4277	#FFFFFF	#D3D3D3	28
4278	#FFFFFF	#D3D3D3	40
4279	#FFFFFF	#D3D3D3	28
4280	#FFFFFF	#D3D3D3	28
4281	#FFFFFF	#D3D3D3	28
4282	#FFFFFF	#D3D3D3	107
4289	#FFFFFF	#D3D3D3	40
4290	#FFFFFF	#D3D3D3	40
4291	#FFFFFF	#D3D3D3	40
4292	#FFFFFF	#D3D3D3	40
4293	#FFFFFF	#D3D3D3	40
4294	#FFFFFF	#D3D3D3	1
4295	#FFFFFF	#D3D3D3	1
4296	#FFFFFF	#D3D3D3	1
4297	#FFFFFF	#D3D3D3	40
4298	#FFFFFF	#D3D3D3	40
4299	#FFFFFF	#D3D3D3	40
4300	#FFFFFF	#D3D3D3	40
4301	#FFFFFF	#D3D3D3	21
4302	#FFFFFF	#D3D3D3	21
4303	#FFFFFF	#D3D3D3	21
4304	#FFFFFF	#D3D3D3	21
4305	#FFFFFF	#D3D3D3	21
4306	#FFFFFF	#D3D3D3	41
4307	#FFFFFF	#D3D3D3	40
4308	#FFFFFF	#D3D3D3	41
4309	#FFFFFF	#D3D3D3	41
4310	#FFFFFF	#D3D3D3	198
4311	#FFFFFF	#D3D3D3	198
4312	#FFFFFF	#D3D3D3	41
4313	#FFFFFF	#D3D3D3	41
4314	#FFFFFF	#D3D3D3	28
4315	#FFFFFF	#D3D3D3	28
4316	#FFFFFF	#D3D3D3	28
4317	#FFFFFF	#D3D3D3	28
4318	#FFFFFF	#D3D3D3	40
4319	#FFFFFF	#D3D3D3	28
4320	#FFFFFF	#D3D3D3	28
4321	#FFFFFF	#D3D3D3	28
4322	#FFFFFF	#D3D3D3	28
4323	#FFFFFF	#D3D3D3	28
4324	#FFFFFF	#D3D3D3	28
4325	#FFFFFF	#D3D3D3	28
4326	#FFFFFF	#D3D3D3	28
4327	#FFFFFF	#D3D3D3	28
4328	#FFFFFF	#D3D3D3	28
4329	#FFFFFF	#D3D3D3	40
4330	#FFFFFF	#D3D3D3	28
4331	#FFFFFF	#D3D3D3	28
4332	#FFFFFF	#D3D3D3	28
4333	#FFFFFF	#D3D3D3	107
4339	#FFFFFF	#D3D3D3	40
4340	#FFFFFF	#D3D3D3	40
4341	#FFFFFF	#D3D3D3	40
4342	#FFFFFF	#D3D3D3	40
4343	#FFFFFF	#D3D3D3	40
4345	#FFFFFF	#D3D3D3	1
4346	#FFFFFF	#D3D3D3	1
4347	#FFFFFF	#D3D3D3	40
4348	#FFFFFF	#D3D3D3	40
4349	#FFFFFF	#D3D3D3	40
4350	#FFFFFF	#D3D3D3	40
4351	#FFFFFF	#D3D3D3	40
4352	#FFFFFF	#D3D3D3	21
4353	#FFFFFF	#D3D3D3	21
4354	#FFFFFF	#D3D3D3	21
4355	#FFFFFF	#D3D3D3	21
4356	#FFFFFF	#D3D3D3	41
4357	#FFFFFF	#D3D3D3	40
4358	#FFFFFF	#D3D3D3	41
4359	#FFFFFF	#D3D3D3	41
4360	#FFFFFF	#D3D3D3	41
4361	#FFFFFF	#D3D3D3	198
4362	#FFFFFF	#D3D3D3	41
4363	#FFFFFF	#D3D3D3	41
4364	#FFFFFF	#D3D3D3	28
4365	#FFFFFF	#D3D3D3	28
4366	#FFFFFF	#D3D3D3	28
4367	#FFFFFF	#D3D3D3	28
4368	#FFFFFF	#D3D3D3	40
4369	#FFFFFF	#D3D3D3	41
4370	#FFFFFF	#D3D3D3	28
4371	#FFFFFF	#D3D3D3	28
4372	#FFFFFF	#D3D3D3	28
4373	#FFFFFF	#D3D3D3	28
4374	#FFFFFF	#D3D3D3	28
4375	#FFFFFF	#D3D3D3	28
4376	#FFFFFF	#D3D3D3	28
4377	#FFFFFF	#D3D3D3	28
4378	#FFFFFF	#D3D3D3	28
4379	#FFFFFF	#D3D3D3	40
4380	#FFFFFF	#D3D3D3	28
4381	#FFFFFF	#D3D3D3	28
4382	#FFFFFF	#D3D3D3	28
4383	#FFFFFF	#D3D3D3	28
4384	#FFFFFF	#D3D3D3	107
4390	#FFFFFF	#D3D3D3	40
4391	#FFFFFF	#D3D3D3	40
4392	#FFFFFF	#D3D3D3	40
4393	#FFFFFF	#D3D3D3	40
4394	#FFFFFF	#D3D3D3	40
4395	#FFFFFF	#D3D3D3	1
4396	#FFFFFF	#D3D3D3	1
4397	#FFFFFF	#D3D3D3	40
4398	#FFFFFF	#D3D3D3	40
4399	#FFFFFF	#D3D3D3	40
4400	#FFFFFF	#D3D3D3	40
4401	#FFFFFF	#D3D3D3	40
4402	#FFFFFF	#D3D3D3	40
4403	#FFFFFF	#D3D3D3	21
4404	#FFFFFF	#D3D3D3	21
4405	#FFFFFF	#D3D3D3	21
4406	#FFFFFF	#D3D3D3	41
4407	#FFFFFF	#D3D3D3	41
4408	#FFFFFF	#D3D3D3	40
4409	#FFFFFF	#D3D3D3	41
4410	#FFFFFF	#D3D3D3	16
4411	#FFFFFF	#D3D3D3	41
4412	#FFFFFF	#D3D3D3	41
4413	#FFFFFF	#D3D3D3	41
4414	#FFFFFF	#D3D3D3	28
4415	#FFFFFF	#D3D3D3	28
4416	#FFFFFF	#D3D3D3	41
4417	#FFFFFF	#D3D3D3	28
4418	#FFFFFF	#D3D3D3	41
4419	#FFFFFF	#D3D3D3	40
4420	#FFFFFF	#D3D3D3	41
4421	#FFFFFF	#D3D3D3	28
4422	#FFFFFF	#D3D3D3	28
4423	#FFFFFF	#D3D3D3	28
4424	#FFFFFF	#D3D3D3	28
4425	#FFFFFF	#D3D3D3	28
4426	#FFFFFF	#D3D3D3	28
4427	#FFFFFF	#D3D3D3	28
4428	#FFFFFF	#D3D3D3	28
4429	#FFFFFF	#D3D3D3	28
4430	#FFFFFF	#D3D3D3	40
4431	#FFFFFF	#D3D3D3	28
4432	#FFFFFF	#D3D3D3	28
4433	#FFFFFF	#D3D3D3	28
4434	#FFFFFF	#D3D3D3	28
4435	#FFFFFF	#D3D3D3	107
4440	#FFFFFF	#D3D3D3	40
4441	#FFFFFF	#D3D3D3	40
4442	#FFFFFF	#D3D3D3	40
4443	#FFFFFF	#D3D3D3	40
4444	#FFFFFF	#D3D3D3	40
4446	#FFFFFF	#D3D3D3	1
4447	#FFFFFF	#D3D3D3	1
4448	#FFFFFF	#D3D3D3	40
4449	#FFFFFF	#D3D3D3	40
4450	#FFFFFF	#D3D3D3	40
4451	#FFFFFF	#D3D3D3	40
4452	#FFFFFF	#D3D3D3	40
4453	#FFFFFF	#D3D3D3	40
4454	#FFFFFF	#D3D3D3	21
4455	#FFFFFF	#D3D3D3	21
4456	#FFFFFF	#D3D3D3	41
4457	#FFFFFF	#D3D3D3	41
4458	#FFFFFF	#D3D3D3	40
4459	#FFFFFF	#D3D3D3	16
4460	#FFFFFF	#D3D3D3	16
4461	#FFFFFF	#D3D3D3	16
4462	#FFFFFF	#D3D3D3	16
4463	#FFFFFF	#D3D3D3	41
4464	#FFFFFF	#D3D3D3	28
4465	#FFFFFF	#D3D3D3	28
4466	#FFFFFF	#D3D3D3	41
4467	#FFFFFF	#D3D3D3	28
4468	#FFFFFF	#D3D3D3	41
4469	#FFFFFF	#D3D3D3	40
4470	#FFFFFF	#D3D3D3	41
4471	#FFFFFF	#D3D3D3	41
4472	#FFFFFF	#D3D3D3	28
4473	#FFFFFF	#D3D3D3	28
4474	#FFFFFF	#D3D3D3	28
4475	#FFFFFF	#D3D3D3	28
4476	#FFFFFF	#D3D3D3	28
4477	#FFFFFF	#D3D3D3	28
4478	#FFFFFF	#D3D3D3	28
4479	#FFFFFF	#D3D3D3	28
4480	#FFFFFF	#D3D3D3	40
4481	#FFFFFF	#D3D3D3	28
4482	#FFFFFF	#D3D3D3	28
4483	#FFFFFF	#D3D3D3	28
4484	#FFFFFF	#D3D3D3	28
4485	#FFFFFF	#D3D3D3	28
4486	#FFFFFF	#D3D3D3	107
4491	#FFFFFF	#D3D3D3	40
4492	#FFFFFF	#D3D3D3	40
4493	#FFFFFF	#D3D3D3	40
4494	#FFFFFF	#D3D3D3	40
4495	#FFFFFF	#D3D3D3	40
4496	#FFFFFF	#D3D3D3	1
4497	#FFFFFF	#D3D3D3	1
4498	#FFFFFF	#D3D3D3	1
4499	#FFFFFF	#D3D3D3	40
4500	#FFFFFF	#D3D3D3	1
4501	#FFFFFF	#D3D3D3	40
4502	#FFFFFF	#D3D3D3	40
4503	#FFFFFF	#D3D3D3	40
4504	#FFFFFF	#D3D3D3	40
4505	#FFFFFF	#D3D3D3	21
4506	#FFFFFF	#D3D3D3	41
4507	#FFFFFF	#D3D3D3	41
4508	#FFFFFF	#D3D3D3	16
4509	#FFFFFF	#D3D3D3	40
4510	#FFFFFF	#D3D3D3	16
4511	#FFFFFF	#D3D3D3	16
4512	#FFFFFF	#D3D3D3	16
4513	#FFFFFF	#D3D3D3	16
4514	#FFFFFF	#D3D3D3	41
4515	#FFFFFF	#D3D3D3	28
4516	#FFFFFF	#D3D3D3	41
4517	#FFFFFF	#D3D3D3	41
4518	#FFFFFF	#D3D3D3	41
4519	#FFFFFF	#D3D3D3	41
4520	#FFFFFF	#D3D3D3	40
4521	#FFFFFF	#D3D3D3	41
4522	#FFFFFF	#D3D3D3	28
4523	#FFFFFF	#D3D3D3	28
4524	#FFFFFF	#D3D3D3	28
4525	#FFFFFF	#D3D3D3	28
4526	#FFFFFF	#D3D3D3	28
4527	#FFFFFF	#D3D3D3	28
4528	#FFFFFF	#D3D3D3	28
4529	#FFFFFF	#D3D3D3	28
4530	#FFFFFF	#D3D3D3	28
4531	#FFFFFF	#D3D3D3	40
4532	#FFFFFF	#D3D3D3	28
4533	#FFFFFF	#D3D3D3	28
4534	#FFFFFF	#D3D3D3	28
4535	#FFFFFF	#D3D3D3	28
4536	#FFFFFF	#D3D3D3	28
4537	#FFFFFF	#D3D3D3	107
4541	#FFFFFF	#D3D3D3	40
4542	#FFFFFF	#D3D3D3	40
4543	#FFFFFF	#D3D3D3	40
4544	#FFFFFF	#D3D3D3	40
4545	#FFFFFF	#D3D3D3	40
4547	#FFFFFF	#D3D3D3	1
4548	#FFFFFF	#D3D3D3	1
4549	#FFFFFF	#D3D3D3	21
4550	#FFFFFF	#D3D3D3	21
4551	#FFFFFF	#D3D3D3	21
4552	#FFFFFF	#D3D3D3	21
4553	#FFFFFF	#D3D3D3	21
4554	#FFFFFF	#D3D3D3	41
4555	#FFFFFF	#D3D3D3	41
4556	#FFFFFF	#D3D3D3	41
4557	#FFFFFF	#D3D3D3	41
4558	#FFFFFF	#D3D3D3	41
4559	#FFFFFF	#D3D3D3	1
4560	#FFFFFF	#D3D3D3	41
4561	#FFFFFF	#D3D3D3	41
4562	#FFFFFF	#D3D3D3	41
4563	#FFFFFF	#D3D3D3	41
4564	#FFFFFF	#D3D3D3	182
4565	#FFFFFF	#D3D3D3	182
4566	#FFFFFF	#D3D3D3	182
4567	#FFFFFF	#D3D3D3	182
4568	#FFFFFF	#D3D3D3	182
4569	#FFFFFF	#D3D3D3	41
4570	#FFFFFF	#D3D3D3	1
4571	#FFFFFF	#D3D3D3	41
4572	#FFFFFF	#D3D3D3	41
4573	#FFFFFF	#D3D3D3	214
4574	#FFFFFF	#D3D3D3	214
4575	#FFFFFF	#D3D3D3	107
4576	#FFFFFF	#D3D3D3	107
4577	#FFFFFF	#D3D3D3	107
4581	#FFFFFF	#D3D3D3	1
4592	#FFFFFF	#D3D3D3	40
4593	#FFFFFF	#D3D3D3	21
4594	#FFFFFF	#D3D3D3	21
4595	#FFFFFF	#D3D3D3	21
4596	#FFFFFF	#D3D3D3	21
4597	#FFFFFF	#D3D3D3	1
4598	#FFFFFF	#D3D3D3	1
4599	#FFFFFF	#D3D3D3	1
4600	#FFFFFF	#D3D3D3	21
4601	#FFFFFF	#D3D3D3	21
4602	#FFFFFF	#D3D3D3	21
4603	#FFFFFF	#D3D3D3	21
4604	#FFFFFF	#D3D3D3	41
4605	#FFFFFF	#D3D3D3	41
4606	#FFFFFF	#D3D3D3	41
4607	#FFFFFF	#D3D3D3	41
4608	#FFFFFF	#D3D3D3	41
4609	#FFFFFF	#D3D3D3	41
4610	#FFFFFF	#D3D3D3	1
4611	#FFFFFF	#D3D3D3	41
4612	#FFFFFF	#D3D3D3	41
4613	#FFFFFF	#D3D3D3	41
4614	#FFFFFF	#D3D3D3	182
4615	#FFFFFF	#D3D3D3	182
4616	#FFFFFF	#D3D3D3	182
4617	#FFFFFF	#D3D3D3	182
4618	#FFFFFF	#D3D3D3	182
4619	#FFFFFF	#D3D3D3	182
4620	#FFFFFF	#D3D3D3	41
4621	#FFFFFF	#D3D3D3	1
4622	#FFFFFF	#D3D3D3	41
4623	#FFFFFF	#D3D3D3	41
4624	#FFFFFF	#D3D3D3	214
4625	#FFFFFF	#D3D3D3	214
4626	#FFFFFF	#D3D3D3	107
4627	#FFFFFF	#D3D3D3	107
4632	#FFFFFF	#D3D3D3	40
4642	#FFFFFF	#D3D3D3	21
4643	#FFFFFF	#D3D3D3	21
4644	#FFFFFF	#D3D3D3	21
4645	#FFFFFF	#D3D3D3	21
4646	#FFFFFF	#D3D3D3	21
4648	#FFFFFF	#D3D3D3	1
4649	#FFFFFF	#D3D3D3	1
4650	#FFFFFF	#D3D3D3	21
4651	#FFFFFF	#D3D3D3	21
4652	#FFFFFF	#D3D3D3	21
4653	#FFFFFF	#D3D3D3	21
4654	#FFFFFF	#D3D3D3	41
4655	#FFFFFF	#D3D3D3	41
4656	#FFFFFF	#D3D3D3	41
4657	#FFFFFF	#D3D3D3	41
4658	#FFFFFF	#D3D3D3	41
4659	#FFFFFF	#D3D3D3	41
4660	#FFFFFF	#D3D3D3	1
4661	#FFFFFF	#D3D3D3	41
4662	#FFFFFF	#D3D3D3	41
4663	#FFFFFF	#D3D3D3	41
4664	#FFFFFF	#D3D3D3	182
4665	#FFFFFF	#D3D3D3	182
4666	#FFFFFF	#D3D3D3	182
4667	#FFFFFF	#D3D3D3	182
4668	#FFFFFF	#D3D3D3	182
4669	#FFFFFF	#D3D3D3	182
4670	#FFFFFF	#D3D3D3	41
4671	#FFFFFF	#D3D3D3	1
4672	#FFFFFF	#D3D3D3	41
4673	#FFFFFF	#D3D3D3	41
4674	#FFFFFF	#D3D3D3	41
4675	#FFFFFF	#D3D3D3	214
4676	#FFFFFF	#D3D3D3	107
4677	#FFFFFF	#D3D3D3	107
4682	#FFFFFF	#D3D3D3	40
4693	#FFFFFF	#D3D3D3	21
4694	#FFFFFF	#D3D3D3	21
4695	#FFFFFF	#D3D3D3	21
4696	#FFFFFF	#D3D3D3	21
4697	#FFFFFF	#D3D3D3	21
4698	#FFFFFF	#D3D3D3	1
4699	#FFFFFF	#D3D3D3	1
4700	#FFFFFF	#D3D3D3	1
4701	#FFFFFF	#D3D3D3	21
4702	#FFFFFF	#D3D3D3	21
4703	#FFFFFF	#D3D3D3	21
4704	#FFFFFF	#D3D3D3	41
4705	#FFFFFF	#D3D3D3	41
4706	#FFFFFF	#D3D3D3	41
4707	#FFFFFF	#D3D3D3	41
4708	#FFFFFF	#D3D3D3	41
4709	#FFFFFF	#D3D3D3	41
4710	#FFFFFF	#D3D3D3	41
4711	#FFFFFF	#D3D3D3	1
4712	#FFFFFF	#D3D3D3	41
4713	#FFFFFF	#D3D3D3	41
4714	#FFFFFF	#D3D3D3	182
4715	#FFFFFF	#D3D3D3	182
4716	#FFFFFF	#D3D3D3	182
4717	#FFFFFF	#D3D3D3	182
4718	#FFFFFF	#D3D3D3	29
4719	#FFFFFF	#D3D3D3	182
4720	#FFFFFF	#D3D3D3	41
4721	#FFFFFF	#D3D3D3	29
4722	#FFFFFF	#D3D3D3	40
4723	#FFFFFF	#D3D3D3	41
4724	#FFFFFF	#D3D3D3	41
4725	#FFFFFF	#D3D3D3	41
4726	#FFFFFF	#D3D3D3	214
4727	#FFFFFF	#D3D3D3	214
4733	#FFFFFF	#D3D3D3	21
4743	#FFFFFF	#D3D3D3	21
4744	#FFFFFF	#D3D3D3	21
4745	#FFFFFF	#D3D3D3	21
4746	#FFFFFF	#D3D3D3	21
4747	#FFFFFF	#D3D3D3	21
4749	#FFFFFF	#D3D3D3	1
4750	#FFFFFF	#D3D3D3	1
4751	#FFFFFF	#D3D3D3	21
4752	#FFFFFF	#D3D3D3	21
4753	#FFFFFF	#D3D3D3	21
4754	#FFFFFF	#D3D3D3	41
4755	#FFFFFF	#D3D3D3	41
4756	#FFFFFF	#D3D3D3	41
4757	#FFFFFF	#D3D3D3	41
4758	#FFFFFF	#D3D3D3	41
4759	#FFFFFF	#D3D3D3	41
4760	#FFFFFF	#D3D3D3	41
4761	#FFFFFF	#D3D3D3	1
4762	#FFFFFF	#D3D3D3	41
4763	#FFFFFF	#D3D3D3	41
4764	#FFFFFF	#D3D3D3	182
4765	#FFFFFF	#D3D3D3	182
4766	#FFFFFF	#D3D3D3	182
4767	#FFFFFF	#D3D3D3	182
4768	#FFFFFF	#D3D3D3	29
4769	#FFFFFF	#D3D3D3	29
4770	#FFFFFF	#D3D3D3	182
4771	#FFFFFF	#D3D3D3	29
4772	#FFFFFF	#D3D3D3	40
4773	#FFFFFF	#D3D3D3	29
4774	#FFFFFF	#D3D3D3	41
4775	#FFFFFF	#D3D3D3	41
4776	#FFFFFF	#D3D3D3	41
4777	#FFFFFF	#D3D3D3	214
4783	#FFFFFF	#D3D3D3	21
4794	#FFFFFF	#D3D3D3	21
4795	#FFFFFF	#D3D3D3	21
4796	#FFFFFF	#D3D3D3	21
4797	#FFFFFF	#D3D3D3	21
4798	#FFFFFF	#D3D3D3	21
4799	#FFFFFF	#D3D3D3	1
4800	#FFFFFF	#D3D3D3	1
4801	#FFFFFF	#D3D3D3	1
4802	#FFFFFF	#D3D3D3	21
4803	#FFFFFF	#D3D3D3	21
4804	#FFFFFF	#D3D3D3	41
4805	#FFFFFF	#D3D3D3	41
4806	#FFFFFF	#D3D3D3	41
4807	#FFFFFF	#D3D3D3	41
4808	#FFFFFF	#D3D3D3	41
4809	#FFFFFF	#D3D3D3	41
4810	#FFFFFF	#D3D3D3	41
4811	#FFFFFF	#D3D3D3	41
4812	#FFFFFF	#D3D3D3	40
4813	#FFFFFF	#D3D3D3	41
4814	#FFFFFF	#D3D3D3	182
4815	#FFFFFF	#D3D3D3	182
4816	#FFFFFF	#D3D3D3	182
4817	#FFFFFF	#D3D3D3	182
4818	#FFFFFF	#D3D3D3	29
4819	#FFFFFF	#D3D3D3	29
4820	#FFFFFF	#D3D3D3	182
4821	#FFFFFF	#D3D3D3	29
4822	#FFFFFF	#D3D3D3	29
4823	#FFFFFF	#D3D3D3	21
4824	#FFFFFF	#D3D3D3	41
4825	#FFFFFF	#D3D3D3	41
4826	#FFFFFF	#D3D3D3	41
4827	#FFFFFF	#D3D3D3	41
4834	#FFFFFF	#D3D3D3	21
4844	#FFFFFF	#D3D3D3	21
4845	#FFFFFF	#D3D3D3	21
4846	#FFFFFF	#D3D3D3	21
4847	#FFFFFF	#D3D3D3	21
4848	#FFFFFF	#D3D3D3	21
4850	#FFFFFF	#D3D3D3	1
4851	#FFFFFF	#D3D3D3	1
4852	#FFFFFF	#D3D3D3	21
4853	#FFFFFF	#D3D3D3	21
4854	#FFFFFF	#D3D3D3	41
4855	#FFFFFF	#D3D3D3	41
4856	#FFFFFF	#D3D3D3	41
4857	#FFFFFF	#D3D3D3	41
4858	#FFFFFF	#D3D3D3	41
4859	#FFFFFF	#D3D3D3	41
4860	#FFFFFF	#D3D3D3	41
4861	#FFFFFF	#D3D3D3	41
4862	#FFFFFF	#D3D3D3	40
4863	#FFFFFF	#D3D3D3	41
4864	#FFFFFF	#D3D3D3	182
4865	#FFFFFF	#D3D3D3	182
4866	#FFFFFF	#D3D3D3	182
4867	#FFFFFF	#D3D3D3	182
4868	#FFFFFF	#D3D3D3	29
4869	#FFFFFF	#D3D3D3	29
4870	#FFFFFF	#D3D3D3	182
4871	#FFFFFF	#D3D3D3	29
4872	#FFFFFF	#D3D3D3	29
4873	#FFFFFF	#D3D3D3	21
4874	#FFFFFF	#D3D3D3	29
4875	#FFFFFF	#D3D3D3	41
4876	#FFFFFF	#D3D3D3	41
4877	#FFFFFF	#D3D3D3	41
4884	#FFFFFF	#D3D3D3	21
4895	#FFFFFF	#D3D3D3	21
4896	#FFFFFF	#D3D3D3	21
4897	#FFFFFF	#D3D3D3	21
4898	#FFFFFF	#D3D3D3	21
4899	#FFFFFF	#D3D3D3	21
4900	#FFFFFF	#D3D3D3	1
4901	#FFFFFF	#D3D3D3	1
4902	#FFFFFF	#D3D3D3	40
4903	#FFFFFF	#D3D3D3	21
4904	#FFFFFF	#D3D3D3	21
4905	#FFFFFF	#D3D3D3	41
4906	#FFFFFF	#D3D3D3	41
4907	#FFFFFF	#D3D3D3	41
4908	#FFFFFF	#D3D3D3	41
4909	#FFFFFF	#D3D3D3	41
4910	#FFFFFF	#D3D3D3	41
4911	#FFFFFF	#D3D3D3	41
4912	#FFFFFF	#D3D3D3	41
4913	#FFFFFF	#D3D3D3	21
4914	#FFFFFF	#D3D3D3	182
4915	#FFFFFF	#D3D3D3	182
4916	#FFFFFF	#D3D3D3	182
4917	#FFFFFF	#D3D3D3	182
4918	#FFFFFF	#D3D3D3	29
4919	#FFFFFF	#D3D3D3	29
4920	#FFFFFF	#D3D3D3	182
4921	#FFFFFF	#D3D3D3	29
4922	#FFFFFF	#D3D3D3	41
4923	#FFFFFF	#D3D3D3	29
4924	#FFFFFF	#D3D3D3	21
4925	#FFFFFF	#D3D3D3	41
4926	#FFFFFF	#D3D3D3	41
4927	#FFFFFF	#D3D3D3	41
4935	#FFFFFF	#D3D3D3	21
4945	#FFFFFF	#D3D3D3	21
4946	#FFFFFF	#D3D3D3	21
4947	#FFFFFF	#D3D3D3	21
4948	#FFFFFF	#D3D3D3	21
4949	#FFFFFF	#D3D3D3	21
4951	#FFFFFF	#D3D3D3	1
4952	#FFFFFF	#D3D3D3	40
4953	#FFFFFF	#D3D3D3	21
4954	#FFFFFF	#D3D3D3	21
4955	#FFFFFF	#D3D3D3	21
4956	#FFFFFF	#D3D3D3	41
4957	#FFFFFF	#D3D3D3	41
4958	#FFFFFF	#D3D3D3	41
4959	#FFFFFF	#D3D3D3	41
4960	#FFFFFF	#D3D3D3	41
4961	#FFFFFF	#D3D3D3	41
4962	#FFFFFF	#D3D3D3	41
4963	#FFFFFF	#D3D3D3	21
4964	#FFFFFF	#D3D3D3	182
4965	#FFFFFF	#D3D3D3	182
4966	#FFFFFF	#D3D3D3	182
4967	#FFFFFF	#D3D3D3	29
4968	#FFFFFF	#D3D3D3	29
4969	#FFFFFF	#D3D3D3	29
4970	#FFFFFF	#D3D3D3	29
4971	#FFFFFF	#D3D3D3	29
4972	#FFFFFF	#D3D3D3	41
4973	#FFFFFF	#D3D3D3	41
4974	#FFFFFF	#D3D3D3	21
4975	#FFFFFF	#D3D3D3	29
4976	#FFFFFF	#D3D3D3	41
4977	#FFFFFF	#D3D3D3	41
4985	#FFFFFF	#D3D3D3	21
4996	#FFFFFF	#D3D3D3	21
4997	#FFFFFF	#D3D3D3	21
4998	#FFFFFF	#D3D3D3	21
4999	#FFFFFF	#D3D3D3	21
5000	#FFFFFF	#D3D3D3	21
5001	#FFFFFF	#D3D3D3	1
5002	#FFFFFF	#D3D3D3	40
5003	#FFFFFF	#D3D3D3	21
5004	#FFFFFF	#D3D3D3	21
5005	#FFFFFF	#D3D3D3	21
5006	#FFFFFF	#D3D3D3	21
5007	#FFFFFF	#D3D3D3	41
5008	#FFFFFF	#D3D3D3	41
5009	#FFFFFF	#D3D3D3	41
5010	#FFFFFF	#D3D3D3	41
5011	#FFFFFF	#D3D3D3	41
5012	#FFFFFF	#D3D3D3	41
5013	#FFFFFF	#D3D3D3	182
5014	#FFFFFF	#D3D3D3	21
5015	#FFFFFF	#D3D3D3	182
5016	#FFFFFF	#D3D3D3	182
5017	#FFFFFF	#D3D3D3	182
5018	#FFFFFF	#D3D3D3	29
5019	#FFFFFF	#D3D3D3	29
5020	#FFFFFF	#D3D3D3	29
5021	#FFFFFF	#D3D3D3	29
5022	#FFFFFF	#D3D3D3	41
5023	#FFFFFF	#D3D3D3	41
5024	#FFFFFF	#D3D3D3	29
5025	#FFFFFF	#D3D3D3	21
5026	#FFFFFF	#D3D3D3	41
5027	#FFFFFF	#D3D3D3	41
5036	#FFFFFF	#D3D3D3	21
5046	#FFFFFF	#D3D3D3	21
5047	#FFFFFF	#D3D3D3	21
5048	#FFFFFF	#D3D3D3	21
5049	#FFFFFF	#D3D3D3	21
5050	#FFFFFF	#D3D3D3	21
5052	#FFFFFF	#D3D3D3	40
5053	#FFFFFF	#D3D3D3	21
5054	#FFFFFF	#D3D3D3	41
5055	#FFFFFF	#D3D3D3	21
5056	#FFFFFF	#D3D3D3	21
5057	#FFFFFF	#D3D3D3	41
5058	#FFFFFF	#D3D3D3	41
5059	#FFFFFF	#D3D3D3	41
5060	#FFFFFF	#D3D3D3	41
5061	#FFFFFF	#D3D3D3	41
5062	#FFFFFF	#D3D3D3	41
5063	#FFFFFF	#D3D3D3	182
5064	#FFFFFF	#D3D3D3	21
5065	#FFFFFF	#D3D3D3	182
5066	#FFFFFF	#D3D3D3	182
5067	#FFFFFF	#D3D3D3	182
5068	#FFFFFF	#D3D3D3	29
5069	#FFFFFF	#D3D3D3	29
5070	#FFFFFF	#D3D3D3	29
5071	#FFFFFF	#D3D3D3	29
5072	#FFFFFF	#D3D3D3	41
5073	#FFFFFF	#D3D3D3	41
5074	#FFFFFF	#D3D3D3	41
5075	#FFFFFF	#D3D3D3	21
5076	#FFFFFF	#D3D3D3	41
5077	#FFFFFF	#D3D3D3	41
5086	#FFFFFF	#D3D3D3	21
5097	#FFFFFF	#D3D3D3	21
5098	#FFFFFF	#D3D3D3	21
5099	#FFFFFF	#D3D3D3	21
5100	#FFFFFF	#D3D3D3	21
5101	#FFFFFF	#D3D3D3	21
