group	fill	colour	clickSelects
2	#CD1076	#000000	72
3	#CD1076	#000000	72
4	#CD1076	#000000	216
5	#CD1076	#000000	216
6	#CD1076	#000000	216
7	#CD1076	#000000	216
8	#CD1076	#000000	216
9	#D43881	#171717	106
10	#D63F84	#1A1A1A	142
11	#D63F84	#1A1A1A	142
12	#D63F84	#1A1A1A	142
13	#D63F84	#1A1A1A	142
14	#CD1076	#000000	116
15	#D63F84	#1A1A1A	142
16	#D63F84	#1A1A1A	142
17	#D43881	#171717	106
18	#FFFFFF	#D3D3D3	1
19	#FFFFFF	#D3D3D3	1
20	#FFFFFF	#D3D3D3	1
21	#FFFFFF	#D3D3D3	40
22	#FFFFFF	#D3D3D3	1
23	#FFFFFF	#D3D3D3	1
24	#FFFFFF	#D3D3D3	1
25	#CD1076	#000000	116
26	#FFFFFF	#D3D3D3	1
27	#FFFFFF	#D3D3D3	40
28	#FFFFFF	#D3D3D3	40
29	#FFFFFF	#D3D3D3	40
30	#FFFFFF	#D3D3D3	1
31	#FFFFFF	#D3D3D3	1
32	#FFFFFF	#D3D3D3	66
33	#FFFFFF	#D3D3D3	66
34	#FFFFFF	#D3D3D3	66
35	#FFFFFF	#D3D3D3	1
36	#CD1076	#000000	116
37	#FFFFFF	#D3D3D3	1
38	#FFFFFF	#D3D3D3	66
39	#FFFFFF	#D3D3D3	66
40	#FFFFFF	#D3D3D3	1
41	#FFFFFF	#D3D3D3	1
42	#FFFFFF	#D3D3D3	1
43	#FFFFFF	#D3D3D3	1
44	#FFFFFF	#D3D3D3	1
45	#FFFFFF	#D3D3D3	1
46	#CD1076	#000000	116
47	#CD1076	#000000	116
48	#CD1076	#000000	216
49	#CD1076	#000000	216
50	#CD1076	#000000	216
52	#CD1076	#000000	169
53	#CD1076	#000000	72
54	#CD1076	#000000	216
55	#CD1076	#000000	216
56	#CD1076	#000000	216
57	#CD1076	#000000	216
58	#CD1076	#000000	216
59	#D43881	#171717	106
60	#D43881	#171717	106
61	#D63F84	#1A1A1A	142
62	#D63F84	#1A1A1A	142
63	#D63F84	#1A1A1A	142
64	#CD1076	#000000	72
65	#D63F84	#1A1A1A	142
66	#D63F84	#1A1A1A	142
67	#D43881	#171717	106
68	#D43881	#171717	106
69	#FFFFFF	#D3D3D3	1
70	#FFFFFF	#D3D3D3	1
71	#FFFFFF	#D3D3D3	40
72	#FFFFFF	#D3D3D3	1
73	#FFFFFF	#D3D3D3	1
74	#FFFFFF	#D3D3D3	1
75	#CD1076	#000000	116
76	#FFFFFF	#D3D3D3	1
77	#FFFFFF	#D3D3D3	1
78	#FFFFFF	#D3D3D3	40
79	#FFFFFF	#D3D3D3	40
80	#FFFFFF	#D3D3D3	1
81	#FFFFFF	#D3D3D3	1
82	#FFFFFF	#D3D3D3	66
83	#FFFFFF	#D3D3D3	66
84	#FFFFFF	#D3D3D3	66
85	#FFFFFF	#D3D3D3	66
86	#CD1076	#000000	116
87	#FFFFFF	#D3D3D3	66
88	#FFFFFF	#D3D3D3	1
89	#FFFFFF	#D3D3D3	66
90	#FFFFFF	#D3D3D3	66
91	#FFFFFF	#D3D3D3	1
92	#FFFFFF	#D3D3D3	1
93	#FFFFFF	#D3D3D3	1
94	#FFFFFF	#D3D3D3	1
95	#FFFFFF	#D3D3D3	1
96	#FFFFFF	#D3D3D3	40
97	#CD1076	#000000	116
98	#CD1076	#000000	116
99	#CD1076	#000000	216
100	#CD1076	#000000	216
101	#CD1076	#000000	216
103	#CD1076	#000000	169
104	#CD1076	#000000	72
105	#CD1076	#000000	216
106	#CD1076	#000000	216
107	#CD1076	#000000	216
108	#CD1076	#000000	216
109	#CD1076	#000000	216
110	#D43881	#171717	106
111	#D43881	#171717	106
112	#D63F84	#1A1A1A	142
113	#D63F84	#1A1A1A	142
114	#D63F84	#1A1A1A	142
115	#CD1076	#000000	72
116	#D63F84	#1A1A1A	142
117	#D43881	#171717	106
118	#D43881	#171717	106
119	#D43881	#171717	106
120	#FFFFFF	#D3D3D3	1
121	#FFFFFF	#D3D3D3	40
122	#FFFFFF	#D3D3D3	1
123	#FFFFFF	#D3D3D3	1
124	#FFFFFF	#D3D3D3	1
125	#FFFFFF	#D3D3D3	1
126	#CD1076	#000000	116
127	#FFFFFF	#D3D3D3	1
128	#FFFFFF	#D3D3D3	1
129	#FFFFFF	#D3D3D3	40
130	#FFFFFF	#D3D3D3	1
131	#FFFFFF	#D3D3D3	1
132	#FFFFFF	#D3D3D3	66
133	#FFFFFF	#D3D3D3	66
134	#FFFFFF	#D3D3D3	66
135	#FFFFFF	#D3D3D3	66
136	#FFFFFF	#D3D3D3	66
137	#CD1076	#000000	116
138	#FFFFFF	#D3D3D3	66
139	#FFFFFF	#D3D3D3	1
140	#FFFFFF	#D3D3D3	66
141	#FFFFFF	#D3D3D3	1
142	#FFFFFF	#D3D3D3	1
143	#FFFFFF	#D3D3D3	1
144	#FFFFFF	#D3D3D3	1
145	#FFFFFF	#D3D3D3	1
146	#FFFFFF	#D3D3D3	40
147	#CD1076	#000000	116
148	#CD1076	#000000	216
149	#CD1076	#000000	216
150	#CD1076	#000000	216
151	#CD1076	#000000	116
153	#CD1076	#000000	212
154	#CD1076	#000000	72
155	#D43881	#171717	106
156	#D43881	#171717	106
157	#D43881	#171717	106
158	#D43881	#171717	106
159	#D43881	#171717	106
160	#D43881	#171717	106
161	#D43881	#171717	106
162	#E474A0	#414141	56
163	#FDEDF2	#BEBEBE	219
164	#E474A0	#414141	56
165	#CD1076	#000000	72
166	#E474A0	#414141	56
167	#E474A0	#414141	56
168	#E474A0	#414141	56
169	#E474A0	#414141	56
170	#E474A0	#414141	56
171	#CD1076	#000000	11
172	#CD1076	#000000	11
173	#CD1076	#000000	11
174	#CD1076	#000000	11
175	#CD1076	#000000	11
176	#CD1076	#000000	72
177	#CD1076	#000000	11
178	#CD1076	#000000	11
179	#FFFFFF	#D3D3D3	1
180	#FFFFFF	#D3D3D3	1
181	#FFFFFF	#D3D3D3	66
182	#FFFFFF	#D3D3D3	66
183	#FFFFFF	#D3D3D3	66
184	#FFFFFF	#D3D3D3	66
185	#FFFFFF	#D3D3D3	66
186	#FFFFFF	#D3D3D3	66
187	#CD1076	#000000	72
188	#FFFFFF	#D3D3D3	66
189	#FFFFFF	#D3D3D3	66
190	#FFFFFF	#D3D3D3	66
191	#FFFFFF	#D3D3D3	66
192	#FFFFFF	#D3D3D3	66
193	#FFFFFF	#D3D3D3	66
194	#FFFFFF	#D3D3D3	1
195	#FFFFFF	#D3D3D3	1
196	#FFFFFF	#D3D3D3	1
197	#FFFFFF	#D3D3D3	1
198	#CD1076	#000000	72
199	#CD1076	#000000	116
200	#CD1076	#000000	116
201	#D43881	#171717	106
202	#D43881	#171717	106
204	#CD1076	#000000	212
205	#CD1076	#000000	72
206	#D43881	#171717	106
207	#D43881	#171717	106
208	#D43881	#171717	106
209	#D43881	#171717	106
210	#D43881	#171717	106
211	#D43881	#171717	106
212	#E474A0	#414141	56
213	#FDEDF2	#BEBEBE	219
214	#FDEDF2	#BEBEBE	219
215	#E474A0	#414141	56
216	#CD1076	#000000	72
217	#E474A0	#414141	56
218	#E474A0	#414141	56
219	#E474A0	#414141	56
220	#E474A0	#414141	56
221	#CD1076	#000000	11
222	#CD1076	#000000	11
223	#CD1076	#000000	11
224	#CD1076	#000000	11
225	#CD1076	#000000	11
226	#CD1076	#000000	11
227	#CD1076	#000000	72
228	#CD1076	#000000	11
229	#FFFFFF	#D3D3D3	1
230	#FFFFFF	#D3D3D3	1
231	#FFFFFF	#D3D3D3	66
232	#FFFFFF	#D3D3D3	66
233	#FFFFFF	#D3D3D3	66
234	#FFFFFF	#D3D3D3	66
235	#FFFFFF	#D3D3D3	66
236	#FFFFFF	#D3D3D3	66
237	#FFFFFF	#D3D3D3	66
238	#CD1076	#000000	72
239	#FFFFFF	#D3D3D3	66
240	#FFFFFF	#D3D3D3	66
241	#FFFFFF	#D3D3D3	66
242	#FFFFFF	#D3D3D3	66
243	#FFFFFF	#D3D3D3	66
244	#FFFFFF	#D3D3D3	1
245	#FFFFFF	#D3D3D3	1
246	#FFFFFF	#D3D3D3	1
247	#FFFFFF	#D3D3D3	1
248	#CD1076	#000000	116
249	#D43881	#171717	106
250	#D43881	#171717	106
251	#D43881	#171717	106
252	#D43881	#171717	106
254	#CD1076	#000000	212
255	#CD1076	#000000	212
256	#D43881	#171717	106
257	#D43881	#171717	106
258	#D43881	#171717	106
259	#D43881	#171717	106
260	#D43881	#171717	106
261	#D43881	#171717	106
262	#E474A0	#414141	56
263	#FDEDF2	#BEBEBE	219
264	#FDEDF2	#BEBEBE	219
265	#FDEDF2	#BEBEBE	219
266	#CD1076	#000000	72
267	#E474A0	#414141	56
268	#E474A0	#414141	56
269	#E474A0	#414141	56
270	#E474A0	#414141	56
271	#CD1076	#000000	11
272	#CD1076	#000000	11
273	#CD1076	#000000	11
274	#CD1076	#000000	11
275	#CD1076	#000000	11
276	#CD1076	#000000	11
277	#CD1076	#000000	72
278	#CD1076	#000000	11
279	#FFFFFF	#D3D3D3	1
280	#FFFFFF	#D3D3D3	1
281	#FFFFFF	#D3D3D3	1
282	#FFFFFF	#D3D3D3	66
283	#FFFFFF	#D3D3D3	1
284	#FFFFFF	#D3D3D3	66
285	#FFFFFF	#D3D3D3	1
286	#FFFFFF	#D3D3D3	66
287	#FFFFFF	#D3D3D3	66
288	#CD1076	#000000	72
289	#FFFFFF	#D3D3D3	66
290	#FFFFFF	#D3D3D3	66
291	#FFFFFF	#D3D3D3	66
292	#FFFFFF	#D3D3D3	66
293	#FFFFFF	#D3D3D3	66
294	#FFFFFF	#D3D3D3	1
295	#FFFFFF	#D3D3D3	66
296	#FFFFFF	#D3D3D3	1
297	#FFFFFF	#D3D3D3	66
298	#FFFFFF	#D3D3D3	66
299	#CD1076	#000000	72
300	#D43881	#171717	106
301	#D43881	#171717	106
302	#D43881	#171717	106
303	#D43881	#171717	106
305	#CD1076	#000000	212
306	#CD1076	#000000	72
307	#D43881	#171717	106
308	#D43881	#171717	106
309	#D43881	#171717	106
310	#D43881	#171717	106
311	#D43881	#171717	106
312	#E474A0	#414141	56
313	#FDEDF2	#BEBEBE	219
314	#FDEDF2	#BEBEBE	219
315	#FDEDF2	#BEBEBE	219
316	#FDEDF2	#BEBEBE	219
317	#CD1076	#000000	72
318	#E474A0	#414141	56
319	#E474A0	#414141	56
320	#E474A0	#414141	56
321	#CD1076	#000000	11
322	#CD1076	#000000	11
323	#CD1076	#000000	11
324	#CD1076	#000000	11
325	#CD1076	#000000	11
326	#CD1076	#000000	11
327	#CD1076	#000000	11
328	#CD1076	#000000	72
329	#FFFFFF	#D3D3D3	1
330	#FFFFFF	#D3D3D3	1
331	#FFFFFF	#D3D3D3	1
332	#FFFFFF	#D3D3D3	1
333	#FFFFFF	#D3D3D3	1
334	#FFFFFF	#D3D3D3	1
335	#FFFFFF	#D3D3D3	1
336	#FFFFFF	#D3D3D3	66
337	#FFFFFF	#D3D3D3	66
338	#FFFFFF	#D3D3D3	66
339	#CD1076	#000000	72
340	#FFFFFF	#D3D3D3	66
341	#FFFFFF	#D3D3D3	177
342	#FFFFFF	#D3D3D3	66
343	#FFFFFF	#D3D3D3	66
344	#FFFFFF	#D3D3D3	1
345	#FFFFFF	#D3D3D3	1
346	#FFFFFF	#D3D3D3	66
347	#FFFFFF	#D3D3D3	66
348	#FFFFFF	#D3D3D3	66
349	#CD1076	#000000	49
350	#D43881	#171717	106
351	#D43881	#171717	106
352	#D43881	#171717	106
353	#D43881	#171717	106
355	#CD1076	#000000	212
356	#CD1076	#000000	72
357	#D43881	#171717	106
358	#D43881	#171717	106
359	#D43881	#171717	106
360	#D43881	#171717	106
361	#D43881	#171717	106
362	#E474A0	#414141	56
363	#E474A0	#414141	56
364	#FDEDF2	#BEBEBE	219
365	#FDEDF2	#BEBEBE	219
366	#FDEDF2	#BEBEBE	219
367	#CD1076	#000000	72
368	#FDEDF2	#BEBEBE	219
369	#E474A0	#414141	56
370	#CD1076	#000000	11
371	#CD1076	#000000	11
372	#CD1076	#000000	11
373	#CD1076	#000000	11
374	#CD1076	#000000	11
375	#CD1076	#000000	11
376	#CD1076	#000000	11
377	#CD1076	#000000	11
378	#CD1076	#000000	72
379	#FFFFFF	#D3D3D3	1
380	#FFFFFF	#D3D3D3	1
381	#FFFFFF	#D3D3D3	1
382	#FFFFFF	#D3D3D3	1
383	#FFFFFF	#D3D3D3	1
384	#FFFFFF	#D3D3D3	1
385	#FFFFFF	#D3D3D3	1
386	#FFFFFF	#D3D3D3	66
387	#FFFFFF	#D3D3D3	66
388	#FFFFFF	#D3D3D3	66
389	#CD1076	#000000	72
390	#FFFFFF	#D3D3D3	66
391	#FFFFFF	#D3D3D3	177
392	#FFFFFF	#D3D3D3	177
393	#FFFFFF	#D3D3D3	66
394	#FFFFFF	#D3D3D3	1
395	#FFFFFF	#D3D3D3	66
396	#FFFFFF	#D3D3D3	1
397	#FFFFFF	#D3D3D3	66
398	#FFFFFF	#D3D3D3	66
399	#FFFFFF	#D3D3D3	66
400	#CD1076	#000000	49
401	#CD1076	#000000	49
402	#D43881	#171717	106
403	#D43881	#171717	106
404	#D43881	#171717	106
406	#CD1076	#000000	212
407	#CD1076	#000000	72
408	#D43881	#171717	106
409	#D43881	#171717	106
410	#D43881	#171717	106
411	#D43881	#171717	106
412	#E474A0	#414141	56
413	#E474A0	#414141	56
414	#E474A0	#414141	56
415	#FDEDF2	#BEBEBE	219
416	#FDEDF2	#BEBEBE	219
417	#FDEDF2	#BEBEBE	219
418	#CD1076	#000000	72
419	#E474A0	#414141	56
420	#E474A0	#414141	56
421	#CD1076	#000000	11
422	#CD1076	#000000	11
423	#CD1076	#000000	11
424	#CD1076	#000000	11
425	#CD1076	#000000	11
426	#CD1076	#000000	11
427	#CD1076	#000000	11
428	#FFFFFF	#D3D3D3	24
429	#CD1076	#000000	72
430	#FFFFFF	#D3D3D3	1
431	#FFFFFF	#D3D3D3	1
432	#FFFFFF	#D3D3D3	1
433	#FFFFFF	#D3D3D3	1
434	#FFFFFF	#D3D3D3	1
435	#FFFFFF	#D3D3D3	1
436	#FFFFFF	#D3D3D3	1
437	#FFFFFF	#D3D3D3	66
438	#FFFFFF	#D3D3D3	66
439	#FFFFFF	#D3D3D3	66
440	#CD1076	#000000	72
441	#FFFFFF	#D3D3D3	177
442	#FFFFFF	#D3D3D3	177
443	#FFFFFF	#D3D3D3	177
444	#FFFFFF	#D3D3D3	66
445	#FFFFFF	#D3D3D3	66
446	#FFFFFF	#D3D3D3	66
447	#FFFFFF	#D3D3D3	66
448	#FFFFFF	#D3D3D3	66
449	#FFFFFF	#D3D3D3	66
450	#CD1076	#000000	49
451	#D43881	#171717	106
452	#D43881	#171717	106
453	#D43881	#171717	106
454	#D43881	#171717	106
456	#CD1076	#000000	212
457	#CD1076	#000000	72
458	#D43881	#171717	106
459	#D43881	#171717	106
460	#D43881	#171717	106
461	#D43881	#171717	106
462	#E474A0	#414141	56
463	#E474A0	#414141	56
464	#E474A0	#414141	56
465	#E474A0	#414141	56
466	#FDEDF2	#BEBEBE	219
467	#FDEDF2	#BEBEBE	219
468	#CD1076	#000000	72
469	#E474A0	#414141	56
470	#E474A0	#414141	56
471	#CD1076	#000000	11
472	#CD1076	#000000	11
473	#CD1076	#000000	11
474	#CD1076	#000000	11
475	#CD1076	#000000	11
476	#CD1076	#000000	11
477	#CD1076	#000000	11
478	#FFFFFF	#D3D3D3	24
479	#CD1076	#000000	72
480	#FFFFFF	#D3D3D3	24
481	#FFFFFF	#D3D3D3	1
482	#FFFFFF	#D3D3D3	24
483	#FFFFFF	#D3D3D3	1
484	#FFFFFF	#D3D3D3	1
485	#FFFFFF	#D3D3D3	1
486	#FFFFFF	#D3D3D3	1
487	#FFFFFF	#D3D3D3	66
488	#FFFFFF	#D3D3D3	66
489	#FFFFFF	#D3D3D3	66
490	#CD1076	#000000	49
491	#FFFFFF	#D3D3D3	177
492	#FFFFFF	#D3D3D3	177
493	#FFFFFF	#D3D3D3	177
494	#FFFFFF	#D3D3D3	66
495	#FFFFFF	#D3D3D3	66
496	#FFFFFF	#D3D3D3	66
497	#FFFFFF	#D3D3D3	66
498	#FFFFFF	#D3D3D3	66
499	#FFFFFF	#D3D3D3	66
500	#FFFFFF	#D3D3D3	66
501	#CD1076	#000000	49
502	#CD1076	#000000	49
503	#D43881	#171717	106
504	#D43881	#171717	106
505	#D43881	#171717	106
507	#CD1076	#000000	212
508	#CD1076	#000000	72
509	#D43881	#171717	106
510	#D43881	#171717	106
511	#D43881	#171717	106
512	#E474A0	#414141	56
513	#E474A0	#414141	56
514	#E474A0	#414141	56
515	#E474A0	#414141	56
516	#FDEDF2	#BEBEBE	219
517	#FDEDF2	#BEBEBE	219
518	#E474A0	#414141	56
519	#CD1076	#000000	72
520	#E474A0	#414141	56
521	#CD1076	#000000	11
522	#CD1076	#000000	11
523	#CD1076	#000000	11
524	#CD1076	#000000	11
525	#CD1076	#000000	11
526	#CD1076	#000000	11
527	#CD1076	#000000	11
528	#FFFFFF	#D3D3D3	24
529	#FFFFFF	#D3D3D3	1
530	#CD1076	#000000	49
531	#FFFFFF	#D3D3D3	1
532	#FFFFFF	#D3D3D3	24
533	#FFFFFF	#D3D3D3	1
534	#FFFFFF	#D3D3D3	1
535	#FFFFFF	#D3D3D3	1
536	#FFFFFF	#D3D3D3	1
537	#FFFFFF	#D3D3D3	1
538	#FFFFFF	#D3D3D3	66
539	#FFFFFF	#D3D3D3	66
540	#FFFFFF	#D3D3D3	177
541	#CD1076	#000000	49
542	#FFFFFF	#D3D3D3	177
543	#FFFFFF	#D3D3D3	177
544	#FFFFFF	#D3D3D3	66
545	#FFFFFF	#D3D3D3	66
546	#FFFFFF	#D3D3D3	66
547	#FFFFFF	#D3D3D3	66
548	#FFFFFF	#D3D3D3	66
549	#FFFFFF	#D3D3D3	66
550	#FFFFFF	#D3D3D3	66
551	#CD1076	#000000	49
552	#CD1076	#000000	49
553	#D43881	#171717	106
554	#D43881	#171717	106
555	#D43881	#171717	106
557	#CD1076	#000000	212
558	#CD1076	#000000	72
559	#D43881	#171717	106
560	#D43881	#171717	106
561	#D43881	#171717	106
562	#E474A0	#414141	56
563	#E474A0	#414141	56
564	#E474A0	#414141	56
565	#E474A0	#414141	56
566	#E474A0	#414141	56
567	#FDEDF2	#BEBEBE	219
568	#E474A0	#414141	56
569	#CD1076	#000000	72
570	#E474A0	#414141	56
571	#CD1076	#000000	11
572	#CD1076	#000000	11
573	#CD1076	#000000	11
574	#CD1076	#000000	11
575	#CD1076	#000000	11
576	#CD1076	#000000	11
577	#CD1076	#000000	11
578	#FFFFFF	#D3D3D3	24
579	#FFFFFF	#D3D3D3	24
580	#CD1076	#000000	49
581	#FFFFFF	#D3D3D3	1
582	#FFFFFF	#D3D3D3	24
583	#FFFFFF	#D3D3D3	1
584	#FFFFFF	#D3D3D3	1
585	#FFFFFF	#D3D3D3	1
586	#FFFFFF	#D3D3D3	1
587	#FFFFFF	#D3D3D3	1
588	#FFFFFF	#D3D3D3	1
589	#FFFFFF	#D3D3D3	66
590	#FFFFFF	#D3D3D3	177
591	#CD1076	#000000	49
592	#FFFFFF	#D3D3D3	177
593	#FFFFFF	#D3D3D3	177
594	#FFFFFF	#D3D3D3	66
595	#FFFFFF	#D3D3D3	66
596	#FFFFFF	#D3D3D3	66
597	#FFFFFF	#D3D3D3	66
598	#FFFFFF	#D3D3D3	66
599	#FFFFFF	#D3D3D3	66
600	#FFFFFF	#D3D3D3	66
601	#FFFFFF	#D3D3D3	66
602	#CD1076	#000000	49
603	#CD1076	#000000	49
604	#CD1076	#000000	49
605	#D43881	#171717	106
606	#CD1076	#000000	49
608	#CD1076	#000000	212
609	#CD1076	#000000	72
610	#D43881	#171717	106
611	#D43881	#171717	106
612	#E474A0	#414141	56
613	#E474A0	#414141	56
614	#E474A0	#414141	56
615	#E474A0	#414141	56
616	#E474A0	#414141	56
617	#E474A0	#414141	56
618	#CD1076	#000000	11
619	#E474A0	#414141	56
620	#CD1076	#000000	49
621	#CD1076	#000000	11
622	#CD1076	#000000	11
623	#CD1076	#000000	11
624	#CD1076	#000000	11
625	#CD1076	#000000	11
626	#CD1076	#000000	11
627	#CD1076	#000000	11
628	#FFFFFF	#D3D3D3	24
629	#FFFFFF	#D3D3D3	24
630	#FFFFFF	#D3D3D3	24
631	#CD1076	#000000	49
632	#FFFFFF	#D3D3D3	24
633	#FFFFFF	#D3D3D3	1
634	#FFFFFF	#D3D3D3	1
635	#FFFFFF	#D3D3D3	1
636	#FFFFFF	#D3D3D3	1
637	#FFFFFF	#D3D3D3	1
638	#FFFFFF	#D3D3D3	1
639	#FFFFFF	#D3D3D3	1
640	#FFFFFF	#D3D3D3	66
641	#FFFFFF	#D3D3D3	177
642	#CD1076	#000000	49
643	#FFFFFF	#D3D3D3	177
644	#FFFFFF	#D3D3D3	66
645	#FFFFFF	#D3D3D3	66
646	#FFFFFF	#D3D3D3	66
647	#FFFFFF	#D3D3D3	100
648	#FFFFFF	#D3D3D3	66
649	#FFFFFF	#D3D3D3	66
650	#FFFFFF	#D3D3D3	66
651	#FFFFFF	#D3D3D3	66
652	#CD1076	#000000	49
653	#CD1076	#000000	49
654	#CD1076	#000000	49
655	#CD1076	#000000	49
656	#CD1076	#000000	49
658	#CD1076	#000000	212
659	#CD1076	#000000	72
660	#CD1076	#000000	49
661	#D43881	#171717	106
662	#E474A0	#414141	56
663	#E474A0	#414141	56
664	#E474A0	#414141	56
665	#E474A0	#414141	56
666	#E474A0	#414141	56
667	#E474A0	#414141	56
668	#CD1076	#000000	11
669	#CD1076	#000000	11
670	#CD1076	#000000	49
671	#CD1076	#000000	11
672	#CD1076	#000000	11
673	#CD1076	#000000	11
674	#CD1076	#000000	11
675	#CD1076	#000000	11
676	#CD1076	#000000	11
677	#CD1076	#000000	11
678	#FFFFFF	#D3D3D3	24
679	#FFFFFF	#D3D3D3	24
680	#FFFFFF	#D3D3D3	24
681	#CD1076	#000000	49
682	#FFFFFF	#D3D3D3	24
683	#FFFFFF	#D3D3D3	1
684	#FFFFFF	#D3D3D3	1
685	#FFFFFF	#D3D3D3	1
686	#FFFFFF	#D3D3D3	1
687	#FFFFFF	#D3D3D3	1
688	#FFFFFF	#D3D3D3	1
689	#FFFFFF	#D3D3D3	1
690	#FFFFFF	#D3D3D3	66
691	#FFFFFF	#D3D3D3	66
692	#CD1076	#000000	49
693	#FFFFFF	#D3D3D3	177
694	#FFFFFF	#D3D3D3	66
695	#FFFFFF	#D3D3D3	66
696	#FFFFFF	#D3D3D3	66
697	#FFFFFF	#D3D3D3	100
698	#FFFFFF	#D3D3D3	100
699	#FFFFFF	#D3D3D3	66
700	#FFFFFF	#D3D3D3	66
701	#FFFFFF	#D3D3D3	66
702	#FFFFFF	#D3D3D3	66
703	#CD1076	#000000	49
704	#CD1076	#000000	49
705	#CD1076	#000000	49
706	#CD1076	#000000	49
707	#CD1076	#000000	49
709	#CD1076	#000000	212
710	#CD1076	#000000	49
711	#D43881	#171717	106
712	#E474A0	#414141	56
713	#E474A0	#414141	56
714	#E474A0	#414141	56
715	#E474A0	#414141	56
716	#E474A0	#414141	56
717	#E474A0	#414141	56
718	#CD1076	#000000	11
719	#CD1076	#000000	11
720	#CD1076	#000000	11
721	#CD1076	#000000	49
722	#CD1076	#000000	11
723	#CD1076	#000000	11
724	#CD1076	#000000	11
725	#CD1076	#000000	11
726	#CD1076	#000000	11
727	#CD1076	#000000	11
728	#FFFFFF	#D3D3D3	24
729	#FFFFFF	#D3D3D3	24
730	#FFFFFF	#D3D3D3	24
731	#FFFFFF	#D3D3D3	24
732	#CD1076	#000000	49
733	#FFFFFF	#D3D3D3	24
734	#FFFFFF	#D3D3D3	1
735	#FFFFFF	#D3D3D3	1
736	#FFFFFF	#D3D3D3	1
737	#FFFFFF	#D3D3D3	1
738	#FFFFFF	#D3D3D3	1
739	#FFFFFF	#D3D3D3	1
740	#FFFFFF	#D3D3D3	1
741	#FFFFFF	#D3D3D3	66
742	#FFFFFF	#D3D3D3	66
743	#CD1076	#000000	49
744	#FFFFFF	#D3D3D3	66
745	#FFFFFF	#D3D3D3	66
746	#FFFFFF	#D3D3D3	66
747	#FFFFFF	#D3D3D3	100
748	#FFFFFF	#D3D3D3	100
749	#FFFFFF	#D3D3D3	100
750	#FFFFFF	#D3D3D3	66
751	#FFFFFF	#D3D3D3	66
752	#FFFFFF	#D3D3D3	66
753	#CD1076	#000000	49
754	#CD1076	#000000	49
755	#CD1076	#000000	49
756	#CD1076	#000000	49
757	#CD1076	#000000	49
759	#CD1076	#000000	212
760	#CD1076	#000000	49
761	#CD1076	#000000	49
762	#E474A0	#414141	56
763	#E474A0	#414141	56
764	#E474A0	#414141	56
765	#E474A0	#414141	56
766	#E474A0	#414141	56
767	#E474A0	#414141	56
768	#CD1076	#000000	11
769	#CD1076	#000000	11
770	#CD1076	#000000	11
771	#CD1076	#000000	49
772	#CD1076	#000000	11
773	#CD1076	#000000	11
774	#CD1076	#000000	11
775	#CD1076	#000000	11
776	#CD1076	#000000	11
777	#CD1076	#000000	11
778	#FFFFFF	#D3D3D3	24
779	#FFFFFF	#D3D3D3	24
780	#FFFFFF	#D3D3D3	24
781	#FFFFFF	#D3D3D3	24
782	#CD1076	#000000	49
783	#FFFFFF	#D3D3D3	24
784	#FFFFFF	#D3D3D3	24
785	#FFFFFF	#D3D3D3	1
786	#FFFFFF	#D3D3D3	1
787	#FFFFFF	#D3D3D3	1
788	#FFFFFF	#D3D3D3	1
789	#FFFFFF	#D3D3D3	1
790	#FFFFFF	#D3D3D3	1
791	#FFFFFF	#D3D3D3	1
792	#FFFFFF	#D3D3D3	66
793	#CD1076	#000000	49
794	#FFFFFF	#D3D3D3	1
795	#FFFFFF	#D3D3D3	66
796	#FFFFFF	#D3D3D3	66
797	#FFFFFF	#D3D3D3	100
798	#FFFFFF	#D3D3D3	100
799	#FFFFFF	#D3D3D3	100
800	#FFFFFF	#D3D3D3	100
801	#FFFFFF	#D3D3D3	66
802	#FFFFFF	#D3D3D3	66
803	#FFFFFF	#D3D3D3	66
804	#CD1076	#000000	49
805	#CD1076	#000000	49
806	#CD1076	#000000	49
807	#CD1076	#000000	49
808	#CD1076	#000000	49
810	#CD1076	#000000	212
811	#CD1076	#000000	49
812	#E474A0	#414141	56
813	#E474A0	#414141	56
814	#E474A0	#414141	56
815	#E474A0	#414141	56
816	#E474A0	#414141	56
817	#E474A0	#414141	56
818	#E474A0	#414141	56
819	#CD1076	#000000	11
820	#CD1076	#000000	11
821	#CD1076	#000000	11
822	#CD1076	#000000	49
823	#CD1076	#000000	11
824	#CD1076	#000000	11
825	#CD1076	#000000	11
826	#CD1076	#000000	11
827	#CD1076	#000000	11
828	#FFFFFF	#D3D3D3	24
829	#FFFFFF	#D3D3D3	24
830	#FFFFFF	#D3D3D3	24
831	#FFFFFF	#D3D3D3	24
832	#FFFFFF	#D3D3D3	24
833	#CD1076	#000000	49
834	#FFFFFF	#D3D3D3	1
835	#FFFFFF	#D3D3D3	24
836	#FFFFFF	#D3D3D3	1
837	#FFFFFF	#D3D3D3	1
838	#FFFFFF	#D3D3D3	1
839	#FFFFFF	#D3D3D3	1
840	#FFFFFF	#D3D3D3	1
841	#FFFFFF	#D3D3D3	1
842	#FFFFFF	#D3D3D3	1
843	#FFFFFF	#D3D3D3	1
844	#CD1076	#000000	49
845	#FFFFFF	#D3D3D3	1
846	#FFFFFF	#D3D3D3	66
847	#FFFFFF	#D3D3D3	100
848	#FFFFFF	#D3D3D3	100
849	#FFFFFF	#D3D3D3	100
850	#FFFFFF	#D3D3D3	100
851	#FFFFFF	#D3D3D3	100
852	#FFFFFF	#D3D3D3	66
853	#FFFFFF	#D3D3D3	66
854	#CD1076	#000000	49
855	#CD1076	#000000	49
856	#CD1076	#000000	49
857	#CD1076	#000000	49
858	#CD1076	#000000	49
860	#CD1076	#000000	212
861	#CD1076	#000000	139
862	#E474A0	#414141	56
863	#E474A0	#414141	56
864	#E474A0	#414141	56
865	#E474A0	#414141	56
866	#E474A0	#414141	56
867	#E474A0	#414141	56
868	#E474A0	#414141	56
869	#CD1076	#000000	11
870	#CD1076	#000000	11
871	#CD1076	#000000	11
872	#CD1076	#000000	49
873	#CD1076	#000000	11
874	#CD1076	#000000	11
875	#CD1076	#000000	11
876	#CD1076	#000000	11
877	#CD1076	#000000	11
878	#FFFFFF	#D3D3D3	24
879	#FFFFFF	#D3D3D3	24
880	#FFFFFF	#D3D3D3	24
881	#FFFFFF	#D3D3D3	24
882	#FFFFFF	#D3D3D3	24
883	#CD1076	#000000	49
884	#FFFFFF	#D3D3D3	1
885	#FFFFFF	#D3D3D3	1
886	#FFFFFF	#D3D3D3	1
887	#FFFFFF	#D3D3D3	1
888	#FFFFFF	#D3D3D3	1
889	#FFFFFF	#D3D3D3	1
890	#FFFFFF	#D3D3D3	1
891	#FFFFFF	#D3D3D3	1
892	#FFFFFF	#D3D3D3	1
893	#FFFFFF	#D3D3D3	1
894	#CD1076	#000000	49
895	#FFFFFF	#D3D3D3	1
896	#FFFFFF	#D3D3D3	1
897	#FFFFFF	#D3D3D3	100
898	#FFFFFF	#D3D3D3	100
899	#FFFFFF	#D3D3D3	100
900	#FFFFFF	#D3D3D3	100
901	#FFFFFF	#D3D3D3	100
902	#FFFFFF	#D3D3D3	100
903	#FFFFFF	#D3D3D3	66
904	#FFFFFF	#D3D3D3	66
905	#CD1076	#000000	49
906	#CD1076	#000000	49
907	#CD1076	#000000	49
908	#CD1076	#000000	49
909	#CD1076	#000000	49
911	#CD1076	#000000	212
912	#CD1076	#000000	139
913	#E474A0	#414141	56
914	#E474A0	#414141	56
915	#E474A0	#414141	56
916	#E474A0	#414141	56
917	#E474A0	#414141	56
918	#E474A0	#414141	56
919	#E474A0	#414141	56
920	#CD1076	#000000	11
921	#CD1076	#000000	11
922	#CD1076	#000000	11
923	#CD1076	#000000	49
924	#CD1076	#000000	11
925	#CD1076	#000000	11
926	#CD1076	#000000	11
927	#CD1076	#000000	11
928	#FFFFFF	#D3D3D3	24
929	#FFFFFF	#D3D3D3	24
930	#FFFFFF	#D3D3D3	24
931	#FFFFFF	#D3D3D3	24
932	#FFFFFF	#D3D3D3	24
933	#FFFFFF	#D3D3D3	1
934	#CD1076	#000000	49
935	#FFFFFF	#D3D3D3	1
936	#FFFFFF	#D3D3D3	1
937	#FFFFFF	#D3D3D3	1
938	#FFFFFF	#D3D3D3	1
939	#FFFFFF	#D3D3D3	1
940	#FFFFFF	#D3D3D3	1
941	#FFFFFF	#D3D3D3	1
942	#FFFFFF	#D3D3D3	1
943	#FFFFFF	#D3D3D3	1
944	#FFFFFF	#D3D3D3	1
945	#CD1076	#000000	49
946	#FFFFFF	#D3D3D3	1
947	#FFFFFF	#D3D3D3	100
948	#FFFFFF	#D3D3D3	100
949	#FFFFFF	#D3D3D3	100
950	#FFFFFF	#D3D3D3	100
951	#FFFFFF	#D3D3D3	100
952	#FFFFFF	#D3D3D3	100
953	#FFFFFF	#D3D3D3	100
954	#FFFFFF	#D3D3D3	66
955	#CD1076	#000000	49
956	#CD1076	#000000	49
957	#CD1076	#000000	49
958	#CD1076	#000000	49
959	#E474A0	#414141	56
961	#CD1076	#000000	212
962	#CD1076	#000000	139
963	#E474A0	#414141	56
964	#E474A0	#414141	56
965	#E474A0	#414141	56
966	#E474A0	#414141	56
967	#E474A0	#414141	56
968	#E474A0	#414141	56
969	#E474A0	#414141	56
970	#CD1076	#000000	11
971	#CD1076	#000000	11
972	#CD1076	#000000	11
973	#CD1076	#000000	49
974	#CD1076	#000000	11
975	#CD1076	#000000	11
976	#CD1076	#000000	11
977	#CD1076	#000000	11
978	#FFFFFF	#D3D3D3	24
979	#FFFFFF	#D3D3D3	24
980	#FFFFFF	#D3D3D3	24
981	#FFFFFF	#D3D3D3	24
982	#FFFFFF	#D3D3D3	24
983	#FFFFFF	#D3D3D3	1
984	#CD1076	#000000	49
985	#FFFFFF	#D3D3D3	1
986	#FFFFFF	#D3D3D3	24
987	#FFFFFF	#D3D3D3	1
988	#FFFFFF	#D3D3D3	1
989	#FFFFFF	#D3D3D3	1
990	#FFFFFF	#D3D3D3	1
991	#FFFFFF	#D3D3D3	1
992	#FFFFFF	#D3D3D3	1
993	#FFFFFF	#D3D3D3	1
994	#FFFFFF	#D3D3D3	1
995	#CD1076	#000000	49
996	#FFFFFF	#D3D3D3	1
997	#FFFFFF	#D3D3D3	1
998	#FFFFFF	#D3D3D3	100
999	#FFFFFF	#D3D3D3	100
1000	#FFFFFF	#D3D3D3	100
1001	#FFFFFF	#D3D3D3	100
1002	#FFFFFF	#D3D3D3	100
1003	#FFFFFF	#D3D3D3	100
1004	#FFFFFF	#D3D3D3	100
1005	#FFFFFF	#D3D3D3	66
1006	#CD1076	#000000	49
1007	#CD1076	#000000	49
1008	#CD1076	#000000	49
1009	#CE1B78	#050505	81
1010	#E474A0	#414141	56
1012	#CD1076	#000000	212
1013	#CD1076	#000000	139
1014	#E474A0	#414141	56
1015	#E474A0	#414141	56
1016	#E474A0	#414141	56
1017	#E474A0	#414141	56
1018	#E474A0	#414141	56
1019	#E474A0	#414141	56
1020	#CD1076	#000000	11
1021	#CD1076	#000000	11
1022	#CD1076	#000000	11
1023	#CD1076	#000000	11
1024	#CD1076	#000000	49
1025	#CD1076	#000000	11
1026	#CD1076	#000000	11
1027	#CD1076	#000000	11
1028	#FFFFFF	#D3D3D3	24
1029	#FFFFFF	#D3D3D3	24
1030	#FFFFFF	#D3D3D3	24
1031	#FFFFFF	#D3D3D3	24
1032	#FFFFFF	#D3D3D3	24
1033	#FFFFFF	#D3D3D3	24
1034	#FFFFFF	#D3D3D3	1
1035	#CD1076	#000000	49
1036	#FFFFFF	#D3D3D3	24
1037	#FFFFFF	#D3D3D3	1
1038	#FFFFFF	#D3D3D3	1
1039	#FFFFFF	#D3D3D3	1
1040	#FFFFFF	#D3D3D3	1
1041	#FFFFFF	#D3D3D3	1
1042	#FFFFFF	#D3D3D3	1
1043	#FFFFFF	#D3D3D3	1
1044	#FFFFFF	#D3D3D3	1
1045	#FFFFFF	#D3D3D3	1
1046	#CD1076	#000000	49
1047	#FFFFFF	#D3D3D3	1
1048	#FFFFFF	#D3D3D3	100
1049	#FFFFFF	#D3D3D3	100
1050	#FFFFFF	#D3D3D3	100
1051	#FFFFFF	#D3D3D3	100
1052	#FFFFFF	#D3D3D3	100
1053	#FFFFFF	#D3D3D3	100
1054	#FFFFFF	#D3D3D3	100
1055	#FFFFFF	#D3D3D3	100
1056	#CD1076	#000000	49
1057	#CD1076	#000000	49
1058	#CE1B78	#050505	81
1059	#E474A0	#414141	56
1060	#E474A0	#414141	56
1062	#CD1076	#000000	212
1063	#CD1076	#000000	139
1064	#E474A0	#414141	56
1065	#E474A0	#414141	56
1066	#E474A0	#414141	56
1067	#E474A0	#414141	56
1068	#E474A0	#414141	56
1069	#E474A0	#414141	56
1070	#CD1076	#000000	11
1071	#CD1076	#000000	11
1072	#CD1076	#000000	11
1073	#CD1076	#000000	11
1074	#CD1076	#000000	139
1075	#CD1076	#000000	11
1076	#CD1076	#000000	11
1077	#CD1076	#000000	11
1078	#FFFFFF	#D3D3D3	24
1079	#FFFFFF	#D3D3D3	24
1080	#FFFFFF	#D3D3D3	24
1081	#FFFFFF	#D3D3D3	24
1082	#FFFFFF	#D3D3D3	24
1083	#FFFFFF	#D3D3D3	24
1084	#FFFFFF	#D3D3D3	24
1085	#CD1076	#000000	49
1086	#FFFFFF	#D3D3D3	24
1087	#FFFFFF	#D3D3D3	24
1088	#FFFFFF	#D3D3D3	1
1089	#FFFFFF	#D3D3D3	1
1090	#FFFFFF	#D3D3D3	1
1091	#FFFFFF	#D3D3D3	1
1092	#FFFFFF	#D3D3D3	1
1093	#FFFFFF	#D3D3D3	1
1094	#FFFFFF	#D3D3D3	1
1095	#FFFFFF	#D3D3D3	1
1096	#CD1076	#000000	49
1097	#FFFFFF	#D3D3D3	1
1098	#FFFFFF	#D3D3D3	1
1099	#FFFFFF	#D3D3D3	1
1100	#FFFFFF	#D3D3D3	100
1101	#FFFFFF	#D3D3D3	100
1102	#FFFFFF	#D3D3D3	100
1103	#FFFFFF	#D3D3D3	100
1104	#FFFFFF	#D3D3D3	100
1105	#FFFFFF	#D3D3D3	100
1106	#FFFFFF	#D3D3D3	100
1107	#CD1076	#000000	49
1108	#CD1076	#000000	49
1109	#CE1B78	#050505	81
1110	#E474A0	#414141	56
1111	#E474A0	#414141	56
1113	#CD1076	#000000	212
1114	#CD1076	#000000	139
1115	#E474A0	#414141	56
1116	#E474A0	#414141	56
1117	#E474A0	#414141	56
1118	#E474A0	#414141	56
1119	#E474A0	#414141	56
1120	#CD1076	#000000	11
1121	#CD1076	#000000	11
1122	#CD1076	#000000	11
1123	#CD1076	#000000	11
1124	#CD1076	#000000	11
1125	#CD1076	#000000	139
1126	#CD1076	#000000	11
1127	#CD1076	#000000	11
1128	#FFFFFF	#D3D3D3	24
1129	#FFFFFF	#D3D3D3	24
1130	#FFFFFF	#D3D3D3	24
1131	#FFFFFF	#D3D3D3	24
1132	#FFFFFF	#D3D3D3	24
1133	#FFFFFF	#D3D3D3	24
1134	#FFFFFF	#D3D3D3	24
1135	#FFFFFF	#D3D3D3	24
1136	#CD1076	#000000	49
1137	#FFFFFF	#D3D3D3	24
1138	#FFFFFF	#D3D3D3	24
1139	#FFFFFF	#D3D3D3	1
1140	#FFFFFF	#D3D3D3	24
1141	#FFFFFF	#D3D3D3	1
1142	#FFFFFF	#D3D3D3	1
1143	#FFFFFF	#D3D3D3	1
1144	#FFFFFF	#D3D3D3	1
1145	#FFFFFF	#D3D3D3	1
1146	#FFFFFF	#D3D3D3	1
1147	#CD1076	#000000	49
1148	#FFFFFF	#D3D3D3	1
1149	#FFFFFF	#D3D3D3	1
1150	#FFFFFF	#D3D3D3	1
1151	#FFFFFF	#D3D3D3	100
1152	#FFFFFF	#D3D3D3	100
1153	#FFFFFF	#D3D3D3	100
1154	#FFFFFF	#D3D3D3	100
1155	#FFFFFF	#D3D3D3	100
1156	#FFFFFF	#D3D3D3	100
1157	#CD1076	#000000	49
1158	#CE1B78	#050505	81
1159	#E474A0	#414141	56
1160	#E474A0	#414141	56
1161	#E474A0	#414141	56
1163	#CD1076	#000000	169
1164	#CD1076	#000000	169
1165	#CD1076	#000000	116
1166	#CD1076	#000000	216
1167	#CD1076	#000000	216
1168	#CD1076	#000000	216
1169	#CD1076	#000000	216
1170	#D43881	#171717	106
1171	#D43881	#171717	106
1172	#D43881	#171717	106
1173	#D63F84	#1A1A1A	142
1174	#D63F84	#1A1A1A	142
1175	#CD1076	#000000	72
1176	#D63F84	#1A1A1A	142
1177	#D43881	#171717	106
1178	#D43881	#171717	106
1179	#D43881	#171717	106
1180	#D43881	#171717	106
1181	#FFFFFF	#D3D3D3	1
1182	#FFFFFF	#D3D3D3	1
1183	#FFFFFF	#D3D3D3	1
1184	#FFFFFF	#D3D3D3	1
1185	#FFFFFF	#D3D3D3	1
1186	#CD1076	#000000	116
1187	#FFFFFF	#D3D3D3	1
1188	#FFFFFF	#D3D3D3	1
1189	#FFFFFF	#D3D3D3	1
1190	#FFFFFF	#D3D3D3	1
1191	#FFFFFF	#D3D3D3	1
1192	#FFFFFF	#D3D3D3	66
1193	#FFFFFF	#D3D3D3	66
1194	#FFFFFF	#D3D3D3	66
1195	#FFFFFF	#D3D3D3	66
1196	#FFFFFF	#D3D3D3	66
1197	#CD1076	#000000	116
1198	#FFFFFF	#D3D3D3	66
1199	#FFFFFF	#D3D3D3	66
1200	#FFFFFF	#D3D3D3	66
1201	#FFFFFF	#D3D3D3	1
1202	#FFFFFF	#D3D3D3	66
1203	#FFFFFF	#D3D3D3	1
1204	#FFFFFF	#D3D3D3	1
1205	#FFFFFF	#D3D3D3	1
1206	#FFFFFF	#D3D3D3	1
1207	#FFFFFF	#D3D3D3	40
1208	#CD1076	#000000	116
1209	#CD1076	#000000	116
1210	#CD1076	#000000	216
1211	#CD1076	#000000	216
1212	#CD1076	#000000	116
1214	#CD1076	#000000	169
1215	#CD1076	#000000	72
1216	#CD1076	#000000	116
1217	#CD1076	#000000	216
1218	#CD1076	#000000	216
1219	#CD1076	#000000	216
1220	#D43881	#171717	106
1221	#D43881	#171717	106
1222	#D43881	#171717	106
1223	#D43881	#171717	106
1224	#D63F84	#1A1A1A	142
1225	#D63F84	#1A1A1A	142
1226	#CD1076	#000000	72
1227	#D43881	#171717	106
1228	#D43881	#171717	106
1229	#D43881	#171717	106
1230	#D43881	#171717	106
1231	#E474A0	#414141	56
1232	#FFFFFF	#D3D3D3	1
1233	#FFFFFF	#D3D3D3	1
1234	#FFFFFF	#D3D3D3	1
1235	#FFFFFF	#D3D3D3	1
1236	#FFFFFF	#D3D3D3	1
1237	#CD1076	#000000	116
1238	#FFFFFF	#D3D3D3	1
1239	#FFFFFF	#D3D3D3	1
1240	#FFFFFF	#D3D3D3	1
1241	#FFFFFF	#D3D3D3	1
1242	#FFFFFF	#D3D3D3	66
1243	#FFFFFF	#D3D3D3	66
1244	#FFFFFF	#D3D3D3	66
1245	#FFFFFF	#D3D3D3	66
1246	#FFFFFF	#D3D3D3	66
1247	#FFFFFF	#D3D3D3	66
1248	#CD1076	#000000	116
1249	#FFFFFF	#D3D3D3	66
1250	#FFFFFF	#D3D3D3	66
1251	#FFFFFF	#D3D3D3	1
1252	#FFFFFF	#D3D3D3	66
1253	#FFFFFF	#D3D3D3	66
1254	#FFFFFF	#D3D3D3	1
1255	#FFFFFF	#D3D3D3	1
1256	#FFFFFF	#D3D3D3	1
1257	#FFFFFF	#D3D3D3	1
1258	#CD1076	#000000	116
1259	#CD1076	#000000	116
1260	#CD1076	#000000	216
1261	#CD1076	#000000	116
1262	#CD1076	#000000	116
1264	#CD1076	#000000	212
1265	#CD1076	#000000	139
1266	#E474A0	#414141	56
1267	#E474A0	#414141	56
1268	#E474A0	#414141	56
1269	#E474A0	#414141	56
1270	#E474A0	#414141	56
1271	#CD1076	#000000	11
1272	#CD1076	#000000	11
1273	#CD1076	#000000	11
1274	#CD1076	#000000	11
1275	#CD1076	#000000	11
1276	#CD1076	#000000	139
1277	#CD1076	#000000	11
1278	#CD1076	#000000	11
1279	#FFFFFF	#D3D3D3	24
1280	#FFFFFF	#D3D3D3	24
1281	#FFFFFF	#D3D3D3	24
1282	#FFFFFF	#D3D3D3	24
1283	#FFFFFF	#D3D3D3	24
1284	#FFFFFF	#D3D3D3	24
1285	#FFFFFF	#D3D3D3	24
1286	#FFFFFF	#D3D3D3	24
1287	#CD1076	#000000	49
1288	#FFFFFF	#D3D3D3	24
1289	#FFFFFF	#D3D3D3	24
1290	#FFFFFF	#D3D3D3	24
1291	#FFFFFF	#D3D3D3	24
1292	#FFFFFF	#D3D3D3	24
1293	#FFFFFF	#D3D3D3	1
1294	#FFFFFF	#D3D3D3	1
1295	#FFFFFF	#D3D3D3	1
1296	#FFFFFF	#D3D3D3	1
1297	#FFFFFF	#D3D3D3	24
1298	#CD1076	#000000	49
1299	#FFFFFF	#D3D3D3	24
1300	#FFFFFF	#D3D3D3	1
1301	#FFFFFF	#D3D3D3	1
1302	#FFFFFF	#D3D3D3	1
1303	#FFFFFF	#D3D3D3	100
1304	#FFFFFF	#D3D3D3	100
1305	#FFFFFF	#D3D3D3	100
1306	#FFFFFF	#D3D3D3	100
1307	#FFFFFF	#D3D3D3	100
1308	#FFFFFF	#D3D3D3	100
1309	#CD1076	#000000	49
1310	#CE1B78	#050505	81
1311	#E474A0	#414141	56
1312	#E474A0	#414141	56
1313	#E474A0	#414141	56
1315	#CD1076	#000000	212
1316	#CD1076	#000000	139
1317	#E474A0	#414141	56
1318	#E474A0	#414141	56
1319	#E474A0	#414141	56
1320	#E474A0	#414141	56
1321	#CD1076	#000000	11
1322	#CD1076	#000000	11
1323	#CD1076	#000000	11
1324	#CD1076	#000000	11
1325	#CD1076	#000000	11
1326	#CD1076	#000000	11
1327	#CD1076	#000000	49
1328	#CD1076	#000000	11
1329	#FFFFFF	#D3D3D3	24
1330	#FFFFFF	#D3D3D3	24
1331	#FFFFFF	#D3D3D3	24
1332	#FFFFFF	#D3D3D3	24
1333	#FFFFFF	#D3D3D3	24
1334	#FFFFFF	#D3D3D3	24
1335	#FFFFFF	#D3D3D3	24
1336	#FFFFFF	#D3D3D3	24
1337	#FFFFFF	#D3D3D3	24
1338	#CD1076	#000000	49
1339	#FFFFFF	#D3D3D3	24
1340	#FFFFFF	#D3D3D3	24
1341	#FFFFFF	#D3D3D3	24
1342	#FFFFFF	#D3D3D3	24
1343	#FFFFFF	#D3D3D3	24
1344	#FFFFFF	#D3D3D3	24
1345	#FFFFFF	#D3D3D3	1
1346	#FFFFFF	#D3D3D3	1
1347	#FFFFFF	#D3D3D3	24
1348	#FFFFFF	#D3D3D3	24
1349	#CD1076	#000000	49
1350	#FFFFFF	#D3D3D3	24
1351	#FFFFFF	#D3D3D3	1
1352	#FFFFFF	#D3D3D3	1
1353	#FFFFFF	#D3D3D3	1
1354	#FFFFFF	#D3D3D3	100
1355	#FFFFFF	#D3D3D3	100
1356	#FFFFFF	#D3D3D3	100
1357	#FFFFFF	#D3D3D3	100
1358	#FFFFFF	#D3D3D3	100
1359	#CE1B78	#050505	81
1360	#E474A0	#414141	56
1361	#E474A0	#414141	56
1362	#E474A0	#414141	56
1363	#E474A0	#414141	56
1365	#CD1076	#000000	212
1366	#CD1076	#000000	139
1367	#E474A0	#414141	56
1368	#E474A0	#414141	56
1369	#E474A0	#414141	56
1370	#CD1076	#000000	11
1371	#CD1076	#000000	11
1372	#CD1076	#000000	11
1373	#CD1076	#000000	11
1374	#CD1076	#000000	11
1375	#CD1076	#000000	11
1376	#CD1076	#000000	11
1377	#CD1076	#000000	49
1378	#CD1076	#000000	11
1379	#FFFFFF	#D3D3D3	24
1380	#FFFFFF	#D3D3D3	24
1381	#FFFFFF	#D3D3D3	24
1382	#FFFFFF	#D3D3D3	24
1383	#FFFFFF	#D3D3D3	24
1384	#FFFFFF	#D3D3D3	24
1385	#FFFFFF	#D3D3D3	24
1386	#FFFFFF	#D3D3D3	24
1387	#FFFFFF	#D3D3D3	24
1388	#CD1076	#000000	49
1389	#FFFFFF	#D3D3D3	24
1390	#FFFFFF	#D3D3D3	24
1391	#FFFFFF	#D3D3D3	24
1392	#FFFFFF	#D3D3D3	24
1393	#FFFFFF	#D3D3D3	24
1394	#FFFFFF	#D3D3D3	24
1395	#FFFFFF	#D3D3D3	24
1396	#FFFFFF	#D3D3D3	1
1397	#FFFFFF	#D3D3D3	24
1398	#FFFFFF	#D3D3D3	24
1399	#CD1076	#000000	49
1400	#FFFFFF	#D3D3D3	24
1401	#FFFFFF	#D3D3D3	24
1402	#FFFFFF	#D3D3D3	1
1403	#FFFFFF	#D3D3D3	1
1404	#FFFFFF	#D3D3D3	1
1405	#FFFFFF	#D3D3D3	100
1406	#FFFFFF	#D3D3D3	100
1407	#FFFFFF	#D3D3D3	100
1408	#FFFFFF	#D3D3D3	100
1409	#FFFFFF	#D3D3D3	100
1410	#CD1076	#000000	49
1411	#CE1B78	#050505	81
1412	#E474A0	#414141	56
1413	#E474A0	#414141	56
1414	#E474A0	#414141	56
1416	#CD1076	#000000	212
1417	#CD1076	#000000	139
1418	#E474A0	#414141	56
1419	#E474A0	#414141	56
1420	#E474A0	#414141	56
1421	#CD1076	#000000	11
1422	#CD1076	#000000	11
1423	#CD1076	#000000	11
1424	#CD1076	#000000	11
1425	#CD1076	#000000	11
1426	#CD1076	#000000	11
1427	#CD1076	#000000	11
1428	#CD1076	#000000	49
1429	#FFFFFF	#D3D3D3	24
1430	#FFFFFF	#D3D3D3	24
1431	#FFFFFF	#D3D3D3	24
1432	#FFFFFF	#D3D3D3	24
1433	#FFFFFF	#D3D3D3	24
1434	#FFFFFF	#D3D3D3	24
1435	#FFFFFF	#D3D3D3	24
1436	#FFFFFF	#D3D3D3	24
1437	#FFFFFF	#D3D3D3	24
1438	#FFFFFF	#D3D3D3	24
1439	#CD1076	#000000	49
1440	#FFFFFF	#D3D3D3	24
1441	#FFFFFF	#D3D3D3	24
1442	#FFFFFF	#D3D3D3	24
1443	#FFFFFF	#D3D3D3	24
1444	#FFFFFF	#D3D3D3	24
1445	#FFFFFF	#D3D3D3	24
1446	#FFFFFF	#D3D3D3	24
1447	#FFFFFF	#D3D3D3	24
1448	#FFFFFF	#D3D3D3	24
1449	#FFFFFF	#D3D3D3	24
1450	#CD1076	#000000	49
1451	#FFFFFF	#D3D3D3	24
1452	#FFFFFF	#D3D3D3	1
1453	#FFFFFF	#D3D3D3	1
1454	#FFFFFF	#D3D3D3	1
1455	#FFFFFF	#D3D3D3	1
1456	#FFFFFF	#D3D3D3	100
1457	#FFFFFF	#D3D3D3	100
1458	#FFFFFF	#D3D3D3	100
1459	#FFFFFF	#D3D3D3	100
1460	#CE1B78	#050505	81
1461	#E474A0	#414141	56
1462	#E474A0	#414141	56
1463	#E474A0	#414141	56
1464	#E474A0	#414141	56
1466	#CD1076	#000000	212
1467	#CD1076	#000000	139
1468	#E474A0	#414141	56
1469	#E474A0	#414141	56
1470	#E474A0	#414141	56
1471	#CD1076	#000000	11
1472	#CD1076	#000000	11
1473	#CD1076	#000000	11
1474	#CD1076	#000000	11
1475	#CD1076	#000000	11
1476	#CD1076	#000000	11
1477	#CD1076	#000000	11
1478	#CD1076	#000000	49
1479	#FFFFFF	#D3D3D3	24
1480	#FFFFFF	#D3D3D3	24
1481	#FFFFFF	#D3D3D3	24
1482	#FFFFFF	#D3D3D3	24
1483	#FFFFFF	#D3D3D3	24
1484	#FFFFFF	#D3D3D3	24
1485	#FFFFFF	#D3D3D3	24
1486	#FFFFFF	#D3D3D3	24
1487	#FFFFFF	#D3D3D3	24
1488	#FFFFFF	#D3D3D3	24
1489	#CD1076	#000000	49
1490	#FFFFFF	#D3D3D3	24
1491	#FFFFFF	#D3D3D3	24
1492	#FFFFFF	#D3D3D3	24
1493	#FFFFFF	#D3D3D3	24
1494	#FFFFFF	#D3D3D3	24
1495	#FFFFFF	#D3D3D3	24
1496	#FFFFFF	#D3D3D3	24
1497	#FFFFFF	#D3D3D3	24
1498	#FFFFFF	#D3D3D3	24
1499	#FFFFFF	#D3D3D3	24
1500	#CD1076	#000000	49
1501	#FFFFFF	#D3D3D3	24
1502	#FFFFFF	#D3D3D3	24
1503	#FFFFFF	#D3D3D3	1
1504	#FFFFFF	#D3D3D3	1
1505	#FFFFFF	#D3D3D3	1
1506	#FFFFFF	#D3D3D3	1
1507	#FFFFFF	#D3D3D3	100
1508	#FFFFFF	#D3D3D3	100
1509	#FFFFFF	#D3D3D3	100
1510	#FFFFFF	#D3D3D3	100
1511	#CE1B78	#050505	81
1512	#CE1B78	#050505	81
1513	#E474A0	#414141	56
1514	#E474A0	#414141	56
1515	#E474A0	#414141	56
1517	#CD1076	#000000	212
1518	#CD1076	#000000	139
1519	#E474A0	#414141	56
1520	#E474A0	#414141	56
1521	#CD1076	#000000	11
1522	#CD1076	#000000	11
1523	#CD1076	#000000	11
1524	#CD1076	#000000	11
1525	#CD1076	#000000	11
1526	#CD1076	#000000	11
1527	#CD1076	#000000	11
1528	#FFFFFF	#D3D3D3	24
1529	#CD1076	#000000	49
1530	#FFFFFF	#D3D3D3	24
1531	#FFFFFF	#D3D3D3	24
1532	#FFFFFF	#D3D3D3	24
1533	#FFFFFF	#D3D3D3	24
1534	#FFFFFF	#D3D3D3	24
1535	#FFFFFF	#D3D3D3	24
1536	#FFFFFF	#D3D3D3	24
1537	#FFFFFF	#D3D3D3	24
1538	#FFFFFF	#D3D3D3	24
1539	#FFFFFF	#D3D3D3	24
1540	#CD1076	#000000	49
1541	#FFFFFF	#D3D3D3	24
1542	#FFFFFF	#D3D3D3	24
1543	#FFFFFF	#D3D3D3	24
1544	#FFFFFF	#D3D3D3	24
1545	#FFFFFF	#D3D3D3	24
1546	#FFFFFF	#D3D3D3	24
1547	#FFFFFF	#D3D3D3	24
1548	#FFFFFF	#D3D3D3	1
1549	#FFFFFF	#D3D3D3	24
1550	#FFFFFF	#D3D3D3	24
1551	#CD1076	#000000	49
1552	#FFFFFF	#D3D3D3	24
1553	#FFFFFF	#D3D3D3	1
1554	#FFFFFF	#D3D3D3	1
1555	#FFFFFF	#D3D3D3	1
1556	#FFFFFF	#D3D3D3	1
1557	#FFFFFF	#D3D3D3	1
1558	#FFFFFF	#D3D3D3	100
1559	#FFFFFF	#D3D3D3	100
1560	#FFFFFF	#D3D3D3	100
1561	#CE1B78	#050505	81
1562	#CE1B78	#050505	81
1563	#E474A0	#414141	56
1564	#E474A0	#414141	56
1565	#E474A0	#414141	56
1567	#CD1076	#000000	212
1568	#CD1076	#000000	139
1569	#E474A0	#414141	56
1570	#E474A0	#414141	56
1571	#CD1076	#000000	11
1572	#CD1076	#000000	11
1573	#CD1076	#000000	11
1574	#CD1076	#000000	11
1575	#CD1076	#000000	11
1576	#CD1076	#000000	11
1577	#CD1076	#000000	11
1578	#FFFFFF	#D3D3D3	24
1579	#CD1076	#000000	49
1580	#FFFFFF	#D3D3D3	24
1581	#FFFFFF	#D3D3D3	24
1582	#FFFFFF	#D3D3D3	24
1583	#FFFFFF	#D3D3D3	24
1584	#FFFFFF	#D3D3D3	24
1585	#FFFFFF	#D3D3D3	24
1586	#FFFFFF	#D3D3D3	24
1587	#FFFFFF	#D3D3D3	24
1588	#FFFFFF	#D3D3D3	24
1589	#FFFFFF	#D3D3D3	24
1590	#CD1076	#000000	49
1591	#FFFFFF	#D3D3D3	24
1592	#FFFFFF	#D3D3D3	24
1593	#FFFFFF	#D3D3D3	24
1594	#FFFFFF	#D3D3D3	24
1595	#FFFFFF	#D3D3D3	24
1596	#FFFFFF	#D3D3D3	24
1597	#FFFFFF	#D3D3D3	24
1598	#FFFFFF	#D3D3D3	24
1599	#FFFFFF	#D3D3D3	1
1600	#FFFFFF	#D3D3D3	24
1601	#CD1076	#000000	49
1602	#FFFFFF	#D3D3D3	24
1603	#FFFFFF	#D3D3D3	1
1604	#FFFFFF	#D3D3D3	1
1605	#FFFFFF	#D3D3D3	1
1606	#FFFFFF	#D3D3D3	1
1607	#FFFFFF	#D3D3D3	1
1608	#FFFFFF	#D3D3D3	1
1609	#FFFFFF	#D3D3D3	100
1610	#FFFFFF	#D3D3D3	100
1611	#FFFFFF	#D3D3D3	100
1612	#CE1B78	#050505	81
1613	#CE1B78	#050505	81
1614	#CE1B78	#050505	81
1615	#E474A0	#414141	56
1616	#E474A0	#414141	56
1618	#CD1076	#000000	212
1619	#CD1076	#000000	49
1620	#E474A0	#414141	56
1621	#CD1076	#000000	11
1622	#CD1076	#000000	11
1623	#CD1076	#000000	11
1624	#CD1076	#000000	11
1625	#CD1076	#000000	11
1626	#CD1076	#000000	11
1627	#CD1076	#000000	11
1628	#FFFFFF	#D3D3D3	24
1629	#FFFFFF	#D3D3D3	24
1630	#CD1076	#000000	49
1631	#FFFFFF	#D3D3D3	24
1632	#FFFFFF	#D3D3D3	24
1633	#FFFFFF	#D3D3D3	24
1634	#FFFFFF	#D3D3D3	24
1635	#FFFFFF	#D3D3D3	24
1636	#FFFFFF	#D3D3D3	24
1637	#FFFFFF	#D3D3D3	24
1638	#FFFFFF	#D3D3D3	24
1639	#FFFFFF	#D3D3D3	24
1640	#FFFFFF	#D3D3D3	24
1641	#CD1076	#000000	49
1642	#FFFFFF	#D3D3D3	24
1643	#FFFFFF	#D3D3D3	24
1644	#FFFFFF	#D3D3D3	24
1645	#FFFFFF	#D3D3D3	24
1646	#FFFFFF	#D3D3D3	24
1647	#FFFFFF	#D3D3D3	24
1648	#FFFFFF	#D3D3D3	24
1649	#FFFFFF	#D3D3D3	24
1650	#FFFFFF	#D3D3D3	1
1651	#FFFFFF	#D3D3D3	24
1652	#CE1B78	#050505	81
1653	#FFFFFF	#D3D3D3	1
1654	#FFFFFF	#D3D3D3	1
1655	#FFFFFF	#D3D3D3	1
1656	#FFFFFF	#D3D3D3	1
1657	#FFFFFF	#D3D3D3	1
1658	#FFFFFF	#D3D3D3	1
1659	#FFFFFF	#D3D3D3	1
1660	#FFFFFF	#D3D3D3	1
1661	#FFFFFF	#D3D3D3	100
1662	#CE1B78	#050505	81
1663	#CE1B78	#050505	81
1664	#E474A0	#414141	56
1665	#E474A0	#414141	56
1666	#E474A0	#414141	56
1668	#CD1076	#000000	212
1669	#CD1076	#000000	212
1670	#E474A0	#414141	56
1671	#CD1076	#000000	11
1672	#CD1076	#000000	11
1673	#CD1076	#000000	11
1674	#CD1076	#000000	11
1675	#CD1076	#000000	11
1676	#CD1076	#000000	11
1677	#CD1076	#000000	11
1678	#FFFFFF	#D3D3D3	24
1679	#FFFFFF	#D3D3D3	24
1680	#CD1076	#000000	212
1681	#FFFFFF	#D3D3D3	24
1682	#FFFFFF	#D3D3D3	24
1683	#FFFFFF	#D3D3D3	24
1684	#FFFFFF	#D3D3D3	24
1685	#FFFFFF	#D3D3D3	24
1686	#FFFFFF	#D3D3D3	24
1687	#FFFFFF	#D3D3D3	24
1688	#FFFFFF	#D3D3D3	24
1689	#FFFFFF	#D3D3D3	24
1690	#FFFFFF	#D3D3D3	24
1691	#CD1076	#000000	49
1692	#FFFFFF	#D3D3D3	24
1693	#FFFFFF	#D3D3D3	24
1694	#FFFFFF	#D3D3D3	24
1695	#FFFFFF	#D3D3D3	24
1696	#FFFFFF	#D3D3D3	24
1697	#FFFFFF	#D3D3D3	24
1698	#FFFFFF	#D3D3D3	24
1699	#FFFFFF	#D3D3D3	24
1700	#FFFFFF	#D3D3D3	24
1701	#FFFFFF	#D3D3D3	1
1702	#CD1076	#000000	49
1703	#FFFFFF	#D3D3D3	1
1704	#FFFFFF	#D3D3D3	1
1705	#FFFFFF	#D3D3D3	1
1706	#FFFFFF	#D3D3D3	1
1707	#FFFFFF	#D3D3D3	1
1708	#FFFFFF	#D3D3D3	1
1709	#FFFFFF	#D3D3D3	1
1710	#FFFFFF	#D3D3D3	1
1711	#FFFFFF	#D3D3D3	1
1712	#FFFFFF	#D3D3D3	100
1713	#CE1B78	#050505	81
1714	#CE1B78	#050505	81
1715	#CE1B78	#050505	81
1716	#E474A0	#414141	56
1717	#E474A0	#414141	56
1719	#CD1076	#000000	212
1720	#CD1076	#000000	212
1721	#CD1076	#000000	11
1722	#CD1076	#000000	11
1723	#CD1076	#000000	11
1724	#CD1076	#000000	11
1725	#CD1076	#000000	11
1726	#CD1076	#000000	11
1727	#CD1076	#000000	11
1728	#FFFFFF	#D3D3D3	24
1729	#FFFFFF	#D3D3D3	24
1730	#FFFFFF	#D3D3D3	24
1731	#CD1076	#000000	49
1732	#FFFFFF	#D3D3D3	24
1733	#FFFFFF	#D3D3D3	24
1734	#FFFFFF	#D3D3D3	24
1735	#FFFFFF	#D3D3D3	24
1736	#FFFFFF	#D3D3D3	24
1737	#FFFFFF	#D3D3D3	24
1738	#FFFFFF	#D3D3D3	24
1739	#FFFFFF	#D3D3D3	24
1740	#FFFFFF	#D3D3D3	24
1741	#FFFFFF	#D3D3D3	24
1742	#CD1076	#000000	49
1743	#FFFFFF	#D3D3D3	24
1744	#FFFFFF	#D3D3D3	24
1745	#FFFFFF	#D3D3D3	24
1746	#FFFFFF	#D3D3D3	24
1747	#FFFFFF	#D3D3D3	24
1748	#FFFFFF	#D3D3D3	24
1749	#FFFFFF	#D3D3D3	24
1750	#FFFFFF	#D3D3D3	24
1751	#FFFFFF	#D3D3D3	24
1752	#FFFFFF	#D3D3D3	1
1753	#CD1076	#000000	49
1754	#FFFFFF	#D3D3D3	1
1755	#FFFFFF	#D3D3D3	1
1756	#FFFFFF	#D3D3D3	1
1757	#FFFFFF	#D3D3D3	1
1758	#FFFFFF	#D3D3D3	1
1759	#FFFFFF	#D3D3D3	1
1760	#FFFFFF	#D3D3D3	1
1761	#FFFFFF	#D3D3D3	1
1762	#FFFFFF	#D3D3D3	1
1763	#CE1B78	#050505	81
1764	#CE1B78	#050505	81
1765	#CE1B78	#050505	81
1766	#CE1B78	#050505	81
1767	#E474A0	#414141	56
1769	#CD1076	#000000	212
1770	#CD1076	#000000	212
1771	#CD1076	#000000	197
1772	#CD1076	#000000	11
1773	#CD1076	#000000	11
1774	#CD1076	#000000	11
1775	#CD1076	#000000	11
1776	#CD1076	#000000	11
1777	#CD1076	#000000	11
1778	#FFFFFF	#D3D3D3	24
1779	#FFFFFF	#D3D3D3	24
1780	#FFFFFF	#D3D3D3	24
1781	#CD1076	#000000	49
1782	#FFFFFF	#D3D3D3	24
1783	#FFFFFF	#D3D3D3	24
1784	#FFFFFF	#D3D3D3	24
1785	#FFFFFF	#D3D3D3	24
1786	#FFFFFF	#D3D3D3	24
1787	#FFFFFF	#D3D3D3	24
1788	#FFFFFF	#D3D3D3	24
1789	#FFFFFF	#D3D3D3	24
1790	#FFFFFF	#D3D3D3	24
1791	#FFFFFF	#D3D3D3	24
1792	#CD1076	#000000	49
1793	#FFFFFF	#D3D3D3	24
1794	#FFFFFF	#D3D3D3	24
1795	#FFFFFF	#D3D3D3	24
1796	#FFFFFF	#D3D3D3	24
1797	#FFFFFF	#D3D3D3	24
1798	#FFFFFF	#D3D3D3	1
1799	#FFFFFF	#D3D3D3	24
1800	#FFFFFF	#D3D3D3	24
1801	#FFFFFF	#D3D3D3	24
1802	#FFFFFF	#D3D3D3	1
1803	#CD1076	#000000	49
1804	#FFFFFF	#D3D3D3	1
1805	#FFFFFF	#D3D3D3	1
1806	#FFFFFF	#D3D3D3	1
1807	#FFFFFF	#D3D3D3	1
1808	#FFFFFF	#D3D3D3	1
1809	#FFFFFF	#D3D3D3	1
1810	#FFFFFF	#D3D3D3	1
1811	#FFFFFF	#D3D3D3	1
1812	#FFFFFF	#D3D3D3	1
1813	#FFFFFF	#D3D3D3	1
1814	#CE1B78	#050505	81
1815	#CE1B78	#050505	81
1816	#CE1B78	#050505	81
1817	#CE1B78	#050505	81
1818	#CE1B78	#050505	81
1820	#CD1076	#000000	212
1821	#CD1076	#000000	49
1822	#CD1076	#000000	197
1823	#CD1076	#000000	11
1824	#CD1076	#000000	11
1825	#CD1076	#000000	11
1826	#CD1076	#000000	11
1827	#CD1076	#000000	11
1828	#FFFFFF	#D3D3D3	24
1829	#FFFFFF	#D3D3D3	24
1830	#FFFFFF	#D3D3D3	24
1831	#FFFFFF	#D3D3D3	24
1832	#CE1B78	#050505	81
1833	#FFFFFF	#D3D3D3	24
1834	#FFFFFF	#D3D3D3	24
1835	#FFFFFF	#D3D3D3	24
1836	#FFFFFF	#D3D3D3	24
1837	#FFFFFF	#D3D3D3	24
1838	#FFFFFF	#D3D3D3	24
1839	#FFFFFF	#D3D3D3	24
1840	#FFFFFF	#D3D3D3	24
1841	#FFFFFF	#D3D3D3	24
1842	#FFFFFF	#D3D3D3	24
1843	#CD1076	#000000	49
1844	#FFFFFF	#D3D3D3	24
1845	#FFFFFF	#D3D3D3	24
1846	#FFFFFF	#D3D3D3	24
1847	#FFFFFF	#D3D3D3	24
1848	#FFFFFF	#D3D3D3	24
1849	#FFFFFF	#D3D3D3	1
1850	#FFFFFF	#D3D3D3	24
1851	#FFFFFF	#D3D3D3	24
1852	#FFFFFF	#D3D3D3	24
1853	#FFFFFF	#D3D3D3	24
1854	#CD1076	#000000	49
1855	#FFFFFF	#D3D3D3	1
1856	#FFFFFF	#D3D3D3	1
1857	#FFFFFF	#D3D3D3	1
1858	#FFFFFF	#D3D3D3	1
1859	#FFFFFF	#D3D3D3	1
1860	#FFFFFF	#D3D3D3	1
1861	#FFFFFF	#D3D3D3	1
1862	#FFFFFF	#D3D3D3	1
1863	#FFFFFF	#D3D3D3	1
1864	#CE1B78	#050505	81
1865	#CE1B78	#050505	81
1866	#CE1B78	#050505	81
1867	#CD1076	#000000	197
1868	#CD1076	#000000	197
1870	#CD1076	#000000	212
1871	#CD1076	#000000	49
1872	#CD1076	#000000	197
1873	#CD1076	#000000	197
1874	#CD1076	#000000	11
1875	#CD1076	#000000	11
1876	#CD1076	#000000	11
1877	#CD1076	#000000	11
1878	#FFFFFF	#D3D3D3	24
1879	#FFFFFF	#D3D3D3	24
1880	#FFFFFF	#D3D3D3	24
1881	#FFFFFF	#D3D3D3	24
1882	#CE1B78	#050505	81
1883	#FFFFFF	#D3D3D3	24
1884	#FFFFFF	#D3D3D3	24
1885	#FFFFFF	#D3D3D3	24
1886	#FFFFFF	#D3D3D3	24
1887	#FFFFFF	#D3D3D3	24
1888	#FFFFFF	#D3D3D3	24
1889	#FFFFFF	#D3D3D3	24
1890	#FFFFFF	#D3D3D3	24
1891	#FFFFFF	#D3D3D3	24
1892	#FFFFFF	#D3D3D3	24
1893	#CE1B78	#050505	81
1894	#FFFFFF	#D3D3D3	24
1895	#FFFFFF	#D3D3D3	24
1896	#FFFFFF	#D3D3D3	24
1897	#FFFFFF	#D3D3D3	24
1898	#FFFFFF	#D3D3D3	24
1899	#FFFFFF	#D3D3D3	24
1900	#FFFFFF	#D3D3D3	1
1901	#FFFFFF	#D3D3D3	24
1902	#FFFFFF	#D3D3D3	24
1903	#FFFFFF	#D3D3D3	24
1904	#CE1B78	#050505	81
1905	#FFFFFF	#D3D3D3	24
1906	#FFFFFF	#D3D3D3	1
1907	#FFFFFF	#D3D3D3	1
1908	#FFFFFF	#D3D3D3	1
1909	#FFFFFF	#D3D3D3	1
1910	#FFFFFF	#D3D3D3	1
1911	#FFFFFF	#D3D3D3	1
1912	#FFFFFF	#D3D3D3	1
1913	#FFFFFF	#D3D3D3	1
1914	#FFFFFF	#D3D3D3	1
1915	#CE1B78	#050505	81
1916	#CE1B78	#050505	81
1917	#CE1B78	#050505	81
1918	#CD1076	#000000	197
1919	#CD1076	#000000	197
1921	#CD1076	#000000	212
1922	#CE1B78	#050505	81
1923	#CD1076	#000000	197
1924	#CD1076	#000000	197
1925	#CD1076	#000000	11
1926	#CD1076	#000000	11
1927	#CD1076	#000000	11
1928	#FFFFFF	#D3D3D3	24
1929	#FFFFFF	#D3D3D3	24
1930	#FFFFFF	#D3D3D3	24
1931	#FFFFFF	#D3D3D3	24
1932	#FFFFFF	#D3D3D3	24
1933	#CE1B78	#050505	81
1934	#FFFFFF	#D3D3D3	24
1935	#FFFFFF	#D3D3D3	24
1936	#FFFFFF	#D3D3D3	24
1937	#FFFFFF	#D3D3D3	24
1938	#FFFFFF	#D3D3D3	24
1939	#FFFFFF	#D3D3D3	24
1940	#FFFFFF	#D3D3D3	24
1941	#FFFFFF	#D3D3D3	24
1942	#FFFFFF	#D3D3D3	24
1943	#FFFFFF	#D3D3D3	24
1944	#CE1B78	#050505	81
1945	#FFFFFF	#D3D3D3	24
1946	#FFFFFF	#D3D3D3	24
1947	#FFFFFF	#D3D3D3	24
1948	#FFFFFF	#D3D3D3	24
1949	#FFFFFF	#D3D3D3	24
1950	#FFFFFF	#D3D3D3	24
1951	#FFFFFF	#D3D3D3	1
1952	#FFFFFF	#D3D3D3	1
1953	#FFFFFF	#D3D3D3	24
1954	#FFFFFF	#D3D3D3	24
1955	#CE1B78	#050505	81
1956	#FFFFFF	#D3D3D3	24
1957	#FFFFFF	#D3D3D3	1
1958	#FFFFFF	#D3D3D3	1
1959	#FFFFFF	#D3D3D3	1
1960	#FFFFFF	#D3D3D3	1
1961	#FFFFFF	#D3D3D3	1
1962	#FFFFFF	#D3D3D3	1
1963	#FFFFFF	#D3D3D3	1
1964	#FFFFFF	#D3D3D3	1
1965	#CE1B78	#050505	81
1966	#CE1B78	#050505	81
1967	#CD1076	#000000	197
1968	#CD1076	#000000	197
1969	#CD1076	#000000	197
1971	#CD1076	#000000	212
1972	#CD1076	#000000	197
1973	#CD1076	#000000	11
1974	#CD1076	#000000	197
1975	#CD1076	#000000	197
1976	#CD1076	#000000	11
1977	#CD1076	#000000	11
1978	#FFFFFF	#D3D3D3	24
1979	#FFFFFF	#D3D3D3	24
1980	#FFFFFF	#D3D3D3	24
1981	#FFFFFF	#D3D3D3	24
1982	#FFFFFF	#D3D3D3	24
1983	#CE1B78	#050505	81
1984	#FFFFFF	#D3D3D3	24
1985	#FFFFFF	#D3D3D3	24
1986	#FFFFFF	#D3D3D3	24
1987	#FFFFFF	#D3D3D3	24
1988	#FFFFFF	#D3D3D3	24
1989	#FFFFFF	#D3D3D3	24
1990	#FFFFFF	#D3D3D3	24
1991	#FFFFFF	#D3D3D3	24
1992	#FFFFFF	#D3D3D3	24
1993	#FFFFFF	#D3D3D3	24
1994	#CE1B78	#050505	81
1995	#FFFFFF	#D3D3D3	24
1996	#FFFFFF	#D3D3D3	24
1997	#FFFFFF	#D3D3D3	24
1998	#FFFFFF	#D3D3D3	24
1999	#FFFFFF	#D3D3D3	24
2000	#FFFFFF	#D3D3D3	24
2001	#FFFFFF	#D3D3D3	24
2002	#FFFFFF	#D3D3D3	1
2003	#FFFFFF	#D3D3D3	24
2004	#FFFFFF	#D3D3D3	24
2005	#CE1B78	#050505	81
2006	#FFFFFF	#D3D3D3	24
2007	#FFFFFF	#D3D3D3	1
2008	#FFFFFF	#D3D3D3	1
2009	#FFFFFF	#D3D3D3	1
2010	#FFFFFF	#D3D3D3	1
2011	#FFFFFF	#D3D3D3	1
2012	#FFFFFF	#D3D3D3	1
2013	#FFFFFF	#D3D3D3	1
2014	#FFFFFF	#D3D3D3	1
2015	#FFFFFF	#D3D3D3	1
2016	#CE1B78	#050505	81
2017	#CE1B78	#050505	81
2018	#CD1076	#000000	197
2019	#CD1076	#000000	197
2020	#CD1076	#000000	197
2022	#CD1076	#000000	197
2023	#CD1076	#000000	197
2024	#CD1076	#000000	11
2025	#CD1076	#000000	197
2026	#CD1076	#000000	11
2027	#CD1076	#000000	11
2028	#FFFFFF	#D3D3D3	24
2029	#FFFFFF	#D3D3D3	24
2030	#FFFFFF	#D3D3D3	24
2031	#FFFFFF	#D3D3D3	24
2032	#FFFFFF	#D3D3D3	24
2033	#FFFFFF	#D3D3D3	24
2034	#CE1B78	#050505	81
2035	#FFFFFF	#D3D3D3	24
2036	#FFFFFF	#D3D3D3	24
2037	#FFFFFF	#D3D3D3	24
2038	#FFFFFF	#D3D3D3	24
2039	#FFFFFF	#D3D3D3	24
2040	#FFFFFF	#D3D3D3	24
2041	#FFFFFF	#D3D3D3	24
2042	#FFFFFF	#D3D3D3	24
2043	#FFFFFF	#D3D3D3	24
2044	#FFFFFF	#D3D3D3	24
2045	#CE1B78	#050505	81
2046	#FFFFFF	#D3D3D3	24
2047	#FFFFFF	#D3D3D3	24
2048	#FFFFFF	#D3D3D3	24
2049	#FFFFFF	#D3D3D3	24
2050	#FFFFFF	#D3D3D3	24
2051	#FFFFFF	#D3D3D3	24
2052	#FFFFFF	#D3D3D3	24
2053	#FFFFFF	#D3D3D3	1
2054	#FFFFFF	#D3D3D3	24
2055	#FFFFFF	#D3D3D3	24
2056	#CE1B78	#050505	81
2057	#FFFFFF	#D3D3D3	24
2058	#FFFFFF	#D3D3D3	1
2059	#FFFFFF	#D3D3D3	1
2060	#FFFFFF	#D3D3D3	1
2061	#FFFFFF	#D3D3D3	1
2062	#FFFFFF	#D3D3D3	1
2063	#FFFFFF	#D3D3D3	1
2064	#FFFFFF	#D3D3D3	1
2065	#FFFFFF	#D3D3D3	1
2066	#CE1B78	#050505	81
2067	#CD1076	#000000	197
2068	#CD1076	#000000	197
2069	#CD1076	#000000	197
2070	#CD1076	#000000	11
2072	#CD1076	#000000	167
2073	#CD1076	#000000	197
2074	#CD1076	#000000	11
2075	#CD1076	#000000	11
2076	#CD1076	#000000	197
2077	#CD1076	#000000	11
2078	#FFFFFF	#D3D3D3	24
2079	#FFFFFF	#D3D3D3	24
2080	#FFFFFF	#D3D3D3	24
2081	#FFFFFF	#D3D3D3	24
2082	#FFFFFF	#D3D3D3	24
2083	#FFFFFF	#D3D3D3	24
2084	#CD1076	#000000	197
2085	#FFFFFF	#D3D3D3	24
2086	#FFFFFF	#D3D3D3	24
2087	#FFFFFF	#D3D3D3	24
2088	#FFFFFF	#D3D3D3	24
2089	#FFFFFF	#D3D3D3	24
2090	#FFFFFF	#D3D3D3	24
2091	#FFFFFF	#D3D3D3	24
2092	#FFFFFF	#D3D3D3	24
2093	#FFFFFF	#D3D3D3	24
2094	#FFFFFF	#D3D3D3	24
2095	#CE1B78	#050505	81
2096	#FFFFFF	#D3D3D3	24
2097	#FFFFFF	#D3D3D3	24
2098	#FFFFFF	#D3D3D3	24
2099	#FFFFFF	#D3D3D3	24
2100	#FFFFFF	#D3D3D3	24
2101	#FFFFFF	#D3D3D3	24
2102	#FFFFFF	#D3D3D3	24
2103	#FFFFFF	#D3D3D3	24
2104	#FFFFFF	#D3D3D3	1
2105	#FFFFFF	#D3D3D3	24
2106	#CE1B78	#050505	81
2107	#FFFFFF	#D3D3D3	1
2108	#FFFFFF	#D3D3D3	1
2109	#FFFFFF	#D3D3D3	1
2110	#FFFFFF	#D3D3D3	1
2111	#FFFFFF	#D3D3D3	1
2112	#FFFFFF	#D3D3D3	1
2113	#FFFFFF	#D3D3D3	1
2114	#FFFFFF	#D3D3D3	1
2115	#FFFFFF	#D3D3D3	1
2116	#FFFFFF	#D3D3D3	58
2117	#CE1B78	#050505	81
2118	#CD1076	#000000	197
2119	#CD1076	#000000	197
2120	#CD1076	#000000	197
2121	#CD1076	#000000	11
2123	#CD1076	#000000	167
2124	#CD1076	#000000	197
2125	#CD1076	#000000	11
2126	#CD1076	#000000	197
2127	#CD1076	#000000	11
2128	#FFFFFF	#D3D3D3	24
2129	#FFFFFF	#D3D3D3	24
2130	#FFFFFF	#D3D3D3	24
2131	#FFFFFF	#D3D3D3	24
2132	#FFFFFF	#D3D3D3	24
2133	#FFFFFF	#D3D3D3	24
2134	#FFFFFF	#D3D3D3	24
2135	#CD1076	#000000	197
2136	#FFFFFF	#D3D3D3	24
2137	#FFFFFF	#D3D3D3	24
2138	#FFFFFF	#D3D3D3	24
2139	#FFFFFF	#D3D3D3	24
2140	#FFFFFF	#D3D3D3	24
2141	#FFFFFF	#D3D3D3	24
2142	#FFFFFF	#D3D3D3	24
2143	#FFFFFF	#D3D3D3	24
2144	#FFFFFF	#D3D3D3	24
2145	#FFFFFF	#D3D3D3	24
2146	#CE1B78	#050505	81
2147	#FFFFFF	#D3D3D3	24
2148	#FFFFFF	#D3D3D3	24
2149	#FFFFFF	#D3D3D3	24
2150	#FFFFFF	#D3D3D3	24
2151	#FFFFFF	#D3D3D3	24
2152	#FFFFFF	#D3D3D3	24
2153	#FFFFFF	#D3D3D3	24
2154	#FFFFFF	#D3D3D3	24
2155	#FFFFFF	#D3D3D3	1
2156	#FFFFFF	#D3D3D3	1
2157	#CE1B78	#050505	81
2158	#FFFFFF	#D3D3D3	1
2159	#FFFFFF	#D3D3D3	1
2160	#FFFFFF	#D3D3D3	1
2161	#FFFFFF	#D3D3D3	1
2162	#FFFFFF	#D3D3D3	1
2163	#FFFFFF	#D3D3D3	1
2164	#FFFFFF	#D3D3D3	1
2165	#FFFFFF	#D3D3D3	1
2166	#FFFFFF	#D3D3D3	58
2167	#CE1B78	#050505	81
2168	#CD1076	#000000	197
2169	#CD1076	#000000	197
2170	#CD1076	#000000	11
2171	#CD1076	#000000	11
2173	#CD1076	#000000	167
2174	#CD1076	#000000	167
2175	#CD1076	#000000	11
2176	#CD1076	#000000	11
2177	#CD1076	#000000	11
2178	#FFFFFF	#D3D3D3	24
2179	#FFFFFF	#D3D3D3	24
2180	#FFFFFF	#D3D3D3	24
2181	#FFFFFF	#D3D3D3	24
2182	#FFFFFF	#D3D3D3	24
2183	#FFFFFF	#D3D3D3	24
2184	#FFFFFF	#D3D3D3	24
2185	#CD1076	#000000	197
2186	#FFFFFF	#D3D3D3	24
2187	#FFFFFF	#D3D3D3	24
2188	#FFFFFF	#D3D3D3	24
2189	#FFFFFF	#D3D3D3	24
2190	#FFFFFF	#D3D3D3	24
2191	#FFFFFF	#D3D3D3	24
2192	#FFFFFF	#D3D3D3	24
2193	#FFFFFF	#D3D3D3	24
2194	#FFFFFF	#D3D3D3	24
2195	#FFFFFF	#D3D3D3	24
2196	#CD1076	#000000	197
2197	#FFFFFF	#D3D3D3	24
2198	#FFFFFF	#D3D3D3	24
2199	#FFFFFF	#D3D3D3	24
2200	#FFFFFF	#D3D3D3	24
2201	#FFFFFF	#D3D3D3	24
2202	#FFFFFF	#D3D3D3	24
2203	#FFFFFF	#D3D3D3	24
2204	#FFFFFF	#D3D3D3	24
2205	#FFFFFF	#D3D3D3	24
2206	#FFFFFF	#D3D3D3	1
2207	#CE1B78	#050505	81
2208	#FFFFFF	#D3D3D3	1
2209	#FFFFFF	#D3D3D3	1
2210	#FFFFFF	#D3D3D3	1
2211	#FFFFFF	#D3D3D3	1
2212	#FFFFFF	#D3D3D3	1
2213	#FFFFFF	#D3D3D3	1
2214	#FFFFFF	#D3D3D3	1
2215	#FFFFFF	#D3D3D3	1
2216	#FFFFFF	#D3D3D3	58
2217	#FFFFFF	#D3D3D3	58
2218	#CE1B78	#050505	81
2219	#CD1076	#000000	197
2220	#CD1076	#000000	197
2221	#CD1076	#000000	11
2222	#CD1076	#000000	11
2224	#CD1076	#000000	167
2225	#CD1076	#000000	86
2226	#CD1076	#000000	11
2227	#CD1076	#000000	11
2228	#FFFFFF	#D3D3D3	24
2229	#FFFFFF	#D3D3D3	24
2230	#FFFFFF	#D3D3D3	24
2231	#FFFFFF	#D3D3D3	24
2232	#FFFFFF	#D3D3D3	24
2233	#FFFFFF	#D3D3D3	24
2234	#FFFFFF	#D3D3D3	24
2235	#FFFFFF	#D3D3D3	24
2236	#CD1076	#000000	197
2237	#FFFFFF	#D3D3D3	24
2238	#FFFFFF	#D3D3D3	24
2239	#FFFFFF	#D3D3D3	24
2240	#FFFFFF	#D3D3D3	24
2241	#FFFFFF	#D3D3D3	24
2242	#FFFFFF	#D3D3D3	24
2243	#FFFFFF	#D3D3D3	24
2244	#FFFFFF	#D3D3D3	24
2245	#FFFFFF	#D3D3D3	24
2246	#FFFFFF	#D3D3D3	24
2247	#CD1076	#000000	197
2248	#FFFFFF	#D3D3D3	1
2249	#FFFFFF	#D3D3D3	24
2250	#FFFFFF	#D3D3D3	24
2251	#FFFFFF	#D3D3D3	24
2252	#FFFFFF	#D3D3D3	24
2253	#FFFFFF	#D3D3D3	24
2254	#FFFFFF	#D3D3D3	24
2255	#FFFFFF	#D3D3D3	24
2256	#FFFFFF	#D3D3D3	24
2257	#FFFFFF	#D3D3D3	1
2258	#CE1B78	#050505	81
2259	#FFFFFF	#D3D3D3	1
2260	#FFFFFF	#D3D3D3	1
2261	#FFFFFF	#D3D3D3	1
2262	#FFFFFF	#D3D3D3	1
2263	#FFFFFF	#D3D3D3	1
2264	#FFFFFF	#D3D3D3	1
2265	#FFFFFF	#D3D3D3	1
2266	#FFFFFF	#D3D3D3	58
2267	#FFFFFF	#D3D3D3	58
2268	#CD1076	#000000	197
2269	#CD1076	#000000	197
2270	#CD1076	#000000	11
2271	#CD1076	#000000	11
2272	#CD1076	#000000	11
2274	#CD1076	#000000	169
2275	#CD1076	#000000	72
2276	#CD1076	#000000	116
2277	#CD1076	#000000	116
2278	#CD1076	#000000	116
2279	#CD1076	#000000	216
2280	#D43881	#171717	106
2281	#D43881	#171717	106
2282	#D43881	#171717	106
2283	#D43881	#171717	106
2284	#D43881	#171717	106
2285	#D63F84	#1A1A1A	142
2286	#CD1076	#000000	72
2287	#D43881	#171717	106
2288	#D43881	#171717	106
2289	#D43881	#171717	106
2290	#D43881	#171717	106
2291	#E474A0	#414141	56
2292	#E474A0	#414141	56
2293	#FFFFFF	#D3D3D3	1
2294	#FFFFFF	#D3D3D3	1
2295	#FFFFFF	#D3D3D3	1
2296	#FFFFFF	#D3D3D3	1
2297	#CD1076	#000000	116
2298	#FFFFFF	#D3D3D3	1
2299	#FFFFFF	#D3D3D3	1
2300	#FFFFFF	#D3D3D3	1
2301	#FFFFFF	#D3D3D3	1
2302	#FFFFFF	#D3D3D3	66
2303	#FFFFFF	#D3D3D3	66
2304	#FFFFFF	#D3D3D3	66
2305	#FFFFFF	#D3D3D3	66
2306	#FFFFFF	#D3D3D3	66
2307	#FFFFFF	#D3D3D3	66
2308	#CD1076	#000000	116
2309	#FFFFFF	#D3D3D3	66
2310	#FFFFFF	#D3D3D3	66
2311	#FFFFFF	#D3D3D3	66
2312	#FFFFFF	#D3D3D3	66
2313	#FFFFFF	#D3D3D3	66
2314	#FFFFFF	#D3D3D3	66
2315	#FFFFFF	#D3D3D3	1
2316	#FFFFFF	#D3D3D3	1
2317	#FFFFFF	#D3D3D3	1
2318	#FFFFFF	#D3D3D3	1
2319	#CD1076	#000000	116
2320	#CD1076	#000000	116
2321	#CD1076	#000000	116
2322	#CD1076	#000000	116
2323	#CD1076	#000000	116
2325	#CD1076	#000000	169
2326	#CD1076	#000000	72
2327	#CD1076	#000000	116
2328	#CD1076	#000000	116
2329	#CD1076	#000000	216
2330	#CD1076	#000000	216
2331	#D43881	#171717	106
2332	#D43881	#171717	106
2333	#D43881	#171717	106
2334	#D43881	#171717	106
2335	#D43881	#171717	106
2336	#D43881	#171717	106
2337	#CD1076	#000000	116
2338	#D43881	#171717	106
2339	#D43881	#171717	106
2340	#D43881	#171717	106
2341	#E474A0	#414141	56
2342	#FAD7E2	#A5A5A5	211
2343	#E474A0	#414141	56
2344	#E474A0	#414141	56
2345	#FFFFFF	#D3D3D3	1
2346	#FFFFFF	#D3D3D3	1
2347	#FFFFFF	#D3D3D3	1
2348	#CD1076	#000000	116
2349	#FFFFFF	#D3D3D3	1
2350	#FFFFFF	#D3D3D3	1
2351	#FFFFFF	#D3D3D3	1
2352	#FFFFFF	#D3D3D3	66
2353	#FFFFFF	#D3D3D3	66
2354	#FFFFFF	#D3D3D3	66
2355	#FFFFFF	#D3D3D3	66
2356	#FFFFFF	#D3D3D3	66
2357	#FFFFFF	#D3D3D3	66
2358	#FFFFFF	#D3D3D3	66
2359	#CD1076	#000000	116
2360	#FFFFFF	#D3D3D3	66
2361	#FFFFFF	#D3D3D3	66
2362	#FFFFFF	#D3D3D3	66
2363	#FFFFFF	#D3D3D3	66
2364	#FFFFFF	#D3D3D3	66
2365	#FFFFFF	#D3D3D3	1
2366	#FFFFFF	#D3D3D3	1
2367	#FFFFFF	#D3D3D3	1
2368	#FFFFFF	#D3D3D3	1
2369	#CD1076	#000000	116
2370	#CD1076	#000000	116
2371	#CD1076	#000000	116
2372	#CD1076	#000000	116
2373	#CD1076	#000000	116
2375	#CD1076	#000000	167
2376	#CD1076	#000000	86
2377	#CD1076	#000000	11
2378	#CD1076	#000000	11
2379	#FFFFFF	#D3D3D3	24
2380	#FFFFFF	#D3D3D3	24
2381	#FFFFFF	#D3D3D3	24
2382	#FFFFFF	#D3D3D3	24
2383	#FFFFFF	#D3D3D3	24
2384	#FFFFFF	#D3D3D3	24
2385	#FFFFFF	#D3D3D3	24
2386	#FFFFFF	#D3D3D3	24
2387	#CD1076	#000000	86
2388	#FFFFFF	#D3D3D3	24
2389	#FFFFFF	#D3D3D3	24
2390	#FFFFFF	#D3D3D3	24
2391	#FFFFFF	#D3D3D3	24
2392	#FFFFFF	#D3D3D3	24
2393	#FFFFFF	#D3D3D3	24
2394	#FFFFFF	#D3D3D3	24
2395	#FFFFFF	#D3D3D3	24
2396	#FFFFFF	#D3D3D3	24
2397	#FFFFFF	#D3D3D3	24
2398	#CD1076	#000000	197
2399	#FFFFFF	#D3D3D3	1
2400	#FFFFFF	#D3D3D3	1
2401	#FFFFFF	#D3D3D3	24
2402	#FFFFFF	#D3D3D3	24
2403	#FFFFFF	#D3D3D3	24
2404	#FFFFFF	#D3D3D3	24
2405	#FFFFFF	#D3D3D3	24
2406	#FFFFFF	#D3D3D3	24
2407	#FFFFFF	#D3D3D3	24
2408	#FFFFFF	#D3D3D3	1
2409	#CD1076	#000000	197
2410	#FFFFFF	#D3D3D3	1
2411	#FFFFFF	#D3D3D3	1
2412	#FFFFFF	#D3D3D3	1
2413	#FFFFFF	#D3D3D3	1
2414	#FFFFFF	#D3D3D3	1
2415	#FFFFFF	#D3D3D3	1
2416	#FFFFFF	#D3D3D3	1
2417	#FFFFFF	#D3D3D3	1
2418	#FFFFFF	#D3D3D3	58
2419	#FFFFFF	#D3D3D3	58
2420	#CD1076	#000000	197
2421	#CD1076	#000000	197
2422	#CD1076	#000000	197
2423	#CD1076	#000000	11
2424	#CD1076	#000000	11
2426	#CD1076	#000000	167
2427	#CD1076	#000000	86
2428	#CD1076	#000000	11
2429	#FFFFFF	#D3D3D3	24
2430	#FFFFFF	#D3D3D3	24
2431	#FFFFFF	#D3D3D3	24
2432	#FFFFFF	#D3D3D3	24
2433	#FFFFFF	#D3D3D3	24
2434	#FFFFFF	#D3D3D3	24
2435	#FFFFFF	#D3D3D3	24
2436	#FFFFFF	#D3D3D3	24
2437	#FFFFFF	#D3D3D3	24
2438	#CD1076	#000000	86
2439	#FFFFFF	#D3D3D3	24
2440	#FFFFFF	#D3D3D3	24
2441	#FFFFFF	#D3D3D3	24
2442	#FFFFFF	#D3D3D3	24
2443	#FFFFFF	#D3D3D3	24
2444	#FFFFFF	#D3D3D3	24
2445	#FFFFFF	#D3D3D3	24
2446	#FFFFFF	#D3D3D3	24
2447	#FFFFFF	#D3D3D3	1
2448	#FFFFFF	#D3D3D3	24
2449	#CD1076	#000000	197
2450	#FFFFFF	#D3D3D3	1
2451	#FFFFFF	#D3D3D3	1
2452	#FFFFFF	#D3D3D3	24
2453	#FFFFFF	#D3D3D3	24
2454	#FFFFFF	#D3D3D3	24
2455	#FFFFFF	#D3D3D3	24
2456	#FFFFFF	#D3D3D3	24
2457	#FFFFFF	#D3D3D3	24
2458	#FFFFFF	#D3D3D3	24
2459	#FFFFFF	#D3D3D3	1
2460	#CD1076	#000000	197
2461	#FFFFFF	#D3D3D3	1
2462	#FFFFFF	#D3D3D3	1
2463	#FFFFFF	#D3D3D3	1
2464	#FFFFFF	#D3D3D3	1
2465	#FFFFFF	#D3D3D3	1
2466	#FFFFFF	#D3D3D3	1
2467	#FFFFFF	#D3D3D3	1
2468	#FFFFFF	#D3D3D3	58
2469	#FFFFFF	#D3D3D3	58
2470	#CD1076	#000000	197
2471	#CD1076	#000000	197
2472	#CD1076	#000000	197
2473	#CD1076	#000000	11
2474	#CD1076	#000000	11
2476	#CD1076	#000000	167
2477	#CD1076	#000000	86
2478	#CD1076	#000000	11
2479	#FFFFFF	#D3D3D3	24
2480	#FFFFFF	#D3D3D3	24
2481	#FFFFFF	#D3D3D3	24
2482	#FFFFFF	#D3D3D3	24
2483	#FFFFFF	#D3D3D3	24
2484	#FFFFFF	#D3D3D3	24
2485	#FFFFFF	#D3D3D3	24
2486	#FFFFFF	#D3D3D3	24
2487	#FFFFFF	#D3D3D3	24
2488	#CD1076	#000000	86
2489	#FFFFFF	#D3D3D3	24
2490	#FFFFFF	#D3D3D3	24
2491	#FFFFFF	#D3D3D3	24
2492	#FFFFFF	#D3D3D3	24
2493	#FFFFFF	#D3D3D3	24
2494	#FFFFFF	#D3D3D3	24
2495	#FFFFFF	#D3D3D3	24
2496	#FFFFFF	#D3D3D3	24
2497	#FFFFFF	#D3D3D3	24
2498	#FFFFFF	#D3D3D3	1
2499	#CD1076	#000000	86
2500	#FFFFFF	#D3D3D3	1
2501	#FFFFFF	#D3D3D3	1
2502	#FFFFFF	#D3D3D3	1
2503	#FFFFFF	#D3D3D3	24
2504	#FFFFFF	#D3D3D3	24
2505	#FFFFFF	#D3D3D3	24
2506	#FFFFFF	#D3D3D3	24
2507	#FFFFFF	#D3D3D3	24
2508	#FFFFFF	#D3D3D3	24
2509	#FFFFFF	#D3D3D3	24
2510	#CD1076	#000000	197
2511	#FFFFFF	#D3D3D3	1
2512	#FFFFFF	#D3D3D3	1
2513	#FFFFFF	#D3D3D3	1
2514	#FFFFFF	#D3D3D3	1
2515	#FFFFFF	#D3D3D3	1
2516	#FFFFFF	#D3D3D3	1
2517	#FFFFFF	#D3D3D3	1
2518	#FFFFFF	#D3D3D3	58
2519	#FFFFFF	#D3D3D3	58
2520	#FFFFFF	#D3D3D3	58
2521	#CD1076	#000000	197
2522	#CD1076	#000000	197
2523	#CD1076	#000000	197
2524	#CD1076	#000000	197
2525	#CD1076	#000000	197
2527	#CD1076	#000000	167
2528	#CD1076	#000000	86
2529	#FFFFFF	#D3D3D3	24
2530	#FFFFFF	#D3D3D3	24
2531	#FFFFFF	#D3D3D3	24
2532	#FFFFFF	#D3D3D3	24
2533	#FFFFFF	#D3D3D3	24
2534	#FFFFFF	#D3D3D3	24
2535	#FFFFFF	#D3D3D3	24
2536	#FFFFFF	#D3D3D3	24
2537	#FFFFFF	#D3D3D3	24
2538	#FFFFFF	#D3D3D3	24
2539	#CD1076	#000000	86
2540	#FFFFFF	#D3D3D3	24
2541	#FFFFFF	#D3D3D3	24
2542	#FFFFFF	#D3D3D3	24
2543	#FFFFFF	#D3D3D3	24
2544	#FFFFFF	#D3D3D3	24
2545	#FFFFFF	#D3D3D3	24
2546	#FFFFFF	#D3D3D3	24
2547	#FFFFFF	#D3D3D3	24
2548	#FFFFFF	#D3D3D3	1
2549	#FFFFFF	#D3D3D3	1
2550	#CD1076	#000000	197
2551	#FFFFFF	#D3D3D3	1
2552	#FFFFFF	#D3D3D3	1
2553	#FFFFFF	#D3D3D3	24
2554	#FFFFFF	#D3D3D3	24
2555	#FFFFFF	#D3D3D3	24
2556	#FFFFFF	#D3D3D3	24
2557	#FFFFFF	#D3D3D3	24
2558	#FFFFFF	#D3D3D3	24
2559	#FFFFFF	#D3D3D3	24
2560	#FFFFFF	#D3D3D3	1
2561	#CD1076	#000000	197
2562	#FFFFFF	#D3D3D3	1
2563	#FFFFFF	#D3D3D3	1
2564	#FFFFFF	#D3D3D3	1
2565	#FFFFFF	#D3D3D3	1
2566	#FFFFFF	#D3D3D3	1
2567	#FFFFFF	#D3D3D3	58
2568	#FFFFFF	#D3D3D3	1
2569	#FFFFFF	#D3D3D3	58
2570	#FFFFFF	#D3D3D3	58
2571	#CD1076	#000000	197
2572	#CD1076	#000000	197
2573	#CD1076	#000000	197
2574	#CD1076	#000000	197
2575	#CD1076	#000000	11
2577	#CD1076	#000000	167
2578	#CD1076	#000000	86
2579	#FFFFFF	#D3D3D3	24
2580	#FFFFFF	#D3D3D3	24
2581	#FFFFFF	#D3D3D3	24
2582	#FFFFFF	#D3D3D3	24
2583	#FFFFFF	#D3D3D3	24
2584	#FFFFFF	#D3D3D3	24
2585	#FFFFFF	#D3D3D3	24
2586	#FFFFFF	#D3D3D3	24
2587	#FFFFFF	#D3D3D3	24
2588	#FFFFFF	#D3D3D3	24
2589	#CD1076	#000000	86
2590	#FFFFFF	#D3D3D3	24
2591	#FFFFFF	#D3D3D3	24
2592	#FFFFFF	#D3D3D3	24
2593	#FFFFFF	#D3D3D3	24
2594	#FFFFFF	#D3D3D3	24
2595	#FFFFFF	#D3D3D3	24
2596	#FFFFFF	#D3D3D3	24
2597	#FFFFFF	#D3D3D3	24
2598	#FFFFFF	#D3D3D3	1
2599	#FFFFFF	#D3D3D3	24
2600	#CD1076	#000000	197
2601	#FFFFFF	#D3D3D3	1
2602	#FFFFFF	#D3D3D3	1
2603	#FFFFFF	#D3D3D3	1
2604	#FFFFFF	#D3D3D3	1
2605	#FFFFFF	#D3D3D3	24
2606	#FFFFFF	#D3D3D3	24
2607	#FFFFFF	#D3D3D3	24
2608	#FFFFFF	#D3D3D3	24
2609	#FFFFFF	#D3D3D3	24
2610	#FFFFFF	#D3D3D3	1
2611	#CD1076	#000000	197
2612	#FFFFFF	#D3D3D3	1
2613	#FFFFFF	#D3D3D3	1
2614	#FFFFFF	#D3D3D3	1
2615	#FFFFFF	#D3D3D3	1
2616	#FFFFFF	#D3D3D3	1
2617	#FFFFFF	#D3D3D3	58
2618	#FFFFFF	#D3D3D3	58
2619	#FFFFFF	#D3D3D3	58
2620	#FFFFFF	#D3D3D3	58
2621	#FFFFFF	#D3D3D3	58
2622	#D2317E	#121212	200
2623	#CD1076	#000000	197
2624	#CD1076	#000000	197
2625	#CD1076	#000000	197
2626	#CD1076	#000000	11
2628	#CD1076	#000000	167
2629	#CD1076	#000000	86
2630	#FFFFFF	#D3D3D3	24
2631	#FFFFFF	#D3D3D3	24
2632	#FFFFFF	#D3D3D3	24
2633	#FFFFFF	#D3D3D3	24
2634	#FFFFFF	#D3D3D3	24
2635	#FFFFFF	#D3D3D3	24
2636	#FFFFFF	#D3D3D3	24
2637	#FFFFFF	#D3D3D3	24
2638	#FFFFFF	#D3D3D3	24
2639	#FFFFFF	#D3D3D3	24
2640	#CD1076	#000000	197
2641	#FFFFFF	#D3D3D3	24
2642	#FFFFFF	#D3D3D3	24
2643	#FFFFFF	#D3D3D3	24
2644	#FFFFFF	#D3D3D3	24
2645	#FFFFFF	#D3D3D3	24
2646	#FFFFFF	#D3D3D3	24
2647	#FFFFFF	#D3D3D3	24
2648	#FFFFFF	#D3D3D3	24
2649	#FFFFFF	#D3D3D3	24
2650	#FFFFFF	#D3D3D3	24
2651	#CD1076	#000000	197
2652	#FFFFFF	#D3D3D3	1
2653	#FFFFFF	#D3D3D3	1
2654	#FFFFFF	#D3D3D3	1
2655	#FFFFFF	#D3D3D3	1
2656	#FFFFFF	#D3D3D3	24
2657	#FFFFFF	#D3D3D3	24
2658	#FFFFFF	#D3D3D3	24
2659	#FFFFFF	#D3D3D3	24
2660	#FFFFFF	#D3D3D3	1
2661	#FFFFFF	#D3D3D3	1
2662	#D2317E	#121212	200
2663	#FFFFFF	#D3D3D3	1
2664	#FFFFFF	#D3D3D3	1
2665	#FFFFFF	#D3D3D3	1
2666	#FFFFFF	#D3D3D3	1
2667	#FFFFFF	#D3D3D3	58
2668	#FFFFFF	#D3D3D3	58
2669	#FFFFFF	#D3D3D3	58
2670	#FFFFFF	#D3D3D3	58
2671	#FFFFFF	#D3D3D3	122
2672	#D2317E	#121212	200
2673	#CD1076	#000000	197
2674	#CD1076	#000000	197
2675	#CD1076	#000000	197
2676	#FFFFFF	#D3D3D3	24
2678	#CD1076	#000000	167
2679	#CD1076	#000000	86
2680	#FFFFFF	#D3D3D3	24
2681	#FFFFFF	#D3D3D3	24
2682	#FFFFFF	#D3D3D3	24
2683	#FFFFFF	#D3D3D3	24
2684	#FFFFFF	#D3D3D3	24
2685	#FFFFFF	#D3D3D3	24
2686	#FFFFFF	#D3D3D3	24
2687	#FFFFFF	#D3D3D3	24
2688	#FFFFFF	#D3D3D3	24
2689	#FFFFFF	#D3D3D3	24
2690	#CD1076	#000000	197
2691	#FFFFFF	#D3D3D3	24
2692	#FFFFFF	#D3D3D3	24
2693	#FFFFFF	#D3D3D3	24
2694	#FFFFFF	#D3D3D3	24
2695	#FFFFFF	#D3D3D3	24
2696	#FFFFFF	#D3D3D3	24
2697	#FFFFFF	#D3D3D3	24
2698	#FFFFFF	#D3D3D3	24
2699	#FFFFFF	#D3D3D3	24
2700	#FFFFFF	#D3D3D3	24
2701	#CD1076	#000000	197
2702	#FFFFFF	#D3D3D3	24
2703	#FFFFFF	#D3D3D3	1
2704	#FFFFFF	#D3D3D3	1
2705	#FFFFFF	#D3D3D3	1
2706	#FFFFFF	#D3D3D3	1
2707	#FFFFFF	#D3D3D3	24
2708	#FFFFFF	#D3D3D3	24
2709	#FFFFFF	#D3D3D3	24
2710	#FFFFFF	#D3D3D3	1
2711	#FFFFFF	#D3D3D3	1
2712	#D2317E	#121212	200
2713	#FFFFFF	#D3D3D3	1
2714	#FFFFFF	#D3D3D3	1
2715	#FFFFFF	#D3D3D3	1
2716	#FFFFFF	#D3D3D3	1
2717	#FFFFFF	#D3D3D3	58
2718	#FFFFFF	#D3D3D3	58
2719	#FFFFFF	#D3D3D3	58
2720	#FFFFFF	#D3D3D3	58
2721	#FFFFFF	#D3D3D3	58
2722	#FFFFFF	#D3D3D3	122
2723	#D2317E	#121212	200
2724	#D2317E	#121212	200
2725	#CD1076	#000000	197
2726	#CD1076	#000000	197
2727	#FFFFFF	#D3D3D3	24
2729	#CD1076	#000000	86
2730	#CD1076	#000000	197
2731	#FFFFFF	#D3D3D3	24
2732	#FFFFFF	#D3D3D3	24
2733	#FFFFFF	#D3D3D3	24
2734	#FFFFFF	#D3D3D3	24
2735	#FFFFFF	#D3D3D3	24
2736	#FFFFFF	#D3D3D3	24
2737	#FFFFFF	#D3D3D3	24
2738	#FFFFFF	#D3D3D3	24
2739	#FFFFFF	#D3D3D3	24
2740	#FFFFFF	#D3D3D3	24
2741	#CD1076	#000000	197
2742	#FFFFFF	#D3D3D3	24
2743	#FFFFFF	#D3D3D3	24
2744	#FFFFFF	#D3D3D3	24
2745	#FFFFFF	#D3D3D3	24
2746	#FFFFFF	#D3D3D3	24
2747	#FFFFFF	#D3D3D3	24
2748	#FFFFFF	#D3D3D3	1
2749	#FFFFFF	#D3D3D3	24
2750	#FFFFFF	#D3D3D3	24
2751	#FFFFFF	#D3D3D3	24
2752	#D2317E	#121212	200
2753	#FFFFFF	#D3D3D3	24
2754	#FFFFFF	#D3D3D3	1
2755	#FFFFFF	#D3D3D3	1
2756	#FFFFFF	#D3D3D3	1
2757	#FFFFFF	#D3D3D3	1
2758	#FFFFFF	#D3D3D3	24
2759	#FFFFFF	#D3D3D3	24
2760	#FFFFFF	#D3D3D3	24
2761	#FFFFFF	#D3D3D3	1
2762	#FFFFFF	#D3D3D3	1
2763	#D2317E	#121212	200
2764	#FFFFFF	#D3D3D3	1
2765	#FFFFFF	#D3D3D3	1
2766	#FFFFFF	#D3D3D3	1
2767	#FFFFFF	#D3D3D3	1
2768	#FFFFFF	#D3D3D3	58
2769	#FFFFFF	#D3D3D3	58
2770	#FFFFFF	#D3D3D3	58
2771	#FFFFFF	#D3D3D3	58
2772	#FFFFFF	#D3D3D3	122
2773	#D2317E	#121212	200
2774	#D2317E	#121212	200
2775	#CD1076	#000000	197
2776	#FFFFFF	#D3D3D3	24
2777	#FFFFFF	#D3D3D3	24
2779	#CD1076	#000000	185
2780	#CD1076	#000000	86
2781	#FFFFFF	#D3D3D3	24
2782	#FFFFFF	#D3D3D3	24
2783	#FFFFFF	#D3D3D3	24
2784	#FFFFFF	#D3D3D3	24
2785	#FFFFFF	#D3D3D3	24
2786	#FFFFFF	#D3D3D3	24
2787	#FFFFFF	#D3D3D3	24
2788	#FFFFFF	#D3D3D3	24
2789	#FFFFFF	#D3D3D3	24
2790	#FFFFFF	#D3D3D3	24
2791	#CD1076	#000000	197
2792	#FFFFFF	#D3D3D3	24
2793	#FFFFFF	#D3D3D3	24
2794	#FFFFFF	#D3D3D3	24
2795	#FFFFFF	#D3D3D3	24
2796	#FFFFFF	#D3D3D3	24
2797	#FFFFFF	#D3D3D3	24
2798	#FFFFFF	#D3D3D3	1
2799	#FFFFFF	#D3D3D3	1
2800	#FFFFFF	#D3D3D3	24
2801	#FFFFFF	#D3D3D3	24
2802	#D2317E	#121212	200
2803	#FFFFFF	#D3D3D3	24
2804	#FFFFFF	#D3D3D3	24
2805	#FFFFFF	#D3D3D3	1
2806	#FFFFFF	#D3D3D3	1
2807	#FFFFFF	#D3D3D3	1
2808	#FFFFFF	#D3D3D3	1
2809	#FFFFFF	#D3D3D3	24
2810	#FFFFFF	#D3D3D3	24
2811	#FFFFFF	#D3D3D3	1
2812	#FFFFFF	#D3D3D3	1
2813	#D2317E	#121212	200
2814	#FFFFFF	#D3D3D3	1
2815	#FFFFFF	#D3D3D3	1
2816	#FFFFFF	#D3D3D3	1
2817	#FFFFFF	#D3D3D3	1
2818	#FFFFFF	#D3D3D3	58
2819	#FFFFFF	#D3D3D3	58
2820	#FFFFFF	#D3D3D3	58
2821	#FFFFFF	#D3D3D3	58
2822	#FFFFFF	#D3D3D3	122
2823	#FFFFFF	#D3D3D3	122
2824	#D2317E	#121212	200
2825	#D2317E	#121212	200
2826	#D2317E	#121212	200
2827	#FFFFFF	#D3D3D3	24
2828	#FFFFFF	#D3D3D3	24
2830	#CD1076	#000000	185
2831	#CD1076	#000000	86
2832	#FFFFFF	#D3D3D3	24
2833	#FFFFFF	#D3D3D3	24
2834	#FFFFFF	#D3D3D3	24
2835	#FFFFFF	#D3D3D3	24
2836	#FFFFFF	#D3D3D3	24
2837	#FFFFFF	#D3D3D3	24
2838	#FFFFFF	#D3D3D3	24
2839	#FFFFFF	#D3D3D3	24
2840	#FFFFFF	#D3D3D3	24
2841	#FFFFFF	#D3D3D3	24
2842	#D2317E	#121212	200
2843	#FFFFFF	#D3D3D3	24
2844	#FFFFFF	#D3D3D3	24
2845	#FFFFFF	#D3D3D3	24
2846	#FFFFFF	#D3D3D3	24
2847	#FFFFFF	#D3D3D3	24
2848	#FFFFFF	#D3D3D3	24
2849	#FFFFFF	#D3D3D3	1
2850	#FFFFFF	#D3D3D3	1
2851	#FFFFFF	#D3D3D3	24
2852	#FFFFFF	#D3D3D3	24
2853	#D2317E	#121212	200
2854	#FFFFFF	#D3D3D3	24
2855	#FFFFFF	#D3D3D3	1
2856	#FFFFFF	#D3D3D3	1
2857	#FFFFFF	#D3D3D3	1
2858	#FFFFFF	#D3D3D3	1
2859	#FFFFFF	#D3D3D3	1
2860	#FFFFFF	#D3D3D3	24
2861	#FFFFFF	#D3D3D3	24
2862	#FFFFFF	#D3D3D3	1
2863	#FFFFFF	#D3D3D3	1
2864	#D2317E	#121212	200
2865	#FFFFFF	#D3D3D3	1
2866	#FFFFFF	#D3D3D3	1
2867	#FFFFFF	#D3D3D3	58
2868	#FFFFFF	#D3D3D3	58
2869	#FFFFFF	#D3D3D3	58
2870	#FFFFFF	#D3D3D3	58
2871	#FFFFFF	#D3D3D3	58
2872	#FFFFFF	#D3D3D3	122
2873	#FFFFFF	#D3D3D3	122
2874	#D2317E	#121212	200
2875	#D2317E	#121212	200
2876	#FFFFFF	#D3D3D3	60
2877	#FFFFFF	#D3D3D3	24
2878	#FFFFFF	#D3D3D3	24
2880	#CD1076	#000000	185
2881	#CD1076	#000000	86
2882	#FFFFFF	#D3D3D3	24
2883	#FFFFFF	#D3D3D3	24
2884	#FFFFFF	#D3D3D3	24
2885	#FFFFFF	#D3D3D3	24
2886	#FFFFFF	#D3D3D3	24
2887	#FFFFFF	#D3D3D3	24
2888	#FFFFFF	#D3D3D3	24
2889	#FFFFFF	#D3D3D3	24
2890	#FFFFFF	#D3D3D3	24
2891	#FFFFFF	#D3D3D3	24
2892	#FCE4EB	#B3B3B3	154
2893	#FFFFFF	#D3D3D3	24
2894	#FFFFFF	#D3D3D3	24
2895	#FFFFFF	#D3D3D3	24
2896	#FFFFFF	#D3D3D3	24
2897	#FFFFFF	#D3D3D3	24
2898	#FFFFFF	#D3D3D3	24
2899	#FFFFFF	#D3D3D3	24
2900	#FFFFFF	#D3D3D3	1
2901	#FFFFFF	#D3D3D3	1
2902	#FFFFFF	#D3D3D3	24
2903	#D2317E	#121212	200
2904	#FFFFFF	#D3D3D3	24
2905	#FFFFFF	#D3D3D3	24
2906	#FFFFFF	#D3D3D3	1
2907	#FFFFFF	#D3D3D3	1
2908	#FFFFFF	#D3D3D3	1
2909	#FFFFFF	#D3D3D3	1
2910	#FFFFFF	#D3D3D3	24
2911	#FFFFFF	#D3D3D3	24
2912	#FFFFFF	#D3D3D3	1
2913	#FFFFFF	#D3D3D3	1
2914	#D2317E	#121212	200
2915	#FFFFFF	#D3D3D3	1
2916	#FFFFFF	#D3D3D3	1
2917	#FFFFFF	#D3D3D3	58
2918	#FFFFFF	#D3D3D3	58
2919	#FFFFFF	#D3D3D3	58
2920	#FFFFFF	#D3D3D3	58
2921	#FFFFFF	#D3D3D3	58
2922	#FFFFFF	#D3D3D3	122
2923	#FFFFFF	#D3D3D3	122
2924	#FFFFFF	#D3D3D3	65
2925	#D2317E	#121212	200
2926	#D2317E	#121212	200
2927	#FFFFFF	#D3D3D3	60
2928	#FFFFFF	#D3D3D3	60
2929	#FFFFFF	#D3D3D3	24
2931	#CD1076	#000000	185
2932	#FCE4EB	#B3B3B3	154
2933	#FFFFFF	#D3D3D3	24
2934	#FFFFFF	#D3D3D3	24
2935	#FFFFFF	#D3D3D3	24
2936	#FFFFFF	#D3D3D3	24
2937	#FFFFFF	#D3D3D3	24
2938	#FFFFFF	#D3D3D3	24
2939	#FFFFFF	#D3D3D3	24
2940	#FFFFFF	#D3D3D3	24
2941	#FFFFFF	#D3D3D3	24
2942	#FFFFFF	#D3D3D3	24
2943	#FCE4EB	#B3B3B3	154
2944	#FFFFFF	#D3D3D3	24
2945	#FFFFFF	#D3D3D3	24
2946	#FFFFFF	#D3D3D3	24
2947	#FFFFFF	#D3D3D3	24
2948	#FFFFFF	#D3D3D3	24
2949	#FFFFFF	#D3D3D3	24
2950	#FFFFFF	#D3D3D3	24
2951	#FFFFFF	#D3D3D3	1
2952	#FFFFFF	#D3D3D3	1
2953	#FFFFFF	#D3D3D3	24
2954	#D2317E	#121212	200
2955	#FFFFFF	#D3D3D3	24
2956	#FFFFFF	#D3D3D3	24
2957	#FFFFFF	#D3D3D3	1
2958	#FFFFFF	#D3D3D3	1
2959	#FFFFFF	#D3D3D3	1
2960	#FFFFFF	#D3D3D3	1
2961	#FFFFFF	#D3D3D3	1
2962	#FFFFFF	#D3D3D3	1
2963	#FFFFFF	#D3D3D3	1
2964	#FFFFFF	#D3D3D3	1
2965	#D2317E	#121212	200
2966	#FFFFFF	#D3D3D3	1
2967	#FFFFFF	#D3D3D3	58
2968	#FFFFFF	#D3D3D3	58
2969	#FFFFFF	#D3D3D3	58
2970	#FFFFFF	#D3D3D3	58
2971	#FFFFFF	#D3D3D3	58
2972	#FFFFFF	#D3D3D3	122
2973	#FFFFFF	#D3D3D3	122
2974	#FFFFFF	#D3D3D3	65
2975	#D2317E	#121212	200
2976	#FFFFFF	#D3D3D3	60
2977	#FFFFFF	#D3D3D3	60
2978	#FFFFFF	#D3D3D3	60
2979	#FFFFFF	#D3D3D3	24
2981	#CD1076	#000000	185
2982	#FEF5F8	#C8C8C8	22
2983	#FFFFFF	#D3D3D3	24
2984	#FFFFFF	#D3D3D3	24
2985	#FFFFFF	#D3D3D3	24
2986	#FFFFFF	#D3D3D3	24
2987	#FFFFFF	#D3D3D3	24
2988	#FFFFFF	#D3D3D3	24
2989	#FFFFFF	#D3D3D3	24
2990	#FFFFFF	#D3D3D3	24
2991	#FFFFFF	#D3D3D3	24
2992	#FFFFFF	#D3D3D3	24
2993	#FCE4EB	#B3B3B3	154
2994	#FFFFFF	#D3D3D3	24
2995	#FFFFFF	#D3D3D3	24
2996	#FFFFFF	#D3D3D3	24
2997	#FFFFFF	#D3D3D3	24
2998	#FFFFFF	#D3D3D3	24
2999	#FFFFFF	#D3D3D3	24
3000	#FFFFFF	#D3D3D3	24
3001	#FFFFFF	#D3D3D3	1
3002	#FFFFFF	#D3D3D3	1
3003	#FFFFFF	#D3D3D3	1
3004	#FCE4EB	#B3B3B3	154
3005	#FFFFFF	#D3D3D3	24
3006	#FFFFFF	#D3D3D3	24
3007	#FFFFFF	#D3D3D3	1
3008	#FFFFFF	#D3D3D3	1
3009	#FFFFFF	#D3D3D3	1
3010	#FFFFFF	#D3D3D3	1
3011	#FFFFFF	#D3D3D3	1
3012	#FFFFFF	#D3D3D3	1
3013	#FFFFFF	#D3D3D3	1
3014	#FFFFFF	#D3D3D3	1
3015	#D2317E	#121212	200
3016	#FFFFFF	#D3D3D3	1
3017	#FFFFFF	#D3D3D3	58
3018	#FFFFFF	#D3D3D3	58
3019	#FFFFFF	#D3D3D3	58
3020	#FFFFFF	#D3D3D3	58
3021	#FFFFFF	#D3D3D3	58
3022	#FFFFFF	#D3D3D3	122
3023	#FFFFFF	#D3D3D3	122
3024	#FFFFFF	#D3D3D3	65
3025	#FFFFFF	#D3D3D3	65
3026	#D2317E	#121212	200
3027	#FFFFFF	#D3D3D3	60
3028	#FFFFFF	#D3D3D3	60
3029	#FFFFFF	#D3D3D3	60
3030	#FFFFFF	#D3D3D3	60
3032	#FEF5F8	#C8C8C8	22
3033	#FEF5F8	#C8C8C8	22
3034	#FFFFFF	#D3D3D3	24
3035	#FFFFFF	#D3D3D3	24
3036	#FFFFFF	#D3D3D3	24
3037	#FFFFFF	#D3D3D3	24
3038	#FFFFFF	#D3D3D3	24
3039	#FFFFFF	#D3D3D3	24
3040	#FFFFFF	#D3D3D3	24
3041	#FFFFFF	#D3D3D3	24
3042	#FFFFFF	#D3D3D3	24
3043	#FFFFFF	#D3D3D3	24
3044	#FCE4EB	#B3B3B3	154
3045	#FFFFFF	#D3D3D3	24
3046	#FFFFFF	#D3D3D3	24
3047	#FFFFFF	#D3D3D3	24
3048	#FFFFFF	#D3D3D3	24
3049	#FFFFFF	#D3D3D3	24
3050	#FFFFFF	#D3D3D3	24
3051	#FFFFFF	#D3D3D3	1
3052	#FFFFFF	#D3D3D3	1
3053	#FFFFFF	#D3D3D3	1
3054	#FFFFFF	#D3D3D3	1
3055	#FCE4EB	#B3B3B3	154
3056	#FFFFFF	#D3D3D3	1
3057	#FFFFFF	#D3D3D3	1
3058	#FFFFFF	#D3D3D3	1
3059	#FFFFFF	#D3D3D3	1
3060	#FFFFFF	#D3D3D3	1
3061	#FFFFFF	#D3D3D3	1
3062	#FFFFFF	#D3D3D3	1
3063	#FFFFFF	#D3D3D3	1
3064	#FFFFFF	#D3D3D3	1
3065	#FFFFFF	#D3D3D3	1
3066	#D2317E	#121212	200
3067	#FFFFFF	#D3D3D3	1
3068	#FFFFFF	#D3D3D3	58
3069	#FFFFFF	#D3D3D3	58
3070	#FFFFFF	#D3D3D3	58
3071	#FFFFFF	#D3D3D3	58
3072	#FFFFFF	#D3D3D3	122
3073	#FFFFFF	#D3D3D3	65
3074	#FFFFFF	#D3D3D3	65
3075	#FFFFFF	#D3D3D3	65
3076	#FFFFFF	#D3D3D3	60
3077	#FFFFFF	#D3D3D3	60
3078	#FFFFFF	#D3D3D3	60
3079	#FFFFFF	#D3D3D3	60
3080	#FFFFFF	#D3D3D3	60
3082	#F7C5D6	#929292	204
3083	#FEF5F8	#C8C8C8	22
3084	#FFFFFF	#D3D3D3	60
3085	#FFFFFF	#D3D3D3	24
3086	#FFFFFF	#D3D3D3	24
3087	#FFFFFF	#D3D3D3	24
3088	#FFFFFF	#D3D3D3	24
3089	#FFFFFF	#D3D3D3	24
3090	#FFFFFF	#D3D3D3	24
3091	#FFFFFF	#D3D3D3	24
3092	#FFFFFF	#D3D3D3	24
3093	#FFFFFF	#D3D3D3	24
3094	#FCE4EB	#B3B3B3	154
3095	#FFFFFF	#D3D3D3	24
3096	#FFFFFF	#D3D3D3	24
3097	#FFFFFF	#D3D3D3	24
3098	#FFFFFF	#D3D3D3	24
3099	#FFFFFF	#D3D3D3	24
3100	#FFFFFF	#D3D3D3	24
3101	#FFFFFF	#D3D3D3	24
3102	#FFFFFF	#D3D3D3	1
3103	#FFFFFF	#D3D3D3	1
3104	#FFFFFF	#D3D3D3	1
3105	#FCE4EB	#B3B3B3	154
3106	#FFFFFF	#D3D3D3	1
3107	#FFFFFF	#D3D3D3	1
3108	#FFFFFF	#D3D3D3	1
3109	#FFFFFF	#D3D3D3	1
3110	#FFFFFF	#D3D3D3	1
3111	#FFFFFF	#D3D3D3	1
3112	#FFFFFF	#D3D3D3	1
3113	#FFFFFF	#D3D3D3	1
3114	#FFFFFF	#D3D3D3	1
3115	#FFFFFF	#D3D3D3	1
3116	#FCE4EB	#B3B3B3	154
3117	#FFFFFF	#D3D3D3	1
3118	#FFFFFF	#D3D3D3	58
3119	#FFFFFF	#D3D3D3	58
3120	#FFFFFF	#D3D3D3	58
3121	#FFFFFF	#D3D3D3	58
3122	#FFFFFF	#D3D3D3	122
3123	#FFFFFF	#D3D3D3	65
3124	#FFFFFF	#D3D3D3	65
3125	#FFFFFF	#D3D3D3	65
3126	#FFFFFF	#D3D3D3	65
3127	#FFFFFF	#D3D3D3	60
3128	#FFFFFF	#D3D3D3	60
3129	#FFFFFF	#D3D3D3	60
3130	#FFFFFF	#D3D3D3	60
3131	#FFFFFF	#D3D3D3	60
3133	#F7C5D6	#929292	204
3134	#FEF5F8	#C8C8C8	22
3135	#FFFFFF	#D3D3D3	60
3136	#FFFFFF	#D3D3D3	24
3137	#FFFFFF	#D3D3D3	24
3138	#FFFFFF	#D3D3D3	24
3139	#FFFFFF	#D3D3D3	24
3140	#FFFFFF	#D3D3D3	24
3141	#FFFFFF	#D3D3D3	24
3142	#FFFFFF	#D3D3D3	24
3143	#FFFFFF	#D3D3D3	24
3144	#FFFFFF	#D3D3D3	24
3145	#FCE4EB	#B3B3B3	154
3146	#FFFFFF	#D3D3D3	24
3147	#FFFFFF	#D3D3D3	24
3148	#FFFFFF	#D3D3D3	24
3149	#FFFFFF	#D3D3D3	24
3150	#FFFFFF	#D3D3D3	24
3151	#FFFFFF	#D3D3D3	24
3152	#FFFFFF	#D3D3D3	24
3153	#FFFFFF	#D3D3D3	24
3154	#FFFFFF	#D3D3D3	1
3155	#FFFFFF	#D3D3D3	1
3156	#FCE4EB	#B3B3B3	154
3157	#FFFFFF	#D3D3D3	1
3158	#FFFFFF	#D3D3D3	1
3159	#FFFFFF	#D3D3D3	1
3160	#FFFFFF	#D3D3D3	1
3161	#FFFFFF	#D3D3D3	1
3162	#FFFFFF	#D3D3D3	1
3163	#FFFFFF	#D3D3D3	1
3164	#FFFFFF	#D3D3D3	1
3165	#FFFFFF	#D3D3D3	1
3166	#FFFFFF	#D3D3D3	1
3167	#FFFFFF	#D3D3D3	165
3168	#FFFFFF	#D3D3D3	58
3169	#FFFFFF	#D3D3D3	58
3170	#FFFFFF	#D3D3D3	58
3171	#FFFFFF	#D3D3D3	58
3172	#FFFFFF	#D3D3D3	122
3173	#FFFFFF	#D3D3D3	122
3174	#FFFFFF	#D3D3D3	65
3175	#FFFFFF	#D3D3D3	65
3176	#FFFFFF	#D3D3D3	65
3177	#FFFFFF	#D3D3D3	60
3178	#FFFFFF	#D3D3D3	60
3179	#FFFFFF	#D3D3D3	60
3180	#FFFFFF	#D3D3D3	60
3181	#FFFFFF	#D3D3D3	60
3183	#F7C5D6	#929292	204
3184	#FEF5F8	#C8C8C8	22
3185	#FFFFFF	#D3D3D3	60
3186	#FFFFFF	#D3D3D3	60
3187	#FFFFFF	#D3D3D3	24
3188	#FFFFFF	#D3D3D3	24
3189	#FFFFFF	#D3D3D3	24
3190	#FFFFFF	#D3D3D3	24
3191	#FFFFFF	#D3D3D3	24
3192	#FFFFFF	#D3D3D3	24
3193	#FFFFFF	#D3D3D3	24
3194	#FFFFFF	#D3D3D3	24
3195	#FEF5F8	#C8C8C8	22
3196	#FFFFFF	#D3D3D3	24
3197	#FFFFFF	#D3D3D3	60
3198	#FFFFFF	#D3D3D3	24
3199	#FFFFFF	#D3D3D3	24
3200	#FFFFFF	#D3D3D3	24
3201	#FFFFFF	#D3D3D3	24
3202	#FFFFFF	#D3D3D3	24
3203	#FFFFFF	#D3D3D3	24
3204	#FFFFFF	#D3D3D3	1
3205	#FFFFFF	#D3D3D3	1
3206	#FCE4EB	#B3B3B3	154
3207	#FFFFFF	#D3D3D3	1
3208	#FFFFFF	#D3D3D3	1
3209	#FFFFFF	#D3D3D3	1
3210	#FFFFFF	#D3D3D3	1
3211	#FFFFFF	#D3D3D3	1
3212	#FFFFFF	#D3D3D3	1
3213	#FFFFFF	#D3D3D3	1
3214	#FFFFFF	#D3D3D3	1
3215	#FFFFFF	#D3D3D3	1
3216	#FFFFFF	#D3D3D3	1
3217	#FFFFFF	#D3D3D3	165
3218	#FFFFFF	#D3D3D3	58
3219	#FFFFFF	#D3D3D3	58
3220	#FFFFFF	#D3D3D3	58
3221	#FFFFFF	#D3D3D3	58
3222	#FFFFFF	#D3D3D3	122
3223	#FFFFFF	#D3D3D3	122
3224	#FFFFFF	#D3D3D3	65
3225	#FFFFFF	#D3D3D3	65
3226	#FFFFFF	#D3D3D3	65
3227	#FFFFFF	#D3D3D3	64
3228	#FFFFFF	#D3D3D3	165
3229	#FFFFFF	#D3D3D3	60
3230	#FFFFFF	#D3D3D3	60
3231	#FFFFFF	#D3D3D3	60
3232	#FFFFFF	#D3D3D3	60
3234	#F7C5D6	#929292	204
3235	#FEF5F8	#C8C8C8	22
3236	#FFFFFF	#D3D3D3	60
3237	#FFFFFF	#D3D3D3	60
3238	#FFFFFF	#D3D3D3	24
3239	#FFFFFF	#D3D3D3	24
3240	#FFFFFF	#D3D3D3	24
3241	#FFFFFF	#D3D3D3	24
3242	#FFFFFF	#D3D3D3	24
3243	#FFFFFF	#D3D3D3	24
3244	#FFFFFF	#D3D3D3	24
3245	#FFFFFF	#D3D3D3	24
3246	#FEF5F8	#C8C8C8	22
3247	#FFFFFF	#D3D3D3	60
3248	#FFFFFF	#D3D3D3	60
3249	#FFFFFF	#D3D3D3	24
3250	#FFFFFF	#D3D3D3	24
3251	#FFFFFF	#D3D3D3	24
3252	#FFFFFF	#D3D3D3	24
3253	#FFFFFF	#D3D3D3	24
3254	#FFFFFF	#D3D3D3	24
3255	#FFFFFF	#D3D3D3	1
3256	#FFFFFF	#D3D3D3	1
3257	#FCE4EB	#B3B3B3	154
3258	#FFFFFF	#D3D3D3	1
3259	#FFFFFF	#D3D3D3	1
3260	#FFFFFF	#D3D3D3	1
3261	#FFFFFF	#D3D3D3	1
3262	#FFFFFF	#D3D3D3	1
3263	#FFFFFF	#D3D3D3	1
3264	#FFFFFF	#D3D3D3	1
3265	#FFFFFF	#D3D3D3	1
3266	#FFFFFF	#D3D3D3	1
3267	#FFFFFF	#D3D3D3	1
3268	#FFFFFF	#D3D3D3	165
3269	#FFFFFF	#D3D3D3	58
3270	#FFFFFF	#D3D3D3	58
3271	#FFFFFF	#D3D3D3	58
3272	#FFFFFF	#D3D3D3	122
3273	#FFFFFF	#D3D3D3	122
3274	#FFFFFF	#D3D3D3	65
3275	#FFFFFF	#D3D3D3	65
3276	#FFFFFF	#D3D3D3	65
3277	#FFFFFF	#D3D3D3	64
3278	#FFFFFF	#D3D3D3	165
3279	#FFFFFF	#D3D3D3	60
3280	#FFFFFF	#D3D3D3	60
3281	#FFFFFF	#D3D3D3	60
3282	#FFFFFF	#D3D3D3	60
3284	#F7C5D6	#929292	204
3285	#F7C5D6	#929292	204
3286	#FFFFFF	#D3D3D3	60
3287	#FFFFFF	#D3D3D3	60
3288	#FFFFFF	#D3D3D3	60
3289	#FFFFFF	#D3D3D3	24
3290	#FFFFFF	#D3D3D3	24
3291	#FFFFFF	#D3D3D3	24
3292	#FFFFFF	#D3D3D3	24
3293	#FFFFFF	#D3D3D3	24
3294	#FFFFFF	#D3D3D3	24
3295	#FFFFFF	#D3D3D3	24
3296	#FEF5F8	#C8C8C8	22
3297	#FFFFFF	#D3D3D3	60
3298	#FFFFFF	#D3D3D3	60
3299	#FFFFFF	#D3D3D3	60
3300	#FFFFFF	#D3D3D3	24
3301	#FFFFFF	#D3D3D3	24
3302	#FFFFFF	#D3D3D3	24
3303	#FFFFFF	#D3D3D3	24
3304	#FFFFFF	#D3D3D3	24
3305	#FFFFFF	#D3D3D3	24
3306	#FFFFFF	#D3D3D3	1
3307	#FCE4EB	#B3B3B3	154
3308	#FFFFFF	#D3D3D3	1
3309	#FFFFFF	#D3D3D3	1
3310	#FFFFFF	#D3D3D3	1
3311	#FFFFFF	#D3D3D3	1
3312	#FFFFFF	#D3D3D3	1
3313	#FFFFFF	#D3D3D3	1
3314	#FFFFFF	#D3D3D3	1
3315	#FFFFFF	#D3D3D3	1
3316	#FFFFFF	#D3D3D3	1
3317	#FFFFFF	#D3D3D3	1
3318	#FCE4EB	#B3B3B3	154
3319	#FFFFFF	#D3D3D3	58
3320	#FFFFFF	#D3D3D3	58
3321	#FFFFFF	#D3D3D3	58
3322	#FFFFFF	#D3D3D3	122
3323	#FFFFFF	#D3D3D3	122
3324	#FFFFFF	#D3D3D3	65
3325	#FFFFFF	#D3D3D3	65
3326	#FFFFFF	#D3D3D3	65
3327	#FFFFFF	#D3D3D3	64
3328	#FFFFFF	#D3D3D3	64
3329	#FFFFFF	#D3D3D3	165
3330	#FFFFFF	#D3D3D3	165
3331	#FFFFFF	#D3D3D3	60
3332	#FFFFFF	#D3D3D3	60
3333	#FFFFFF	#D3D3D3	60
3335	#F7C5D6	#929292	204
3336	#F7C5D6	#929292	204
3337	#FFFFFF	#D3D3D3	60
3338	#FFFFFF	#D3D3D3	60
3339	#FFFFFF	#D3D3D3	60
3340	#FFFFFF	#D3D3D3	60
3341	#FFFFFF	#D3D3D3	24
3342	#FFFFFF	#D3D3D3	24
3343	#FFFFFF	#D3D3D3	24
3344	#FFFFFF	#D3D3D3	24
3345	#FFFFFF	#D3D3D3	24
3346	#FFFFFF	#D3D3D3	60
3347	#FEF5F8	#C8C8C8	22
3348	#FFFFFF	#D3D3D3	60
3349	#FFFFFF	#D3D3D3	60
3350	#FFFFFF	#D3D3D3	60
3351	#FFFFFF	#D3D3D3	24
3352	#FFFFFF	#D3D3D3	24
3353	#FFFFFF	#D3D3D3	24
3354	#FFFFFF	#D3D3D3	24
3355	#FFFFFF	#D3D3D3	24
3356	#FFFFFF	#D3D3D3	1
3357	#FFFFFF	#D3D3D3	1
3358	#FCE4EB	#B3B3B3	154
3359	#FFFFFF	#D3D3D3	1
3360	#FFFFFF	#D3D3D3	1
3361	#FFFFFF	#D3D3D3	1
3362	#FFFFFF	#D3D3D3	1
3363	#FFFFFF	#D3D3D3	1
3364	#FFFFFF	#D3D3D3	1
3365	#FFFFFF	#D3D3D3	1
3366	#FFFFFF	#D3D3D3	1
3367	#FFFFFF	#D3D3D3	58
3368	#FFFFFF	#D3D3D3	58
3369	#FCE4EB	#B3B3B3	154
3370	#FFFFFF	#D3D3D3	58
3371	#FFFFFF	#D3D3D3	58
3372	#FFFFFF	#D3D3D3	122
3373	#FFFFFF	#D3D3D3	65
3374	#FFFFFF	#D3D3D3	122
3375	#FFFFFF	#D3D3D3	65
3376	#FFFFFF	#D3D3D3	65
3377	#FFFFFF	#D3D3D3	64
3378	#FFFFFF	#D3D3D3	62
3379	#FFFFFF	#D3D3D3	165
3380	#FFFFFF	#D3D3D3	165
3381	#FFFFFF	#D3D3D3	165
3382	#FFFFFF	#D3D3D3	60
3383	#FFFFFF	#D3D3D3	60
3385	#CD1076	#000000	169
3386	#CD1076	#000000	72
3387	#CD1076	#000000	116
3388	#CD1076	#000000	116
3389	#CD1076	#000000	216
3390	#D43881	#171717	106
3391	#CD1076	#000000	216
3392	#D43881	#171717	106
3393	#D43881	#171717	106
3394	#D43881	#171717	106
3395	#D43881	#171717	106
3396	#D43881	#171717	106
3397	#CD1076	#000000	116
3398	#D43881	#171717	106
3399	#D43881	#171717	106
3400	#D43881	#171717	106
3401	#E474A0	#414141	56
3402	#FAD7E2	#A5A5A5	211
3403	#FAD7E2	#A5A5A5	211
3404	#E474A0	#414141	56
3405	#E474A0	#414141	56
3406	#FFFFFF	#D3D3D3	1
3407	#FFFFFF	#D3D3D3	1
3408	#CD1076	#000000	116
3409	#FFFFFF	#D3D3D3	1
3410	#FFFFFF	#D3D3D3	1
3411	#FFFFFF	#D3D3D3	1
3412	#FFFFFF	#D3D3D3	66
3413	#FFFFFF	#D3D3D3	66
3414	#FFFFFF	#D3D3D3	66
3415	#FFFFFF	#D3D3D3	66
3416	#FFFFFF	#D3D3D3	66
3417	#FFFFFF	#D3D3D3	66
3418	#FFFFFF	#D3D3D3	66
3419	#CD1076	#000000	116
3420	#FFFFFF	#D3D3D3	66
3421	#FFFFFF	#D3D3D3	66
3422	#FFFFFF	#D3D3D3	66
3423	#FFFFFF	#D3D3D3	1
3424	#FFFFFF	#D3D3D3	66
3425	#FFFFFF	#D3D3D3	1
3426	#FFFFFF	#D3D3D3	1
3427	#FFFFFF	#D3D3D3	1
3428	#FFFFFF	#D3D3D3	1
3429	#FFFFFF	#D3D3D3	1
3430	#CD1076	#000000	116
3431	#CD1076	#000000	116
3432	#CD1076	#000000	116
3433	#CD1076	#000000	116
3434	#CD1076	#000000	116
3436	#CD1076	#000000	72
3437	#CD1076	#000000	116
3438	#CD1076	#000000	116
3439	#CD1076	#000000	216
3440	#D43881	#171717	106
3441	#D43881	#171717	106
3442	#CD1076	#000000	216
3443	#D43881	#171717	106
3444	#D43881	#171717	106
3445	#D43881	#171717	106
3446	#D43881	#171717	106
3447	#D43881	#171717	106
3448	#CD1076	#000000	116
3449	#D43881	#171717	106
3450	#D43881	#171717	106
3451	#E474A0	#414141	56
3452	#FAD7E2	#A5A5A5	211
3453	#FAD7E2	#A5A5A5	211
3454	#FAD7E2	#A5A5A5	211
3455	#E474A0	#414141	56
3456	#E474A0	#414141	56
3457	#FFFFFF	#D3D3D3	1
3458	#FFFFFF	#D3D3D3	1
3459	#CD1076	#000000	116
3460	#FFFFFF	#D3D3D3	1
3461	#FFFFFF	#D3D3D3	1
3462	#FFFFFF	#D3D3D3	66
3463	#FFFFFF	#D3D3D3	66
3464	#FFFFFF	#D3D3D3	66
3465	#FFFFFF	#D3D3D3	66
3466	#FFFFFF	#D3D3D3	66
3467	#FFFFFF	#D3D3D3	66
3468	#FFFFFF	#D3D3D3	66
3469	#FFFFFF	#D3D3D3	66
3470	#CD1076	#000000	116
3471	#FFFFFF	#D3D3D3	66
3472	#FFFFFF	#D3D3D3	66
3473	#FFFFFF	#D3D3D3	1
3474	#FFFFFF	#D3D3D3	1
3475	#FFFFFF	#D3D3D3	1
3476	#FFFFFF	#D3D3D3	1
3477	#FFFFFF	#D3D3D3	1
3478	#FFFFFF	#D3D3D3	1
3479	#FFFFFF	#D3D3D3	1
3480	#CD1076	#000000	116
3481	#CD1076	#000000	116
3482	#CD1076	#000000	116
3483	#CD1076	#000000	116
3484	#CD1076	#000000	116
3486	#F7C5D6	#929292	204
3487	#F7C5D6	#929292	204
3488	#FFFFFF	#D3D3D3	60
3489	#FFFFFF	#D3D3D3	60
3490	#FFFFFF	#D3D3D3	60
3491	#FFFFFF	#D3D3D3	60
3492	#FFFFFF	#D3D3D3	60
3493	#FFFFFF	#D3D3D3	24
3494	#FFFFFF	#D3D3D3	24
3495	#FFFFFF	#D3D3D3	24
3496	#FFFFFF	#D3D3D3	24
3497	#FFFFFF	#D3D3D3	60
3498	#FEF5F8	#C8C8C8	22
3499	#FFFFFF	#D3D3D3	60
3500	#FFFFFF	#D3D3D3	60
3501	#FFFFFF	#D3D3D3	60
3502	#FFFFFF	#D3D3D3	60
3503	#FFFFFF	#D3D3D3	24
3504	#FFFFFF	#D3D3D3	24
3505	#FFFFFF	#D3D3D3	24
3506	#FFFFFF	#D3D3D3	24
3507	#FFFFFF	#D3D3D3	1
3508	#FFFFFF	#D3D3D3	1
3509	#FEF5F8	#C8C8C8	22
3510	#FFFFFF	#D3D3D3	1
3511	#FFFFFF	#D3D3D3	1
3512	#FFFFFF	#D3D3D3	1
3513	#FFFFFF	#D3D3D3	1
3514	#FFFFFF	#D3D3D3	1
3515	#FFFFFF	#D3D3D3	1
3516	#FFFFFF	#D3D3D3	1
3517	#FFFFFF	#D3D3D3	1
3518	#FFFFFF	#D3D3D3	58
3519	#FFFFFF	#D3D3D3	58
3520	#FCE4EB	#B3B3B3	154
3521	#FFFFFF	#D3D3D3	58
3522	#FFFFFF	#D3D3D3	58
3523	#FFFFFF	#D3D3D3	65
3524	#FFFFFF	#D3D3D3	65
3525	#FFFFFF	#D3D3D3	65
3526	#FFFFFF	#D3D3D3	65
3527	#FFFFFF	#D3D3D3	65
3528	#FFFFFF	#D3D3D3	64
3529	#FFFFFF	#D3D3D3	62
3530	#FFFFFF	#D3D3D3	62
3531	#FCE4EB	#B3B3B3	154
3532	#FFFFFF	#D3D3D3	165
3533	#FFFFFF	#D3D3D3	165
3534	#FFFFFF	#D3D3D3	165
3535	#FFFFFF	#D3D3D3	60
3537	#F7C5D6	#929292	204
3538	#FEF5F8	#C8C8C8	22
3539	#FFFFFF	#D3D3D3	60
3540	#FFFFFF	#D3D3D3	60
3541	#FFFFFF	#D3D3D3	111
3542	#FFFFFF	#D3D3D3	60
3543	#FFFFFF	#D3D3D3	60
3544	#FFFFFF	#D3D3D3	24
3545	#FFFFFF	#D3D3D3	24
3546	#FFFFFF	#D3D3D3	24
3547	#FFFFFF	#D3D3D3	60
3548	#FFFFFF	#D3D3D3	60
3549	#FEF5F8	#C8C8C8	22
3550	#FFFFFF	#D3D3D3	60
3551	#FFFFFF	#D3D3D3	60
3552	#FFFFFF	#D3D3D3	60
3553	#FFFFFF	#D3D3D3	24
3554	#FFFFFF	#D3D3D3	24
3555	#FFFFFF	#D3D3D3	24
3556	#FFFFFF	#D3D3D3	24
3557	#FFFFFF	#D3D3D3	1
3558	#FFFFFF	#D3D3D3	1
3559	#FFFFFF	#D3D3D3	1
3560	#FEF5F8	#C8C8C8	22
3561	#FFFFFF	#D3D3D3	1
3562	#FFFFFF	#D3D3D3	1
3563	#FFFFFF	#D3D3D3	1
3564	#FFFFFF	#D3D3D3	1
3565	#FFFFFF	#D3D3D3	1
3566	#FFFFFF	#D3D3D3	1
3567	#FFFFFF	#D3D3D3	1
3568	#FFFFFF	#D3D3D3	1
3569	#FFFFFF	#D3D3D3	58
3570	#FFFFFF	#D3D3D3	58
3571	#FCE4EB	#B3B3B3	154
3572	#FFFFFF	#D3D3D3	58
3573	#FFFFFF	#D3D3D3	65
3574	#FFFFFF	#D3D3D3	65
3575	#FFFFFF	#D3D3D3	65
3576	#FFFFFF	#D3D3D3	65
3577	#FFFFFF	#D3D3D3	65
3578	#FFFFFF	#D3D3D3	64
3579	#FFFFFF	#D3D3D3	62
3580	#FFFFFF	#D3D3D3	62
3581	#FCE4EB	#B3B3B3	154
3582	#FCE4EB	#B3B3B3	154
3583	#FFFFFF	#D3D3D3	165
3584	#FFFFFF	#D3D3D3	60
3585	#FFFFFF	#D3D3D3	60
3587	#F7C5D6	#929292	204
3588	#FEF5F8	#C8C8C8	22
3589	#FFFFFF	#D3D3D3	60
3590	#FFFFFF	#D3D3D3	60
3591	#FFFFFF	#D3D3D3	111
3592	#FFFFFF	#D3D3D3	111
3593	#FFFFFF	#D3D3D3	60
3594	#FFFFFF	#D3D3D3	24
3595	#FFFFFF	#D3D3D3	24
3596	#FFFFFF	#D3D3D3	24
3597	#FFFFFF	#D3D3D3	24
3598	#FFFFFF	#D3D3D3	60
3599	#FEF5F8	#C8C8C8	22
3600	#FFFFFF	#D3D3D3	60
3601	#FFFFFF	#D3D3D3	60
3602	#FFFFFF	#D3D3D3	60
3603	#FFFFFF	#D3D3D3	24
3604	#FFFFFF	#D3D3D3	60
3605	#FFFFFF	#D3D3D3	24
3606	#FFFFFF	#D3D3D3	24
3607	#FFFFFF	#D3D3D3	1
3608	#FFFFFF	#D3D3D3	1
3609	#FFFFFF	#D3D3D3	1
3610	#FEF5F8	#C8C8C8	22
3611	#FFFFFF	#D3D3D3	1
3612	#FFFFFF	#D3D3D3	1
3613	#FFFFFF	#D3D3D3	1
3614	#FFFFFF	#D3D3D3	1
3615	#FFFFFF	#D3D3D3	1
3616	#FFFFFF	#D3D3D3	1
3617	#FFFFFF	#D3D3D3	58
3618	#FFFFFF	#D3D3D3	1
3619	#FFFFFF	#D3D3D3	58
3620	#FFFFFF	#D3D3D3	58
3621	#FEF5F8	#C8C8C8	22
3622	#FFFFFF	#D3D3D3	58
3623	#FFFFFF	#D3D3D3	65
3624	#FFFFFF	#D3D3D3	65
3625	#FFFFFF	#D3D3D3	65
3626	#FFFFFF	#D3D3D3	65
3627	#FFFFFF	#D3D3D3	65
3628	#FFFFFF	#D3D3D3	64
3629	#FFFFFF	#D3D3D3	62
3630	#FFFFFF	#D3D3D3	62
3631	#FFFFFF	#D3D3D3	62
3632	#FCE4EB	#B3B3B3	154
3633	#FCE4EB	#B3B3B3	154
3634	#FCE4EB	#B3B3B3	154
3635	#FFFFFF	#D3D3D3	165
3636	#FFFFFF	#D3D3D3	60
3638	#F7C5D6	#929292	204
3639	#FEF5F8	#C8C8C8	22
3640	#FFFFFF	#D3D3D3	60
3641	#FFFFFF	#D3D3D3	111
3642	#FFFFFF	#D3D3D3	111
3643	#FFFFFF	#D3D3D3	111
3644	#FFFFFF	#D3D3D3	60
3645	#FFFFFF	#D3D3D3	24
3646	#FFFFFF	#D3D3D3	24
3647	#FFFFFF	#D3D3D3	24
3648	#FFFFFF	#D3D3D3	24
3649	#FFFFFF	#D3D3D3	60
3650	#FEF5F8	#C8C8C8	22
3651	#FFFFFF	#D3D3D3	60
3652	#FFFFFF	#D3D3D3	60
3653	#FFFFFF	#D3D3D3	60
3654	#FFFFFF	#D3D3D3	60
3655	#FFFFFF	#D3D3D3	60
3656	#FFFFFF	#D3D3D3	24
3657	#FFFFFF	#D3D3D3	1
3658	#FFFFFF	#D3D3D3	1
3659	#FFFFFF	#D3D3D3	1
3660	#FFFFFF	#D3D3D3	1
3661	#FEF5F8	#C8C8C8	22
3662	#FFFFFF	#D3D3D3	1
3663	#FFFFFF	#D3D3D3	1
3664	#FFFFFF	#D3D3D3	1
3665	#FFFFFF	#D3D3D3	1
3666	#FFFFFF	#D3D3D3	1
3667	#FFFFFF	#D3D3D3	58
3668	#FFFFFF	#D3D3D3	58
3669	#FFFFFF	#D3D3D3	58
3670	#FFFFFF	#D3D3D3	58
3671	#FFFFFF	#D3D3D3	58
3672	#FEF5F8	#C8C8C8	22
3673	#FFFFFF	#D3D3D3	65
3674	#FFFFFF	#D3D3D3	65
3675	#FFFFFF	#D3D3D3	65
3676	#FFFFFF	#D3D3D3	65
3677	#FFFFFF	#D3D3D3	65
3678	#FFFFFF	#D3D3D3	64
3679	#FFFFFF	#D3D3D3	62
3680	#FFFFFF	#D3D3D3	62
3681	#FFFFFF	#D3D3D3	62
3682	#FCE4EB	#B3B3B3	154
3683	#FCE4EB	#B3B3B3	154
3684	#FFFFFF	#D3D3D3	165
3685	#FFFFFF	#D3D3D3	165
3686	#FFFFFF	#D3D3D3	60
3688	#F7C5D6	#929292	204
3689	#F7C5D6	#929292	204
3690	#FFFFFF	#D3D3D3	60
3691	#FFFFFF	#D3D3D3	111
3692	#FFFFFF	#D3D3D3	111
3693	#FFFFFF	#D3D3D3	111
3694	#FFFFFF	#D3D3D3	60
3695	#FFFFFF	#D3D3D3	60
3696	#FFFFFF	#D3D3D3	24
3697	#FFFFFF	#D3D3D3	24
3698	#FFFFFF	#D3D3D3	24
3699	#FFFFFF	#D3D3D3	24
3700	#FEF5F8	#C8C8C8	22
3701	#FFFFFF	#D3D3D3	60
3702	#FFFFFF	#D3D3D3	60
3703	#FFFFFF	#D3D3D3	60
3704	#FFFFFF	#D3D3D3	60
3705	#FFFFFF	#D3D3D3	60
3706	#FFFFFF	#D3D3D3	60
3707	#FFFFFF	#D3D3D3	1
3708	#FFFFFF	#D3D3D3	1
3709	#FFFFFF	#D3D3D3	1
3710	#FFFFFF	#D3D3D3	1
3711	#FEF5F8	#C8C8C8	22
3712	#FFFFFF	#D3D3D3	1
3713	#FFFFFF	#D3D3D3	1
3714	#FFFFFF	#D3D3D3	1
3715	#FFFFFF	#D3D3D3	1
3716	#FFFFFF	#D3D3D3	1
3717	#FFFFFF	#D3D3D3	1
3718	#FFFFFF	#D3D3D3	58
3719	#FFFFFF	#D3D3D3	58
3720	#FFFFFF	#D3D3D3	58
3721	#FFFFFF	#D3D3D3	58
3722	#FEF5F8	#C8C8C8	22
3723	#FFFFFF	#D3D3D3	65
3724	#FFFFFF	#D3D3D3	65
3725	#FFFFFF	#D3D3D3	65
3726	#FFFFFF	#D3D3D3	65
3727	#FFFFFF	#D3D3D3	65
3728	#FFFFFF	#D3D3D3	64
3729	#FFFFFF	#D3D3D3	62
3730	#FFFFFF	#D3D3D3	62
3731	#FFFFFF	#D3D3D3	62
3732	#FFFFFF	#D3D3D3	64
3733	#FCE4EB	#B3B3B3	154
3734	#FCE4EB	#B3B3B3	154
3735	#FFFFFF	#D3D3D3	32
3736	#FFFFFF	#D3D3D3	165
3737	#FFFFFF	#D3D3D3	165
3739	#F7C5D6	#929292	204
3740	#F7C5D6	#929292	204
3741	#FFFFFF	#D3D3D3	111
3742	#FFFFFF	#D3D3D3	111
3743	#FFFFFF	#D3D3D3	111
3744	#FFFFFF	#D3D3D3	60
3745	#FFFFFF	#D3D3D3	60
3746	#FFFFFF	#D3D3D3	60
3747	#FFFFFF	#D3D3D3	24
3748	#FFFFFF	#D3D3D3	24
3749	#FFFFFF	#D3D3D3	24
3750	#FFFFFF	#D3D3D3	24
3751	#FEF5F8	#C8C8C8	22
3752	#FFFFFF	#D3D3D3	60
3753	#FFFFFF	#D3D3D3	60
3754	#FFFFFF	#D3D3D3	60
3755	#FFFFFF	#D3D3D3	60
3756	#FFFFFF	#D3D3D3	60
3757	#FFFFFF	#D3D3D3	60
3758	#FFFFFF	#D3D3D3	1
3759	#FFFFFF	#D3D3D3	1
3760	#FFFFFF	#D3D3D3	1
3761	#FFFFFF	#D3D3D3	1
3762	#FEF5F8	#C8C8C8	22
3763	#FFFFFF	#D3D3D3	1
3764	#FFFFFF	#D3D3D3	1
3765	#FFFFFF	#D3D3D3	1
3766	#FFFFFF	#D3D3D3	1
3767	#FFFFFF	#D3D3D3	1
3768	#FFFFFF	#D3D3D3	1
3769	#FFFFFF	#D3D3D3	58
3770	#FFFFFF	#D3D3D3	65
3771	#FFFFFF	#D3D3D3	58
3772	#FFFFFF	#D3D3D3	65
3773	#FCE4EB	#B3B3B3	154
3774	#FFFFFF	#D3D3D3	65
3775	#FFFFFF	#D3D3D3	65
3776	#FFFFFF	#D3D3D3	65
3777	#FFFFFF	#D3D3D3	65
3778	#FFFFFF	#D3D3D3	64
3779	#FFFFFF	#D3D3D3	62
3780	#FFFFFF	#D3D3D3	62
3781	#FFFFFF	#D3D3D3	62
3782	#FFFFFF	#D3D3D3	64
3783	#FFFFFF	#D3D3D3	32
3784	#FFFFFF	#D3D3D3	32
3785	#FFFFFF	#D3D3D3	165
3786	#FFFFFF	#D3D3D3	165
3787	#FFFFFF	#D3D3D3	165
3789	#F7C5D6	#929292	204
3790	#F7C5D6	#929292	204
3791	#FFFFFF	#D3D3D3	111
3792	#FFFFFF	#D3D3D3	111
3793	#FFFFFF	#D3D3D3	111
3794	#FFFFFF	#D3D3D3	60
3795	#FFFFFF	#D3D3D3	60
3796	#FFFFFF	#D3D3D3	60
3797	#FFFFFF	#D3D3D3	60
3798	#FFFFFF	#D3D3D3	60
3799	#FFFFFF	#D3D3D3	24
3800	#FFFFFF	#D3D3D3	24
3801	#FEF5F8	#C8C8C8	22
3802	#FFFFFF	#D3D3D3	24
3803	#FFFFFF	#D3D3D3	60
3804	#FFFFFF	#D3D3D3	60
3805	#FFFFFF	#D3D3D3	60
3806	#FFFFFF	#D3D3D3	60
3807	#FFFFFF	#D3D3D3	60
3808	#FFFFFF	#D3D3D3	60
3809	#FFFFFF	#D3D3D3	1
3810	#FFFFFF	#D3D3D3	1
3811	#FFFFFF	#D3D3D3	1
3812	#FEF5F8	#C8C8C8	22
3813	#FFFFFF	#D3D3D3	1
3814	#FFFFFF	#D3D3D3	1
3815	#FFFFFF	#D3D3D3	1
3816	#FFFFFF	#D3D3D3	1
3817	#FFFFFF	#D3D3D3	1
3818	#FFFFFF	#D3D3D3	1
3819	#FFFFFF	#D3D3D3	58
3820	#FFFFFF	#D3D3D3	58
3821	#FFFFFF	#D3D3D3	65
3822	#FFFFFF	#D3D3D3	65
3823	#FCE4EB	#B3B3B3	154
3824	#FFFFFF	#D3D3D3	65
3825	#FFFFFF	#D3D3D3	65
3826	#FFFFFF	#D3D3D3	65
3827	#FFFFFF	#D3D3D3	65
3828	#FFFFFF	#D3D3D3	64
3829	#FFFFFF	#D3D3D3	62
3830	#FFFFFF	#D3D3D3	62
3831	#FFFFFF	#D3D3D3	62
3832	#FFFFFF	#D3D3D3	64
3833	#FFFFFF	#D3D3D3	64
3834	#FCE4EB	#B3B3B3	154
3835	#FFFFFF	#D3D3D3	32
3836	#FFFFFF	#D3D3D3	165
3837	#FFFFFF	#D3D3D3	165
3838	#FFFFFF	#D3D3D3	165
3840	#F7C5D6	#929292	204
3841	#F7C5D6	#929292	204
3842	#FFFFFF	#D3D3D3	111
3843	#FFFFFF	#D3D3D3	111
3844	#FFFFFF	#D3D3D3	60
3845	#FFFFFF	#D3D3D3	60
3846	#FFFFFF	#D3D3D3	60
3847	#FFFFFF	#D3D3D3	104
3848	#FFFFFF	#D3D3D3	60
3849	#FFFFFF	#D3D3D3	60
3850	#FFFFFF	#D3D3D3	24
3851	#FFFFFF	#D3D3D3	24
3852	#FEF5F8	#C8C8C8	22
3853	#FFFFFF	#D3D3D3	24
3854	#FFFFFF	#D3D3D3	60
3855	#FFFFFF	#D3D3D3	60
3856	#FFFFFF	#D3D3D3	60
3857	#FFFFFF	#D3D3D3	60
3858	#FFFFFF	#D3D3D3	60
3859	#FFFFFF	#D3D3D3	60
3860	#FFFFFF	#D3D3D3	1
3861	#FFFFFF	#D3D3D3	1
3862	#FFFFFF	#D3D3D3	1
3863	#FCE4EB	#B3B3B3	154
3864	#FFFFFF	#D3D3D3	1
3865	#FFFFFF	#D3D3D3	1
3866	#FFFFFF	#D3D3D3	1
3867	#FFFFFF	#D3D3D3	1
3868	#FFFFFF	#D3D3D3	58
3869	#FFFFFF	#D3D3D3	58
3870	#FFFFFF	#D3D3D3	58
3871	#FFFFFF	#D3D3D3	65
3872	#FFFFFF	#D3D3D3	65
3873	#FFFFFF	#D3D3D3	65
3874	#FCE4EB	#B3B3B3	154
3875	#FFFFFF	#D3D3D3	65
3876	#FFFFFF	#D3D3D3	65
3877	#FFFFFF	#D3D3D3	65
3878	#FFFFFF	#D3D3D3	64
3879	#FFFFFF	#D3D3D3	64
3880	#FFFFFF	#D3D3D3	62
3881	#FFFFFF	#D3D3D3	62
3882	#FFFFFF	#D3D3D3	64
3883	#FFFFFF	#D3D3D3	64
3884	#FCE4EB	#B3B3B3	154
3885	#FFFFFF	#D3D3D3	32
3886	#FFFFFF	#D3D3D3	165
3887	#FFFFFF	#D3D3D3	165
3888	#FFFFFF	#D3D3D3	111
3890	#F7C5D6	#929292	204
3891	#F7C5D6	#929292	204
3892	#FFFFFF	#D3D3D3	111
3893	#FFFFFF	#D3D3D3	111
3894	#FFFFFF	#D3D3D3	60
3895	#FFFFFF	#D3D3D3	60
3896	#FFFFFF	#D3D3D3	60
3897	#FFFFFF	#D3D3D3	104
3898	#FFFFFF	#D3D3D3	104
3899	#FFFFFF	#D3D3D3	60
3900	#FFFFFF	#D3D3D3	60
3901	#FFFFFF	#D3D3D3	24
3902	#FEF5F8	#C8C8C8	22
3903	#FFFFFF	#D3D3D3	24
3904	#FFFFFF	#D3D3D3	24
3905	#FFFFFF	#D3D3D3	60
3906	#FFFFFF	#D3D3D3	60
3907	#FFFFFF	#D3D3D3	60
3908	#FFFFFF	#D3D3D3	60
3909	#FFFFFF	#D3D3D3	60
3910	#FFFFFF	#D3D3D3	1
3911	#FFFFFF	#D3D3D3	1
3912	#FFFFFF	#D3D3D3	1
3913	#FEF5F8	#C8C8C8	22
3914	#FFFFFF	#D3D3D3	1
3915	#FFFFFF	#D3D3D3	1
3916	#FFFFFF	#D3D3D3	1
3917	#FFFFFF	#D3D3D3	1
3918	#FFFFFF	#D3D3D3	58
3919	#FFFFFF	#D3D3D3	58
3920	#FFFFFF	#D3D3D3	58
3921	#FFFFFF	#D3D3D3	58
3922	#FFFFFF	#D3D3D3	65
3923	#FFFFFF	#D3D3D3	65
3924	#FCE4EB	#B3B3B3	154
3925	#FFFFFF	#D3D3D3	65
3926	#FFFFFF	#D3D3D3	65
3927	#FFFFFF	#D3D3D3	65
3928	#FFFFFF	#D3D3D3	64
3929	#FFFFFF	#D3D3D3	64
3930	#FFFFFF	#D3D3D3	64
3931	#FFFFFF	#D3D3D3	62
3932	#FFFFFF	#D3D3D3	62
3933	#FFFFFF	#D3D3D3	64
3934	#FFFFFF	#D3D3D3	64
3935	#FCE4EB	#B3B3B3	154
3936	#FFFFFF	#D3D3D3	32
3937	#FFFFFF	#D3D3D3	32
3938	#FFFFFF	#D3D3D3	32
3939	#FFFFFF	#D3D3D3	165
3941	#F7C5D6	#929292	204
3942	#FEF5F8	#C8C8C8	22
3943	#FFFFFF	#D3D3D3	111
3944	#FFFFFF	#D3D3D3	165
3945	#FFFFFF	#D3D3D3	60
3946	#FFFFFF	#D3D3D3	60
3947	#FFFFFF	#D3D3D3	104
3948	#FFFFFF	#D3D3D3	104
3949	#FFFFFF	#D3D3D3	104
3950	#FFFFFF	#D3D3D3	60
3951	#FFFFFF	#D3D3D3	60
3952	#FFFFFF	#D3D3D3	24
3953	#FEF5F8	#C8C8C8	22
3954	#FFFFFF	#D3D3D3	24
3955	#FFFFFF	#D3D3D3	24
3956	#FFFFFF	#D3D3D3	60
3957	#FFFFFF	#D3D3D3	60
3958	#FFFFFF	#D3D3D3	60
3959	#FFFFFF	#D3D3D3	60
3960	#FFFFFF	#D3D3D3	60
3961	#FFFFFF	#D3D3D3	1
3962	#FFFFFF	#D3D3D3	1
3963	#FFFFFF	#D3D3D3	1
3964	#FCE4EB	#B3B3B3	154
3965	#FFFFFF	#D3D3D3	1
3966	#FFFFFF	#D3D3D3	1
3967	#FFFFFF	#D3D3D3	58
3968	#FFFFFF	#D3D3D3	58
3969	#FFFFFF	#D3D3D3	58
3970	#FFFFFF	#D3D3D3	58
3971	#FFFFFF	#D3D3D3	58
3972	#FFFFFF	#D3D3D3	65
3973	#FFFFFF	#D3D3D3	65
3974	#FFFFFF	#D3D3D3	65
3975	#FCE4EB	#B3B3B3	154
3976	#FFFFFF	#D3D3D3	65
3977	#FFFFFF	#D3D3D3	65
3978	#FFFFFF	#D3D3D3	64
3979	#FFFFFF	#D3D3D3	64
3980	#FFFFFF	#D3D3D3	64
3981	#FFFFFF	#D3D3D3	64
3982	#FFFFFF	#D3D3D3	62
3983	#FFFFFF	#D3D3D3	62
3984	#FFFFFF	#D3D3D3	64
3985	#FCE4EB	#B3B3B3	154
3986	#FFFFFF	#D3D3D3	32
3987	#FFFFFF	#D3D3D3	32
3988	#FFFFFF	#D3D3D3	165
3989	#FFFFFF	#D3D3D3	165
3991	#F7C5D6	#929292	204
3992	#F7C5D6	#929292	204
3993	#FFFFFF	#D3D3D3	165
3994	#FFFFFF	#D3D3D3	165
3995	#FFFFFF	#D3D3D3	165
3996	#FFFFFF	#D3D3D3	60
3997	#FFFFFF	#D3D3D3	104
3998	#FFFFFF	#D3D3D3	104
3999	#FFFFFF	#D3D3D3	104
4000	#FFFFFF	#D3D3D3	104
4001	#FFFFFF	#D3D3D3	60
4002	#FFFFFF	#D3D3D3	60
4003	#FEF5F8	#C8C8C8	22
4004	#FFFFFF	#D3D3D3	24
4005	#FFFFFF	#D3D3D3	24
4006	#FFFFFF	#D3D3D3	24
4007	#FFFFFF	#D3D3D3	60
4008	#FFFFFF	#D3D3D3	60
4009	#FFFFFF	#D3D3D3	60
4010	#FFFFFF	#D3D3D3	60
4011	#FFFFFF	#D3D3D3	60
4012	#FFFFFF	#D3D3D3	60
4013	#FFFFFF	#D3D3D3	1
4014	#FEF5F8	#C8C8C8	22
4015	#FFFFFF	#D3D3D3	1
4016	#FFFFFF	#D3D3D3	1
4017	#FFFFFF	#D3D3D3	58
4018	#FFFFFF	#D3D3D3	58
4019	#FFFFFF	#D3D3D3	58
4020	#FFFFFF	#D3D3D3	58
4021	#FFFFFF	#D3D3D3	58
4022	#FFFFFF	#D3D3D3	65
4023	#FFFFFF	#D3D3D3	65
4024	#FFFFFF	#D3D3D3	65
4025	#FCE4EB	#B3B3B3	154
4026	#FFFFFF	#D3D3D3	65
4027	#FFFFFF	#D3D3D3	65
4028	#FFFFFF	#D3D3D3	64
4029	#FFFFFF	#D3D3D3	64
4030	#FFFFFF	#D3D3D3	64
4031	#FFFFFF	#D3D3D3	64
4032	#FFFFFF	#D3D3D3	62
4033	#FFFFFF	#D3D3D3	62
4034	#FFFFFF	#D3D3D3	64
4035	#FFFFFF	#D3D3D3	64
4036	#FCE4EB	#B3B3B3	154
4037	#FCE4EB	#B3B3B3	154
4038	#FFFFFF	#D3D3D3	32
4039	#FFFFFF	#D3D3D3	32
4040	#FFFFFF	#D3D3D3	165
4042	#CD1076	#000000	72
4043	#CD1076	#000000	116
4044	#CD1076	#000000	116
4045	#CD1076	#000000	216
4046	#D43881	#171717	106
4047	#D43881	#171717	106
4048	#D43881	#171717	106
4049	#D43881	#171717	106
4050	#D43881	#171717	106
4051	#D43881	#171717	106
4052	#D43881	#171717	106
4053	#D43881	#171717	106
4054	#CD1076	#000000	116
4055	#D43881	#171717	106
4056	#D43881	#171717	106
4057	#E474A0	#414141	56
4058	#FAD7E2	#A5A5A5	211
4059	#FAD7E2	#A5A5A5	211
4060	#FAD7E2	#A5A5A5	211
4061	#FAD7E2	#A5A5A5	211
4062	#E474A0	#414141	56
4063	#FFFFFF	#D3D3D3	1
4064	#FFFFFF	#D3D3D3	1
4065	#CD1076	#000000	116
4066	#FFFFFF	#D3D3D3	1
4067	#FFFFFF	#D3D3D3	1
4068	#FFFFFF	#D3D3D3	66
4069	#FFFFFF	#D3D3D3	66
4070	#FFFFFF	#D3D3D3	66
4071	#FFFFFF	#D3D3D3	66
4072	#FFFFFF	#D3D3D3	66
4073	#FFFFFF	#D3D3D3	66
4074	#FFFFFF	#D3D3D3	66
4075	#FFFFFF	#D3D3D3	66
4076	#CD1076	#000000	116
4077	#FFFFFF	#D3D3D3	66
4078	#FFFFFF	#D3D3D3	66
4079	#FFFFFF	#D3D3D3	66
4080	#FFFFFF	#D3D3D3	1
4081	#FFFFFF	#D3D3D3	1
4082	#FFFFFF	#D3D3D3	1
4083	#FFFFFF	#D3D3D3	1
4084	#FFFFFF	#D3D3D3	1
4085	#FFFFFF	#D3D3D3	1
4086	#FFFFFF	#D3D3D3	1
4087	#CD1076	#000000	116
4088	#CD1076	#000000	116
4089	#CD1076	#000000	116
4090	#CD1076	#000000	116
4091	#CD1076	#000000	116
4093	#CD1076	#000000	72
4094	#CD1076	#000000	116
4095	#CD1076	#000000	216
4096	#D43881	#171717	106
4097	#D43881	#171717	106
4098	#D43881	#171717	106
4099	#D43881	#171717	106
4100	#D43881	#171717	106
4101	#D43881	#171717	106
4102	#D43881	#171717	106
4103	#D43881	#171717	106
4104	#D43881	#171717	106
4105	#CD1076	#000000	116
4106	#D43881	#171717	106
4107	#E474A0	#414141	56
4108	#FAD7E2	#A5A5A5	211
4109	#FAD7E2	#A5A5A5	211
4110	#FAD7E2	#A5A5A5	211
4111	#FAD7E2	#A5A5A5	211
4112	#FAD7E2	#A5A5A5	211
4113	#FFFFFF	#D3D3D3	1
4114	#FFFFFF	#D3D3D3	1
4115	#FFFFFF	#D3D3D3	1
4116	#CD1076	#000000	116
4117	#FFFFFF	#D3D3D3	1
4118	#FFFFFF	#D3D3D3	66
4119	#FFFFFF	#D3D3D3	66
4120	#FFFFFF	#D3D3D3	66
4121	#FFFFFF	#D3D3D3	66
4122	#FFFFFF	#D3D3D3	66
4123	#FFFFFF	#D3D3D3	66
4124	#FFFFFF	#D3D3D3	66
4125	#FFFFFF	#D3D3D3	66
4126	#FFFFFF	#D3D3D3	66
4127	#CD1076	#000000	116
4128	#FFFFFF	#D3D3D3	66
4129	#FFFFFF	#D3D3D3	66
4130	#FFFFFF	#D3D3D3	66
4131	#FFFFFF	#D3D3D3	1
4132	#FFFFFF	#D3D3D3	1
4133	#FFFFFF	#D3D3D3	1
4134	#FFFFFF	#D3D3D3	1
4135	#FFFFFF	#D3D3D3	1
4136	#FFFFFF	#D3D3D3	1
4137	#CD1076	#000000	116
4138	#CD1076	#000000	116
4139	#CD1076	#000000	116
4140	#CD1076	#000000	116
4141	#CD1076	#000000	116
4143	#CD1076	#000000	72
4144	#CD1076	#000000	72
4145	#CD1076	#000000	116
4146	#D43881	#171717	106
4147	#D43881	#171717	106
4148	#D43881	#171717	106
4149	#D43881	#171717	106
4150	#D43881	#171717	106
4151	#D43881	#171717	106
4152	#D43881	#171717	106
4153	#D43881	#171717	106
4154	#D43881	#171717	106
4155	#CD1076	#000000	116
4156	#D43881	#171717	106
4157	#E474A0	#414141	56
4158	#FAD7E2	#A5A5A5	211
4159	#FAD7E2	#A5A5A5	211
4160	#FAD7E2	#A5A5A5	211
4161	#FAD7E2	#A5A5A5	211
4162	#FAD7E2	#A5A5A5	211
4163	#E474A0	#414141	56
4164	#FFFFFF	#D3D3D3	1
4165	#FFFFFF	#D3D3D3	1
4166	#CD1076	#000000	116
4167	#FFFFFF	#D3D3D3	1
4168	#FFFFFF	#D3D3D3	66
4169	#FFFFFF	#D3D3D3	66
4170	#FFFFFF	#D3D3D3	66
4171	#FFFFFF	#D3D3D3	66
4172	#FFFFFF	#D3D3D3	66
4173	#FFFFFF	#D3D3D3	66
4174	#FFFFFF	#D3D3D3	66
4175	#FFFFFF	#D3D3D3	66
4176	#FFFFFF	#D3D3D3	66
4177	#CD1076	#000000	116
4178	#FFFFFF	#D3D3D3	66
4179	#FFFFFF	#D3D3D3	66
4180	#FFFFFF	#D3D3D3	66
4181	#FFFFFF	#D3D3D3	66
4182	#FFFFFF	#D3D3D3	1
4183	#FFFFFF	#D3D3D3	1
4184	#FFFFFF	#D3D3D3	1
4185	#FFFFFF	#D3D3D3	1
4186	#FFFFFF	#D3D3D3	1
4187	#FFFFFF	#D3D3D3	1
4188	#CD1076	#000000	116
4189	#CD1076	#000000	116
4190	#CD1076	#000000	116
4191	#CD1076	#000000	116
4192	#CD1076	#000000	116
4194	#CD1076	#000000	72
4195	#CD1076	#000000	72
4196	#D43881	#171717	106
4197	#D43881	#171717	106
4198	#D43881	#171717	106
4199	#D43881	#171717	106
4200	#D43881	#171717	106
4201	#D43881	#171717	106
4202	#D43881	#171717	106
4203	#D43881	#171717	106
4204	#D43881	#171717	106
4205	#D43881	#171717	106
4206	#CD1076	#000000	116
4207	#E474A0	#414141	56
4208	#E474A0	#414141	56
4209	#FAD7E2	#A5A5A5	211
4210	#FAD7E2	#A5A5A5	211
4211	#FAD7E2	#A5A5A5	211
4212	#FAD7E2	#A5A5A5	211
4213	#E474A0	#414141	56
4214	#E474A0	#414141	56
4215	#CD1076	#000000	11
4216	#FFFFFF	#D3D3D3	1
4217	#CD1076	#000000	116
4218	#FFFFFF	#D3D3D3	66
4219	#FFFFFF	#D3D3D3	66
4220	#FFFFFF	#D3D3D3	66
4221	#FFFFFF	#D3D3D3	66
4222	#FFFFFF	#D3D3D3	66
4223	#FFFFFF	#D3D3D3	66
4224	#FFFFFF	#D3D3D3	66
4225	#FFFFFF	#D3D3D3	66
4226	#FFFFFF	#D3D3D3	66
4227	#FFFFFF	#D3D3D3	66
4228	#CD1076	#000000	116
4229	#FFFFFF	#D3D3D3	66
4230	#FFFFFF	#D3D3D3	66
4231	#FFFFFF	#D3D3D3	66
4232	#FFFFFF	#D3D3D3	66
4233	#FFFFFF	#D3D3D3	66
4234	#FFFFFF	#D3D3D3	1
4235	#FFFFFF	#D3D3D3	1
4236	#FFFFFF	#D3D3D3	1
4237	#FFFFFF	#D3D3D3	1
4238	#CD1076	#000000	116
4239	#CD1076	#000000	116
4240	#CD1076	#000000	116
4241	#CD1076	#000000	116
4242	#CD1076	#000000	116
4244	#CD1076	#000000	72
4245	#CD1076	#000000	72
4246	#D43881	#171717	106
4247	#D43881	#171717	106
4248	#D43881	#171717	106
4249	#D43881	#171717	106
4250	#D43881	#171717	106
4251	#D43881	#171717	106
4252	#D43881	#171717	106
4253	#D43881	#171717	106
4254	#D43881	#171717	106
4255	#D43881	#171717	106
4256	#CD1076	#000000	72
4257	#E474A0	#414141	56
4258	#E474A0	#414141	56
4259	#E474A0	#414141	56
4260	#FAD7E2	#A5A5A5	211
4261	#FAD7E2	#A5A5A5	211
4262	#FAD7E2	#A5A5A5	211
4263	#E474A0	#414141	56
4264	#E474A0	#414141	56
4265	#CD1076	#000000	11
4266	#CD1076	#000000	11
4267	#CD1076	#000000	116
4268	#FFFFFF	#D3D3D3	1
4269	#FFFFFF	#D3D3D3	66
4270	#FFFFFF	#D3D3D3	66
4271	#FFFFFF	#D3D3D3	66
4272	#FFFFFF	#D3D3D3	66
4273	#FFFFFF	#D3D3D3	66
4274	#FFFFFF	#D3D3D3	66
4275	#FFFFFF	#D3D3D3	66
4276	#FFFFFF	#D3D3D3	66
4277	#FFFFFF	#D3D3D3	66
4278	#CD1076	#000000	116
4279	#FFFFFF	#D3D3D3	66
4280	#FFFFFF	#D3D3D3	66
4281	#FFFFFF	#D3D3D3	66
4282	#FFFFFF	#D3D3D3	66
4283	#FFFFFF	#D3D3D3	66
4284	#FFFFFF	#D3D3D3	1
4285	#FFFFFF	#D3D3D3	66
4286	#FFFFFF	#D3D3D3	1
4287	#FFFFFF	#D3D3D3	1
4288	#FFFFFF	#D3D3D3	1
4289	#CD1076	#000000	116
4290	#CD1076	#000000	116
4291	#CD1076	#000000	116
4292	#CD1076	#000000	116
4293	#CD1076	#000000	116
4295	#CD1076	#000000	72
4296	#CD1076	#000000	72
4297	#D43881	#171717	106
4298	#D43881	#171717	106
4299	#D43881	#171717	106
4300	#D43881	#171717	106
4301	#D43881	#171717	106
4302	#D43881	#171717	106
4303	#D43881	#171717	106
4304	#D43881	#171717	106
4305	#D43881	#171717	106
4306	#E474A0	#414141	56
4307	#CD1076	#000000	72
4308	#E474A0	#414141	56
4309	#E474A0	#414141	56
4310	#E474A0	#414141	56
4311	#FAD7E2	#A5A5A5	211
4312	#FAD7E2	#A5A5A5	211
4313	#E474A0	#414141	56
4314	#E474A0	#414141	56
4315	#CD1076	#000000	11
4316	#CD1076	#000000	11
4317	#CD1076	#000000	11
4318	#CD1076	#000000	116
4319	#FFFFFF	#D3D3D3	1
4320	#FFFFFF	#D3D3D3	66
4321	#FFFFFF	#D3D3D3	66
4322	#FFFFFF	#D3D3D3	66
4323	#FFFFFF	#D3D3D3	66
4324	#FFFFFF	#D3D3D3	66
4325	#FFFFFF	#D3D3D3	66
4326	#FFFFFF	#D3D3D3	66
4327	#FFFFFF	#D3D3D3	66
4328	#FFFFFF	#D3D3D3	66
4329	#CD1076	#000000	116
4330	#FFFFFF	#D3D3D3	66
4331	#FFFFFF	#D3D3D3	66
4332	#FFFFFF	#D3D3D3	66
4333	#FFFFFF	#D3D3D3	1
4334	#FFFFFF	#D3D3D3	1
4335	#FFFFFF	#D3D3D3	66
4336	#FFFFFF	#D3D3D3	66
4337	#FFFFFF	#D3D3D3	1
4338	#FFFFFF	#D3D3D3	1
4339	#CD1076	#000000	116
4340	#CD1076	#000000	116
4341	#CD1076	#000000	116
4342	#CD1076	#000000	116
4343	#D43881	#171717	106
4345	#CD1076	#000000	212
4346	#CD1076	#000000	72
4347	#D43881	#171717	106
4348	#D43881	#171717	106
4349	#D43881	#171717	106
4350	#D43881	#171717	106
4351	#D43881	#171717	106
4352	#D43881	#171717	106
4353	#D43881	#171717	106
4354	#D43881	#171717	106
4355	#D43881	#171717	106
4356	#E474A0	#414141	56
4357	#CD1076	#000000	72
4358	#E474A0	#414141	56
4359	#E474A0	#414141	56
4360	#E474A0	#414141	56
4361	#E474A0	#414141	56
4362	#FAD7E2	#A5A5A5	211
4363	#E474A0	#414141	56
4364	#E474A0	#414141	56
4365	#CD1076	#000000	11
4366	#CD1076	#000000	11
4367	#CD1076	#000000	11
4368	#CD1076	#000000	72
4369	#CD1076	#000000	11
4370	#FFFFFF	#D3D3D3	1
4371	#FFFFFF	#D3D3D3	66
4372	#FFFFFF	#D3D3D3	66
4373	#FFFFFF	#D3D3D3	66
4374	#FFFFFF	#D3D3D3	66
4375	#FFFFFF	#D3D3D3	66
4376	#FFFFFF	#D3D3D3	66
4377	#FFFFFF	#D3D3D3	66
4378	#FFFFFF	#D3D3D3	66
4379	#CD1076	#000000	116
4380	#FFFFFF	#D3D3D3	66
4381	#FFFFFF	#D3D3D3	66
4382	#FFFFFF	#D3D3D3	66
4383	#FFFFFF	#D3D3D3	1
4384	#FFFFFF	#D3D3D3	1
4385	#FFFFFF	#D3D3D3	66
4386	#FFFFFF	#D3D3D3	66
4387	#FFFFFF	#D3D3D3	66
4388	#FFFFFF	#D3D3D3	1
4389	#FFFFFF	#D3D3D3	1
4390	#CD1076	#000000	116
4391	#CD1076	#000000	116
4392	#CD1076	#000000	116
4393	#CD1076	#000000	116
4394	#CD1076	#000000	116
4396	#CD1076	#000000	212
4397	#CD1076	#000000	72
4398	#D43881	#171717	106
4399	#D43881	#171717	106
4400	#D43881	#171717	106
4401	#D43881	#171717	106
4402	#D43881	#171717	106
4403	#D43881	#171717	106
4404	#D43881	#171717	106
4405	#D43881	#171717	106
4406	#E474A0	#414141	56
4407	#E474A0	#414141	56
4408	#CD1076	#000000	72
4409	#E474A0	#414141	56
4410	#E474A0	#414141	56
4411	#E474A0	#414141	56
4412	#E474A0	#414141	56
4413	#E474A0	#414141	56
4414	#E474A0	#414141	56
4415	#CD1076	#000000	11
4416	#CD1076	#000000	11
4417	#CD1076	#000000	11
4418	#CD1076	#000000	11
4419	#CD1076	#000000	72
4420	#CD1076	#000000	11
4421	#FFFFFF	#D3D3D3	1
4422	#FFFFFF	#D3D3D3	66
4423	#FFFFFF	#D3D3D3	66
4424	#FFFFFF	#D3D3D3	66
4425	#FFFFFF	#D3D3D3	66
4426	#FFFFFF	#D3D3D3	66
4427	#FFFFFF	#D3D3D3	66
4428	#FFFFFF	#D3D3D3	66
4429	#FFFFFF	#D3D3D3	66
4430	#CD1076	#000000	116
4431	#FFFFFF	#D3D3D3	66
4432	#FFFFFF	#D3D3D3	66
4433	#FFFFFF	#D3D3D3	66
4434	#FFFFFF	#D3D3D3	66
4435	#FFFFFF	#D3D3D3	66
4436	#FFFFFF	#D3D3D3	66
4437	#FFFFFF	#D3D3D3	66
4438	#FFFFFF	#D3D3D3	1
4439	#FFFFFF	#D3D3D3	1
4440	#CD1076	#000000	116
4441	#CD1076	#000000	116
4442	#CD1076	#000000	116
4443	#CD1076	#000000	116
4444	#D43881	#171717	106
4446	#CD1076	#000000	212
4447	#CD1076	#000000	72
4448	#D43881	#171717	106
4449	#D43881	#171717	106
4450	#D43881	#171717	106
4451	#D43881	#171717	106
4452	#D43881	#171717	106
4453	#D43881	#171717	106
4454	#D43881	#171717	106
4455	#D43881	#171717	106
4456	#E474A0	#414141	56
4457	#E474A0	#414141	56
4458	#CD1076	#000000	72
4459	#E474A0	#414141	56
4460	#E474A0	#414141	56
4461	#E474A0	#414141	56
4462	#E474A0	#414141	56
4463	#E474A0	#414141	56
4464	#E474A0	#414141	56
4465	#CD1076	#000000	11
4466	#CD1076	#000000	11
4467	#CD1076	#000000	11
4468	#CD1076	#000000	11
4469	#CD1076	#000000	72
4470	#CD1076	#000000	11
4471	#CD1076	#000000	11
4472	#FFFFFF	#D3D3D3	1
4473	#FFFFFF	#D3D3D3	66
4474	#FFFFFF	#D3D3D3	66
4475	#FFFFFF	#D3D3D3	66
4476	#FFFFFF	#D3D3D3	66
4477	#FFFFFF	#D3D3D3	66
4478	#FFFFFF	#D3D3D3	66
4479	#FFFFFF	#D3D3D3	66
4480	#CD1076	#000000	72
4481	#FFFFFF	#D3D3D3	66
4482	#FFFFFF	#D3D3D3	66
4483	#FFFFFF	#D3D3D3	66
4484	#FFFFFF	#D3D3D3	66
4485	#FFFFFF	#D3D3D3	66
4486	#FFFFFF	#D3D3D3	66
4487	#FFFFFF	#D3D3D3	66
4488	#FFFFFF	#D3D3D3	1
4489	#FFFFFF	#D3D3D3	1
4490	#FFFFFF	#D3D3D3	1
4491	#CD1076	#000000	116
4492	#CD1076	#000000	116
4493	#CD1076	#000000	116
4494	#D43881	#171717	106
4495	#D43881	#171717	106
4497	#CD1076	#000000	212
4498	#CD1076	#000000	72
4499	#D43881	#171717	106
4500	#D43881	#171717	106
4501	#D43881	#171717	106
4502	#D43881	#171717	106
4503	#D43881	#171717	106
4504	#D43881	#171717	106
4505	#D43881	#171717	106
4506	#E474A0	#414141	56
4507	#E474A0	#414141	56
4508	#E474A0	#414141	56
4509	#CD1076	#000000	72
4510	#E474A0	#414141	56
4511	#E474A0	#414141	56
4512	#E474A0	#414141	56
4513	#E474A0	#414141	56
4514	#CD1076	#000000	11
4515	#CD1076	#000000	11
4516	#CD1076	#000000	11
4517	#CD1076	#000000	11
4518	#CD1076	#000000	11
4519	#CD1076	#000000	11
4520	#CD1076	#000000	72
4521	#CD1076	#000000	11
4522	#CD1076	#000000	11
4523	#FFFFFF	#D3D3D3	1
4524	#FFFFFF	#D3D3D3	66
4525	#FFFFFF	#D3D3D3	66
4526	#FFFFFF	#D3D3D3	66
4527	#FFFFFF	#D3D3D3	66
4528	#FFFFFF	#D3D3D3	66
4529	#FFFFFF	#D3D3D3	66
4530	#FFFFFF	#D3D3D3	66
4531	#CD1076	#000000	72
4532	#FFFFFF	#D3D3D3	66
4533	#FFFFFF	#D3D3D3	66
4534	#FFFFFF	#D3D3D3	66
4535	#FFFFFF	#D3D3D3	66
4536	#FFFFFF	#D3D3D3	66
4537	#FFFFFF	#D3D3D3	66
4538	#FFFFFF	#D3D3D3	1
4539	#FFFFFF	#D3D3D3	1
4540	#FFFFFF	#D3D3D3	1
4541	#CD1076	#000000	116
4542	#CD1076	#000000	116
4543	#D43881	#171717	106
4544	#D43881	#171717	106
4545	#D43881	#171717	106
4547	#CD1076	#000000	137
4548	#CD1076	#000000	72
4549	#CD1076	#000000	216
4550	#CD1076	#000000	216
4551	#CD1076	#000000	216
4552	#CD1076	#000000	216
4553	#CD1076	#000000	216
4554	#D43881	#171717	106
4555	#D43881	#171717	106
4556	#D63F84	#1A1A1A	142
4557	#D63F84	#1A1A1A	142
4558	#D63F84	#1A1A1A	142
4559	#CD1076	#000000	116
4560	#D63F84	#1A1A1A	142
4561	#D63F84	#1A1A1A	142
4562	#D43881	#171717	106
4563	#FFFFFF	#D3D3D3	1
4564	#FFFFFF	#D3D3D3	1
4565	#FFFFFF	#D3D3D3	1
4566	#FFFFFF	#D3D3D3	1
4567	#FFFFFF	#D3D3D3	40
4568	#FFFFFF	#D3D3D3	1
4569	#FFFFFF	#D3D3D3	1
4570	#CD1076	#000000	116
4571	#FFFFFF	#D3D3D3	1
4572	#FFFFFF	#D3D3D3	40
4573	#FFFFFF	#D3D3D3	40
4574	#FFFFFF	#D3D3D3	40
4575	#FFFFFF	#D3D3D3	40
4576	#FFFFFF	#D3D3D3	1
4577	#FFFFFF	#D3D3D3	1
4578	#FFFFFF	#D3D3D3	66
4579	#FFFFFF	#D3D3D3	66
4580	#FFFFFF	#D3D3D3	66
4581	#CD1076	#000000	116
4582	#FFFFFF	#D3D3D3	1
4583	#FFFFFF	#D3D3D3	66
4584	#FFFFFF	#D3D3D3	66
4585	#FFFFFF	#D3D3D3	1
4586	#FFFFFF	#D3D3D3	1
4587	#FFFFFF	#D3D3D3	1
4588	#FFFFFF	#D3D3D3	1
4589	#FFFFFF	#D3D3D3	1
4590	#FFFFFF	#D3D3D3	1
4591	#FFFFFF	#D3D3D3	1
4592	#CD1076	#000000	116
4593	#CD1076	#000000	116
4594	#CD1076	#000000	216
4595	#CD1076	#000000	216
4596	#CD1076	#000000	216
4598	#CD1076	#000000	137
4599	#CD1076	#000000	72
4600	#CD1076	#000000	216
4601	#CD1076	#000000	216
4602	#CD1076	#000000	216
4603	#CD1076	#000000	216
4604	#D43881	#171717	106
4605	#D43881	#171717	106
4606	#D43881	#171717	106
4607	#D63F84	#1A1A1A	142
4608	#D63F84	#1A1A1A	142
4609	#D63F84	#1A1A1A	142
4610	#CD1076	#000000	116
4611	#D63F84	#1A1A1A	142
4612	#D43881	#171717	106
4613	#FFFFFF	#D3D3D3	1
4614	#FFFFFF	#D3D3D3	1
4615	#FFFFFF	#D3D3D3	1
4616	#FFFFFF	#D3D3D3	1
4617	#FFFFFF	#D3D3D3	1
4618	#FFFFFF	#D3D3D3	40
4619	#FFFFFF	#D3D3D3	1
4620	#FFFFFF	#D3D3D3	1
4621	#CD1076	#000000	116
4622	#FFFFFF	#D3D3D3	40
4623	#FFFFFF	#D3D3D3	40
4624	#FFFFFF	#D3D3D3	40
4625	#FFFFFF	#D3D3D3	40
4626	#FFFFFF	#D3D3D3	40
4627	#FFFFFF	#D3D3D3	1
4628	#FFFFFF	#D3D3D3	1
4629	#FFFFFF	#D3D3D3	66
4630	#FFFFFF	#D3D3D3	66
4631	#FFFFFF	#D3D3D3	1
4632	#CD1076	#000000	116
4633	#FFFFFF	#D3D3D3	66
4634	#FFFFFF	#D3D3D3	66
4635	#FFFFFF	#D3D3D3	1
4636	#FFFFFF	#D3D3D3	1
4637	#FFFFFF	#D3D3D3	1
4638	#FFFFFF	#D3D3D3	1
4639	#FFFFFF	#D3D3D3	1
4640	#FFFFFF	#D3D3D3	1
4641	#FFFFFF	#D3D3D3	1
4642	#CD1076	#000000	116
4643	#CD1076	#000000	116
4644	#CD1076	#000000	216
4645	#CD1076	#000000	216
4646	#CD1076	#000000	216
4648	#CD1076	#000000	137
4649	#CD1076	#000000	72
4650	#CD1076	#000000	216
4651	#CD1076	#000000	216
4652	#CD1076	#000000	216
4653	#CD1076	#000000	216
4654	#D43881	#171717	106
4655	#D43881	#171717	106
4656	#D43881	#171717	106
4657	#D43881	#171717	106
4658	#D63F84	#1A1A1A	142
4659	#D63F84	#1A1A1A	142
4660	#CD1076	#000000	116
4661	#D63F84	#1A1A1A	142
4662	#D43881	#171717	106
4663	#FFFFFF	#D3D3D3	1
4664	#FFFFFF	#D3D3D3	1
4665	#FFFFFF	#D3D3D3	1
4666	#FFFFFF	#D3D3D3	1
4667	#FFFFFF	#D3D3D3	1
4668	#FFFFFF	#D3D3D3	1
4669	#FFFFFF	#D3D3D3	40
4670	#FFFFFF	#D3D3D3	1
4671	#CD1076	#000000	116
4672	#FFFFFF	#D3D3D3	40
4673	#FFFFFF	#D3D3D3	40
4674	#FFFFFF	#D3D3D3	40
4675	#FFFFFF	#D3D3D3	40
4676	#FFFFFF	#D3D3D3	40
4677	#FFFFFF	#D3D3D3	40
4678	#FFFFFF	#D3D3D3	1
4679	#FFFFFF	#D3D3D3	1
4680	#FFFFFF	#D3D3D3	66
4681	#FFFFFF	#D3D3D3	1
4682	#CD1076	#000000	116
4683	#FFFFFF	#D3D3D3	1
4684	#FFFFFF	#D3D3D3	66
4685	#FFFFFF	#D3D3D3	1
4686	#FFFFFF	#D3D3D3	1
4687	#FFFFFF	#D3D3D3	1
4688	#FFFFFF	#D3D3D3	1
4689	#FFFFFF	#D3D3D3	1
4690	#FFFFFF	#D3D3D3	1
4691	#FFFFFF	#D3D3D3	1
4692	#FFFFFF	#D3D3D3	1
4693	#CD1076	#000000	116
4694	#CD1076	#000000	116
4695	#CD1076	#000000	116
4696	#CD1076	#000000	216
4697	#CD1076	#000000	216
4699	#CD1076	#000000	137
4700	#CD1076	#000000	72
4701	#CD1076	#000000	216
4702	#CD1076	#000000	216
4703	#CD1076	#000000	216
4704	#D43881	#171717	106
4705	#D43881	#171717	106
4706	#D43881	#171717	106
4707	#D43881	#171717	106
4708	#D43881	#171717	106
4709	#D63F84	#1A1A1A	142
4710	#D63F84	#1A1A1A	142
4711	#CD1076	#000000	116
4712	#D43881	#171717	106
4713	#FFFFFF	#D3D3D3	1
4714	#FFFFFF	#D3D3D3	1
4715	#FFFFFF	#D3D3D3	1
4716	#FFFFFF	#D3D3D3	1
4717	#FFFFFF	#D3D3D3	1
4718	#FFFFFF	#D3D3D3	1
4719	#FFFFFF	#D3D3D3	1
4720	#FFFFFF	#D3D3D3	40
4721	#FFFFFF	#D3D3D3	40
4722	#CD1076	#000000	116
4723	#FFFFFF	#D3D3D3	40
4724	#FFFFFF	#D3D3D3	40
4725	#FFFFFF	#D3D3D3	40
4726	#FFFFFF	#D3D3D3	40
4727	#FFFFFF	#D3D3D3	40
4728	#FFFFFF	#D3D3D3	1
4729	#FFFFFF	#D3D3D3	1
4730	#FFFFFF	#D3D3D3	1
4731	#FFFFFF	#D3D3D3	1
4732	#FFFFFF	#D3D3D3	1
4733	#CD1076	#000000	116
4734	#FFFFFF	#D3D3D3	1
4735	#FFFFFF	#D3D3D3	1
4736	#FFFFFF	#D3D3D3	1
4737	#FFFFFF	#D3D3D3	1
4738	#FFFFFF	#D3D3D3	1
4739	#FFFFFF	#D3D3D3	1
4740	#FFFFFF	#D3D3D3	1
4741	#FFFFFF	#D3D3D3	1
4742	#FFFFFF	#D3D3D3	1
4743	#CD1076	#000000	116
4744	#CD1076	#000000	116
4745	#CD1076	#000000	216
4746	#CD1076	#000000	216
4747	#CD1076	#000000	216
4749	#CD1076	#000000	137
4750	#CD1076	#000000	72
4751	#CD1076	#000000	216
4752	#CD1076	#000000	216
4753	#D43881	#171717	106
4754	#D43881	#171717	106
4755	#D43881	#171717	106
4756	#D43881	#171717	106
4757	#D43881	#171717	106
4758	#D43881	#171717	106
4759	#D43881	#171717	106
4760	#D63F84	#1A1A1A	142
4761	#CD1076	#000000	72
4762	#D43881	#171717	106
4763	#FFFFFF	#D3D3D3	1
4764	#FFFFFF	#D3D3D3	1
4765	#FFFFFF	#D3D3D3	1
4766	#FFFFFF	#D3D3D3	1
4767	#FFFFFF	#D3D3D3	1
4768	#FFFFFF	#D3D3D3	1
4769	#FFFFFF	#D3D3D3	1
4770	#FFFFFF	#D3D3D3	1
4771	#FFFFFF	#D3D3D3	40
4772	#CD1076	#000000	116
4773	#FFFFFF	#D3D3D3	40
4774	#FFFFFF	#D3D3D3	40
4775	#FFFFFF	#D3D3D3	40
4776	#FFFFFF	#D3D3D3	40
4777	#FFFFFF	#D3D3D3	40
4778	#FFFFFF	#D3D3D3	40
4779	#FFFFFF	#D3D3D3	1
4780	#FFFFFF	#D3D3D3	1
4781	#FFFFFF	#D3D3D3	1
4782	#FFFFFF	#D3D3D3	1
4783	#CD1076	#000000	116
4784	#FFFFFF	#D3D3D3	1
4785	#FFFFFF	#D3D3D3	1
4786	#FFFFFF	#D3D3D3	1
4787	#FFFFFF	#D3D3D3	1
4788	#FFFFFF	#D3D3D3	1
4789	#FFFFFF	#D3D3D3	1
4790	#FFFFFF	#D3D3D3	1
4791	#FFFFFF	#D3D3D3	1
4792	#FFFFFF	#D3D3D3	1
4793	#FFFFFF	#D3D3D3	1
4794	#CD1076	#000000	116
4795	#CD1076	#000000	116
4796	#CD1076	#000000	116
4797	#CD1076	#000000	216
4798	#CD1076	#000000	216
4800	#CD1076	#000000	137
4801	#CD1076	#000000	72
4802	#D43881	#171717	106
4803	#D43881	#171717	106
4804	#D43881	#171717	106
4805	#D43881	#171717	106
4806	#D43881	#171717	106
4807	#D43881	#171717	106
4808	#D43881	#171717	106
4809	#D43881	#171717	106
4810	#D43881	#171717	106
4811	#D43881	#171717	106
4812	#CD1076	#000000	116
4813	#FFFFFF	#D3D3D3	1
4814	#FFFFFF	#D3D3D3	1
4815	#FFFFFF	#D3D3D3	1
4816	#FFFFFF	#D3D3D3	1
4817	#FFFFFF	#D3D3D3	1
4818	#FFFFFF	#D3D3D3	1
4819	#FFFFFF	#D3D3D3	1
4820	#FFFFFF	#D3D3D3	1
4821	#FFFFFF	#D3D3D3	1
4822	#FFFFFF	#D3D3D3	40
4823	#CD1076	#000000	116
4824	#FFFFFF	#D3D3D3	40
4825	#FFFFFF	#D3D3D3	40
4826	#FFFFFF	#D3D3D3	40
4827	#FFFFFF	#D3D3D3	40
4828	#FFFFFF	#D3D3D3	40
4829	#FFFFFF	#D3D3D3	40
4830	#FFFFFF	#D3D3D3	1
4831	#FFFFFF	#D3D3D3	1
4832	#FFFFFF	#D3D3D3	40
4833	#FFFFFF	#D3D3D3	1
4834	#CD1076	#000000	116
4835	#FFFFFF	#D3D3D3	1
4836	#FFFFFF	#D3D3D3	1
4837	#FFFFFF	#D3D3D3	1
4838	#FFFFFF	#D3D3D3	1
4839	#FFFFFF	#D3D3D3	1
4840	#FFFFFF	#D3D3D3	1
4841	#FFFFFF	#D3D3D3	1
4842	#FFFFFF	#D3D3D3	1
4843	#FFFFFF	#D3D3D3	1
4844	#CD1076	#000000	116
4845	#CD1076	#000000	116
4846	#CD1076	#000000	216
4847	#CD1076	#000000	216
4848	#CD1076	#000000	216
4850	#CD1076	#000000	137
4851	#CD1076	#000000	137
4852	#D43881	#171717	106
4853	#D43881	#171717	106
4854	#CD1076	#000000	216
4855	#D43881	#171717	106
4856	#D43881	#171717	106
4857	#D43881	#171717	106
4858	#D43881	#171717	106
4859	#D43881	#171717	106
4860	#D43881	#171717	106
4861	#D43881	#171717	106
4862	#CD1076	#000000	116
4863	#FFFFFF	#D3D3D3	1
4864	#FFFFFF	#D3D3D3	1
4865	#FFFFFF	#D3D3D3	1
4866	#FFFFFF	#D3D3D3	1
4867	#FFFFFF	#D3D3D3	1
4868	#FFFFFF	#D3D3D3	1
4869	#FFFFFF	#D3D3D3	1
4870	#FFFFFF	#D3D3D3	1
4871	#FFFFFF	#D3D3D3	1
4872	#FFFFFF	#D3D3D3	1
4873	#CD1076	#000000	116
4874	#FFFFFF	#D3D3D3	40
4875	#FFFFFF	#D3D3D3	40
4876	#FFFFFF	#D3D3D3	40
4877	#FFFFFF	#D3D3D3	40
4878	#FFFFFF	#D3D3D3	40
4879	#FFFFFF	#D3D3D3	40
4880	#FFFFFF	#D3D3D3	40
4881	#FFFFFF	#D3D3D3	40
4882	#FFFFFF	#D3D3D3	40
4883	#FFFFFF	#D3D3D3	40
4884	#CD1076	#000000	116
4885	#FFFFFF	#D3D3D3	1
4886	#FFFFFF	#D3D3D3	1
4887	#FFFFFF	#D3D3D3	1
4888	#FFFFFF	#D3D3D3	1
4889	#FFFFFF	#D3D3D3	1
4890	#FFFFFF	#D3D3D3	1
4891	#FFFFFF	#D3D3D3	1
4892	#FFFFFF	#D3D3D3	1
4893	#FFFFFF	#D3D3D3	1
4894	#FFFFFF	#D3D3D3	1
4895	#CD1076	#000000	116
4896	#CD1076	#000000	116
4897	#CD1076	#000000	216
4898	#CD1076	#000000	216
4899	#CD1076	#000000	216
4901	#CD1076	#000000	137
4902	#CD1076	#000000	87
4903	#CD1076	#000000	216
4904	#CD1076	#000000	216
4905	#D43881	#171717	106
4906	#D43881	#171717	106
4907	#D43881	#171717	106
4908	#D43881	#171717	106
4909	#D43881	#171717	106
4910	#D43881	#171717	106
4911	#D43881	#171717	106
4912	#FFFFFF	#D3D3D3	1
4913	#CD1076	#000000	116
4914	#FFFFFF	#D3D3D3	1
4915	#FFFFFF	#D3D3D3	1
4916	#FFFFFF	#D3D3D3	1
4917	#FFFFFF	#D3D3D3	1
4918	#FFFFFF	#D3D3D3	1
4919	#FFFFFF	#D3D3D3	1
4920	#FFFFFF	#D3D3D3	1
4921	#FFFFFF	#D3D3D3	1
4922	#FFFFFF	#D3D3D3	1
4923	#FFFFFF	#D3D3D3	1
4924	#CD1076	#000000	116
4925	#FFFFFF	#D3D3D3	40
4926	#FFFFFF	#D3D3D3	40
4927	#FFFFFF	#D3D3D3	40
4928	#FFFFFF	#D3D3D3	40
4929	#FFFFFF	#D3D3D3	40
4930	#FFFFFF	#D3D3D3	40
4931	#FFFFFF	#D3D3D3	40
4932	#FFFFFF	#D3D3D3	40
4933	#FFFFFF	#D3D3D3	40
4934	#FFFFFF	#D3D3D3	1
4935	#CD1076	#000000	116
4936	#FFFFFF	#D3D3D3	1
4937	#FFFFFF	#D3D3D3	1
4938	#FFFFFF	#D3D3D3	1
4939	#FFFFFF	#D3D3D3	1
4940	#FFFFFF	#D3D3D3	1
4941	#FFFFFF	#D3D3D3	1
4942	#FFFFFF	#D3D3D3	1
4943	#FFFFFF	#D3D3D3	1
4944	#FFFFFF	#D3D3D3	1
4945	#CD1076	#000000	116
4946	#CD1076	#000000	216
4947	#CD1076	#000000	216
4948	#CD1076	#000000	216
4949	#CD1076	#000000	216
4951	#CD1076	#000000	137
4952	#CD1076	#000000	87
4953	#CD1076	#000000	216
4954	#CD1076	#000000	216
4955	#D43881	#171717	106
4956	#D43881	#171717	106
4957	#D43881	#171717	106
4958	#D43881	#171717	106
4959	#D43881	#171717	106
4960	#D43881	#171717	106
4961	#D43881	#171717	106
4962	#FFFFFF	#D3D3D3	89
4963	#CD1076	#000000	87
4964	#FFFFFF	#D3D3D3	1
4965	#FFFFFF	#D3D3D3	1
4966	#FFFFFF	#D3D3D3	1
4967	#FFFFFF	#D3D3D3	1
4968	#FFFFFF	#D3D3D3	1
4969	#FFFFFF	#D3D3D3	1
4970	#FFFFFF	#D3D3D3	1
4971	#FFFFFF	#D3D3D3	1
4972	#FFFFFF	#D3D3D3	1
4973	#FFFFFF	#D3D3D3	1
4974	#CD1076	#000000	116
4975	#FFFFFF	#D3D3D3	1
4976	#FFFFFF	#D3D3D3	40
4977	#FFFFFF	#D3D3D3	40
4978	#FFFFFF	#D3D3D3	40
4979	#FFFFFF	#D3D3D3	40
4980	#FFFFFF	#D3D3D3	40
4981	#FFFFFF	#D3D3D3	239
4982	#FFFFFF	#D3D3D3	40
4983	#FFFFFF	#D3D3D3	40
4984	#FFFFFF	#D3D3D3	1
4985	#CD1076	#000000	116
4986	#FFFFFF	#D3D3D3	1
4987	#FFFFFF	#D3D3D3	1
4988	#FFFFFF	#D3D3D3	1
4989	#FFFFFF	#D3D3D3	1
4990	#FFFFFF	#D3D3D3	1
4991	#FFFFFF	#D3D3D3	1
4992	#FFFFFF	#D3D3D3	1
4993	#FFFFFF	#D3D3D3	1
4994	#FFFFFF	#D3D3D3	1
4995	#FFFFFF	#D3D3D3	1
4996	#CD1076	#000000	116
4997	#CD1076	#000000	216
4998	#CD1076	#000000	216
4999	#CD1076	#000000	216
5000	#CD1076	#000000	216
5002	#CD1076	#000000	137
5003	#CD1076	#000000	87
5004	#CD1076	#000000	216
5005	#D43881	#171717	106
5006	#D43881	#171717	106
5007	#D43881	#171717	106
5008	#D43881	#171717	106
5009	#D43881	#171717	106
5010	#D43881	#171717	106
5011	#D43881	#171717	106
5012	#FFFFFF	#D3D3D3	89
5013	#FFFFFF	#D3D3D3	89
5014	#CD1076	#000000	87
5015	#FFFFFF	#D3D3D3	89
5016	#FFFFFF	#D3D3D3	1
5017	#FFFFFF	#D3D3D3	1
5018	#FFFFFF	#D3D3D3	1
5019	#FFFFFF	#D3D3D3	1
5020	#FFFFFF	#D3D3D3	1
5021	#FFFFFF	#D3D3D3	1
5022	#FFFFFF	#D3D3D3	1
5023	#FFFFFF	#D3D3D3	1
5024	#FFFFFF	#D3D3D3	1
5025	#CD1076	#000000	116
5026	#FFFFFF	#D3D3D3	1
5027	#FFFFFF	#D3D3D3	40
5028	#FFFFFF	#D3D3D3	40
5029	#FFFFFF	#D3D3D3	40
5030	#FFFFFF	#D3D3D3	40
5031	#FFFFFF	#D3D3D3	239
5032	#FFFFFF	#D3D3D3	239
5033	#FFFFFF	#D3D3D3	40
5034	#FFFFFF	#D3D3D3	40
5035	#FFFFFF	#D3D3D3	1
5036	#CD1076	#000000	116
5037	#FFFFFF	#D3D3D3	1
5038	#FFFFFF	#D3D3D3	1
5039	#FFFFFF	#D3D3D3	1
5040	#FFFFFF	#D3D3D3	1
5041	#FFFFFF	#D3D3D3	1
5042	#FFFFFF	#D3D3D3	1
5043	#FFFFFF	#D3D3D3	1
5044	#FFFFFF	#D3D3D3	1
5045	#FFFFFF	#D3D3D3	1
5046	#CD1076	#000000	216
5047	#CD1076	#000000	216
5048	#CD1076	#000000	216
5049	#CD1076	#000000	216
5050	#CD1076	#000000	216
5052	#CD1076	#000000	137
5053	#CD1076	#000000	137
5054	#CD1076	#000000	216
5055	#CD1076	#000000	216
5056	#D43881	#171717	106
5057	#D43881	#171717	106
5058	#D43881	#171717	106
5059	#D43881	#171717	106
5060	#D43881	#171717	106
5061	#D43881	#171717	106
5062	#FFFFFF	#D3D3D3	89
5063	#FFFFFF	#D3D3D3	89
5064	#CD1076	#000000	87
5065	#FFFFFF	#D3D3D3	89
5066	#FFFFFF	#D3D3D3	89
5067	#FFFFFF	#D3D3D3	1
5068	#FFFFFF	#D3D3D3	1
5069	#FFFFFF	#D3D3D3	1
5070	#FFFFFF	#D3D3D3	1
5071	#FFFFFF	#D3D3D3	1
5072	#FFFFFF	#D3D3D3	1
5073	#FFFFFF	#D3D3D3	1
5074	#FFFFFF	#D3D3D3	1
5075	#CD1076	#000000	87
5076	#FFFFFF	#D3D3D3	1
5077	#FFFFFF	#D3D3D3	1
5078	#FFFFFF	#D3D3D3	40
5079	#FFFFFF	#D3D3D3	40
5080	#FFFFFF	#D3D3D3	40
5081	#FFFFFF	#D3D3D3	239
5082	#FFFFFF	#D3D3D3	239
5083	#FFFFFF	#D3D3D3	239
5084	#FFFFFF	#D3D3D3	40
5085	#FFFFFF	#D3D3D3	40
5086	#CD1076	#000000	116
5087	#FFFFFF	#D3D3D3	1
5088	#FFFFFF	#D3D3D3	1
5089	#FFFFFF	#D3D3D3	1
5090	#FFFFFF	#D3D3D3	1
5091	#FFFFFF	#D3D3D3	1
5092	#FFFFFF	#D3D3D3	1
5093	#FFFFFF	#D3D3D3	1
5094	#FFFFFF	#D3D3D3	1
5095	#FFFFFF	#D3D3D3	1
5096	#FFFFFF	#D3D3D3	1
5097	#CD1076	#000000	116
5098	#CD1076	#000000	216
5099	#CD1076	#000000	216
5100	#CD1076	#000000	216
5101	#CD1076	#000000	216
