x	y
-0.0687385231668732	0.169957035443887
0.0287439200479176	0.0696216834028431
0.0547500463083111	0.14643179574082
-0.0885844946374794	0.181313614387316
0.0281835621999643	0.0663469348878735
0.068396838801941	0.176584821567652
0.0816194379475066	0.240625897298142
-0.00687700185960427	0.0135843663035634
0.101409356223418	0.21026749126291
-0.153475500893173	0.349390168725099
0.0780660628217313	0.149972835959265
-0.144011268184031	0.283625994412104
0.0154497481858985	0.0430397225198073
-0.0667853447586695	0.181968273477947
0.0406838387721502	0.081259549706472
-0.103153544653094	0.324008599160598
-0.0300201990706325	0.0717305694988947
0.00383252843211673	0.00846417257118444
-0.0507456360969678	0.131130726866429
0.0726980763842818	0.196583246092566
-0.0369825916172914	0.0927840796802207
-0.338190405149202	1.32058464908436
0.203860254232026	0.56010980484864
0.0231209646425235	0.0395620985379373
-0.0853196422427381	0.168927229902345
-0.115121947063129	0.243484532124784
0.176004711555577	0.552671202216681
0.141388819730553	0.355786258708117
-0.0343675834339642	0.0614089530414418
0.468355227059651	2.55489446086354
0.0941220765756842	0.256487852668516
0.543167028606774	3.46954169523305
-0.0172124725336792	0.0413050507213907
-0.128991426297804	0.38746723275545
-0.0133024857547442	0.030277427179537
-0.0263019504031264	0.0563967765102682
0.0913130715618913	0.239117534893259
0.321217527912574	1.01772051830511
-0.408821984014578	1.29876968555932
0.055811993004737	0.106635831364517
0.3583770787513	1.21129928478588
0.0142061261269541	0.0289197973351433
-0.268369498908818	0.852624486492974
-0.0737436107430164	0.158947739134266
0.0730730640721917	0.186043888004892
0.032004349679003	0.0743358065887223
0.0945199500116856	0.266942248698456
-0.0428788858197511	0.0886729688359454
0.0935862584507815	0.294029935716113
-0.311852639860577	0.977779613479178
-0.236931014273501	0.748201821933435
-0.0410332531844024	0.0951653173623856
0.0229961719369965	0.0653759349666761
-0.197433088080694	0.808749575643552
0.122834502289689	0.430521237821104
0.0893015442934312	0.265563548118119
0.161649623884688	0.623266210832388
-0.050917486458981	0.149593473978328
-0.1643351852392	0.526330212778846
-0.593246037796737	2.68111039584907
-0.152662037263767	0.39866358388118
-0.280428244445373	1.00827393599853
-0.0731590458363637	0.215545862203804
-0.0907203996910877	0.253154251474836
-0.121144826369337	0.313025043412746
-0.120693926652003	0.319813281188155
-0.118520651558018	0.282912675825448
0.247261005018835	0.628741634339431
0.25998952221333	1.00680980414661
0.114987537104633	0.392048521286259
-0.296509600645264	1.14300371232794
0.149213072183268	0.472219516183805
-0.0146325832844077	0.0304388885864246
-0.0324479336760928	0.0727557728248679
-0.151505897017588	0.488350989845324
0.276072697602196	1.14116222185673
-0.159626633458297	0.328856793135158
0.288506686155773	0.842401576253125
0.0190880376771719	0.0411033380140296
-0.207641059897554	0.854933425291744
-0.118859165588598	0.400291671477669
0.0554509926985195	0.145268764072407
-0.0870879876181081	0.254321865848154
0.223425488473037	0.774772217075571
0.10172118151154	0.277900549862181
-0.248063349758428	0.92507949958188
0.110750220163227	0.356150756267427
0.0542333255644855	0.109322125801363
-0.092064749879425	0.198161595656524
0.00590975532756781	0.0113617363546555
0.37967570571367	1.74510571854903
-0.108099636217884	0.265470292520082
-0.188343120246304	0.598185756777668
-0.0275350265574165	0.063685116625445
-0.0312785186621024	0.0785008404650663
-0.120376941813614	0.356886781319443
0.131126870783487	0.348850671595628
0.00900562391396359	0.0190495494379568
0.179180820462417	0.557642379791784
-0.0466209974975939	0.13493383612252
-0.136006157505237	0.427826950505515
-0.0291897787246887	0.0827192323211135
0.0129286297220615	0.0320888740386781
-0.0834599081468896	0.167891604826198
-0.202473408371641	0.611659493857191
-0.133075542472585	0.333526211856015
0.238507634613726	0.809489046537132
-0.14529887910137	0.430577622372376
-0.223189397564689	0.793912046106976
0.0984586317857448	0.319312788770122
-0.102805511793251	0.344552657630862
-0.0522634975694613	0.135155975599955
0.163222705489035	0.586814775546992
-0.127751898249494	0.379188477096953
0.138041994709147	0.379209022948483
0.176181468954237	0.581472488700825
-0.0610323209561456	0.159757172906011
0.0621929798614164	0.16923989785775
0.321299377902759	1.3967841202628
-0.202337405674572	0.709081307117641
-0.141324107630926	0.412943163849694
0.0383318867271306	0.091313155408312
0.164069362236128	0.532015119489909
-0.172366302397246	0.564951267150716
-0.109442055568907	0.313574132275618
0.195247841205441	0.65492216662284
0.195307547124295	0.61894979677752
0.0181839840004814	0.0416921104056745
0.419385344087895	1.79918401393839
0.104435419808704	0.284239750754012
0.313181180145418	1.50991627146486
0.154532843884387	0.509912176852435
-0.0737920445703784	0.202672803295321
-0.0584173834294334	0.156209788308681
0.0601252437316871	0.167263638502323
0.406710093615549	2.09613867890107
0.093233571503916	0.260327291002795
0.0102408813066288	0.0256633187567783
-0.125049132462779	0.367180694634995
-0.187515483553233	0.681732548773825
0.193759409883848	0.753633104058154
0.0589372187541665	0.154098481338716
0.0447631031827044	0.121612414184137
0.220659172478927	0.740427118026324
-0.0385671971376534	0.0934914510977059
-0.0516066931316346	0.132852605986947
0.0589235155026892	0.161141401416502
0.00106847059197181	0.0024052922325192
0.082353893914141	0.222355842943709
0.105227602410027	0.320344495073632
-0.0842854096966175	0.241107228941862
-0.230622072837004	0.733106107158584
0.218774980767024	0.539518871550168
0.119240080977819	0.32395814253634
0.0496967368016128	0.108621552415199
0.0799227633801365	0.191502463026374
-0.0933808553007351	0.232555964569463
-0.157884357781947	0.409073363544949
-0.145847050810567	0.37989680378381
-0.0625435188393464	0.131586072494368
0.00723480858811693	0.0142021656134739
0.398317692479519	1.8840175206296
-0.0838589440817489	0.208133908390863
-0.0825456989732116	0.203426464760412
0.101676114414263	0.282432602896742
-0.104949341715339	0.280500996351573
0.0605344965968485	0.147577427505031
-0.302891580825119	0.934628360624982
-0.0117282638440652	0.0262370164652874
0.173851743655812	0.508161756291974
-0.124644151937401	0.390447972995919
0.151727007265463	0.386323580062161
0.0369587242369607	0.0780756113233766
0.226778188060611	1.01531781105127
0.0639842606541339	0.18064244364952
0.203950345071745	0.752553945814569
0.0967533772338369	0.266102510067357
-0.0104220047633755	0.0247514142626687
0.104576712696697	0.314608421764352
-0.0571655489801983	0.150892057087075
-0.225164001770775	0.890747461490199
0.155445034505817	0.511418681868328
-0.208114120572935	0.690162664438326
0.00146660977109163	0.00296664902458389
0.133157035050647	0.350125961418021
0.200308503409359	0.60851602670604
0.155704912348323	0.498872532367706
0.103843223735961	0.352007393374101
-0.0788902437179664	0.212182423052281
0.159119585569483	0.510703748121664
-0.264307431366715	0.920939204915085
0.029584712103171	0.0691066794557128
-0.202360364946845	0.584538374305541
0.358958127151479	1.22988013463565
0.0803716177486167	0.221031079267803
0.0720233830986614	0.193125142965463
-0.175897404431646	0.600096480793435
0.163820208221685	0.648144795854305
0.234547889049951	1.09681428962703
0.0672693580566977	0.204119285609749
0.0974443229588835	0.33442570062879
0.249773051162667	1.06992151470509
-0.0317167482797842	0.0750231452204557
0.150835576132892	0.5456418264734
0.0452261960415412	0.123560038275581
-0.0425977695442256	0.116001877530208
-0.0180419249343464	0.043162489671151
-0.00686779083669746	0.0143106861871376
0.112039937359076	0.346124008119197
-0.1385927196101	0.435177827067616
-0.0376290020638629	0.103459531012647
0.202951924384313	0.869371451993661
0.170944422487578	0.66770089618334
0.00794438625089523	0.0197426347781944
0.360953085666397	1.53911369156843
0.20785387262168	0.536643915697244
0.169542132125282	0.296179051917796
-0.06515558924296	0.139373935075429
0.0369888130051334	0.0910549066376105
0.0175274846564311	0.039691979309901
0.0198762225004346	0.0459084995816786
0.217291772541911	0.696216391720733
0.108030300658777	0.283430532210295
0.0000948372417234367	0.000192128559195463
-0.0245917343362441	0.0533981224890491
0.168101564176686	0.626926987645729
-0.0635076988190544	0.178723269826399
0.0040658626579578	0.00914437250482021
-0.055480691736368	0.135101198317612
0.0157987093355168	0.0381499772017553
-0.0739650775878115	0.214614323205754
-0.0189847233900895	0.0470148065068856
-0.112003633777753	0.338897234639565
-0.318440345899789	1.30480633653071
-0.154887205376315	0.432957268190175
0.204310295724145	0.670652332726081
0.270322898037277	0.908946554719579
0.273801917481105	1.00248471547841
-0.0850252092472151	0.232282865715167
0.111163139272015	0.359699323831791
-0.122122361426067	0.362199969967592
0.265061505069633	1.01118308526772
-0.0839575743220853	0.195390534749879
0.170742888639606	0.506439815692207
0.0613711776087333	0.137267985169639
0.128981007548285	0.331721110919551
0.204014546276241	0.786196644576948
0.312972319159867	1.49811333774904
0.0564426873541037	0.150163340856863
-0.0109119950301483	0.0282894151042317
0.154898217804379	0.584072248691927
0.232006600820516	1.00553878034245
-0.108848254942082	0.379303010597753
0.300350354164942	1.39037222218927
0.23697693465177	0.823877861921688
-0.0294605722582156	0.0740552894149786
0.138549616967277	0.471730095188294
0.330811901409042	1.79366429701599
0.0394004512322863	0.101326125126329
0.0744328645217517	0.185222592457711
0.0460359000607075	0.129176799719661
-0.0485829704927564	0.127818619592585
-0.268393465827224	1.18945892001476
0.291857186184603	1.44440178632139
-0.12046230066803	0.394491686700402
0.0716236238883307	0.197874510780828
0.040684447687607	0.0924995386370481
0.336181392339368	0.959698155291511
-0.315274486681137	0.742967776684226
0.0145365662968906	0.0330492342498207
-0.324259530001405	1.446821977659
-0.198582124279216	0.686858245731504
-0.0633052163499151	0.150346403657342
0.0273613009553472	0.0716880106403385
-0.0764958337885178	0.224744716965231
-0.0514822066258145	0.126122811255585
-0.0287414697096713	0.0716398020007138
-0.255750444994567	1.10732853801312
0.053358126577449	0.141823608301869
0.13791040227499	0.46432735012189
-0.156495668075693	0.507961816599675
0.0576671049849794	0.13218739828049
0.0396639676380323	0.0899812211908106
-0.072338693219172	0.152937847110215
0.105388127261699	0.273879706489976
0.282627051597142	1.1701606544105
0.0788231329652348	0.244481689179361
-0.103066898220761	0.281907127719205
0.337138396418629	1.35566806482659
-0.234863387717259	0.714643695773524
-0.0563031682225793	0.146172305733951
-0.137435023787845	0.390195341042618
0.229737003291794	0.730925792673127
-0.304669920610404	1.35585999310905
-0.151918398662348	0.494304136425977
-0.122663247703451	0.402705658198058
0.127418151610448	0.462093838436334
0.0610607690429436	0.190573299611761
0.203558018167962	0.883077170964577
0.272825486727135	1.38366646107724
0.160751926515517	0.556560571109257
-0.232202748595698	0.749678934435814
0.0481179428554116	0.129302826547502
-0.0413592749282739	0.11166529669383
-0.152633693821693	0.536078150588533
0.273587953966122	1.31116887109749
-0.0703461611076483	0.164309714845225
-0.0320206907506723	0.0847922740191902
0.113463909777861	0.349088528087739
-0.0482257705264905	0.134369522054733
-0.126032002052929	0.441342870767952
-0.114753563215013	0.375863693580006
0.210049120159993	0.742469646497032
0.245892208067271	0.931356411900847
-0.0411547361543855	0.0764270914344447
-0.520420345010373	1.58396109504976
0.0193765147289713	0.0429302360290563
0.0554509926985195	0.145268764072407
-0.141408886245711	0.463124903112066
-0.154725839917899	0.420529479096168
-0.0211004618503436	0.0483635724118771
-0.198789924793831	0.698054633757324
-0.25813017417757	0.877198675066316
0.164237585529425	0.495938019539072
-0.132961240479264	0.364120590285027
0.0498282247152105	0.115933162801479
-0.000367507908093227	0.000818365248027895
0.0814975270170411	0.214584577839106
0.0925936805894187	0.260379443263346
-0.242160957173584	0.882244874076553
0.0552263765393909	0.140673386033651
0.414286436328033	1.97747061634641
-0.133737827319566	0.426709810598912
-0.0513415410045996	0.124268332088386
0.337195535617612	1.45036083215274
0.0558449929272747	0.134358359968896
0.0294021747093822	0.064194030284018
0.0058964953207179	0.0134442525420304
-0.105283081779245	0.318444401379479
0.0449384722572708	0.1164173991676
0.0481984250443594	0.132735513095068
-0.0548456278487458	0.149410612167454
-0.0829149706660084	0.224346080253299
-0.0745343278937255	0.21540661786822
0.206743835795354	0.76045082253427
-0.152475610091071	0.479423248990361
-0.0988037080443902	0.272199919317052
-0.0391251037966558	0.100664933049495
-0.142964836102686	0.498336689364693
-0.164860631073084	0.507742392446224
0.156286736576605	0.53078212419558
-0.168100675921843	0.560683958926484
0.200038224278726	0.675991598976739
-0.164726874583288	0.558914128665729
-0.109414457587401	0.309514245731609
-0.218955479347785	0.747191516660898
-0.128508956646701	0.359206495986927
0.213579640830648	0.718724757676885
0.114686982595514	0.298985780104526
0.487092475516428	1.94610122939473
-0.0451166414628383	0.104829859558422
-0.082184352129123	0.208831103570261
0.0605893456836167	0.15783833743494
0.0198359994728569	0.0422688398617169
0.115823094076315	0.315549573626872
0.0353518179790679	0.0833361781744923
0.0156850969906386	0.0339346824854739
0.123988158160644	0.347796296732897
0.152421288848767	0.43979729191857
0.153554603044332	0.448479950346298
0.0467784494407271	0.115643822994526
-0.115959991524527	0.317788411996086
0.339013061541681	1.55236221689815
-0.0137600969682477	0.0325213152925117
0.0402718364361457	0.0977976878438919
0.201963102483192	0.657103659358326
-0.0850842775064636	0.227772049656862
-0.0439327265623894	0.110054410850929
-0.20815229042424	0.697944181622834
-0.190127706617077	0.62930870137832
-0.114479713785587	0.305267591752315
-0.202405661645513	0.722790364976005
-0.115079933797705	0.352196611950118
-0.201501675629473	0.737725479934278
-0.157051227592971	0.491807853469829
-0.0519684509464794	0.142084757534304
0.199141733624925	0.782594020179799
-0.21798179048939	0.782649658588946
0.138821987251388	0.42178522184007
0.00131911520977695	0.00299669496650867
-0.368298287185507	1.70834706650658
-0.14541856535124	0.439600527293368
-0.118360886654323	0.342009769090845
-0.0199069452225479	0.0446280631805524
-0.0123345057408197	0.0285025540129573
0.0766672308712138	0.18505788394535
-0.0770896294280225	0.207190399758321
-0.0239964195690811	0.0545900826513817
-0.0620685575440012	0.146387638058853
-0.0260810868743345	0.0536723208325547
0.02120956381535	0.042422874184049
0.0854416097267617	0.168283717303942
0.074510967498014	0.182230233600841
0.137515385840587	0.397278778074937
0.0871086762559635	0.227286794910682
0.0990503456327296	0.265877580259248
-0.014518604693156	0.0293176299514598
-0.0160570352867733	0.0366783721123747
0.186234198851507	0.612222793219566
0.0372548815468622	0.0956299141956812
-0.127146999518991	0.368037723302743
-0.0938141464827312	0.269146132823744
-0.164464907008758	0.521830551516727
0.191784880771338	0.613240230609316
0.0114416172410412	0.0249024943312678
0.0240182176614723	0.0535475727543306
0.204581512463308	0.638632900776737
-0.036038933899402	0.0829095174813683
0.170506918818094	0.605932226923869
-0.0417922189697115	0.107261661238093
0.0533131678477013	0.127581444407067
-0.00049545925804106	0.00106902976042877
-0.190545702512083	0.674528591990903
-0.0775159086924675	0.197579867994486
-0.164845368720137	0.48956328627141
-0.0659057807055968	0.174778260139943
-0.0893383246697689	0.233187094520861
-0.0110482005322281	0.0268212957372917
0.153467462132942	0.525360829548558
-0.270067434513158	1.15200505849854
0.195979476286074	0.703724137952229
0.126068734823699	0.35976462898892
0.0276336918247692	0.0711542429956928
0.104279834765045	0.292426952735183
-0.148515051376398	0.46908800405054
0.0998240214239894	0.304180541426865
0.192101066451638	0.701339686978484
0.309650825630173	1.30456366677526
-0.0318086431075481	0.0687899068133738
-0.17932314430402	0.451116232880718
0.234053716705615	0.888294380282926
-0.481057619002274	2.4598007115088
0.173597488444301	0.563045343835077
-0.306105096080016	1.35319775865778
-0.0364360748190537	0.0904061932721243
-0.038021126053421	0.0917660984222208
0.0479251263773685	0.11879778516146
0.0449602590570505	0.104005281694559
0.0623673419527309	0.164222969530945
0.0923966956429401	0.246663779309985
0.196383060288137	0.660194087359973
0.117893129346317	0.33242490862507
0.181268848440581	0.657415858893036
-0.0103649305733441	0.0241860458455706
0.156013077909405	0.48985017963646
0.0827236257354604	0.230205750028873
-0.191952838597773	0.641328515906892
0.182009147760997	0.630213491348347
-0.0974576384957121	0.285368547726214
-0.360734475528219	1.48706854644804
-0.325057277473991	1.52754345984782
0.249303977389533	0.969533688068203
0.0440946160795314	0.117684734859631
-0.0046020531310439	0.0116750287802185
-0.230010177433242	0.959929157841886
0.0678213654567879	0.186385914999383
0.175235629991076	0.516047840560701
-0.142065893017489	0.47479754267031
-0.118291688872286	0.350746561388774
-0.147254895672902	0.507039838910174
0.0171261564623493	0.0429595520642624
-0.0323514039897664	0.0819377047530294
0.146636031920314	0.465625212724855
0.178449841807902	0.544525315253162
-0.0385176227511838	0.0760027782077898
-0.0266830251362274	0.0601763532884345
0.118602247986667	0.329073142591215
0.0246601668064752	0.0620675054030821
-0.0733882329743629	0.199881094532457
-0.0763501047891447	0.212537952542097
-0.0794355585962	0.23450358488074
0.117562169949905	0.348251793843714
-0.265104707923755	1.08809674904318
-0.0707795023817143	0.183472516697377
-0.0880781124147062	0.239434498292609
0.0625679675201623	0.168285124879795
-0.230692539733361	0.815228548464629
-0.0198647985074347	0.0448892647128628
-0.0436643470021237	0.112605787974136
-0.233500592702997	0.989187022589524
0.0794053964329183	0.213965420888704
0.102635611325731	0.309635989147567
0.236196931120113	0.815729921879701
-0.212355503739962	0.775439396854079
0.277093703235154	1.27315034700392
0.0527961635412642	0.13371030656269
0.189641560262471	0.696738214428184
0.323964889790426	1.62593312616511
0.0977974217854915	0.301167997635068
-0.0587008873936111	0.158572981223842
0.104980451536205	0.300702093554908
-0.324540121303108	1.4710921752796
0.33674995295509	1.64202465710642
0.254474815754046	1.11723888513878
0.141683356192536	0.475062341775616
0.182024999637067	0.649314117868672
-0.0495100473404811	0.126268661306849
0.0154707576450449	0.0334549977652603
0.294985105580364	1.00265588050587
0.0489789717223107	0.120325886001647
-0.131784016445367	0.426299853422403
0.107083253775482	0.310347479992533
-0.0627981984584327	0.168734976511172
-0.0550233371380319	0.149966062945997
0.0331995846064826	0.0727184323188433
0.213701230041805	0.760163310963787
0.173710246962686	0.651133520644886
0.214122357699693	0.797972513060243
0.0163509434421545	0.0398797160083182
-0.0170362417720033	0.044440376982092
0.0607487242832929	0.156065731648654
-0.0439664922674592	0.109312490213344
0.0406214908264979	0.0990735079249553
0.111116969738464	0.327229632825415
-0.0726617472006519	0.22297575935149
-0.147152271327406	0.514635156773511
-0.111636658627947	0.38245536703872
0.0332656127500511	0.0964260207460275
-0.0939549582380639	0.3034296168321
-0.0735781488275116	0.210713930149255
-0.0689609491867806	0.180125042474428
0.117605389443826	0.276496654781421
0.00504836635495633	0.0107516138395149
0.0893272264799059	0.267448495748797
-0.129072336607974	0.434460773496795
0.12548075581441	0.374405475944883
-0.080303413291006	0.225003674605824
0.0138674254910293	0.0305772001140238
-0.0565653840092719	0.144226876558811
0.149289759916797	0.503185845903933
0.281894591718996	1.09284769598213
0.0535211363825438	0.148577518569224
0.112607068316633	0.332742369140548
0.166813814817292	0.538869518083624
-0.0895959563056598	0.2277239250881
-0.0357564865252374	0.0876705295200084
-0.172619274118733	0.69377560531612
-0.0407824210783986	0.109342602293862
-0.00659950484822788	0.0173796434393756
-0.10422843382305	0.348314764072154
-0.247206853155926	1.19055178678136
-0.138315488946339	0.473660998738301
0.181138240746666	0.64069383932156
0.174811096642361	0.446031603220161
0.325739066051468	1.35192052134258
0.120658194894931	0.393101945360962
0.247052739658186	1.00958345297209
0.266079661875937	1.15947177641356
-0.112712400377966	0.314063882407335
-0.0872985339924742	0.235953866115919
-0.355664464019866	1.57312238363771
0.0387927614685163	0.107564726609979
0.0350096249274387	0.0899080501460462
-0.179992127091935	0.573467956881169
-0.0210970371458675	0.0508845599504699
0.0562019161301788	0.133642470571487
-0.106456314437551	0.36466138770716
-0.123247106449528	0.41850000312404
-0.0509087444442234	0.148922756683039
0.0204683436717358	0.0558613135446617
0.228159599843478	1.05347867846155
-0.0347950498500482	0.0889810738494185
-0.138878157895028	0.415574978718033
0.180537433697776	0.444972894325608
0.0733343514352441	0.207358546840217
-0.263493677711675	1.15560592586483
0.0423478366839411	0.121001639891262
-0.024554852722016	0.0570113000819946
-0.0786662795655963	0.223308826909251
-0.0637650196814449	0.174639260566664
-0.0921367737152842	0.257018767775985
-0.108761878896854	0.331113620847415
0.175383161509549	0.618020493503014
-0.248383556541543	1.03350846300039
0.352132750241328	1.82116427547657
0.00616449198410633	0.0142409008840499
-0.0709963246028393	0.196764994687825
0.263369478642383	1.03491569036414
-0.186083282126597	0.655172573742881
-0.192705447301256	0.664169475781907
-0.0700913796679478	0.19197500358427
0.0619601210034974	0.162488088714824
-0.0559376744935001	0.145516040966007
-0.178913013834023	0.568859424503298
-0.0139627770336341	0.0302565064208304
0.325812683648316	1.21659312038692
-0.0398770217851758	0.0922321201645719
0.112620606987517	0.319889608816642
-0.052925861275195	0.135671683930935
-0.207733959046955	0.771194513042831
0.257211426502249	1.07752023913951
0.0575157568189875	0.143970928043432
0.161817228461845	0.540558222056731
-0.128916780827867	0.408184900511716
0.0659833550950768	0.196025428722234
0.0123421177326498	0.0305103009510343
0.205906356153947	0.706916021176517
-0.00772861894567511	0.0174061573213566
0.18127664278452	0.568982276207237
0.153876408644883	0.55077343281497
-0.0204315167586292	0.0507881049121625
-0.200268899608881	0.660284715998935
0.0717090426384855	0.144155731158284
0.0419036306019749	0.105357695655063
0.133376912007793	0.429540414965074
0.125234430578591	0.40704930331993
-0.114440301778682	0.320077825456378
0.273541600714272	0.939531441260487
0.202668832801296	0.618273060031838
0.0696159655459192	0.166450502634744
-0.0982554973330296	0.266925241406511
0.184583998062656	0.678511677988419
0.071950416953961	0.202666053053575
-0.010892027707052	0.0286040494737933
0.173738684383402	0.6647354346775
-0.209216384693268	0.732707374803309
0.103763170618006	0.319956689507874
0.355188811457257	1.67805795195222
-0.100872937615049	0.296827471024942
0.0308483755410852	0.0714632691106572
-0.0465436269040369	0.0939502284784087
-0.201456492950087	0.727071528629815
-0.113168062905024	0.352105068043888
0.199096464181258	0.762782767314807
-0.00595700880133599	0.012866250707792
0.113704544946363	0.308450614364967
-0.0939409248770015	0.267478992589908
-0.27316212307133	1.01800759886162
0.0576947460722941	0.142766840696964
0.130359556887297	0.388104414953677
0.0541093626173058	0.146717639308024
-0.174308167141614	0.653427634559856
0.139749779712073	0.465158707551303
-0.0808436492189022	0.211350036180557
-0.0559048435940162	0.140722761107919
-0.0429919185592718	0.104303864327134
-0.0793675847351549	0.230832397974761
-0.170501185170404	0.553744615757293
0.170249433287341	0.444025265487758
-0.000570094834440955	0.00128702652729462
0.0798233097977623	0.242163699971568
0.111131388531347	0.344945227074548
0.00860454959683192	0.0183297304618377
0.126055061871669	0.336945448090298
-0.0816068277046732	0.218266876388361
0.0593486013214463	0.138410762996864
-0.321695721023574	1.1936083853366
-0.0771635722187468	0.171335416508886
-0.0728790239202697	0.19884930548573
-0.10201604652665	0.306342743646316
-0.101577747081713	0.304705055055575
-0.26710653230026	1.09596520427116
0.24499251939965	0.849702504278509
-0.111833197472716	0.266122748311719
0.195236305479677	0.654752660458466
-0.345204874364858	1.36560421301467
0.167903956746035	0.656092726209273
0.194667478576187	0.708369173246008
-0.0930658371662818	0.277041487710335
0.0879792764282289	0.282773931507446
-0.185707736102844	0.688327155409545
-0.193830109565417	0.643468206485053
0.00308347048223825	0.00618056388611357
-0.139056064665039	0.42193043851733
0.458329879008875	2.07568375429753
0.303098289126911	0.919690614421271
-0.124081516013442	0.393983312604874
0.15848480221289	0.574566252276245
-0.100818270330041	0.33079024328316
-0.0816752221117393	0.23976419678319
0.107264495257345	0.275852535926228
-0.160420187810804	0.459237290845527
-0.203633926293222	0.642956378638951
-0.0952279588623319	0.274099783262137
0.134383006301645	0.435027531923367
-0.158645394901765	0.524415123075725
0.0614911536545267	0.159965319729284
-0.0901080042485809	0.269599737231639
0.336942041648278	1.59881844279991
0.0463106151976386	0.121389799154597
0.0946226108585812	0.275958671184396
-0.0729919408436775	0.210055774308521
0.0490687055252387	0.121952442862913
-0.00400447106557063	0.00831720078646245
-0.288791373327231	1.10371063469112
-0.112236224939901	0.370503466374563
-0.317454333391381	1.26544722325081
0.168127072423667	0.479276112092627
-0.0279632683322046	0.0596084566114638
-0.0671394614695694	0.171131561731548
0.00958750284460023	0.0245539848128116
-0.0118831218109391	0.0291406599540199
0.14913854049768	0.430179937422557
0.101937829109545	0.267933346334225
0.00937170406836459	0.0198388720501782
-0.140163470181509	0.408531757843704
-0.00586493999587339	0.0135968876751212
-0.109117553620126	0.32896731149565
0.170392027113541	0.502761238132844
0.0264848513810183	0.0502173246416616
-0.0877442476409171	0.182658481936731
-0.0553446662229298	0.147284674328501
0.312818577081403	1.41475363857221
0.180400255553548	0.674875403945383
0.0000461648278042364	0.000112155509037541
-0.0917394698104406	0.235194391365087
-0.00227751770244486	0.00514895483001872
-0.0300128792351514	0.0705781022304832
0.00973069986428321	0.0240026761498665
0.0895327305757951	0.264212398423606
0.110919639958899	0.349494023397846
-0.0500378943075781	0.136144271181372
-0.124992977387384	0.394813638098125
-0.159283238532168	0.577944560615456
-0.0780390247483802	0.216505225711667
-0.0090421704777722	0.020684785886742
0.158306418416908	0.503365372785689
0.25439090071651	1.04874402757899
0.0811824981478159	0.260456156729513
-0.138651250590591	0.42976323868017
-0.343623381187079	1.31764338256642
0.00621960810336954	0.0125074356588055
0.325449411582479	1.24776089742831
-0.0497460877931782	0.121397146296877
-0.200864422823599	0.6978470679462
0.251316979336617	0.997671189930682
0.189129156150352	0.593470383066874
0.0196512145600099	0.0358295575477806
0.0433927882497064	0.0910657224816638
0.3392961401171	1.53405248654959
0.11635586072885	0.37736090652036
-0.311589747553477	1.40573906601107
0.156055212379	0.496432161105956
-0.0576709746543715	0.138822606946848
0.187099684555156	0.666737383253643
-0.0236590625979535	0.0608927999928438
0.106193089740981	0.311788825710704
-0.133295295496258	0.378537743629815
0.0360139422330578	0.0893453288256862
0.109855419843491	0.349172754636685
-0.0116884028993419	0.0293678211844716
-0.0327709787875486	0.0799959090058297
-0.062173959101468	0.15586914998855
0.217985571538843	0.810934541818418
-0.146025960016908	0.511224420022379
-0.121107874998647	0.409076067159943
-0.190708762315676	0.690203252972354
-0.011502509780624	0.0221482932034685
0.0213427080523592	0.044070877541818
-0.286316327630625	0.966960441778581
0.11245519675249	0.277929929174675
0.0165439491859213	0.034862418838548
-0.118521632029632	0.328497640926277
-0.144896141905381	0.387562631157965
-0.0250134099787768	0.0558729797240698
-0.176884825032734	0.571628225827049
0.0157810241951547	0.0370786115078312
-0.22106653697566	0.667770369851774
0.216642990870604	0.617066159351998
0.0706010962869546	0.19337556059871
0.0830410076934305	0.232596296429602
-0.16568853459143	0.556717009607635
-0.0582753862660919	0.134283217315284
0.0962428757730431	0.272852587854895
0.128195780153211	0.409838608775913
-0.0173545353118858	0.0440958145411393
0.152871653014849	0.460682389841212
0.136123354737377	0.445322358101886
0.0697007201889306	0.188546035445946
0.207163366052533	0.88979647014491
0.0742520746299802	0.226008153776886
-0.244609423963721	1.12170308775265
-0.0214583228479842	0.0581695135274749
-0.00371735230978848	0.00930517184169796
-0.355358424906006	1.89555721400838
-0.258087627820593	1.09163198254792
0.0516967807662411	0.130159758694356
-0.0807036674883445	0.219748723049538
-0.109231843599726	0.326966861290596
-0.209449488462172	0.657614397166165
0.17980203044447	0.568333596633649
0.156970070601897	0.462959997370208
0.0701596339638275	0.19057305041033
0.245556833501647	0.8179788884618
0.0183723948580467	0.042584114879375
-0.10059427643107	0.25215262149269
0.113509564955798	0.273859368160578
0.00900593936244715	0.0179785562576508
-0.0538678058548946	0.162443937524008
0.0413984226556265	0.10888679885252
0.129283699657709	0.499634729358927
0.0543361197551882	0.173888472046367
-0.0419295986323569	0.123669494054582
0.27235272703598	1.26915033631933
-0.0982113821061536	0.280575715477833
-0.142840824002071	0.476272251081663
0.133965671247915	0.488336669991387
0.0536889337204038	0.15289689967871
0.353196193108187	1.51429793936434
-0.136180978482432	0.403009045338649
-0.214167141243612	0.666776309598487
-0.221090453511176	0.770473291547482
-0.0916887992921248	0.225188381399615
-0.154803577633293	0.445013723198722
-0.21721228122062	0.621510601560213
-0.0464917744335815	0.0993586015364653
-0.140366590654194	0.378112816943596
0.107713057112719	0.381965986170864
-0.085838276604674	0.258617524354517
0.141571398521318	0.56140844980487
0.0714156410842758	0.241824238941634
0.345320405725435	2.08570290817878
-0.0719603079220568	0.225245024063006
0.0300664456539405	0.0769089436927306
0.110784948272391	0.353177479187285
-0.0714251671874054	0.212775083553333
-0.353053394982678	1.83855444212938
-0.186613222445837	0.551984014242151
0.0544015152556992	0.132635848275481
0.185563082051808	0.521801030067072
0.242408894151581	0.936784629012368
-0.0673948901871609	0.164583966271327
0.244309700964611	0.98248273024782
-0.117138665678282	0.306228962259742
-0.0833193182971239	0.180326868210964
0.46155072393447	2.78573288560114
0.257112721684698	1.08813055224459
0.226991977577293	1.09818078879001
-0.0607318632141709	0.165060068385114
-0.261737765650802	1.14778932485153
0.0696159655459192	0.166450502634744
0.346222615165365	1.49310568889344
0.339553929588885	1.42682898958942
-0.15653472376841	0.461542576494671
0.0945324646165744	0.293879863570997
-0.193007147825353	0.690193643012282
0.0763753809568351	0.194784669145455
0.128570829230054	0.35531316748932
0.000456109596571373	0.00098218476971129
0.165400351960648	0.5693223261477
-0.213200529305433	0.650045023849025
0.284848468434708	0.877243483441843
0.103138794948798	0.244370770248912
-0.153612124772702	0.4731155089721
-0.0251114543719407	0.0585624307173041
-0.0419779791698349	0.0975614317929645
0.213973840117469	0.741154433647732
0.191662254527162	0.615155055887062
-0.0524107893540038	0.130783710208167
-0.21374317923876	0.756400103186507
-0.0634808176913804	0.164776636249495
0.07313816079033	0.183833404445597
0.0591433688318763	0.146833759388625
0.0384256470291664	0.102985038471449
0.00409850226838511	0.0101029107430371
-0.0712545519668153	0.21431346243949
-0.0409305151666855	0.107653854640191
0.15693434164006	0.558658872753725
-0.100570848943478	0.303067844344774
-0.0109816877692956	0.0265928169773948
0.0861176560319151	0.228003372458377
-0.11746854086445	0.353171370365261
-0.0302289009952889	0.0756674744496913
-0.248442631637787	0.911640542531012
0.258695120002903	0.897580934672379
0.16378501098146	0.482417020477862
0.230025420870671	0.825740809101433
0.0377755758895637	0.0956062851403667
0.0122854179485856	0.0274956998650238
-0.125301216595506	0.377875217038445
0.139935050069832	0.427788721335971
-0.207843185068346	0.669258196904226
0.188489765374887	0.53552771875838
0.398620076424829	1.51636212156691
0.303472479689615	1.11070277588856
0.12655834819384	0.37852784591573
0.144882462758599	0.456665027668281
-0.0118289988734183	0.0259707722114646
-0.13842649255661	0.399682935470395
0.0665878550933553	0.168539104608705
-0.0539185764867263	0.146546162677086
-0.028676868061753	0.072740658801927
-0.137411378819717	0.447465657954188
0.0634102478346001	0.17353992898346
-0.196085219856334	0.771246595418896
-0.095973789256368	0.297758151254345
-0.0587680374988049	0.16461426153413
0.208326826924996	0.777100306529704
-0.199113662994427	0.743461309405673
-0.0235804169475411	0.0588236933650917
0.160319481052523	0.511870950093147
0.347507419907597	1.49354633942824
0.0668061693589922	0.168556522116871
-0.0114049097491633	0.0270941346981978
0.0373766724178049	0.0826280544153931
-0.0551269700252852	0.138530555325779
0.0444721280493001	0.10893903052514
0.0239534226430365	0.057391517935236
0.0283358193870699	0.0590922243843547
0.0442680715907149	0.0926520736869299
0.331600842592612	1.22586896207502
0.0682823464271332	0.17950055768269
0.198145328703253	0.689228819222173
-0.253977558003674	0.936900922292715
0.00334120933668861	0.00694549990340165
0.262941841337846	0.980880535077074
-0.114064347008742	0.366239461342973
-0.0387721734149907	0.107490117160896
-0.0913100485163283	0.267828060060608
-0.0838163276066603	0.255369624148048
-0.00593734577787128	0.0144983093235567
-0.104616026993342	0.295026268054858
-0.0406387071974943	0.0983635046059951
0.252954116640992	1.10061691623852
0.121421291006783	0.399667285267087
0.199782165705291	0.714636179287211
0.260113362246305	0.909321473576309
0.358323451630316	1.69422233849201
0.192038993022633	0.611388351078927
0.200537264347218	0.724048708742431
-0.0702304608920482	0.170278817451488
-0.425850089852243	1.78572515161829
0.0340042937079979	0.0839037343317119
0.170060607669422	0.531000803048189
0.118699658225738	0.335335539965442
0.0426962478346976	0.0950098553705927
0.19717216705604	0.545737823386562
-0.00867404878863761	0.0157133380706468
0.175371950670557	0.529677464457713
0.0461196665114133	0.111768733383694
0.119632290915358	0.365256602702062
-0.245996340940405	0.942337390101859
-0.0414225094183338	0.0993268820031634
0.383067567964672	1.85553340115619
-0.0454129124096026	0.109548037549909
-0.116770442225108	0.368779078289623
0.235592283379519	0.849150706528141
-0.0153348710133002	0.0349653763277276
-0.314693265418528	1.12781605287878
0.00529788588560171	0.0123938678046312
-0.0795727622776725	0.17670383355604
0.0224811891490361	0.0391482308409612
0.16667330749647	0.368730176008254
-0.060770553258671	0.132881396688326
-0.35543155241467	1.87457958130864
0.137193938980753	0.49907156081803
0.00428116378415923	0.010466474957443
-0.250873867907826	0.965944048292636
-0.0724538839509754	0.187895766267621
-0.14781128276303	0.498951333153124
0.309613489618096	1.54848286199099
0.329844316691526	1.43173633596483
0.0276611627828997	0.0616732111744521
0.252891128596812	0.972763668108588
-0.0797429603504569	0.266780410097523
0.200148910553427	0.704622483118713
0.383429104011846	2.13209697914332
0.230101308173333	0.985326836379961
0.162811170069173	0.450420228642628
0.104540495524667	0.319919753329963
0.0259541579487617	0.0550825149171951
-0.100511862990974	0.255632268575737
0.0251596109057175	0.0604552394423819
-0.188437221450633	0.683125858450274
0.118692359030187	0.372983612850081
-0.152314732685731	0.454042291147089
0.0196550007312599	0.044075481313243
-0.0308486602285324	0.0676819083291893
-0.107799109451727	0.33082936264438
-0.120833826268099	0.305126578167717
0.0889417932411888	0.198986444161624
-0.0725509365467974	0.156003512923827
0.261214141411174	0.837237758454099
0.086230358763061	0.261319831482231
0.0310848558310299	0.0842967778559679
0.370416454894859	1.89553686956907
0.0222305320819442	0.0553133957876034
0.197152311378026	0.72377624838463
-0.0767465234901533	0.197803549028278
0.101648357789944	0.2670220187121
-0.2450315643823	0.903058977471784
0.219264408874293	0.95329845465932
-0.105984355012694	0.27714582004515
0.0727195302673369	0.205880194872862
-0.0246337395376671	0.0630892081438312
0.0943903241168698	0.22127012139946
-0.0882421194734189	0.244828303084355
0.436331069546942	2.05071727220646
0.00823662022267047	0.0172544569765712
-0.0708240221583191	0.192308941938374
-0.00444161723961721	0.010439008958126
-0.00777813621769483	0.0186562956369823
-0.13284293917557	0.41298603920588
-0.257070316669871	0.996679026884822
0.0193436226439797	0.0423539864804381
-0.213380668264432	0.695476902808056
-0.206318141532295	0.782924404213517
0.176374753366116	0.592372913594401
-0.0307730327732006	0.0666414209381897
0.20407465742589	0.6758209134941
0.0196645327491347	0.0457109398324129
-0.0172169647164458	0.0387864110221655
-0.310804610962935	1.30050976436374
0.145699807306203	0.352879011328191
0.430783145152149	1.79620978498108
0.0696159655459192	0.166450502634744
0.0645205228288133	0.161357505488322
-0.0169085954227327	0.0415900641734951
-0.00618128148866735	0.0142101258373519
-0.132982073838985	0.388755501458227
-0.157940513877016	0.498441444046662
-0.0993908161951954	0.292366705798519
0.0172274162848205	0.0432292004814085
0.183417142777994	0.670327889510907
0.0165471168490513	0.0371171664075117
0.23514644597309	0.774667153003755
0.16907385443031	0.536785034300466
0.361856218635097	1.59308946799243
-0.00889846564991268	0.0187392761289702
-0.0638645541838052	0.146273652135987
0.0998953719957234	0.201378766223523
-0.0153858595941366	0.0241249736703008
-0.169280412068416	0.329696347727526
0.017311148495638	0.0324305364499534
-0.0452699004639829	0.112565682858654
0.16973624711813	0.531845208731059
-0.234089710842011	0.865515530246866
0.100291590502993	0.261627744270364
0.0600391031544172	0.147529898289176
0.0672890634722406	0.177292485218614
-0.208664634382317	0.805448408241487
-0.0122713141709217	0.029154897576526
0.139990361442949	0.406453560004041
0.216597789351359	0.800573909931535
0.0963036908780883	0.266677145566233
0.27838047937496	1.22069465365413
0.208915789893931	0.713844755075889
0.285359588471393	1.01858691453477
-0.249333647358961	0.763951312168463
-0.0998024426996696	0.222277836311804
-0.525395861016873	1.69975882660838
0.213698644195799	0.534650832484362
0.222437156042437	0.700154655058294
-0.162685009797769	0.483531453360043
-0.0125025800009365	0.0258943989332053
-0.157437085904758	0.440212756977341
0.0603285666336649	0.129497708706775
0.154491272889303	0.497318960539666
0.134596388347866	0.448942153597716
-0.195910641284955	0.734552751598753
-0.166777906788408	0.575610523233202
0.0258471668424196	0.0615897439742309
0.0577290207394839	0.148407634217963
-0.0490497709984462	0.129206752540966
0.0186164049495051	0.0406967947365389
0.0720918138370689	0.188367208075059
-0.0152379461200692	0.0340010535102076
-0.0858287542931431	0.223177730326715
-0.000300090352692975	0.000574617880964396
0.11363872517544	0.268375088311047
-0.167140955429347	0.364151496320639
0.0102210120356946	0.0177247557403366
-0.256608405243942	0.830871578450246
0.129862480278582	0.368323011544451
0.168817044605788	0.547575224715021
-0.0978039553268699	0.250943373159127
-0.0514681703581371	0.117770310800605
-0.147308575894835	0.459913131258041
-0.0181770099911698	0.0450230564257659
-0.0328375577746533	0.0856683014691376
-0.0749304327698292	0.198720294158741
0.237319316453607	0.927678310252278
-0.0416025308285505	0.11298891868493
0.149458671029741	0.465487969430427
-0.0858090669908653	0.232074543356746
0.1579782478577	0.512371844931078
0.0984046412626223	0.263763320790353
0.0000695448310922805	0.000145443327190499
-0.0324210862951023	0.0683503095815209
0.248055097837387	0.593164190744904
0.012783259832171	0.0220199104636285
0.171421824795572	0.509145067910571
0.162376800750446	0.537553159813689
0.029818653044699	0.0738361816072835
0.256518079900973	0.974193956003595
-0.130456729811535	0.359026166386104
0.159965464275816	0.494128932369055
-0.060697961570024	0.156505241129309
0.125615467622779	0.374895338161237
0.198976700443074	0.769203711594709
-0.479625557411942	2.32217113854516
0.0221386343007441	0.047602158766479
-0.135154743742994	0.367736047580251
-0.0882424267585825	0.188499331648676
0.15234482079632	0.379383712704026
0.20401568556796	0.65578744998107
-0.104772229426126	0.304192533504232
-0.132292023524026	0.396667363188736
-0.0417217826032194	0.101263190316958
-0.143301276551587	0.428890527532413
0.0336844221750451	0.084907524131194
0.118019682426692	0.390118136955058
0.156744101201769	0.560916033288882
-0.0699478729441452	0.168852180515383
-0.0409679861341442	0.102490705209075
-0.107022830845721	0.333247695113307
0.345454474676658	1.66638302162419
-0.16586589723574	0.504525004367461
0.294097610510219	1.05134386302421
0.00374885599338087	0.00704452356982314
0.0464482987069024	0.118807549886065
-0.0557359394657411	0.151769934263242
-0.0803391024767238	0.254178951579429
-0.251696588913825	1.1545779449339
0.137056392995614	0.447792725327772
-0.0225682120064711	0.0579250846202251
0.00955617492645692	0.0220535211470435
-0.0486172843785461	0.124992537824464
-0.0316658316001042	0.0726186706545711
0.263750403543456	1.06486671892035
-0.155660882428615	0.504347917422301
0.417209975849291	2.18956110593612
-0.0826850252482274	0.228013677274805
0.117541135884894	0.267264552677733
0.0414008598803644	0.0753401951281629
0.0787353003509684	0.151370564703317
0.133378616227946	0.366869800860527
-0.0277152957459256	0.0712669588389089
0.0689541764113249	0.190574810339172
0.00805619916933136	0.0203340705589339
0.146871610405032	0.464217199733366
-0.146122312994989	0.423060377916145
-0.0152038067205773	0.0359706892540509
0.0584826283846647	0.142098290621885
0.0948796076039777	0.241642929361168
0.175183034408041	0.546832657353973
0.0371904706850293	0.0896669873268989
-0.199914751778868	0.693356269649155
-0.0235290045779087	0.054826946408462
0.0415492172023209	0.0930499943866342
0.0809824008960903	0.165314550793293
0.0717609716093004	0.138244028430132
-0.146796680617298	0.396763031115968
0.0160818771220892	0.0400347401367607
0.252519905681365	1.21052156561192
-0.0258938558331279	0.0694571302935915
0.130805644772087	0.391272955612485
-0.159452060106527	0.534190656325338
0.158746570418387	0.536011813267926
-0.11645775109021	0.319467631952569
0.15695672576839	0.451942380195205
0.0651892642343591	0.156465269558097
-0.113361261958994	0.316287218372589
0.173837159479491	0.597117256029886
0.070640395424353	0.186763303369073
0.340497128445358	1.21496693247736
-0.11227675434555	0.232877980676534
-0.0978038648106174	0.198483036842672
0.144469663669445	0.39134277976076
0.236551313421253	1.03994901540498
-0.00910125283768922	0.0223233341526955
0.0352595367077903	0.0985076763544477
-0.117942145891557	0.350861774729922
-0.0401377949778903	0.0951638608914513
0.100893588447036	0.367276224192078
0.0143352972814004	0.0396327876147663
-0.0219051206602591	0.0532689068093467
0.420668092842859	2.30075183928767
0.234785381685607	0.8848287324107
0.0131095080589524	0.0298074926569662
-0.115304487199789	0.319875280985338
-0.231355406633773	0.796447974729144
-0.137578837312158	0.425417327527722
-0.147285002953782	0.447019173916106
0.104335232176877	0.298425076074991
0.0518364713376278	0.135547960507493
-0.170012393354227	0.526917156105909
-0.0471842510785273	0.12208885161039
0.00735491058504193	0.0158051659328249
0.0332082030982957	0.0823501684761033
-0.0378755699789341	0.0996642448102748
0.0352517349779618	0.0703983071477875
-0.138195405320426	0.410628907332573
-0.0912639648001314	0.260230128200729
0.247382903029041	1.04121748083182
-0.0141732506507114	0.0376626484113189
0.133135449936201	0.462372655586858
0.159201605827237	0.619184251185476
0.157173253859784	0.610120079883645
-0.271368494412348	1.13424671634707
0.0594875691507783	0.183176399592125
0.0444205410920571	0.123881450416174
0.0904791142727171	0.28495327634579
0.21244834093551	0.949036772023799
0.108297861756549	0.37736023214482
-0.0583721385962316	0.18149103787676
0.0138400928391774	0.0365537860590471
-0.217191066726065	0.925379862111174
0.188662685204198	0.739641955068011
-0.0392566151036728	0.101545809360057
-0.205650439100574	0.763009868640895
0.390094587184299	1.87135863656507
-0.0201287808773238	0.0534970359629982
0.0509637386704249	0.140583478070368
0.106874046289227	0.317811832359916
-0.193222278633182	0.607033755899092
-0.00101596358037093	0.00215027722268294
-0.0224071677490086	0.0491865063402094
0.277950994271231	0.885316506222593
-0.223882903258457	0.754769437782479
0.0626784594580306	0.150414694978539
0.280133896002175	0.850883532515137
-0.0935741792231275	0.251186849914741
0.468457506594538	2.70573532489983
0.00929644547950922	0.0220898206183912
-0.139877859139751	0.522883592924401
-0.143915989783908	0.499712570309062
-0.18764811318532	0.713214313138769
-0.123928470269823	0.424123693319706
0.0743678401779109	0.238967501979237
-0.0585106850625509	0.167784110389658
0.0453913536595235	0.1315467923269
0.153692858106669	0.54175097319626
-0.853760816379281	7.57643751597019
-0.0189680494616893	0.0504619110131546
0.0686805353319971	0.230022624582927
0.206547759223394	1.03890690811962
-0.128020066921394	0.507945093310084
-0.113354601561029	0.418134705105994
-0.0134132589966622	0.0350111625272022
-0.168409950430741	0.634234782262078
-0.0195303149988228	0.048039048166819
0.156893944999539	0.409680158035939
-0.015047417016346	0.0315205852023785
0.0259619043037368	0.0558023717553936
0.275424156920095	0.96876316559652
0.0230314818948932	0.0655849380760637
0.0986205295893824	0.338187562834107
-0.15369840266295	0.61986956452836
0.08411820095794	0.259908060671694
-1.06570467199476	11.2851311650053
-0.0032995354612533	0.00779567734407129
-0.0188563209670626	0.0460203808847222
0.00682195357781261	0.0179489012696186
0.0493275873223279	0.153492511608342
0.0715299419428042	0.224779312293376
0.17100744362445	0.655881902592083
0.118823852995132	0.368401296307389
-0.048345894060995	0.112736800862502
-0.236000677495498	0.738693453912207
0.144323809006613	0.469620316699608
0.0460970940962215	0.117813949621294
0.117031220231763	0.374722714593804
0.0254244191788941	0.0608864071376694
0.0555905748218382	0.179994647841246
0.0923953673048217	0.304566295529584
0.0301888500068424	0.0836931096622528
0.0629270282755634	0.16173529696824
0.320852898040954	1.36837718051611
0.0231264213643351	0.0526620376537657
-0.154491535706629	0.460517508633301
0.27520687375733	1.01487336324973
0.304451220210172	1.48031377537096
0.104596351966621	0.28374015454457
-0.172741034545169	0.672444801428657
0.387141151814823	2.24027334807647
0.126979644300208	0.417756491643661
0.265683288048575	1.01900948980106
-0.128500793682714	0.353897169762305
-0.0895129220885411	0.208767186628416
-0.0944717044578103	0.194358551590555
-0.0119535457067071	0.0252618003409059
-0.187535032205658	0.613910661547402
-0.119878073464126	0.376502480279565
0.212740139271495	0.929328681666498
0.117109535409488	0.434158845045658
-0.0799428655012598	0.246112295851347
0.0947321996711166	0.284354478897567
-0.150488662083997	0.501782702557889
0.0792320370091432	0.200786091679241
-0.326629306909154	1.27477894779197
0.00237257916085894	0.00516924170409652
-0.0152246400248969	0.0346146220326036
-0.0868963442837068	0.244975342024777
-0.250329119028142	1.07927682328127
-0.1877630637645	0.815809949799987
0.0338958664280441	0.102364328656084
0.0685957883622197	0.213975464262922
-0.0843942752992698	0.25093497830157
-0.235043327950183	0.972728094591972
0.153613444200854	0.520236012743751
-0.17024044778484	0.486409350202499
-0.063136211520485	0.168026332791777
0.129874813816859	0.430301855400523
0.00887349442619624	0.0188338192802339
-0.113230531943673	0.354779323653974
-0.0164988857134527	0.0467749130774111
0.0293876832190532	0.0866361229656516
0.0437499666868088	0.130369106105111
-0.12919897176304	0.439189956217565
0.0233416853124655	0.0579217898847357
-0.0131191541929046	0.0306679541661073
-0.127645102706348	0.380359031517692
-0.041645664027231	0.106854281599468
-0.361584870899741	1.83091902466013
0.230122414757149	0.791689472057439
0.153151494166398	0.608001920995706
-0.0882834178845595	0.276659272069439
0.119422725747655	0.350903747291054
0.124285939274362	0.387229989967983
-0.270998173706943	1.01738193899951
-0.089040931888845	0.23833554604331
-0.22410796669912	0.729139526836946
0.147758894043416	0.416774506362444
0.315061505502414	1.26899863184386
0.233227355683281	0.718133489396103
-0.170717505311323	0.49386141052765
-0.173408943834953	0.507610197195579
-0.0102086745000187	0.0223955937027905
0.126867313537542	0.372011591096614
0.178216055965145	0.588050365495527
-0.204564166898387	0.769949273012951
-0.0330872216492674	0.0875043811235498
0.0908724591466693	0.202729843910461
-0.203574866685439	0.686927050866524
-0.308254645557101	1.30452596195755
-0.0612390845742144	0.167094018143122
0.103854033641072	0.358034235379983
-0.076058772458765	0.202271749842457
0.0146556621190701	0.0358769415857512
-0.106623658075015	0.335965880771918
-0.0301038085544442	0.0759803674065124
0.337187710892745	1.87053185600412
0.0251699997725436	0.0642903015622321
-0.11489159531363	0.337777492484021
0.213433335732265	0.828150266792851
-0.265837945632695	0.804314477143554
-0.0556323241653762	0.147140237712037
0.168542118789213	0.550763643479723
-0.088303293363788	0.292200848758822
0.0845250088271095	0.26998406064109
0.132621869981225	0.429124294129875
0.070932085046704	0.19298881107514
0.043355644077168	0.0824874267022921
0.207115637834163	0.455361660689952
0.247030666191815	0.632505473340786
-0.145269136687907	0.393338403170648
0.289067769199623	1.14309846678999
0.0107652900849128	0.0237490315239389
-0.119096043610144	0.296310961316526
0.226593955271684	0.893831638548904
-0.0795293926164783	0.219064162879311
-0.0086856762218803	0.017898855333936
0.284807556859349	0.805220230568983
0.400117418628562	0.780733834575582
-0.229311592145148	0.457012975682742
-0.369554443119188	0.910980278587105
0.0787468361878349	0.139273108474423
-0.281357949615099	0.66563360339052
-0.109458344234794	0.18705014474749
-0.282805043084688	1.05345099385794
0.132836124616026	0.40718413800057
-0.118850768613374	0.326358867718242
-0.161369107962488	0.423862161829454
0.359592747911917	1.56176851478818
-0.108325270096825	0.300164033114816
-0.0411363692192349	0.0860213523978447
-0.0612940804532584	0.134192499950193
-0.0210016339873664	0.0419298653120483
0.0182875963257779	0.0453078546926471
0.174527551678019	0.61182710923028
-0.119676968325401	0.387292250842431
0.173005675148478	0.615328628661422
0.102982188560362	0.305832098397417
-0.16566294039903	0.546927395066547
-0.134977207984619	0.30295493354866
0.0215329697241303	0.0358216790479021
-0.0483558941233488	0.0806435383175552
-0.114116399679338	0.260276874741913
-0.0225691398431488	0.0612645919381704
-0.00717940602406558	0.0178815888715582
0.126069768826364	0.460019155391445
0.0396968322026354	0.107193505025802
0.183509613849232	0.597593504464808
-0.14170056467763	0.399893965105932
-0.0611017924774964	0.173731820336904
-0.0702654825155503	0.201834672928108
-0.17045177195785	0.620537399336503
0.141307983697887	0.495369255463621
-0.0924315836068747	0.288180802129347
-0.0855695707768925	0.266094168954842
-0.0854599334798691	0.263010054413872
0.0908828849061617	0.280948142792554
-0.0179005453220154	0.0305314285054821
0.162062480836077	0.482939191077126
-0.041700345969901	0.118807256084786
0.0506054741509788	0.141293813547455
-0.137005676781308	0.475024006501557
-0.162220632050161	0.587146030630435
0.139721404288649	0.360132563914069
-0.349169801997126	1.15720981453195
-0.13535928767984	0.467127016960724
0.0193641902180073	0.0464764766765217
0.0416733949789086	0.0953306815382365
0.226632803446703	0.485184747309168
-0.0660950137680245	0.115715931990609
0.00625556755053898	0.00995418249248931
0.210249004411808	0.494104060923319
0.0404808118576068	0.0779073488020801
0.154162513406287	0.337388003818386
0.152819116033717	0.494747231365847
-0.0525465490632509	0.135990199318401
0.185965043659303	0.579841756237847
-0.000376811474862626	0.000777279004761412
-0.23742997437571	0.90238353827227
-0.0523154978003578	0.134918748004599
-0.116754608228792	0.300370177947411
0.0767063772505823	0.188503144493906
-0.172615911013594	0.568536328246349
0.0079455713652447	0.0189746751872936
0.0639522608322786	0.159115064781977
0.259166576737818	1.07261568242225
0.215595952599256	0.865555259588413
0.0362023377462486	0.0988358871157565
-0.131320216860119	0.421303848989645
0.0623899842669837	0.137156312558463
-0.244217717884776	0.684080504748868
-0.0398978847601545	0.0725820855935551
0.0199190643696115	0.0438200116513025
0.210527334205833	0.961953402311811
-0.0283164759152399	0.0752856076851601
0.219325757681582	0.990318929491196
-0.087969577947243	0.28410042293723
-0.0825630401729717	0.217818648950202
-0.0153973672975634	0.03239009275795
0.214990201633154	0.873497896236562
-0.189715273212321	0.685109865906567
0.0177033827839552	0.0424483683607028
0.0107194233082697	0.0255614124406241
0.0693538902621768	0.19186092320642
-0.37114718828525	1.82946184320853
-0.20432992972151	0.829500968364673
-0.00984433097262991	0.0251521669343966
0.0537614347057412	0.134950632202833
-0.118724761344354	0.31471538934382
-0.154707770594112	0.340184751687474
-0.128889102389212	0.369371045676111
0.125011467180102	0.440443306290349
0.0650023048757184	0.170373642949691
-0.0028509188676922	0.00663012054289413
0.127547144268275	0.400230651821698
-0.0597648015570855	0.13950556648998
0.165218115011406	0.463923865010729
0.183182826600558	0.689506146529782
-0.0343153933049133	0.0795662928769949
-0.156568399470637	0.547188113397432
-0.0207960375105843	0.0486542435216754
-0.120036612031849	0.250859441405315
-0.287960282354112	0.879716782491721
0.186629339713463	0.452346410978371
-0.170099705968832	0.431729042351388
-0.00127225874598633	0.00239832702355755
0.00486355544389938	0.00889954415200736
-0.237797127932085	0.921773102165396
-0.0729811321860958	0.194916614592894
-0.0987590327308241	0.268608785656775
0.106992140332321	0.304089226471128
0.361583046612316	1.58317142389954
-0.134252162585149	0.406406320724842
0.428425403277905	1.95343723079803
-0.194495485442657	0.636678284644257
0.0160237839224688	0.0371885861943647
0.0943945778592708	0.261537643464292
-0.197114793778691	0.592593157885737
-0.131539464160718	0.388649003737373
0.022524737390256	0.0536147317514452
0.241616081750696	0.970080353136361
0.16996384585429	0.603308362511055
-0.0761002349096271	0.205645975776991
0.223215991947242	0.714189475256408
-0.149063167948336	0.409316720365007
-0.153973104331298	0.474600218331869
0.132664842663933	0.455326730902973
0.0697155476009778	0.203292134174944
-0.281900480626504	1.32875198159884
-0.0116862897224681	0.0277239746964872
-0.281856561425228	1.15705017182655
0.263386626714245	0.798112249189384
-0.128080630086716	0.399944998236606
-0.0980927808375558	0.275535818399644
-0.107151496019715	0.280881852074002
-0.00337920393022882	0.00682416100332714
-0.0235675143046215	0.0493038382317486
-0.267814327289742	0.93389644343591
-0.362096919568628	1.67971548881456
-0.153098231563679	0.532489417287358
0.11653482500777	0.338990302615529
0.0516895028028477	0.117602214388958
-0.0879398676685504	0.196638137433143
-0.137951612820045	0.361622333701571
-0.192194599049154	0.438199859632209
0.31040261516465	0.982767827770219
0.137147480978336	0.350099517093125
-0.196414614163956	0.6524660027575
0.0924070583284203	0.276926488651847
0.201049399215063	0.611577954730232
0.137524139536488	0.393880337131633
-0.018736574891524	0.0432939605556777
-0.0818664495934853	0.199484523747192
-0.0204528765455693	0.0437576015223154
0.0124952692164986	0.0277727610236324
-0.302099576191532	1.07365060885836
-0.00454293628126372	0.00956029470354917
-0.0402737506689575	0.120165335130667
0.104587149256165	0.365146592329936
0.0895258595297318	0.296128384800267
-0.0205157002405693	0.0549501262367223
0.212038837295512	0.908595615288342
0.0426255644790094	0.114893975969031
0.129339052344054	0.417230220629433
0.119948570476541	0.408684596164825
0.139703611616384	0.369654244349645
-0.280591680826483	0.878427063233039
0.328496198853556	1.15413113679064
-0.0879746834008451	0.225832202735067
-0.0596324118954182	0.139673488374491
-0.210118258123247	0.65272401935888
0.00377593042061525	0.00853832677745161
0.0679201695372808	0.191902781447175
0.0319863246004589	0.0856139250386651
-0.163576171184358	0.324598288750296
0.286952655395644	0.602730489667961
0.0112979614625568	0.0169987606867125
-0.173345365479346	0.524650907294187
-0.24454879142779	0.803627214271349
-0.3179800912276	1.172083527439
0.0997474968800025	0.356927077157938
-0.207082128372981	0.872199017504352
0.0161888366174542	0.0453268871331823
-0.0591266681779346	0.169018502673363
0.147500769345731	0.3583792097657
0.0416536819822954	0.0968426790061989
-0.180871315927905	0.449904525617264
-0.28896494819867	1.04999455237621
0.0030307438403232	0.00714863868988325
-0.0514114995219492	0.0993014893809358
0.171601035935878	0.451085498158402
0.0619557318111851	0.131346973347637
0.10092594750975	0.339109885891969
0.181430747265002	0.710482143321922
0.00311351319666495	0.00661743877793785
0.0994432553793834	0.269305045327762
0.0870452009340648	0.250386978580483
0.0148042682230319	0.037013074309634
-0.0550495111438868	0.165900760646388
-0.129298774657304	0.349301012371502
-0.231344006295671	0.545359590141784
0.239419863488065	0.764919665039944
0.233067992954502	0.761134485305476
-0.252704967462529	0.623200469094597
-0.00351671165448733	0.00746750613358652
0.0161780287715874	0.0369098738439301
-0.0941541031460124	0.318635658988065
0.287080611768139	1.59124072649187
0.0191030358677634	0.0511008931183248
0.189918072460655	0.721170414137608
0.0304902256579427	0.0818548056290915
0.163524211695739	0.60066686717687
0.0320114324114313	0.0862711103238879
0.0137660642762216	0.0358653503391769
-0.150333596788702	0.448227011798338
0.0974100075035891	0.262574578688748
0.124059366314519	0.351085267339191
-0.332412070567484	1.5057735259815
-0.139756745094172	0.394532804527674
0.117219679886214	0.321567325484621
-0.00674450306866423	0.0162630599923419
0.1928883232112	0.727199880039071
0.211520121388601	0.834482547785242
-0.0540761951793698	0.108075912854423
-0.0640910793895955	0.103062854035165
0.13456005743904	0.272118275126871
0.167754742759445	0.516928207337236
-0.252168318592862	0.787453413952732
0.0196499533148175	0.0420219935958191
0.0825052247267	0.270281944596943
-0.142940559929898	0.5102607411761
0.0649819502831472	0.204079347291093
0.118986948897447	0.420699240718998
0.411205658999826	1.71771119278938
-0.418968009867766	1.99683610923458
-0.0383141202880041	0.0799881721499795
0.0319831066678763	0.0705061124550835
0.0169658018669704	0.0408450641898317
-0.342928237447206	1.00203405262868
-0.668452382451751	3.52808809256662
-0.101407161702876	0.269943912395597
0.214119619866117	0.909654889582134
-0.329716838032327	1.68066576063149
-0.111867328331719	0.315298784760954
-0.00660471934330828	0.0147224810702808
-0.231958729757891	0.954191247435165
-0.387822072219485	2.03031244142068
0.0124181323480736	0.0327367487105987
0.0540457322443005	0.125765535963319
-0.472334850268661	1.7201428512244
-0.142321513941411	0.393537773563918
-0.0378941230828408	0.0843059614470853
0.153031977869549	0.357380713279692
-0.192825049634818	0.591658660085774
0.00721292353292658	0.0151401676416658
-0.0178159868034534	0.0476893448749226
0.116244356654852	0.405873920001999
-0.114125206452849	0.364998323442248
-0.033769674838084	0.0892454891057668
-0.131930680096177	0.444719307225423
-0.180143575247394	0.597750570953203
-0.173761953216191	0.641346519107142
0.156557283315097	0.605533387459168
0.147020645013239	0.408404920128422
-0.0863058215962499	0.216549651139211
-0.177260467160034	0.487058707535782
-0.26652206757492	0.938376656634413
0.0135939589967571	0.028811864546217
0.0852984206599284	0.201591636202149
0.0352372322448461	0.0899968808123125
0.141833962000107	0.470802653251943
0.125300289011735	0.376989540289584
-0.206081962041254	0.48149667506193
-0.377673116537544	0.905153602324137
-0.36396109152338	0.934389438680678
-0.277991891193179	0.975547891731408
0.185559545690633	0.573068713000665
0.231340385299565	0.738059099298317
-0.108129437908148	0.358737128322868
-0.0632406492607567	0.185071713504514
-0.137825056392481	0.493706755232582
0.0377003769771484	0.092964452184453
-0.186394849135968	0.458552172207592
-0.315797728132774	1.11877243658575
0.0183714759403363	0.0390260039179295
0.00388070263744714	0.00796283747554366
0.0717378265938709	0.200151806305064
-0.272530592182524	0.940561950013403
0.397762684964638	1.50187970407928
0.0519444813134641	0.141668540939727
0.12624858130363	0.381986978039358
0.0643603228812066	0.165966499000219
-0.0390677643110426	0.0851921329899214
-0.178487224471969	0.60149068954361
0.18724259155952	0.636001399200232
-0.150596599801246	0.524421957928353
-0.184165958226508	0.677471991419566
-0.0978008732882269	0.223395155549047
0.160250455782572	0.415722861298575
-0.114652306353372	0.280900209240723
-0.0388905891793795	0.0827807532805443
-0.252501393186556	0.611206598860121
0.00767818155203837	0.0156815887253596
-0.0927749770141467	0.217745182579309
-0.179298430598168	0.714756827251054
0.14196282586043	0.496738235914573
-0.0692812928141687	0.186603920299449
0.0642781263600264	0.185054366212065
0.272036564655613	1.23543613235849
-0.250211479973701	1.05433214613748
-0.0530064154498876	0.140233220271759
0.150410431683865	0.499374314150257
0.00596724730221791	0.0132543196202094
-0.0929422570664211	0.245900281893708
-0.0333223785515153	0.074856505253258
0.0383407635550404	0.094991488271557
-0.150597138319852	0.424029963942845
-0.141172033012087	0.408169254555294
-0.124349813273996	0.362593623014531
0.0870248333833182	0.25129376928846
0.0920670065915305	0.259389962319582
0.0121152876817485	0.022021964572879
0.377961925741839	0.937047340108345
-0.0828403871358148	0.157695922415687
-0.282134294826062	0.939024998111477
0.0692276201968192	0.180467488848521
0.136140504205618	0.416623377692501
-0.14695724845807	0.498695547379584
0.0714120379550377	0.216409070409358
0.0835235322673727	0.258829879651119
-0.225105252307132	0.836495908677532
0.0530586484811765	0.117298031506664
0.0892736982732333	0.251151298692328
-0.276838840439383	1.00147654241728
-0.13649429727277	0.398069166740027
0.3379026478628	1.59939482136898
0.0928245655783285	0.211417246708074
-0.164382481657709	0.503643301109075
-0.0234251206218111	0.0507244289778846
0.277553556095409	1.24221315095329
0.396661082201271	1.86232924494744
0.0240929893660566	0.0537269827357873
-0.0477993984260202	0.100929105965103
-0.094956595180652	0.264834911222662
-0.0574940061632229	0.140106667026196
-0.167388763762493	0.564442903761778
-0.0807989394004937	0.226654939871905
0.0854031076928546	0.206637194093151
-0.0810198246368953	0.156951035554668
0.062252836043564	0.129344287852225
-0.0649649135846654	0.135111062135479
0.0323073608176344	0.0543338323113575
0.175235326418	0.468650802079423
0.130761958683188	0.356238121454472
-0.0609474474541479	0.18721840859215
0.0322513067163316	0.0873433030844401
0.0650509114429034	0.191883660286101
0.197095591766213	0.782859812226733
0.161174285340957	0.554232030211846
0.0459507728256372	0.122883280275228
-0.101636260481979	0.307865231293172
-0.054904194503899	0.148288299210191
0.248784645108628	0.894247348401155
-0.0256087431212966	0.0536081496743442
-0.00189888807794001	0.00424914860188866
0.166103098747322	0.560227605927029
0.00756534176155396	0.0171502817138064
-0.0589552267233122	0.150203011312539
0.200842619726338	0.671107552435271
-0.0165070009897112	0.0411957069081108
-0.0359929222706447	0.0909439242495874
0.300149369510188	0.955760532826003
0.0323377572971007	0.0532636789384942
0.0481341888138831	0.0830253638080671
0.0868639206083361	0.233211525776716
-0.0886624891146188	0.240483785810103
-0.0674114074825383	0.182663152137057
-0.172485810170869	0.687793066635578
-0.107896761036899	0.355152195643367
-0.00345251385635681	0.00844778822564284
0.0126522885897391	0.0328047000883737
0.0961773843641465	0.246655364880793
-0.105688805966342	0.298779314357835
-0.0894329676320218	0.225026930705753
-0.0798302370404605	0.203746268598023
-0.106347052020571	0.333923056936993
0.145393434767501	0.351943128471814
0.0166127143951562	0.0372785812576385
0.155911858470848	0.454999060693864
-0.263147809761673	1.14826591703541
0.0418036668058149	0.107143153043516
-0.0172846674053128	0.0369612255643252
0.441100288442082	1.86016072863578
0.101994983643952	0.258350861795293
-0.124425614541112	0.34280864752097
0.182086392011208	0.649818344099888
-0.0547835097959894	0.147497767445241
0.196508410005157	0.608483447013675
0.000715005108367422	0.00125830685375081
-0.330871952590788	1.15200823024022
-0.178034009508359	0.492854032322314
-0.0500671394962428	0.0969255215147049
-0.122959410158665	0.32236050792012
-0.282039998018819	0.958487266263156
-0.0577943418183953	0.187560963638942
0.316350009244147	1.8133037130486
0.1302964623208	0.433378502193695
-0.0934115356106014	0.287016001355852
-0.0449384548164074	0.119838619597964
-0.232359662628956	0.910650181418088
0.374149009046315	1.92235586438581
0.176283179006922	0.658193568745799
0.0149133256385599	0.032086426640957
0.0437089190249798	0.0987366844114593
-0.0231566716254001	0.0531684991706655
-0.0285992905903947	0.0721027424552288
0.00978168780052361	0.0219193370158871
-0.133162256943185	0.405677078403176
0.0174854955509347	0.0445499456072714
-0.372072162085077	2.01682871391671
-0.0378995624201258	0.104564704751917
0.0876393840522282	0.191513184015515
-0.0878533159869156	0.158907130053527
0.117726927163282	0.261561276440132
0.138649735994095	0.410439192030619
-0.163901702379046	0.524462924643919
-0.154393338746526	0.517494418941251
0.0907343465674253	0.317894510357975
0.0891423387571113	0.280789763241405
-0.0605132303581323	0.186488631747544
-0.159846169221894	0.617739725673609
0.0142549553042191	0.0305007913866166
0.137855300360158	0.447921704128016
-0.00962313393087868	0.0201179496923042
-0.302213709754171	1.2499203814361
-0.161887459356922	0.617660009111765
-0.382244227447048	1.26923752517753
-0.147307030170923	0.442739718447071
-0.1503428721365	0.418515434668109
0.107474060301875	0.358383173735327
-0.113757622834802	0.371693835913239
-0.0259258592489407	0.061049811405042
0.101845812570574	0.246903423424473
0.144479069077023	0.407319589678952
0.0203884483282584	0.0482732059851751
-0.168660277002934	0.615698442637332
-0.196348934201245	0.772692813767781
-0.0888516354683073	0.230755294782596
-0.0837578749033078	0.186660833067129
-0.109687268500811	0.280623869506466
-0.0740498002260371	0.183845161880751
0.105305207066897	0.203995118314679
0.0637275161535828	0.163531929546897
-0.125066143868366	0.363840326833125
0.127792162203672	0.476229831025376
-0.137630395429147	0.470565990466811
0.0462928520305637	0.119519825182145
0.24744875015953	0.955843009204404
0.100080974129286	0.294286472838726
0.0405574209248476	0.106722982821554
0.243525586199176	1.00034919538493
-0.0938092621860426	0.250982141625003
0.0529465039451717	0.140584221201384
0.0427651835695266	0.115924839703942
0.142516698281954	0.515849002733032
0.456971934725947	2.64932148623613
0.285382280051296	0.996996588109711
-0.0218189173771506	0.0495422393773709
-0.238719416728987	1.06120135903462
-0.104033775677642	0.317387777458327
0.0100113589496279	0.0251785645176949
0.0904639750190832	0.262347780508465
-0.0440088144346264	0.107047209727327
-0.0461878821083272	0.109897239637488
-0.202266236895229	0.827497278366878
0.0657855252231232	0.187054251260078
-0.223749309250096	0.917302729213126
-0.15882641009571	0.582042371924389
0.085216762052891	0.248924299040041
0.143704150405994	0.506189636370449
0.350214842126135	1.25685561379106
-0.227351460240208	0.798112122075057
-0.30567356353207	1.50728865489058
0.158849153261632	0.521822675260799
-0.0208517500767278	0.044491503179577
-0.131114552810135	0.363123104790485
0.0991497168331098	0.24277924835219
0.00665118652175126	0.0135548777280087
0.259449258454312	0.994976883210075
-0.0908665858000332	0.281331305496888
-0.105218363334978	0.329245284973872
-0.19970563316567	0.722228317505823
-0.176300609625403	0.530751920372598
0.24184348769774	0.723370785895253
-0.115139375135921	0.288843259985234
-0.0498863197059487	0.122217714843755
-0.120063641983337	0.343591616076493
-0.219072410219991	0.734585630667418
0.0325459815629956	0.064337491566663
0.0548827154955447	0.1177689832945
0.113473158997947	0.324185216356219
0.149046281971838	0.439915336370347
0.141074560253445	0.366177659163601
0.186887328551376	0.57848590662014
0.318852966368575	1.23783128395224
-0.0628450068369463	0.140109497042867
0.0264639985005773	0.0527410715960421
-0.0912350781043666	0.22944273654115
0.161073193187505	0.456098147908212
0.121851398568621	0.325059411840086
0.305204470593655	1.11427911574589
-0.0422794263826515	0.0958684420152749
-0.00108551621966924	0.00224488453810949
-0.0538517425650103	0.133329116356391
-0.0121109390861655	0.0280459628116206
-0.0537536206757569	0.161444896248939
0.15006119007452	0.591230134567264
-0.1188355754406	0.41465262501133
0.388578445902995	2.18250963349686
0.18638308555753	0.701336981116155
0.0173020357079294	0.0400027472602991
-0.102617088579711	0.242250339003338
-0.128563225764521	0.27905998480583
0.0784085805708565	0.146743016151228
-0.121360936083076	0.317125356858728
0.136332572100306	0.457939346026684
0.189825922353104	0.718616528408782
0.273344277256059	1.30233599936449
0.293390082211079	1.30837262235776
-0.014186712804076	0.0326039172838567
0.170219931377773	0.413245830194438
-0.114676872927182	0.30446917571926
-0.0467838353932169	0.132922519533634
0.226303521898889	1.01792499765334
0.274976881944518	1.37041721141528
0.137815584114318	0.520810415969115
0.0298016336459299	0.0822011498871234
-0.225057696901151	0.995525510115261
0.145299849259081	0.530417718167377
0.145849406175221	0.490049981163355
-0.250763286409864	0.903625858338517
0.443662151142931	1.7965327548044
0.0760481349376272	0.159319934463639
-0.257434596818553	0.929639253474077
-0.0720995464828394	0.220934902626157
-0.184336147617893	0.698386356415171
0.219643122459574	0.914149677147165
0.0254436288118339	0.0611767937814026
0.227437752941703	0.709753500501974
-0.285057185511515	0.939826994271749
0.283682446416727	0.861902581159329
-0.194050913704227	0.827121281345439
-0.218996449815113	1.02486466194995
0.223372357144833	1.07040172622405
-0.209215336716744	0.648516862721104
-0.094491788922787	0.255531380063377
-0.0408342862551683	0.0878044726907235
0.290578599804332	0.619088178835373
0.0192121052926991	0.0245007936363913
0.556491275592578	1.19778310972716
0.0590318802886509	0.0976234831346157
-0.257696209708294	1.02614988281393
0.0201064446213017	0.0423359520704721
-0.161939217400233	0.522824249445134
-0.244325652595753	0.877939139281469
0.521886126911919	2.23007113706533
-0.00840004779444991	0.0112895048858779
0.0853952348476522	0.205758511963832
0.0383356097865192	0.0926790923375216
0.2101446436082	0.992115319061194
0.100674960983212	0.37275072464098
-0.100449753889562	0.385049157637486
0.0268293117204889	0.0840296905836546
0.104183467252603	0.390402263000939
-0.0474054510343588	0.142787278646332
0.00777818294461392	0.0169814967658935
-0.191805979015311	0.429620225315934
-0.00344823713101082	0.00916946039646369
0.088083971694643	0.288613897680626
0.060099096264901	0.180139329306907
0.0283907202746337	0.0634016100143048
-0.130797253873609	0.486454129467974
-0.139156953908158	0.53402023513293
-0.215796528879367	0.953214846713982
-0.0789786146527982	0.190884863991286
-0.0803847638980671	0.200766539879209
0.193895023635878	0.567681388416961
-0.0760032821395841	0.113195304709973
0.10076191279364	0.151987134033301
0.153235164342026	0.21843994832658
0.439607667432069	1.15479121769232
-0.0805260771252346	0.217412066982632
0.315558403102745	1.17481184148602
-0.247021058515908	0.938735314700715
-0.0768917222839913	0.180569924190699
-0.0979983549754663	0.221280767715069
-0.203220163257664	0.375380492734313
0.0846585221463755	0.203682786192609
0.347438923061456	1.44629952358823
0.00152822299854597	0.0040205558508428
-0.0088385684346701	0.0239165451643194
0.0424937027318994	0.12968091448071
-0.2501585595978	1.28636186078973
-0.0354815537602567	0.102427747634517
-0.260627378744766	1.22549588089212
0.12819982125386	0.368969299588697
-0.130254864829219	0.273536124269656
0.134224587776206	0.487214903893159
-0.205990600333237	0.823032187930749
-0.012066046803756	0.0301383341161883
-0.0577042551767331	0.143565250782238
-0.0631455374518459	0.178996827080313
0.241814766379945	1.07359045090447
-0.0618452306795827	0.183636471483217
-0.120869167760932	0.358726593290112
0.199981459596075	0.694051752896038
0.313897994535195	1.26808985170107
0.0509920163919565	0.0820312437542231
-0.125077580714664	0.210637494390593
0.0154714494484526	0.0217472440434945
-0.1982848893616	0.468617473302119
0.166948896627576	0.552905626100035
-0.0102049693935548	0.0214786027655276
-0.175227762361521	0.626065626074618
0.113636166038428	0.327250568556775
-0.320940736293185	1.18944040855157
-0.449466963195266	1.0900062027725
-0.158786358231685	0.432776423103893
0.0101267614365186	0.0234751772075013
-0.030173786212608	0.0812369548343519
-0.0571019512077802	0.169975734076343
0.0152328249376584	0.0417844318794487
-0.0794253856083039	0.24777526041663
-0.0212841989066614	0.0578823392041949
0.0342409079401985	0.0929585024347441
0.179188986847856	0.591462989249068
-0.312057175242068	0.850341233941888
0.186856319592951	0.529381817251021
-0.194064789002401	0.764425020261006
-0.122061179178179	0.381327579646457
-0.103978148430217	0.312749525008117
-0.262920950349203	0.87346031928506
-0.0602106866672867	0.145812867572892
0.0477021196252125	0.11143215137761
-0.360667035354462	1.49799512763141
0.145449949255245	0.507133450619113
0.0909850928910184	0.27095075461669
0.081372958164234	0.230541056079129
0.0272822194962727	0.0681527068853144
0.247545969891444	1.0523020475546
-0.163893233033277	0.595485208831373
-0.0765964952054697	0.16054285307176
0.0808533232689866	0.164095751690829
0.297325292596075	0.767134845858581
-0.194523148031568	0.577991541078142
0.185997860996763	0.687894522204489
-0.0839246971559968	0.242244926127626
-0.177138487296663	0.652951392431037
-0.154269125032493	0.525001271979044
-0.0499087539921523	0.120835035871066
-0.00575411565036897	0.0100807457173128
0.153497627099017	0.416152441620486
-0.149022882573804	0.533781881092023
0.231064432198218	0.970164680675273
-0.179341485575422	0.654998643865127
-0.250182743230905	0.995693473111635
0.0945909987028209	0.288334597368545
-0.0815265362138625	0.233002747180673
0.00818899627837791	0.0205007963189558
0.201951234082034	0.756379886575626
-0.350516857396185	1.29224460476708
0.0317796787370169	0.0614838414440081
-0.0212274744952001	0.0458988717787913
-0.0718481959288289	0.197608088441147
0.170978872614569	0.547129231556667
0.124408009253234	0.339489513670036
-0.17165118986479	0.525803406801519
-0.0776559933327941	0.196161183463061
-0.213464629910291	0.731759055862604
0.170377561879528	0.536806353743935
0.0396974330237023	0.0962781689712104
-0.15382507059972	0.510949074237512
-0.237316836776815	0.899996242055291
0.176369674064257	0.551511412922172
0.129648659597644	0.405521849699781
0.112807616102831	0.334658763513347
0.0579631967216014	0.160876597128457
-0.0867986992553157	0.258949881273714
-0.0897259110870642	0.212653207486465
0.138950633442297	0.344515315049343
-0.395509360417504	1.45275718421577
-0.304930678887773	1.08211263502529
0.0192382524568332	0.0477731068414291
0.193232659154236	0.709516892689308
0.213765687525546	0.86895642636239
0.0585854517974879	0.15814566136109
-0.0526079075065217	0.134336576662186
-0.27984831438063	0.7432293171298
-0.0702890574375463	0.159462181040617
0.0822366909007849	0.251676548519144
-0.0612279315031844	0.165515791749317
-0.0837274230999815	0.237422783480641
-0.115698447268301	0.333639889148579
-0.0453246041885026	0.115097454575918
-0.0460647105690979	0.111295021106778
0.128084598783886	0.396394918149471
0.0106690507265066	0.0249949445504409
0.219730951201933	0.796529580637243
0.336994707936922	1.16045799409201
-0.175585219748509	0.465735227950738
-0.375876209245921	1.66975520799064
-0.233627075571029	0.746888928738589
0.190714404485022	0.54971149627054
-0.0102790192849422	0.0198848951122551
-0.0744427369494221	0.17824701163355
0.035935171249547	0.072940336198168
-0.196413421889228	0.585716460100388
-0.0672091004905961	0.171307984998703
0.174106155404797	0.60039619879066
0.149099881101181	0.46402252578015
-0.180034077980951	0.643725230846982
0.212913475890477	0.874816278700531
-0.0671867352327699	0.170609513163661
0.0137547728933493	0.0302121182943591
0.00499917156154721	0.012184513699211
0.0986128192238968	0.317568285779105
-0.0938185787439033	0.286060497309479
-0.176330902634818	0.571610884577624
-0.00320616412683901	0.00613892743142401
-0.153693064134263	0.407093236951775
-0.149927929085216	0.474992045140022
0.0470073356728098	0.124866541703249
-0.012071452703224	0.0302059564413893
-0.119696955219949	0.384852327095384
-0.0384953735057688	0.0991549259254319
-0.271033157638417	1.22661016003668
0.0067745166967471	0.0116057788210738
0.189413556817161	0.651265883613986
-0.0795695491010352	0.249462094103449
0.185798925459038	0.629265271449836
-0.143880646322071	0.453668547510845
0.0954457722772169	0.282565187725837
-0.142896188369587	0.431472599247165
0.376681097623121	1.67169802632728
-0.394432130378973	1.77614099986758
0.204566578447723	0.807387968883126
0.134843794925918	0.429465136425395
0.118023835950902	0.338729747544408
-0.0864141179748326	0.190378915799743
-0.714430836166988	3.28364794738698
0.0805947351720212	0.197792069879217
-0.12368251241039	0.347107921528121
-0.361097676482388	1.55264775652978
0.382958318238194	1.54392014201256
-0.0829203839577035	0.19257950815197
0.0110749156470236	0.023813765124176
0.0752938210196993	0.177928308839464
0.346460827763985	1.55344532663297
0.220859281136663	0.751954394772432
0.156447128533601	0.495491633414062
-0.0196355567273005	0.0512710758639867
-0.0454564227451047	0.128924863059796
-0.0848457665248843	0.270336964198297
-0.183290313932378	0.591353358217616
0.308141796044014	0.97252320195913
0.177066664909107	0.514676607768714
0.0334624564931439	0.0909104863165367
0.00521707525935737	0.0131506086844714
-0.0688602798550229	0.19294027626992
0.0432281396306834	0.12307602903999
0.0955160366174813	0.263067528408962
0.189148521718726	0.721976060899019
0.223013707697027	0.98403032919941
0.123883513277988	0.351884532482287
0.0240937333271267	0.0616834639264378
-0.157580837529149	0.542490021147433
-0.153766447214926	0.49798374354135
-0.0558870215858446	0.165428223606961
-0.14804290018274	0.350291916275417
0.0320545826425844	0.0706725981406614
0.132509618678485	0.471142308704864
-0.273684385872818	0.91559719106561
0.299713266185654	0.941980349014684
-0.113802112122992	0.241437216618502
-0.390775216753036	1.35144050358238
0.276122651145955	0.788265328484263
0.0649658233357811	0.147039537851176
-0.0808785462264609	0.240436020569051
-0.0941581826312759	0.304194074864133
-0.0402134566261456	0.10307621058119
-0.105782739137386	0.244139779936486
0.221777051092256	0.606967310183036
-0.166630091330151	0.452910775540036
0.0110198857373058	0.02179794613184
0.0272297917138125	0.0599115592075999
-0.027668898034855	0.0695879643179469
-0.142905253730718	0.435619059216814
-0.0180299334450437	0.0343858399914049
-0.17990725612585	0.421133371097168
-0.136238004261646	0.28711968429807
-0.318595444212022	1.14258189690975
0.341389975766544	1.39657706310914
0.0458263912632159	0.0970841416303547
0.0869694782311092	0.230671511554219
0.111347840234209	0.292568547054465
0.0652912710135629	0.168734099253702
-0.0876116396266363	0.217382423040245
-0.00452470311292878	0.010930811759085
0.206959363762065	0.840728436686339
0.205422849874208	0.720648838663927
0.352813605131189	1.30929129676742
-0.0351574560791496	0.080025025422942
-0.342491463930658	1.60801809156647
-0.219025541150422	0.928540157723149
-0.156387884233388	0.535097127619475
0.172857656560315	0.595320853670278
-0.208414464793404	0.617713000984601
-0.159833615748433	0.441669544715952
0.229393871809256	0.905479145543487
-0.170171351958108	0.564928635188024
0.143705265623064	0.504958967710189
0.0567117876814296	0.165377136297615
0.0129835623456282	0.031221895298524
0.143723437207359	0.510546168735516
0.299517592199853	0.880575007639335
0.0094407258721931	0.02068950110207
0.274537306353983	1.38702952071698
-0.0228488909686569	0.0535620340356325
0.00272377486960459	0.00561809265407404
0.126986268120467	0.332065148611667
-0.156877910225176	0.42589215036195
-0.0102998582613999	0.0212314159548472
-0.0863168757480604	0.221747868418224
0.0934445315130695	0.297329042205894
-0.217197576262455	0.8339255806171
0.169911819382121	0.515709647855855
0.0877401369199182	0.208363159643091
-0.145104285211444	0.381927948954639
0.159486367506721	0.447990328592186
0.0130538043342609	0.023394434946151
0.042832217343599	0.0781583414718368
0.159874924901603	0.386590832090097
0.164533861059147	0.489494039874128
0.0221406593819437	0.0477956521636586
0.136732410961871	0.392723595857972
0.138187983178533	0.379710177696913
0.199307123765391	0.626281750490738
-0.00711033760032524	0.0158684879179103
0.0643176724579235	0.160157085455344
-0.00949980930377418	0.0247921678017882
0.119065890910069	0.401924420425842
0.283393494702513	1.37742663898296
-0.125227685272087	0.395778619907548
-0.0308285659152514	0.0795519508663227
-0.176969676745038	0.591321831075104
-0.0879279501560682	0.191047141940788
-0.251650089619468	0.579096702941569
0.17512582236009	0.369081806035015
0.166386719462283	0.453618082443648
0.051202018793816	0.140532895878434
-0.153746006710059	0.526469056715233
0.092009051622593	0.293207405198261
-0.109072382618178	0.328795544999939
0.267891720094603	1.09727260337127
-0.178201521395944	0.389611522845716
-0.075808950933197	0.194968841698198
0.212945146587311	0.936556797803262
-0.219375982971945	0.865807455388998
-0.123447598460529	0.426227850788299
0.0418073409431762	0.118348425808129
0.263138308667144	1.25514394327582
-0.354791123821812	1.91172482540204
0.117367453398946	0.384035549090043
-0.228266025080789	0.909647750662221
-0.223385551266984	0.725817543007535
-0.0537467360659501	0.109110827464148
0.0155837173029875	0.0271321052549913
0.210765359314322	0.598988825476339
0.393305387171907	1.99296253879335
0.12681823860542	0.365409579449189
0.14039071211429	0.420615147145407
0.166718873750927	0.528896854028155
0.36642062366014	2.21507522545319
0.19778182255116	0.864860485075674
-0.0125783119976116	0.0334400048440145
-0.00283479971826582	0.00668014098733331
0.0850277541157611	0.249878452812392
0.166515823599491	0.511849341781096
-0.0293671468409923	0.0503223401928935
-0.167367721100443	0.298939045823569
-0.0289322927243062	0.0402649336861194
0.0316707745027144	0.0577047029721038
-0.0619123047421918	0.169253694918288
0.108701309521698	0.331211927507139
0.0704165170314802	0.21049214082378
-0.31602338313871	1.37379148216522
-0.176062259532806	0.57613554472273
0.178384104906809	0.36251558321213
0.157332122303367	0.471520777299426
-0.0773233013057242	0.232822365097463
0.0106324858671143	0.0297203438792353
0.211773061154961	0.991492430015307
0.0442157693236793	0.137115579404351
0.0871212538225934	0.304962541136977
-0.0948421729344397	0.335257000214665
-0.107404458828987	0.384185003096919
-0.107499118335067	0.321535322232102
-0.0976971614792389	0.301795948968101
0.189327252159099	0.721149209264155
-0.109059482121803	0.341531094452418
-0.0983371438934304	0.273994879837953
0.00318544750130229	0.00680433059680524
-0.0990041577562896	0.27184029203026
0.0602144033408599	0.152198372444778
-0.0639887816873696	0.168908215152808
0.182043034997644	0.62244471841661
-0.248306376837964	1.01974057034484
0.0523372939485766	0.142522836963061
0.0124590296434741	0.0289488674264051
0.00134437118785386	0.00301159723144677
0.390097829489712	1.70821072554157
0.372752679468352	1.35769284443572
0.116341630678979	0.270073245096472
-0.0222565458549297	0.0494287257517533
-0.367644422003858	1.48275494883345
-0.329810402198702	1.29453408682371
-0.0714452104941741	0.207759031017701
0.0852818657626307	0.224514015827512
-0.156009279901125	0.490310393126268
-0.117366110678437	0.244070115221464
-0.190753895069926	0.531797031782381
-0.0543131726782113	0.15435942766258
-0.0905965347326424	0.246833178406643
0.0761703150356946	0.196005936968424
-0.00191996536288214	0.004372880288556
0.0978903873163431	0.284584397254424
-0.13528398663748	0.426307472887757
0.051825418493556	0.136840434597264
0.0777377220802565	0.222636142360986
-0.050339478713926	0.115952748979161
-0.132706675138864	0.405465151618634
-0.0142078176339474	0.0310042135875637
-0.0679272109532722	0.185606061236445
0.150182943823772	0.505598521741292
-0.0874742469408115	0.238267592588372
0.122521232622714	0.357685778600709
-0.0167291263670955	0.0402429735551398
0.106111331678709	0.313933434876125
-0.027201624920357	0.064259540866191
0.0687108815517542	0.169085632513681
0.0741741075770906	0.157444124532483
-0.107610602732518	0.265436633004981
0.321620938669769	1.27409119744553
-0.053711645941352	0.12633264381996
-0.0374721537049416	0.0934640627142666
0.134211428794391	0.447369262030203
0.120590926223805	0.380604193901056
0.249280606514793	1.04454245546858
-0.0334975421587645	0.0629827128709318
0.14438811811762	0.407051754421909
0.225085319596977	0.940740119477543
0.0868450274650678	0.248899438415694
-0.239755337573108	0.883049696068182
-0.202645813332165	0.660693457730499
0.145862586748731	0.414195829510979
-0.106462033306909	0.298767569159439
-0.0859010637578085	0.241600244354353
-0.0149753111571253	0.0359590836793115
0.0678133536751006	0.168683928635829
-0.322179859031326	1.27124660036632
0.0795897351396855	0.201894824372854
-0.209287552261709	0.656882693180608
0.182495916123566	0.634985862671653
-0.206386569224106	0.655202403923588
0.0831510108397896	0.230116746415633
-0.315365582379129	1.31562069483552
-0.108461075509542	0.319087515246193
0.0420575559675048	0.105791167416212
-0.0631676261346999	0.147941440503009
0.369688360685408	1.16549360917956
0.201958960767732	0.50689059302833
0.0518620132183347	0.115453753037462
0.0818293550612415	0.212935867876105
0.0973103109521293	0.274299957903081
-0.066668946673256	0.181608636206521
-0.0861451914284971	0.254304538479273
-0.0311364391118079	0.0799463335169065
-0.0680066137029371	0.130926788603837
0.0720409324893022	0.180665380101351
0.0852904110929799	0.257280319316913
0.0131109947247266	0.0299099861915264
0.0633413994703382	0.16481838731418
-0.035756056157913	0.0723931480049614
0.418188154171118	2.01772410514857
-0.242866023841697	0.861148372025246
-0.0144427385980184	0.0350142431689681
-0.0588119692315399	0.154747302322205
-0.163648782178642	0.494456122665186
-0.0215439570883141	0.0473543803055053
0.165453586684415	0.462465546224047
0.182322280069359	0.648771657565532
0.109977495272016	0.338090072655684
-0.0581610136674753	0.157957046355099
0.133357557282789	0.395835933471268
0.259827102023729	1.02905929368732
0.216575850813036	0.742933012844729
-0.0966868636715803	0.205071191368973
0.302920120502783	0.812617337432365
0.0926101768201424	0.160693785520009
-0.0514990438531861	0.104084090862728
0.216668793838218	0.774325899973463
0.137614659588538	0.404932575218133
0.401961905831003	2.19806467896113
0.165351717895227	0.577527458173179
0.117213565927866	0.314394216999736
-0.256797630678201	0.602105091907246
0.3316510558247	1.19804212488596
-0.0950487361927037	0.300013891888553
0.171300543432987	0.625593502079988
-0.0509620699865128	0.14010659899145
0.0989054948558514	0.294011743851202
-0.0684250545453295	0.189760568786641
0.103000588716544	0.326285943571246
0.0626709818095304	0.180670922521588
0.14390560456538	0.470120661178617
0.219490376633752	0.962295108269045
0.177889202969379	0.664512482677616
0.224615663545879	0.876388020338565
-0.146974214364501	0.491570739763976
0.189407868723563	0.634570114758155
0.239082771685343	0.830279341703981
0.11984126680055	0.391976622707073
0.0339100521574793	0.0860610045681577
-0.110080378711232	0.323908178424586
0.0874404842303278	0.238766900979973
-0.0300810420095612	0.0675511701932952
-0.173571378634122	0.525520563319669
-0.194269554400035	0.690349470748971
-0.0409571489969476	0.101688201123613
-0.223237716278152	0.875604641288211
-0.040082951505509	0.108094485684762
0.176391097385957	0.665043895235342
-0.254608504772606	1.06950507674224
0.0602104810561484	0.121350844642576
0.235407667962601	0.895650504668393
-0.0843133738808477	0.26143490433689
0.2502932941132	0.941626354312739
-0.0884746037850581	0.230541235384257
0.0239109224361052	0.0511740299317622
-0.0472903517939053	0.107626947698158
-0.173703392323941	0.491287794512135
0.0166884031392512	0.0370368710932641
0.161574690405563	0.557826701871369
0.0805324083273802	0.22994434931104
0.116495199108131	0.285517633541948
0.0561677981019778	0.118449150804848
-0.116602752108942	0.301241687581508
-0.177219985954893	0.501968799780106
-0.148323479433796	0.476524376464241
0.0428164935326176	0.0998054885231341
-0.132323108689392	0.398834042616592
-0.325162894820095	1.40694478059545
0.14448064609447	0.470895774787373
0.0938663633293509	0.276883235776828
0.0535740574950561	0.14246602003004
-0.0386899339789665	0.105763571297939
0.211336955267434	0.937847463786005
-0.0618794823625589	0.185943448546118
-0.00514763996509823	0.0111930949699139
-0.0365995196105345	0.0775438985984506
0.248204043915615	0.843251008906413
0.157811973070439	0.609237463381216
-0.0827273092888916	0.254594678148259
-0.138039332602093	0.473994104482843
-0.056032915250284	0.165636193927075
-0.00104325396570354	0.00252566177143046
0.0752829381339152	0.229296744770249
0.0296946450475069	0.0829726159876091
0.0797357554154929	0.218938568029388
0.049360058161196	0.142188318389368
-0.0916048322078417	0.289440099242198
0.0346074224916704	0.09799661248298
0.250161436116149	1.2386133578768
-0.036789907648163	0.0798291799550693
-0.0480113563154561	0.117091230665529
0.26996281959297	1.33347294069294
-0.0636369824177766	0.143603628758683
0.338305704530907	1.21019085182984
-0.0958229002687162	0.215444455078655
-0.00374878034032515	0.00687843931384365
-0.0416527252111983	0.0787879005380705
0.291865139177968	1.10809619617557
-0.000883271506090103	0.00217480398178701
0.00314871190844936	0.00787689793599789
-0.0808082673532576	0.24491417402623
-0.0798258460645212	0.183036010202858
0.191007601774906	0.493406046864037
0.265289065116149	0.959109321686359
0.0941985120566722	0.225236555884049
-0.132823147592231	0.363611855490428
0.101610180661087	0.314655303597188
0.126478450026804	0.378219445915732
-0.063182167799878	0.158770458988208
-0.0922958784364329	0.246101195580291
0.0568555909026598	0.13416880047213
-0.0220828448556167	0.0518252726004907
-0.167645395454341	0.506339764131767
-0.10461159179799	0.29853692909693
-0.134664586628028	0.418795346763484
0.0733473343351481	0.203458634770185
0.0925341915777152	0.267728192727731
0.241631140195495	0.948442977853163
-0.140577202351752	0.466356049339736
-0.0131902872760842	0.0323137121756312
-0.114340930827561	0.354216261064757
0.0828579882910422	0.2552243511794
0.125702280674181	0.43905923484206
0.102245431887969	0.315111884729681
0.143284793166724	0.507309763756314
0.0403476575495705	0.116849738630733
0.0975724567859048	0.330610861535745
-0.0124924684770643	0.0326093813443974
-0.165612850167094	0.574735817594104
0.0320210201218496	0.0714835889608582
0.342523828881429	1.51830321825591
0.042080555991453	0.113241336667909
0.239600393202584	1.15172824907447
0.244321904807106	1.1826844162809
-0.0614301952456833	0.187452755132265
0.0728421006610024	0.226978264491236
-0.0426199057096614	0.0858036352008054
-0.0354555919718666	0.0923794156625365
0.065080777532084	0.209772364578801
0.210753485481434	0.877766324247986
0.0953143082323167	0.295850680090045
0.315504520867617	1.54252639003625
-0.121290348778656	0.389119455862795
0.0150554812324283	0.0362852496470955
0.159228573736614	0.609199530701457
0.0477297608206185	0.13747278639523
-0.0908070001185768	0.289314889009971
-0.0234693274385411	0.054525344957511
-0.0900062994738203	0.212435448988788
-0.0350253994250819	0.0729207191523082
0.0931970058585387	0.239807845039123
-0.0163287962916362	0.0368227227145713
-0.0453270416305585	0.113046198388744
0.365131717559045	1.63097712112037
-0.387386160705663	1.67620854814343
0.147960276397879	0.476438826858377
-0.0288081788482045	0.0658386809936874
0.269083068643907	0.957873146828129
0.0760714664662605	0.194642541334382
0.146684238319315	0.442688960822284
0.146214772203326	0.463864817117742
0.132033047794271	0.439492664193999
-0.103245492784562	0.296301198952213
0.0273882606575942	0.0667570200967831
-0.0494859430327068	0.129972269715645
0.158304548059766	0.570103221327583
-0.115333198913371	0.342259561417351
-0.190428925792786	0.685935144124283
-0.369290008848824	1.84203521703896
-0.0282356729784365	0.0748857449372484
0.190161326358421	0.758528978577862
0.155903046287665	0.576222551186594
0.112156332484592	0.409142249855441
0.0893377844605581	0.305348562655905
0.0994169447110587	0.326245196887895
-0.00317587638257275	0.00739080495116876
-0.0766929965077971	0.199389356798787
0.0808288855236027	0.223160851747982
-0.1762164382565	0.614229405772704
-0.0361617208700089	0.101886123368761
0.093189857522829	0.309206026880009
-0.0285356183019657	0.0777678067755639
-0.036867845606772	0.110131785885184
0.137345004522402	0.311043957286104
0.125983074688776	0.38959169081801
0.0899221502983408	0.301791904740662
0.0469513843237007	0.133246084273628
0.0694562266320362	0.207081752239638
0.217384994174437	0.911392502082171
-0.0473188851414732	0.124708798378663
-0.0772596871658162	0.228137575564115
0.169416063628828	0.696880986854454
0.0688969034992546	0.212974018093277
-0.317879125421159	1.40048019508791
-0.0866651997024778	0.217662149268531
-0.220332950988748	0.681717724845943
0.0011007867525993	0.00222548498096463
-0.0160154711998451	0.0331793994921432
0.00129903806289992	0.00264510103841228
-0.170598837077518	0.571974505711407
-0.0865478625385611	0.225418714712279
0.0314256697766963	0.0750503979052093
0.0685725782748138	0.186327844266907
0.0265667415102091	0.0581393159384606
0.146927484752507	0.410029607284255
-0.030864420955091	0.0723030557406265
-0.292321960546847	1.08202360538971
-0.220543593659814	0.784004205849387
0.15795823104081	0.520473080036527
-0.0192352694310138	0.0457247960423732
-0.104295471657814	0.318382378425226
0.058593311808239	0.166768028878281
0.216819393799466	0.889533891660929
-0.137734699151621	0.461836413623365
0.0390628663414019	0.105091176055041
0.297156712457215	1.57661798849488
0.21560040670719	0.939913713888316
-0.203360680279576	0.833877726604236
0.0366286448252028	0.103304838559362
0.103275197884462	0.364973235980114
0.163390217906064	0.66766515005758
0.0771459757825254	0.209168030296087
0.0846400643329467	0.190979559636191
0.0621009799189498	0.134398154425062
0.131052761740209	0.415361816458831
0.155764214895771	0.631559810568256
-0.093939152821576	0.319517327537667
-0.140585812377199	0.534711997585016
-0.0444216037471021	0.133497133662145
0.0653820866122988	0.156387489792772
0.0947521888746488	0.280098665470121
0.18166161968546	0.797723210255988
-0.017013982069738	0.0468220799330353
0.0151306339537014	0.040182677530117
0.112385197094553	0.374564851973827
-0.194742808195831	0.84121806712011
0.11692585049294	0.406188345609745
-0.0229626959363627	0.060945436997854
-0.167348048124191	0.667289055955777
0.117102579502652	0.368194505026945
0.264671265544331	0.862544119575603
-0.0866435105314159	0.198667785500454
0.162088597422108	0.514460466727511
0.235772440657264	0.9588142146058
0.224581445765088	0.824785080919634
-0.0995067047813178	0.273520930735159
-0.0679872887095731	0.185796646556071
-0.204712976136375	0.647774528541445
-0.0926827070165728	0.202191962431629
-0.062473705658077	0.149496828575864
0.0630310522631207	0.139382968244799
-0.15517819312458	0.427060345796789
-0.12831041545677	0.338511975798411
0.133567155284617	0.353201280908712
0.00548678048158355	0.0119525051089487
0.08210084337347	0.211001274579811
-0.108606639346421	0.291382176521823
-0.137502777029665	0.378336165851455
-0.0014286598896485	0.00309624797160248
0.0234618567361101	0.063861770364617
0.0531491874299213	0.155880657223544
-0.0240647575028542	0.0612152003133224
0.1978358508324	0.551211143554771
0.324557577945738	0.834651007046967
-0.0576339002403279	0.0923638096842228
0.140388888348265	0.362356640038216
-0.215192492000894	0.979864863872756
-0.191869689409	0.773342987816853
-0.109541642408334	0.380080235491976
-0.15656621216498	0.545663695807395
0.130675898716932	0.296486695519221
0.0571198115777504	0.150698649122417
-0.00154826529637629	0.00398372971424488
0.219247912932116	0.958367255266355
0.0702349743602128	0.16515119030025
0.0149162107489624	0.0397920537660948
0.341214573656627	1.82240308793888
0.0440695436191034	0.123613957791504
-0.0609137453664017	0.161776968044739
0.0654052651840822	0.133712526867075
-0.0647309833944519	0.122191929788601
-0.0905267561174161	0.244430879999679
0.098126172361516	0.232819300516686
-0.311292260828585	1.1486275223168
-0.103375799546931	0.260653927718253
0.33179724414012	1.34680511104188
0.267150366753461	1.04597232820399
0.000398656261226341	0.000849469660716705
0.185950906650099	0.591358001044218
-0.201760332763936	0.648035192827906
-0.113230064087596	0.298018017022882
0.0919094357686683	0.312321769137443
-0.148568251619456	0.572950509586437
-0.0566187464250403	0.165088930189239
-0.131948947207834	0.300332228832229
-0.237249254557307	0.580490209560741
-0.0176318003968645	0.0265187283936924
0.578532726904643	2.72802241892953
-0.212341865485639	0.935748476176933
0.00763388260462886	0.0205485934773994
-0.00964691932865442	0.0249572737907962
0.0348296633460042	0.065639559907714
0.136362104969861	0.45228530255186
-0.0325936406465576	0.0958292946994126
-0.07762947204615	0.243710626924138
0.189398019287038	0.521056903395878
0.094201591621988	0.331991782785125
0.148575790848357	0.599940008331479
-0.0873654047926384	0.301354734532181
0.155597518976956	0.580620468702284
-0.152182991414077	0.38711315758122
0.0029521907629604	0.00503016759267942
-0.499906031847525	2.87873788659165
0.201049399215063	0.611577954730232
0.067855561215336	0.161627144029484
-0.0751354927915984	0.186987554612357
-0.0852497318680222	0.22140905660274
0.123300739422242	0.37649464360828
0.00799471211936018	0.0184381436623154
-0.21749570099665	0.735082460901557
-0.277478038651589	1.12870872598625
0.0639382695381056	0.154481938352135
0.0165756764877915	0.0451319691480425
0.0256459339961543	0.0699515718995775
0.284749576731131	1.47832274583764
-0.0118902863030586	0.0201690763851125
-0.095555054009362	0.199616993486087
-0.264446634899797	0.576645409668356
0.173559611482092	0.441744525238918
0.0102675994642669	0.0270966043787084
0.187348153163783	0.825376539976485
-0.252511393643728	1.06477007301559
-0.0545145484552679	0.110813895492743
0.0598223686478791	0.164389403137706
0.225149378055388	1.06716678226247
0.111859503449651	0.402201258174043
-0.146803142532784	0.387681649890988
-0.17186330158248	0.771099360533936
0.220739635395723	1.09543794264162
0.164284909572219	0.719761348924872
-0.0167416889724577	0.0437128223981101
0.17786104176529	0.463984743236789
-0.241227204181749	0.610276934167913
0.141822506984848	0.478399990273213
0.273140299127262	1.09987303236938
-0.0836336599361992	0.232950552620185
-0.177908634856329	0.617195381699529
-0.249545532447257	1.00106346345863
-0.070279165992878	0.198907494194888
0.275530449333917	1.18461113178491
-0.00667901861884013	0.0156517775530487
0.00742160425420805	0.0176522472879088
0.252581394123448	1.14305609600035
-0.0287707666614695	0.0824553607176306
-0.0899519866980004	0.20999817946993
-0.0207112822254345	0.0372770476854807
-0.412671147725204	1.22187852334307
0.343143801071062	1.41464717517071
0.094492858459174	0.338159281338255
0.177937053336562	0.732211944054876
0.247585222798709	0.756267298545976
0.171632829118444	0.651931377705978
-0.0183317291020904	0.0519063828728501
0.40814553323103	1.72786084648948
-0.0525398940532264	0.174627903327713
-0.045564697079026	0.143765238848011
-0.0606555251496597	0.200294894960097
0.133955517870799	0.484937097164156
-0.222186168493821	0.632385454901829
-0.246403346227168	0.645089128420022
0.0569517765889414	0.153148245732658
-0.15636113283896	0.528663868729105
0.114648623182829	0.366457341510909
-0.104387252340636	0.311977234173752
-0.324173734855919	1.60929280147437
-0.00230744637327606	0.00578864607987021
-0.0855169538528939	0.22428351384063
-0.125283900130017	0.356320698155357
-0.0333507062114266	0.0825784900736885
0.203270539926308	0.91441535381427
0.0841322909280181	0.278208955115446
-0.0360598058005851	0.107491851182252
0.168358850636352	0.69393493277919
0.0332546327278159	0.0974850679388418
-0.104113091387128	0.381267502701023
0.28667856863251	1.54295593780556
0.130443072624067	0.4835039037952
-0.202188386282329	0.795283483981863
-0.340054851487762	1.36950057570674
-0.0519790061668748	0.134334214396256
-0.130239424743922	0.468355823829675
0.0198399679097646	0.0504956016116197
0.000872542573759869	0.00205745708402015
-0.188102612667748	0.753731251422053
0.0635808391557166	0.163108719062378
-0.125789257920043	0.342474731583972
0.0818098131992604	0.229610917878158
0.0557315019309653	0.13790800938563
-0.125471601296874	0.375347187741118
0.0276643559789586	0.0672905345695384
-0.169880152341034	0.621926171519261
0.0436232598357877	0.12430645393758
-0.226137542356565	0.948288259258123
0.0145445966571549	0.0368621976189506
0.137854651254346	0.487495649091831
0.398441339462189	1.98677227264325
0.268182071025374	1.30345293788594
0.182640031756011	0.725070051926705
0.105374589833427	0.333671702004428
0.0476660159878593	0.125378585628645
-0.0322564837449916	0.0801994352174021
-0.115292865153367	0.364373229214089
-0.114832274995607	0.381746313925775
0.0988434492590465	0.351368720123131
-0.154642893892573	0.613720281375122
0.203144027821266	0.8141635695354
-0.0451347677906488	0.118337515927659
0.00805332121935588	0.0190238091131382
0.0613582858303552	0.156574185517584
-0.0423238489826367	0.0887320046677598
0.00849608153238432	0.0167210900899401
-0.261456975161761	1.084861084744
0.188233432724025	0.631705895361109
0.108894884130194	0.317990611773648
-0.100274794367383	0.239430263883036
0.0539826638376996	0.145035920232053
0.0369708149796337	0.0878000793045082
0.281958109159885	1.24893414073929
-0.106409674738686	0.329928534694183
-0.194580912044669	0.670141079202449
0.0819534157199925	0.247445168792236
-0.227514894904543	0.937338316915525
-0.0395945757061565	0.105825404442641
-0.000684753186640993	0.00169539136900534
0.159075975353551	0.588702825114796
0.380557120398294	2.17539669413746
0.0286904993605499	0.0710554653535516
-0.158430344724764	0.448859615844514
0.0551263595586114	0.124662093208374
0.192730864331472	0.745895738807984
0.231098891240763	0.861548971962214
-0.170154930847469	0.657058114272516
-0.0252907859110771	0.0738031097952125
0.0117516791814115	0.0281701516966053
-0.136711263176841	0.406793740389653
0.233344912510049	0.750904203128698
-0.177226463639802	0.471496949087443
0.319173425141181	1.24662366093881
-0.160816694712129	0.55816931717683
-0.0713138600328523	0.221503521757118
0.148034457218438	0.523460412719319
-0.0812967244400369	0.253562528701467
0.0889512757379903	0.292641136275339
0.0925446214587284	0.31551252321672
0.1190375010387	0.412686473704862
0.147133298855835	0.582750869310414
-0.235469427927693	1.15164961384252
0.0674605452156893	0.200680037711484
0.154554183413042	0.460619338509339
0.193095960706018	0.621784830387864
-0.05537480001927	0.162249862390596
-0.0534829545253369	0.128495985803175
0.0047603846776256	0.0125538072004376
-0.0605403686660607	0.196569008994657
0.0240342257023415	0.0648808968974363
-0.177077047453607	0.626296049647964
-0.0630985305215234	0.162327347386314
-0.036979619751495	0.0852613943461561
-0.11616842304176	0.342496414019595
0.175824932802342	0.608493101381295
0.163262516367316	0.633242357290312
0.0158621410805051	0.0398618262019793
-0.143965613618561	0.501159989072281
0.0858551962587466	0.267674115355366
-0.00903794646971186	0.0228396905273579
0.117082232032918	0.411443889523312
0.0281984721700505	0.0768500586491926
-0.249560498088893	1.23806171786983
-0.337042489137066	1.65159133991514
-0.225061261162495	0.759194900353573
-0.0106703064879684	0.0208781437730924
0.0777900949832771	0.242766237905101
-0.291650151215913	1.12061043029627
-0.0732777726032055	0.225811656804949
-0.0312787991447757	0.091042813930864
0.0855044246779244	0.260806554362162
0.00445849998679528	0.0103194296207833
0.134964131449245	0.384548447804401
0.0632648172025919	0.142687169415136
-0.134174718914153	0.372208035214128
0.149477688375749	0.506879586669364
0.0987757387964602	0.33078836168371
0.356411596013678	1.80878686068877
-0.176251114468189	0.621259651953361
0.0554799860803062	0.164068486380888
0.0708075334054949	0.225503760332233
0.0424692571297506	0.120928594189049
0.283980428814132	1.42704103001551
-0.00214690408846947	0.00563014859018619
0.132689744042849	0.414512671778562
0.0447033082248567	0.0989848734824125
0.0400630241216041	0.0871113613185057
0.00960780656784519	0.0227169167706211
-0.327879278657867	1.42616768385522
0.192626914103681	0.840229409749264
0.177615569278713	0.784447732009642
0.132657200037158	0.424557187917633
-0.0763529139673757	0.214668330350394
-0.0066927564386107	0.0133877655232699
0.243539890119104	0.73470264418571
0.126890454925409	0.364225276630599
-0.0312501444268172	0.0756791263960256
0.0097829236151507	0.0246467914358374
-0.022938804354091	0.0582964074512938
0.0312472330168955	0.0830529540961483
-0.0932218465445702	0.278424928622894
0.069476479104537	0.192799903508763
0.124520147765772	0.456393425239322
0.153233270573433	0.60685576920931
0.0156083503276827	0.0422382987549794
-0.279808844639681	1.53492059150792
0.107658582810289	0.39511818250061
0.0501744866309735	0.143516432318152
0.0631571011687714	0.204124727109338
0.0498203014364477	0.151384638236042
-0.040450190699034	0.111842030454589
-0.114936338820128	0.317461412417364
-0.11732230486953	0.352569842444219
0.00373432598202495	0.00716848897803623
0.212400035921356	0.709941300214659
0.0281586032868211	0.0728334212605843
-0.0113229664690915	0.0289240481859727
0.175468890575429	0.629495908836457
0.104203022372303	0.275168598796819
-0.139493344833347	0.433083260547244
-0.342721769660716	0.872636602143303
-0.069832783771154	0.147647133726059
0.332089747006244	1.04520607471057
0.273694089064604	0.773489722417727
-0.325188720000399	1.00059160506641
-0.14838917762403	0.292077997008138
0.117539202766991	0.394124431031381
-0.0227313364041313	0.0617473931666753
-0.0516071490363214	0.14578914872396
-0.0426535065976124	0.119357872738282
0.176976695897574	0.73441629920608
-0.0933767308882017	0.303180936750781
0.00810019240934683	0.0213932679553687
0.0460726022475036	0.132653846473414
0.0529407867589734	0.16383411669645
0.351030368623296	1.46980882424353
0.205243053401552	0.913555758646854
0.0421656119831611	0.103559405748701
0.137809976794319	0.389248105584801
-0.20093253227589	0.556746481503625
-0.0341263557503191	0.0574486321944063
0.278988146822464	0.939084844185036
-0.0641926556937245	0.16247462184728
-0.0344250400419631	0.071566389832245
0.299827620985571	1.04988374079524
-0.0186292884049993	0.038689656000455
-0.0617449108946746	0.154656344259838
-0.00502608836580525	0.0101490400806169
-0.0625495506214478	0.135205080070899
0.0893406992206488	0.308852803710456
0.198162570480833	0.90225826357407
0.150300586448022	0.595089506669937
-0.0476648755083915	0.148925992302695
-0.0111614798779946	0.0314778654791636
-0.00793214709755995	0.0227427623004704
0.141345901340763	0.58384613510422
0.144230292269116	0.623492694043242
0.202456614312425	1.01123119328617
-0.0160903686609669	0.0390824771298369
-0.132414569574633	0.488871107672674
0.0535152254895835	0.157431287915914
-0.249363065025339	1.06831844726735
-0.281908949713706	1.03602187776185
0.183381008959368	0.459477395380938
0.184591153962826	0.535188491482341
0.100307183385535	0.236371329705286
0.188978865358187	0.707689228171236
0.270086335195029	0.568995380209841
-0.182980400461093	0.463153273155165
-0.31611230082079	0.849991530677574
0.237331870011795	0.688691529360987
0.340263211526146	1.21364482231277
0.227787457805815	0.48846061095882
0.0273402910948114	0.0768059811063255
0.0579063782992773	0.178017099422553
-0.0179512584405246	0.0482461040974923
0.316431385072216	1.68931014517836
-0.0425962492557172	0.126018539537562
-0.0912443724054734	0.316629169542331
0.024435594273395	0.067899061963159
0.0105993885769354	0.0287777414790532
0.0313643751485441	0.0919734244170947
-0.0469991214113593	0.106893245330376
0.136706693069374	0.520632521774837
0.117410209094625	0.3606965645174
0.159940169948931	0.458961559320346
0.138336761376983	0.33485348613213
-0.0204087380042219	0.0367125488691279
0.142908707215926	0.360664807434176
-0.140272023973832	0.422893256469044
0.175743995113362	0.518017219970175
-0.032586056047553	0.0558278863489574
0.214646969651413	0.548434437009326
-0.220771358579509	0.482909556828876
0.0720079880237332	0.146323923361252
-0.0718685452604257	0.156858164389565
-0.114779281054443	0.214546842712129
-0.224716680892149	0.996653592509653
-0.104503306162862	0.366539287116186
0.129489358850901	0.476132535673996
0.178385242576839	0.775330011674814
0.0283248824696164	0.0835863303717832
0.0750359023484187	0.250290334186916
-0.0033528486786514	0.0083542355592389
-0.223888897184538	0.988296438514925
0.298667007619658	1.62187050809806
-0.0650054960529728	0.152196374589551
-0.0291967554748007	0.080209944905871
0.0464529295680833	0.110910996634854
-0.155383690496202	0.412909997532784
0.127829324571783	0.319610735452245
-0.0552711596652781	0.0982686344443488
0.0722245523276082	0.162498763189182
0.110235210837625	0.312750975473618
-0.0539185137630485	0.129679620815985
-0.0939794883919413	0.186746258939727
-0.0204272647181985	0.0391475523905752
-0.125953251310978	0.27761104226712
0.0275111415543088	0.0562464505933088
-0.135589665447408	0.361716960839729
-0.0809871036523078	0.140076702767801
-0.146395359505639	0.566524665075979
0.0608236070670935	0.191335856436467
0.257752055926602	1.27679165370614
-0.0174854681526838	0.0497130427275739
-0.0501740648527044	0.159077095463921
-0.0146593373368472	0.0400290380785362
0.0411199020117373	0.116664133728398
-0.0675078773452053	0.207287002358398
-0.125813510524151	0.31042496749152
-0.154769527028498	0.599563999918336
-0.151702402823587	0.467236382029193
-0.0279314806181698	0.0538734985296974
-0.346460111137251	1.13234689842216
-0.128420789722332	0.268762672006067
0.326074297022472	1.11419752968529
0.237391754086536	0.818074060836649
0.235137418476958	0.807053576342841
-0.0943632765622808	0.256066272253024
0.04972177025979	0.127657345730911
0.0745766384368215	0.200276944511655
0.188788599603567	0.718340153712
0.0734736563614264	0.208964724584268
-0.34890117840872	1.2830998597377
0.0625006517411074	0.155582585281972
-0.14109862513718	0.538718418179647
-0.20268263856421	0.789094897395394
0.105844110989331	0.301110773391737
-0.129082179513837	0.33567152718105
0.177706021367725	0.43050566405478
0.120587649471774	0.322386115535784
-0.026173331682169	0.0691866967613152
-0.210032593726485	0.721911908214848
-0.118463881975536	0.365474607247638
-0.0297120350820253	0.0884872899337395
0.0930933944607289	0.330156127609673
0.198029476339871	0.808448897298838
-0.125774502891581	0.379145544365827
0.178897473650642	0.663362122868494
-0.290434155393892	0.890847783361463
-0.0446889390662512	0.10148698403468
0.00613935080050041	0.0152514240712382
0.167265368830179	0.598347453399948
-0.0704639860196362	0.198230394592082
-0.191170645462113	0.659441799800836
0.116635541377833	0.343535167238204
0.0115450415834249	0.0255065005873337
0.171151050118154	0.645980365291783
-0.0263858950689953	0.0774628276010061
-0.055805518996726	0.144708380437278
-0.0121352400806753	0.0268799553226819
-0.0535076713519974	0.120109169404447
0.106172938066784	0.267195798141451
-0.191298979737999	0.59482606977751
-0.211583928626941	0.846949616377086
0.0769641727692268	0.217231443773533
0.203808553218989	0.58270145989318
-0.137330147166184	0.470397800924718
-0.120659450812141	0.287639326650851
-0.314176506514746	1.22161473904671
0.0452388465536831	0.124918376274742
-0.145657936689641	0.333884480617689
0.0426760055664865	0.0811007925735784
-0.0800282635919763	0.154741343252059
0.345215929059167	1.12622660762352
-0.207847211288097	0.516260795447596
-0.00502809819982226	0.00992508815422312
0.0914259515012481	0.282105053039578
0.00556618973460407	0.0114575908361203
0.385390273121894	1.46128156508331
-0.203798831165804	0.807302543722201
-0.100036087810026	0.222888206646093
-0.253411114298171	0.858587210830713
0.0463717857040541	0.0964666420734378
0.114402386988695	0.270598993150262
0.0544067099908661	0.136776864656632
0.222235031304587	0.425906770379148
-0.383952237491439	1.04038611964936
-0.33552175355744	0.949914781374805
0.0689968504369419	0.184848430202005
0.162270088923639	0.559324117949082
0.0683863149747128	0.133452561439968
-0.132097300695497	0.349525225362875
-0.120217481962169	0.329690813001864
0.023338894724436	0.0399523625994268
0.297216145821234	1.17824315429674
0.101369540405838	0.320975505064193
-0.445098010681044	1.20646290187082
-0.129901406161276	0.229692826672992
-0.0199779751014304	0.044796293383101
-0.0592304121853569	0.129686553653103
-0.1899819777028	0.647612247736631
0.0184549884290576	0.0370591462410357
-0.0461418989237164	0.107484745306867
-0.32332388406355	1.41723134263918
-0.425421529213073	1.09054949721775
-0.0591897359531068	0.111246492818314
0.161198692937082	0.376309994009667
0.0759946701508191	0.21802219151059
0.156860104653729	0.517724398870828
0.11599120712474	0.256876111671744
-0.155865275389489	0.44143407907683
-0.191892496141515	0.630766256865135
-0.160312175662666	0.383169368552971
0.105273999043029	0.319530760292464
0.176247219320449	0.643993132651771
-0.138521490502345	0.297646295517715
-0.338397923507966	0.786719481556603
-0.00989818636280349	0.0226335534292647
-0.116389482193479	0.336106322554773
-0.0231452268495736	0.0550115847624215
-0.108889570851763	0.265025693320361
-0.15537796430682	0.432667358096387
-0.00443881121809651	0.00984374435010219
-0.151921488317215	0.270395817494873
-0.297073927687515	0.720317506122865
0.110393987016495	0.239347026231039
-0.0864493382574634	0.24850967916582
0.299503427047597	1.29951870726749
0.155666480773574	0.316928221424123
0.176983989065923	0.509503905018906
-0.148753314843117	0.457236219441808
0.184450171906416	0.463010078887239
0.0980608580390923	0.28916745506827
-0.18105171240696	0.663672435825654
-0.0990270107563388	0.207009176113337
-0.026266545323844	0.043238864166571
-0.127508926867401	0.367946391585404
-0.0215157043717098	0.0531982249392834
0.0629455341793537	0.17679060663338
-0.00409267388675529	0.00848095343732149
-0.0115344556605083	0.0253043227790301
0.041566552364173	0.108743632443109
0.0267124630683504	0.0420868701598471
-0.130983465464763	0.256368278732622
-0.140625044352928	0.360155526132628
-0.233287568360108	0.76909095837117
0.239834720915472	0.945687805475076
-0.0304949337600409	0.058858265376518
-0.0671950850464467	0.155908355930964
0.0704908288850689	0.177011778820021
-0.131383049665571	0.312403565809583
0.0289429385219807	0.0708266807056367
0.0931020057346583	0.278655459513693
-0.363280309418785	1.19184624856796
0.160225927696124	0.330962333834719
-0.173201963718009	0.520477015644366
0.000297513845189938	0.000696101087714538
-0.174093989542767	0.599137581053265
0.0412227430876212	0.0926340308393956
0.0909545566017926	0.237079044034111
0.368789718321748	1.87509732480993
-0.199293097909939	0.424466063308522
0.0752770974932488	0.139235197066166
0.389467789847018	1.51206879257021
0.16374523613031	0.519287706883812
-0.197048121900949	0.790289785954338
0.036716571126486	0.0912201067323003
-0.0773313605784453	0.168991834873024
0.12038802071693	0.312631215684323
0.0959247349616318	0.241354649315001
0.314190720737799	1.03835396344854
-0.0629836569861853	0.162725807397515
-0.0654007896425755	0.175056065469787
-0.31562889441549	0.889951444015887
0.00120141279173406	0.00199157180464392
-0.235725119785611	0.789729208373483
-0.161319322052903	0.467761798172208
-0.0400870314519018	0.0982842862377418
-0.24353112707126	0.773726142918726
-0.242289505882597	0.911052190108604
0.0216145221214875	0.0524669955230015
0.0345893234899696	0.0543176216060404
-0.00831864706670584	0.0130307841808119
-0.0609909271330634	0.139389771730058
0.18472347011208	0.624241028756415
-0.0931805204505607	0.293978234333344
0.100143477541796	0.281738366910071
-0.37076408549357	1.14369180749157
0.0734344133355925	0.187112692736409
-0.135128038248809	0.409769441270261
0.242443635684169	0.643935048293136
0.12726774564355	0.396004668429433
0.00324099866150975	0.00782432697758097
-0.2329320802844	0.629627053321576
0.22127464556769	0.462162544573705
0.0879901586746936	0.233911285913714
-0.0693865569808705	0.138228852333277
0.00643994170252079	0.0129559475079519
-0.0737196415150013	0.212546625775086
-0.225250106963295	0.82928965229256
0.0172037852400069	0.0363018677202948
-0.137669705010567	0.386960073678904
0.137213588341611	0.394258973794982
0.215137981232048	0.707778112112505
-0.0341671717515041	0.0912694696252703
-0.143058655230791	0.473682359972921
-0.150533565857302	0.505921986403683
-0.13831752398019	0.391056455539134
0.0827407509808383	0.233477220572043
0.0631650502779999	0.163727173772746
-0.0846504573905543	0.247346457595895
0.0835056141328237	0.246704636390336
0.127229994776332	0.462647369929116
0.221635653717179	0.978230649926748
-0.130198300141459	0.387065886480139
-0.109620706305684	0.335432224843514
0.126360279725614	0.461312258435551
-0.100103491270955	0.328610902928515
0.190738671341313	0.76548728224783
0.0716744332101508	0.236603804081676
0.0607090480750916	0.172779772387193
0.0453256673117092	0.1178655159545
-0.00556222485522713	0.0134404563950819
-0.00872553415116698	0.021684525378905
-0.0839589547202872	0.232208899455695
0.165335431291491	0.390921195516617
0.10750475109873	0.289485903314649
-0.16718713723861	0.623949294815147
-0.196945247161078	0.710902696563261
-0.0121952308312922	0.0274677603775679
-0.0670822807272221	0.179746827513971
-0.247179898358446	0.958490179360481
-0.159909567281643	0.529937368179926
-0.226092817725912	0.938309348133205
-0.00681586485156837	0.0151997902326484
0.063892244684658	0.173417244890672
0.258509058202519	0.938975365744473
0.18022568542265	0.647985858324259
0.167564973997521	0.487154880763037
-0.216195740803626	0.818088868185743
0.051011417257183	0.120993279679275
0.137972750554314	0.50639557329203
-0.193135119215007	0.844115392752983
0.0166687960447942	0.0416683270739964
0.156392184902446	0.596272044039028
0.294414020519867	1.62558593142743
0.0974572704385467	0.337278652324881
-0.055219013476811	0.158886870571869
0.0669269842741443	0.21783003942101
-0.208576812083496	0.863349686801966
0.0536681214936644	0.137222420016136
-0.082979770070622	0.250275183284969
-0.0924430448361943	0.298581278180391
0.0499873145467559	0.118269411810613
-0.155424514647804	0.352810133055175
0.116319156630788	0.338199032327831
-0.1095164755219	0.317659768810524
-0.189402411281831	0.549636213668108
0.0732825490255317	0.184263485205403
0.0220257252839798	0.0467565625199628
-0.122405297386322	0.323994019058026
0.104351178397091	0.320090329211474
0.103156511374049	0.292156859448893
0.104966880856996	0.305273760112667
0.147402794219007	0.415489222125757
0.179700947298713	0.60444028598264
-0.111477776458099	0.261885447263867
0.0515529135530581	0.129758071189929
-0.148727396987371	0.469976160396163
-0.0632934865864315	0.188355019611388
0.0476637227465713	0.126519376955316
-0.0231720921468082	0.0513897219584333
0.0868289830261337	0.226410844785431
-0.0366631946323449	0.0974547234920818
0.140002369197942	0.489512591944619
-0.0367566313397989	0.0958715982153484
-0.0216692186392715	0.0587731667417334
0.03403066452289	0.0864015783619205
0.0433145226880756	0.103911472068821
0.153517429816082	0.505387567693552
0.0551408823853018	0.133003979852847
-0.266299836407059	0.836574501050181
0.10889524700064	0.315697167899087
-0.0440814559666473	0.112392435922895
-0.142610632607472	0.430265497751179
0.225394543738894	0.757851645436811
-0.391895786763007	1.55239405150372
0.0438429612568037	0.0981848054784798
0.0787358651865538	0.220322041686909
-0.177265890717416	0.632206324134967
-0.0796607930851382	0.225092290833248
-0.0138306812470848	0.0275212412122789
-0.0610162438645494	0.153104824015346
-0.0296161049821371	0.0645678089191796
-0.223955213757927	0.806288151225496
0.088097377306133	0.257345270481962
-0.0128349268717194	0.0325619473988284
0.0604983004047846	0.151215718902255
-0.128773196864019	0.327163009118389
-0.327561500065499	1.28057206836938
-0.0276622691368698	0.0695745784285425
-0.083786220770091	0.246469873942188
0.252278457040716	0.995169637867291
0.074888968976985	0.206375881345499
-0.264268045732011	1.10820986526013
-0.136423957265957	0.405701624771605
-0.0689367342264657	0.14546797181059
-0.0323819028484321	0.0783956351390515
-0.157586399392121	0.540775156677884
0.117063208231108	0.364278187329911
0.172806766417659	0.603459502682367
-0.249757042692464	0.898360058727214
-0.225406420219455	0.842756888631594
-0.0609434739970686	0.173610372253672
0.225037074615246	0.844086674225505
-0.0564301868584456	0.133027791385073
0.0902737975604437	0.211095521666443
0.191189428660677	0.610630960237134
0.243027543584865	0.685280478222978
-0.027553508588414	0.0622574172425277
0.0296779282411276	0.073907314416968
0.114418125484504	0.361064010615084
-0.061461268353726	0.171023528660118
0.0771258523591977	0.195502249131671
0.0982072845402743	0.287545168592377
0.300449678526406	1.4899838529337
-0.295874817453564	1.19530776226067
0.141758057442637	0.425929591566041
-0.00000724377771221837	0.0000132625891795294
0.138363773398507	0.402060049347554
0.0418812179674979	0.0926383152503136
0.011307383410802	0.0280835696536298
-0.0243360762768999	0.062145697550886
-0.0697985958042002	0.184708543915479
0.13793518631419	0.402039449431861
-0.0431873893956267	0.101529384118473
-0.0924984247559771	0.265410530524414
-0.0320450740339717	0.0844031048539477
0.0327147327767624	0.0703834885420527
-0.0721999351791947	0.195204127236498
-0.0740268170448931	0.166667513534421
-0.167442905694582	0.526892817231157
-0.068897195801626	0.200666715093471
-0.0843529838859605	0.261992479391592
0.00511744077359929	0.012166993969941
-0.148304079755685	0.41119265915597
-0.180644526344069	0.576346750475721
0.0665720990852774	0.191694226710143
0.00011465210556961	0.000293247074304062
0.282283289890262	1.31170257626651
0.0466333321160399	0.118129159651184
0.316578859830514	1.4911356547381
-0.0770379098366826	0.20289787348609
-0.017911723933847	0.0372819027418461
-0.0308914731849349	0.0803630508390119
0.0167685634274891	0.0394913680017604
0.0938451217580465	0.265560424254114
0.240279528419376	0.873290745172842
-0.0231117501764611	0.0518556164594789
-0.0377448293099366	0.0831558994824067
0.228555100575575	0.873289894510346
0.0861723012758287	0.204888033861655
0.00729771606283255	0.0156152324499897
0.00590863291298578	0.0137658394741017
-0.104342476649822	0.325755374265316
0.121158424532172	0.407498498401308
-0.030379781874302	0.0820393975605154
-0.147256000499432	0.455254632380674
0.133548934990008	0.335256424591121
-0.238483365144793	0.74547114924415
-0.118981359026884	0.363503267233765
-0.0881722128243392	0.266493141518451
-0.0439687331031677	0.104447263395167
-0.0115013705596184	0.0222295312997925
0.217013955074455	0.745024754355808
-0.0920646875572928	0.23521304367057
-0.0627058750660535	0.166758236843417
-0.151313026660123	0.557258341923427
0.00881379741953875	0.0210323722329516
0.152402334047211	0.513110406843302
-0.101494894326223	0.291159174045688
-0.0327699427478934	0.0726053181183428
0.0372965571517071	0.0873030569731033
-0.20227661270554	0.754849702017324
-0.0975285738407891	0.253625268172519
0.124654812674368	0.405754146466068
0.115075982689397	0.355392498553032
-0.0769329630643435	0.228902277691739
0.0164878689390023	0.0454559510601143
0.0862634262428473	0.281290348117506
-0.0971475739700459	0.266666408698513
0.00128086164971335	0.00244574186885545
0.0218595943114584	0.0451974846452124
-0.32396291115499	1.48955944408788
0.0625278854423334	0.179202014134379
-0.23365115009483	0.948059674295043
0.0145712658083746	0.0279672987198295
-0.0798452408089787	0.226626990319677
-0.153362070253734	0.522645674243808
-0.101692071605821	0.297500411908542
0.252530447195862	1.17529292676507
-0.0661034650222738	0.184479201789882
-0.19949841807681	0.751320151664278
0.120781642405584	0.370780978882435
-0.0336285735208344	0.0790281750418404
0.0318171294231159	0.0824010231022464
0.195101079499424	0.59398510083521
-0.0841238530253481	0.225538829591559
-0.177225434054756	0.606230127052024
0.296429920497139	1.34366542956904
-0.105096603094715	0.383894110646867
0.0812788351459264	0.273476189477058
-0.112069078960683	0.321721858574462
0.103652581377869	0.274592354289361
0.0640300348265183	0.168721873746405
0.0619717503035894	0.170616340522192
-0.0134583091598393	0.0272149958163227
0.0299307472424492	0.0750149562391725
-0.00172166105691042	0.00411613701206175
0.0435243993382463	0.108747379007589
-0.0982779474684754	0.24003025552944
-0.087733911734919	0.164856645129282
-0.113225957127295	0.246706584494731
0.355902959848526	0.871266631292458
0.0573589650706631	0.0968201711017565
-0.190494158988818	0.510206056246949
-0.226054588576827	0.910769544180016
-0.237560003453416	0.889349239775391
-0.159536255801605	0.45589042101247
0.12409320960981	0.404567841158794
-0.0502311647316741	0.117646636928971
-0.0532901119732523	0.129577533914949
0.00103463144591734	0.00184646897917713
0.0754465714574249	0.150799973661507
-0.234975072377751	0.488934628720251
0.148442305541331	0.32889273482185
-0.571801010955077	1.22321576885919
0.124853159309592	0.20459782503303
0.0142689185803448	0.0222099146256087
-0.21855025237907	0.677443602935473
0.016189111513408	0.0302644531900152
-0.0672432858168603	0.129272274264161
0.0641340300032136	0.174180201218864
0.138258075776086	0.361359495461466
-0.113939191375837	0.306546521418802
0.227846399480784	0.715265341170782
0.0897787039454145	0.193660892297029
0.363639838940433	0.993910919440222
-0.0183299418864567	0.033384288986185
-0.224162634858107	0.416908572931769
0.33942602347073	0.841085815665931
-0.161365029112034	0.356450767200102
-0.054183912037842	0.141802645702587
0.164675968564978	0.48568080255373
-0.267934856384836	0.801534194938815
-0.283891002120299	1.27253455791733
0.110847396787376	0.290938182673942
0.143325548960303	0.414759845521537
0.130401057789023	0.410009817030405
-0.0218774733474566	0.043933505181073
0.0000651442648988073	0.00014667680398102
-0.0876144360139902	0.265726996859907
0.082493706114586	0.24031048998508
0.107475816833137	0.32884967726344
-0.0677680348314833	0.191097651296298
0.00912574616422975	0.0218584841937951
-0.0102862319853502	0.0223150215276084
0.0122342096179497	0.0263702218862139
0.114953109635809	0.288146996332183
0.0475097674297161	0.106671876474792
0.137862724737693	0.455545523827255
0.311148239372756	1.01110762559415
-0.17344526336179	0.54784725805988
0.0482066916638634	0.129247561319222
0.00483792883890938	0.0115840294432432
-0.0362585987314725	0.0922708258307157
0.436858241448217	2.35646022729487
-0.171177868160506	0.461068797874998
-0.0595387917066242	0.147091063206131
0.0656780006069294	0.159921839146964
0.0495745444956278	0.136257601412118
-0.183356634447038	0.522655803069815
0.150755322458503	0.497446059858919
-0.0218465213558471	0.0546185797337279
-0.122024733786964	0.363509043556512
0.15348297318234	0.479325583033329
-0.166881202104356	0.529896694647441
-0.0417856363793116	0.115510547496861
0.0725919125043526	0.172956925902091
-0.257198350850152	0.645306441017021
-0.0406256652826347	0.113938774357431
0.0954791650920067	0.317836854804789
-0.0688953713667687	0.16432811661198
0.0683138272059955	0.142652709829429
-0.017448832588661	0.0408907390000721
0.00927466041971286	0.0239165822651349
-0.301137472904625	1.03767455649306
0.104506548710336	0.207953246574532
-0.171554731493903	0.630345060641892
0.270280944401447	1.16111250987777
0.0225662807503971	0.0592094826189619
-0.0630162451679399	0.195401338531523
-0.0601849611630999	0.188195880261253
-0.101956862839226	0.265458274697568
-0.153829976128494	0.397642781642296
0.123736846883371	0.424148558054879
-0.0971333725445666	0.257301971408235
-0.00846391979147325	0.021019227456568
0.294742750430456	0.896924822328478
-0.0726125118539237	0.163027585826297
-0.0702686222422974	0.187672478956381
-0.119606174649001	0.332237606918624
0.237026862126254	0.975804582806526
0.0550830278808271	0.149712979419247
0.132609776974719	0.374456236753269
-0.0203440585274652	0.0498378588541556
-0.0900843446599301	0.295242000995969
0.100402890469421	0.297264957373796
-0.21187683473993	0.750106312855781
0.0294108535678355	0.0716179907607771
0.017101927589361	0.0424695000232331
0.273195998262465	0.885956793768875
0.268362723109886	1.0087771743058
0.0556367062482088	0.15518457316202
-0.0971461166246936	0.266644299943169
0.19909273692241	0.812785424372779
0.016086009521503	0.037079931283454
0.207126598179041	0.767935758621401
0.109479082420962	0.364990186079901
-0.0759506971028645	0.198785353275317
0.111079846999537	0.324741492436474
0.237552747924821	0.826719969855578
-0.161769066611503	0.435852919178566
0.136548815480818	0.440988193542722
