group	fill	colour	clickSelects
1	#FFFFFF	#D3D3D3	64
2	#FFFFFF	#D3D3D3	64
3	#FFFFFF	#D3D3D3	64
4	#FFFFFF	#D3D3D3	235
5	#FFFFFF	#D3D3D3	145
8	#FFFFFF	#D3D3D3	145
9	#FFFFFF	#D3D3D3	235
10	#FFFFFF	#D3D3D3	7
11	#FFFFFF	#D3D3D3	7
12	#FFFFFF	#D3D3D3	7
13	#FFFFFF	#D3D3D3	7
14	#FFFFFF	#D3D3D3	62
15	#FFFFFF	#D3D3D3	7
16	#FFFFFF	#D3D3D3	7
17	#FFFFFF	#D3D3D3	7
18	#FFFFFF	#D3D3D3	7
19	#FFFFFF	#D3D3D3	7
20	#FFFFFF	#D3D3D3	218
21	#FFFFFF	#D3D3D3	218
22	#FFFFFF	#D3D3D3	218
23	#FFFFFF	#D3D3D3	218
24	#FFFFFF	#D3D3D3	132
25	#FFFFFF	#D3D3D3	62
26	#FFFFFF	#D3D3D3	132
27	#FFFFFF	#D3D3D3	132
28	#FFFFFF	#D3D3D3	132
29	#FFFFFF	#D3D3D3	132
30	#FFFFFF	#D3D3D3	132
31	#FFFFFF	#D3D3D3	132
32	#FFFFFF	#D3D3D3	132
33	#FFFFFF	#D3D3D3	132
34	#FFFFFF	#D3D3D3	132
35	#FFFFFF	#D3D3D3	132
36	#FFFFFF	#D3D3D3	64
37	#FFFFFF	#D3D3D3	132
38	#FFFFFF	#D3D3D3	132
39	#FFFFFF	#D3D3D3	132
40	#FFFFFF	#D3D3D3	7
41	#FFFFFF	#D3D3D3	7
42	#FFFFFF	#D3D3D3	7
43	#FFFFFF	#D3D3D3	7
44	#FFFFFF	#D3D3D3	7
45	#FFFFFF	#D3D3D3	7
46	#FFFFFF	#D3D3D3	62
47	#FFFFFF	#D3D3D3	62
48	#FFFFFF	#D3D3D3	62
49	#FFFFFF	#D3D3D3	118
50	#FFFFFF	#D3D3D3	118
52	#FFFFFF	#D3D3D3	64
53	#FFFFFF	#D3D3D3	64
54	#FFFFFF	#D3D3D3	235
59	#FFFFFF	#D3D3D3	235
60	#FFFFFF	#D3D3D3	7
61	#FFFFFF	#D3D3D3	7
62	#FFFFFF	#D3D3D3	7
63	#FFFFFF	#D3D3D3	7
64	#FFFFFF	#D3D3D3	62
65	#FFFFFF	#D3D3D3	7
66	#FFFFFF	#D3D3D3	7
67	#FFFFFF	#D3D3D3	7
68	#FFFFFF	#D3D3D3	7
69	#FFFFFF	#D3D3D3	7
70	#FFFFFF	#D3D3D3	7
71	#FFFFFF	#D3D3D3	218
72	#FFFFFF	#D3D3D3	218
73	#FFFFFF	#D3D3D3	132
74	#FFFFFF	#D3D3D3	132
75	#FFFFFF	#D3D3D3	62
76	#FFFFFF	#D3D3D3	132
77	#FFFFFF	#D3D3D3	132
78	#FFFFFF	#D3D3D3	132
79	#FFFFFF	#D3D3D3	132
80	#FFFFFF	#D3D3D3	132
81	#FFFFFF	#D3D3D3	132
82	#FFFFFF	#D3D3D3	132
83	#FFFFFF	#D3D3D3	132
84	#FFFFFF	#D3D3D3	132
85	#FFFFFF	#D3D3D3	132
86	#FFFFFF	#D3D3D3	64
87	#FFFFFF	#D3D3D3	132
88	#FFFFFF	#D3D3D3	132
89	#FFFFFF	#D3D3D3	132
90	#FFFFFF	#D3D3D3	132
91	#FFFFFF	#D3D3D3	7
92	#FFFFFF	#D3D3D3	7
93	#FFFFFF	#D3D3D3	7
94	#FFFFFF	#D3D3D3	7
95	#FFFFFF	#D3D3D3	7
97	#FFFFFF	#D3D3D3	62
98	#FFFFFF	#D3D3D3	62
99	#FFFFFF	#D3D3D3	62
100	#FFFFFF	#D3D3D3	118
101	#FFFFFF	#D3D3D3	118
102	#FFFFFF	#D3D3D3	64
103	#FFFFFF	#D3D3D3	64
104	#FFFFFF	#D3D3D3	64
105	#FFFFFF	#D3D3D3	145
109	#FFFFFF	#D3D3D3	235
110	#FFFFFF	#D3D3D3	7
111	#FFFFFF	#D3D3D3	7
112	#FFFFFF	#D3D3D3	7
113	#FFFFFF	#D3D3D3	7
114	#FFFFFF	#D3D3D3	7
115	#FFFFFF	#D3D3D3	64
116	#FFFFFF	#D3D3D3	7
117	#FFFFFF	#D3D3D3	7
118	#FFFFFF	#D3D3D3	7
119	#FFFFFF	#D3D3D3	7
120	#FFFFFF	#D3D3D3	7
121	#FFFFFF	#D3D3D3	7
122	#FFFFFF	#D3D3D3	218
123	#FFFFFF	#D3D3D3	218
124	#FFFFFF	#D3D3D3	132
125	#FFFFFF	#D3D3D3	132
126	#FFFFFF	#D3D3D3	64
127	#FFFFFF	#D3D3D3	132
128	#FFFFFF	#D3D3D3	191
129	#FFFFFF	#D3D3D3	132
130	#FFFFFF	#D3D3D3	132
131	#FFFFFF	#D3D3D3	132
132	#FFFFFF	#D3D3D3	132
133	#FFFFFF	#D3D3D3	132
134	#FFFFFF	#D3D3D3	132
135	#FFFFFF	#D3D3D3	132
136	#FFFFFF	#D3D3D3	132
137	#FFFFFF	#D3D3D3	64
138	#FFFFFF	#D3D3D3	132
139	#FFFFFF	#D3D3D3	132
140	#FFFFFF	#D3D3D3	132
141	#FFFFFF	#D3D3D3	132
142	#FFFFFF	#D3D3D3	7
143	#FFFFFF	#D3D3D3	7
144	#FFFFFF	#D3D3D3	7
145	#FFFFFF	#D3D3D3	7
146	#FFFFFF	#D3D3D3	7
147	#FFFFFF	#D3D3D3	64
148	#FFFFFF	#D3D3D3	62
149	#FFFFFF	#D3D3D3	118
150	#FFFFFF	#D3D3D3	118
151	#FFFFFF	#D3D3D3	118
153	#FFFFFF	#D3D3D3	235
154	#FFFFFF	#D3D3D3	235
155	#FFFFFF	#D3D3D3	7
156	#FFFFFF	#D3D3D3	7
157	#FFFFFF	#D3D3D3	7
158	#FFFFFF	#D3D3D3	7
159	#FFFFFF	#D3D3D3	7
160	#FFFFFF	#D3D3D3	7
161	#FFFFFF	#D3D3D3	7
162	#FFFFFF	#D3D3D3	7
163	#FFFFFF	#D3D3D3	7
164	#FFFFFF	#D3D3D3	57
166	#FFFFFF	#D3D3D3	57
167	#FFFFFF	#D3D3D3	57
168	#FFFFFF	#D3D3D3	57
169	#FFFFFF	#D3D3D3	7
170	#FFFFFF	#D3D3D3	7
171	#FFFFFF	#D3D3D3	57
172	#FFFFFF	#D3D3D3	57
173	#FFFFFF	#D3D3D3	57
174	#FFFFFF	#D3D3D3	57
175	#FFFFFF	#D3D3D3	57
177	#FFFFFF	#D3D3D3	57
178	#FFFFFF	#D3D3D3	57
179	#FFFFFF	#D3D3D3	57
180	#FFFFFF	#D3D3D3	7
181	#FFFFFF	#D3D3D3	7
182	#FFFFFF	#D3D3D3	7
183	#FFFFFF	#D3D3D3	57
184	#FFFFFF	#D3D3D3	57
185	#FFFFFF	#D3D3D3	57
186	#FFFFFF	#D3D3D3	57
188	#FFFFFF	#D3D3D3	57
189	#FFFFFF	#D3D3D3	57
190	#FFFFFF	#D3D3D3	57
191	#FFFFFF	#D3D3D3	57
192	#FFFFFF	#D3D3D3	57
193	#FFFFFF	#D3D3D3	57
194	#FFFFFF	#D3D3D3	57
195	#FFFFFF	#D3D3D3	57
196	#FFFFFF	#D3D3D3	57
199	#FFFFFF	#D3D3D3	235
200	#FFFFFF	#D3D3D3	7
201	#FFFFFF	#D3D3D3	7
202	#FFFFFF	#D3D3D3	7
203	#FFFFFF	#D3D3D3	235
204	#FFFFFF	#D3D3D3	235
206	#FFFFFF	#D3D3D3	7
207	#FFFFFF	#D3D3D3	7
208	#FFFFFF	#D3D3D3	7
209	#FFFFFF	#D3D3D3	7
210	#FFFFFF	#D3D3D3	7
211	#FFFFFF	#D3D3D3	7
212	#FFFFFF	#D3D3D3	7
213	#FFFFFF	#D3D3D3	7
214	#FFFFFF	#D3D3D3	7
215	#FFFFFF	#D3D3D3	57
217	#FFFFFF	#D3D3D3	57
218	#FFFFFF	#D3D3D3	57
219	#FFFFFF	#D3D3D3	7
220	#FFFFFF	#D3D3D3	7
221	#FFFFFF	#D3D3D3	57
222	#FFFFFF	#D3D3D3	57
223	#FFFFFF	#D3D3D3	57
224	#FFFFFF	#D3D3D3	57
225	#FFFFFF	#D3D3D3	57
226	#FFFFFF	#D3D3D3	57
228	#FFFFFF	#D3D3D3	57
229	#FFFFFF	#D3D3D3	57
230	#FFFFFF	#D3D3D3	57
231	#FFFFFF	#D3D3D3	7
232	#FFFFFF	#D3D3D3	7
233	#FFFFFF	#D3D3D3	57
234	#FFFFFF	#D3D3D3	57
235	#FFFFFF	#D3D3D3	57
236	#FFFFFF	#D3D3D3	57
237	#FFFFFF	#D3D3D3	57
239	#FFFFFF	#D3D3D3	57
240	#FFFFFF	#D3D3D3	57
241	#FFFFFF	#D3D3D3	57
242	#FFFFFF	#D3D3D3	57
243	#FFFFFF	#D3D3D3	57
244	#FFFFFF	#D3D3D3	57
245	#FFFFFF	#D3D3D3	57
246	#FFFFFF	#D3D3D3	57
247	#FFFFFF	#D3D3D3	57
248	#FFFFFF	#D3D3D3	235
249	#FFFFFF	#D3D3D3	7
250	#FFFFFF	#D3D3D3	7
251	#FFFFFF	#D3D3D3	7
252	#FFFFFF	#D3D3D3	7
254	#FFFFFF	#D3D3D3	235
256	#FFFFFF	#D3D3D3	7
257	#FFFFFF	#D3D3D3	7
258	#FFFFFF	#D3D3D3	7
259	#FFFFFF	#D3D3D3	7
260	#FFFFFF	#D3D3D3	7
261	#FFFFFF	#D3D3D3	7
262	#FFFFFF	#D3D3D3	7
263	#FFFFFF	#D3D3D3	7
264	#FFFFFF	#D3D3D3	7
265	#FFFFFF	#D3D3D3	57
267	#FFFFFF	#D3D3D3	57
268	#FFFFFF	#D3D3D3	57
269	#FFFFFF	#D3D3D3	7
270	#FFFFFF	#D3D3D3	7
271	#FFFFFF	#D3D3D3	7
272	#FFFFFF	#D3D3D3	57
273	#FFFFFF	#D3D3D3	57
274	#FFFFFF	#D3D3D3	57
275	#FFFFFF	#D3D3D3	57
276	#FFFFFF	#D3D3D3	57
278	#FFFFFF	#D3D3D3	57
279	#FFFFFF	#D3D3D3	57
280	#FFFFFF	#D3D3D3	208
281	#FFFFFF	#D3D3D3	57
282	#FFFFFF	#D3D3D3	7
283	#FFFFFF	#D3D3D3	57
284	#FFFFFF	#D3D3D3	57
285	#FFFFFF	#D3D3D3	57
286	#FFFFFF	#D3D3D3	57
287	#FFFFFF	#D3D3D3	57
289	#FFFFFF	#D3D3D3	57
290	#FFFFFF	#D3D3D3	57
291	#FFFFFF	#D3D3D3	57
292	#FFFFFF	#D3D3D3	57
293	#FFFFFF	#D3D3D3	57
294	#FFFFFF	#D3D3D3	57
295	#FFFFFF	#D3D3D3	57
296	#FFFFFF	#D3D3D3	57
297	#FFFFFF	#D3D3D3	57
299	#FFFFFF	#D3D3D3	235
300	#FFFFFF	#D3D3D3	7
301	#FFFFFF	#D3D3D3	7
302	#FFFFFF	#D3D3D3	7
303	#FFFFFF	#D3D3D3	7
304	#FFFFFF	#D3D3D3	118
305	#FFFFFF	#D3D3D3	145
307	#FFFFFF	#D3D3D3	7
308	#FFFFFF	#D3D3D3	7
309	#FFFFFF	#D3D3D3	57
310	#FFFFFF	#D3D3D3	7
311	#FFFFFF	#D3D3D3	7
312	#FFFFFF	#D3D3D3	7
313	#FFFFFF	#D3D3D3	7
314	#FFFFFF	#D3D3D3	7
315	#FFFFFF	#D3D3D3	57
316	#FFFFFF	#D3D3D3	57
318	#FFFFFF	#D3D3D3	57
319	#FFFFFF	#D3D3D3	57
320	#FFFFFF	#D3D3D3	7
321	#FFFFFF	#D3D3D3	7
322	#FFFFFF	#D3D3D3	57
323	#FFFFFF	#D3D3D3	57
324	#FFFFFF	#D3D3D3	57
325	#FFFFFF	#D3D3D3	57
326	#FFFFFF	#D3D3D3	57
327	#FFFFFF	#D3D3D3	57
329	#FFFFFF	#D3D3D3	57
330	#FFFFFF	#D3D3D3	208
331	#FFFFFF	#D3D3D3	208
332	#FFFFFF	#D3D3D3	57
333	#FFFFFF	#D3D3D3	57
334	#FFFFFF	#D3D3D3	57
335	#FFFFFF	#D3D3D3	57
336	#FFFFFF	#D3D3D3	57
337	#FFFFFF	#D3D3D3	57
338	#FFFFFF	#D3D3D3	57
339	#FFFFFF	#D3D3D3	235
340	#FFFFFF	#D3D3D3	57
341	#FFFFFF	#D3D3D3	57
342	#FFFFFF	#D3D3D3	57
343	#FFFFFF	#D3D3D3	57
344	#FFFFFF	#D3D3D3	57
345	#FFFFFF	#D3D3D3	57
346	#FFFFFF	#D3D3D3	57
347	#FFFFFF	#D3D3D3	57
348	#FFFFFF	#D3D3D3	57
349	#FFFFFF	#D3D3D3	7
350	#FFFFFF	#D3D3D3	7
351	#FFFFFF	#D3D3D3	7
352	#FFFFFF	#D3D3D3	7
353	#FFFFFF	#D3D3D3	7
355	#FFFFFF	#D3D3D3	145
357	#FFFFFF	#D3D3D3	7
358	#FFFFFF	#D3D3D3	7
359	#FFFFFF	#D3D3D3	57
360	#FFFFFF	#D3D3D3	57
361	#FFFFFF	#D3D3D3	7
362	#FFFFFF	#D3D3D3	7
363	#FFFFFF	#D3D3D3	7
364	#FFFFFF	#D3D3D3	7
365	#FFFFFF	#D3D3D3	57
366	#FFFFFF	#D3D3D3	57
368	#FFFFFF	#D3D3D3	57
369	#FFFFFF	#D3D3D3	57
370	#FFFFFF	#D3D3D3	57
371	#FFFFFF	#D3D3D3	7
372	#FFFFFF	#D3D3D3	7
373	#FFFFFF	#D3D3D3	57
374	#FFFFFF	#D3D3D3	57
375	#FFFFFF	#D3D3D3	57
376	#FFFFFF	#D3D3D3	57
377	#FFFFFF	#D3D3D3	57
379	#FFFFFF	#D3D3D3	57
380	#FFFFFF	#D3D3D3	208
381	#FFFFFF	#D3D3D3	208
382	#FFFFFF	#D3D3D3	208
383	#FFFFFF	#D3D3D3	57
384	#FFFFFF	#D3D3D3	57
385	#FFFFFF	#D3D3D3	57
386	#FFFFFF	#D3D3D3	57
387	#FFFFFF	#D3D3D3	57
388	#FFFFFF	#D3D3D3	57
389	#FFFFFF	#D3D3D3	235
390	#FFFFFF	#D3D3D3	57
391	#FFFFFF	#D3D3D3	57
392	#FFFFFF	#D3D3D3	57
393	#FFFFFF	#D3D3D3	57
394	#FFFFFF	#D3D3D3	57
395	#FFFFFF	#D3D3D3	57
396	#FFFFFF	#D3D3D3	57
397	#FFFFFF	#D3D3D3	57
398	#FFFFFF	#D3D3D3	57
400	#FFFFFF	#D3D3D3	7
401	#FFFFFF	#D3D3D3	7
402	#FFFFFF	#D3D3D3	7
403	#FFFFFF	#D3D3D3	7
404	#FFFFFF	#D3D3D3	7
405	#FFFFFF	#D3D3D3	145
408	#FFFFFF	#D3D3D3	7
409	#FFFFFF	#D3D3D3	7
410	#FFFFFF	#D3D3D3	57
411	#FFFFFF	#D3D3D3	57
412	#FFFFFF	#D3D3D3	7
413	#FFFFFF	#D3D3D3	7
414	#FFFFFF	#D3D3D3	7
415	#FFFFFF	#D3D3D3	57
416	#FFFFFF	#D3D3D3	57
417	#FFFFFF	#D3D3D3	57
419	#FFFFFF	#D3D3D3	57
420	#FFFFFF	#D3D3D3	57
421	#FFFFFF	#D3D3D3	57
422	#FFFFFF	#D3D3D3	7
423	#FFFFFF	#D3D3D3	57
424	#FFFFFF	#D3D3D3	57
425	#FFFFFF	#D3D3D3	57
426	#FFFFFF	#D3D3D3	57
427	#FFFFFF	#D3D3D3	57
428	#FFFFFF	#D3D3D3	57
429	#FFFFFF	#D3D3D3	235
430	#FFFFFF	#D3D3D3	208
431	#FFFFFF	#D3D3D3	208
432	#FFFFFF	#D3D3D3	208
433	#FFFFFF	#D3D3D3	57
434	#FFFFFF	#D3D3D3	57
435	#FFFFFF	#D3D3D3	57
436	#FFFFFF	#D3D3D3	57
437	#FFFFFF	#D3D3D3	57
438	#FFFFFF	#D3D3D3	57
439	#FFFFFF	#D3D3D3	57
440	#FFFFFF	#D3D3D3	7
441	#FFFFFF	#D3D3D3	57
442	#FFFFFF	#D3D3D3	57
443	#FFFFFF	#D3D3D3	57
444	#FFFFFF	#D3D3D3	57
445	#FFFFFF	#D3D3D3	57
446	#FFFFFF	#D3D3D3	57
447	#FFFFFF	#D3D3D3	57
448	#FFFFFF	#D3D3D3	57
449	#FFFFFF	#D3D3D3	57
450	#FFFFFF	#D3D3D3	7
451	#FFFFFF	#D3D3D3	7
452	#FFFFFF	#D3D3D3	7
453	#FFFFFF	#D3D3D3	7
454	#FFFFFF	#D3D3D3	7
458	#FFFFFF	#D3D3D3	7
459	#FFFFFF	#D3D3D3	57
460	#FFFFFF	#D3D3D3	7
461	#FFFFFF	#D3D3D3	57
462	#FFFFFF	#D3D3D3	57
463	#FFFFFF	#D3D3D3	7
464	#FFFFFF	#D3D3D3	7
465	#FFFFFF	#D3D3D3	57
466	#FFFFFF	#D3D3D3	57
467	#FFFFFF	#D3D3D3	57
469	#FFFFFF	#D3D3D3	57
470	#FFFFFF	#D3D3D3	57
471	#FFFFFF	#D3D3D3	57
472	#FFFFFF	#D3D3D3	57
473	#FFFFFF	#D3D3D3	57
474	#FFFFFF	#D3D3D3	57
475	#FFFFFF	#D3D3D3	57
476	#FFFFFF	#D3D3D3	57
477	#FFFFFF	#D3D3D3	57
478	#FFFFFF	#D3D3D3	57
479	#FFFFFF	#D3D3D3	235
480	#FFFFFF	#D3D3D3	208
481	#FFFFFF	#D3D3D3	208
482	#FFFFFF	#D3D3D3	208
483	#FFFFFF	#D3D3D3	57
484	#FFFFFF	#D3D3D3	57
485	#FFFFFF	#D3D3D3	57
486	#FFFFFF	#D3D3D3	57
487	#FFFFFF	#D3D3D3	57
488	#FFFFFF	#D3D3D3	57
489	#FFFFFF	#D3D3D3	57
490	#FFFFFF	#D3D3D3	7
491	#FFFFFF	#D3D3D3	57
492	#FFFFFF	#D3D3D3	57
493	#FFFFFF	#D3D3D3	57
494	#FFFFFF	#D3D3D3	57
495	#FFFFFF	#D3D3D3	57
496	#FFFFFF	#D3D3D3	57
497	#FFFFFF	#D3D3D3	57
498	#FFFFFF	#D3D3D3	57
499	#FFFFFF	#D3D3D3	57
501	#FFFFFF	#D3D3D3	7
502	#FFFFFF	#D3D3D3	7
503	#FFFFFF	#D3D3D3	7
504	#FFFFFF	#D3D3D3	7
505	#FFFFFF	#D3D3D3	7
509	#FFFFFF	#D3D3D3	7
510	#FFFFFF	#D3D3D3	57
511	#FFFFFF	#D3D3D3	57
512	#FFFFFF	#D3D3D3	57
513	#FFFFFF	#D3D3D3	57
514	#FFFFFF	#D3D3D3	7
515	#FFFFFF	#D3D3D3	7
516	#FFFFFF	#D3D3D3	57
517	#FFFFFF	#D3D3D3	57
518	#FFFFFF	#D3D3D3	57
519	#FFFFFF	#D3D3D3	118
520	#FFFFFF	#D3D3D3	57
521	#FFFFFF	#D3D3D3	57
522	#FFFFFF	#D3D3D3	57
523	#FFFFFF	#D3D3D3	57
524	#FFFFFF	#D3D3D3	57
525	#FFFFFF	#D3D3D3	57
526	#FFFFFF	#D3D3D3	57
527	#FFFFFF	#D3D3D3	57
528	#FFFFFF	#D3D3D3	57
529	#FFFFFF	#D3D3D3	208
530	#FFFFFF	#D3D3D3	7
531	#FFFFFF	#D3D3D3	208
532	#FFFFFF	#D3D3D3	208
533	#FFFFFF	#D3D3D3	57
534	#FFFFFF	#D3D3D3	57
535	#FFFFFF	#D3D3D3	57
536	#FFFFFF	#D3D3D3	57
537	#FFFFFF	#D3D3D3	57
538	#FFFFFF	#D3D3D3	57
539	#FFFFFF	#D3D3D3	57
540	#FFFFFF	#D3D3D3	57
541	#FFFFFF	#D3D3D3	7
542	#FFFFFF	#D3D3D3	57
543	#FFFFFF	#D3D3D3	57
544	#FFFFFF	#D3D3D3	57
545	#FFFFFF	#D3D3D3	57
546	#FFFFFF	#D3D3D3	57
547	#FFFFFF	#D3D3D3	57
548	#FFFFFF	#D3D3D3	57
549	#FFFFFF	#D3D3D3	57
550	#FFFFFF	#D3D3D3	57
551	#FFFFFF	#D3D3D3	7
552	#FFFFFF	#D3D3D3	7
553	#FFFFFF	#D3D3D3	7
554	#FFFFFF	#D3D3D3	7
555	#FFFFFF	#D3D3D3	7
559	#FFFFFF	#D3D3D3	7
560	#FFFFFF	#D3D3D3	57
561	#FFFFFF	#D3D3D3	57
562	#FFFFFF	#D3D3D3	57
563	#FFFFFF	#D3D3D3	57
564	#FFFFFF	#D3D3D3	57
565	#FFFFFF	#D3D3D3	7
566	#FFFFFF	#D3D3D3	7
567	#FFFFFF	#D3D3D3	57
568	#FFFFFF	#D3D3D3	57
569	#FFFFFF	#D3D3D3	118
570	#FFFFFF	#D3D3D3	57
571	#FFFFFF	#D3D3D3	57
572	#FFFFFF	#D3D3D3	57
573	#FFFFFF	#D3D3D3	57
574	#FFFFFF	#D3D3D3	57
575	#FFFFFF	#D3D3D3	57
576	#FFFFFF	#D3D3D3	57
577	#FFFFFF	#D3D3D3	57
578	#FFFFFF	#D3D3D3	57
579	#FFFFFF	#D3D3D3	57
580	#FFFFFF	#D3D3D3	7
581	#FFFFFF	#D3D3D3	208
582	#FFFFFF	#D3D3D3	208
583	#FFFFFF	#D3D3D3	57
584	#FFFFFF	#D3D3D3	57
585	#FFFFFF	#D3D3D3	57
586	#FFFFFF	#D3D3D3	57
587	#FFFFFF	#D3D3D3	57
588	#FFFFFF	#D3D3D3	57
589	#FFFFFF	#D3D3D3	162
590	#FFFFFF	#D3D3D3	57
591	#FFFFFF	#D3D3D3	7
592	#FFFFFF	#D3D3D3	57
593	#FFFFFF	#D3D3D3	57
594	#FFFFFF	#D3D3D3	57
595	#FFFFFF	#D3D3D3	57
596	#FFFFFF	#D3D3D3	57
597	#FFFFFF	#D3D3D3	57
598	#FFFFFF	#D3D3D3	57
599	#FFFFFF	#D3D3D3	57
600	#FFFFFF	#D3D3D3	57
602	#FFFFFF	#D3D3D3	7
603	#FFFFFF	#D3D3D3	7
604	#FFFFFF	#D3D3D3	7
605	#FFFFFF	#D3D3D3	7
606	#FFFFFF	#D3D3D3	7
609	#FFFFFF	#D3D3D3	118
610	#FFFFFF	#D3D3D3	57
611	#FFFFFF	#D3D3D3	57
612	#FFFFFF	#D3D3D3	57
613	#FFFFFF	#D3D3D3	57
614	#FFFFFF	#D3D3D3	57
615	#FFFFFF	#D3D3D3	7
616	#FFFFFF	#D3D3D3	7
617	#FFFFFF	#D3D3D3	57
618	#FFFFFF	#D3D3D3	57
619	#FFFFFF	#D3D3D3	57
620	#FFFFFF	#D3D3D3	7
621	#FFFFFF	#D3D3D3	57
622	#FFFFFF	#D3D3D3	57
623	#FFFFFF	#D3D3D3	57
624	#FFFFFF	#D3D3D3	57
625	#FFFFFF	#D3D3D3	57
626	#FFFFFF	#D3D3D3	57
627	#FFFFFF	#D3D3D3	57
628	#FFFFFF	#D3D3D3	57
629	#FFFFFF	#D3D3D3	57
630	#FFFFFF	#D3D3D3	57
631	#FFFFFF	#D3D3D3	7
632	#FFFFFF	#D3D3D3	208
633	#FFFFFF	#D3D3D3	57
634	#FFFFFF	#D3D3D3	57
635	#FFFFFF	#D3D3D3	57
636	#FFFFFF	#D3D3D3	57
637	#FFFFFF	#D3D3D3	57
638	#FFFFFF	#D3D3D3	57
639	#FFFFFF	#D3D3D3	162
640	#FFFFFF	#D3D3D3	162
641	#FFFFFF	#D3D3D3	57
642	#FFFFFF	#D3D3D3	7
643	#FFFFFF	#D3D3D3	57
644	#FFFFFF	#D3D3D3	57
645	#FFFFFF	#D3D3D3	57
646	#FFFFFF	#D3D3D3	57
647	#FFFFFF	#D3D3D3	57
648	#FFFFFF	#D3D3D3	57
649	#FFFFFF	#D3D3D3	57
650	#FFFFFF	#D3D3D3	57
651	#FFFFFF	#D3D3D3	57
652	#FFFFFF	#D3D3D3	7
653	#FFFFFF	#D3D3D3	7
654	#FFFFFF	#D3D3D3	7
655	#FFFFFF	#D3D3D3	7
656	#FFFFFF	#D3D3D3	7
659	#FFFFFF	#D3D3D3	118
660	#FFFFFF	#D3D3D3	7
661	#FFFFFF	#D3D3D3	57
662	#FFFFFF	#D3D3D3	57
663	#FFFFFF	#D3D3D3	57
664	#FFFFFF	#D3D3D3	57
665	#FFFFFF	#D3D3D3	57
666	#FFFFFF	#D3D3D3	57
667	#FFFFFF	#D3D3D3	57
668	#FFFFFF	#D3D3D3	57
669	#FFFFFF	#D3D3D3	57
670	#FFFFFF	#D3D3D3	7
671	#FFFFFF	#D3D3D3	57
672	#FFFFFF	#D3D3D3	57
673	#FFFFFF	#D3D3D3	57
674	#FFFFFF	#D3D3D3	57
675	#FFFFFF	#D3D3D3	57
676	#FFFFFF	#D3D3D3	57
677	#FFFFFF	#D3D3D3	57
678	#FFFFFF	#D3D3D3	57
679	#FFFFFF	#D3D3D3	57
680	#FFFFFF	#D3D3D3	57
681	#FFFFFF	#D3D3D3	7
682	#FFFFFF	#D3D3D3	57
683	#FFFFFF	#D3D3D3	57
684	#FFFFFF	#D3D3D3	57
685	#FFFFFF	#D3D3D3	57
686	#FFFFFF	#D3D3D3	57
687	#FFFFFF	#D3D3D3	57
688	#FFFFFF	#D3D3D3	57
689	#FFFFFF	#D3D3D3	162
690	#FFFFFF	#D3D3D3	162
691	#FFFFFF	#D3D3D3	57
692	#FFFFFF	#D3D3D3	7
693	#FFFFFF	#D3D3D3	57
694	#FFFFFF	#D3D3D3	57
695	#FFFFFF	#D3D3D3	57
696	#FFFFFF	#D3D3D3	57
697	#FFFFFF	#D3D3D3	57
698	#FFFFFF	#D3D3D3	57
699	#FFFFFF	#D3D3D3	57
700	#FFFFFF	#D3D3D3	57
701	#FFFFFF	#D3D3D3	57
703	#FFFFFF	#D3D3D3	7
704	#FFFFFF	#D3D3D3	7
705	#FFFFFF	#D3D3D3	7
706	#FFFFFF	#D3D3D3	7
707	#FFFFFF	#D3D3D3	57
709	#FFFFFF	#D3D3D3	118
710	#FFFFFF	#D3D3D3	7
711	#FFFFFF	#D3D3D3	57
712	#FFFFFF	#D3D3D3	57
713	#FFFFFF	#D3D3D3	57
714	#FFFFFF	#D3D3D3	57
715	#FFFFFF	#D3D3D3	57
716	#FFFFFF	#D3D3D3	57
717	#FFFFFF	#D3D3D3	57
718	#FFFFFF	#D3D3D3	57
719	#FFFFFF	#D3D3D3	57
720	#FFFFFF	#D3D3D3	57
721	#FFFFFF	#D3D3D3	7
722	#FFFFFF	#D3D3D3	57
723	#FFFFFF	#D3D3D3	57
724	#FFFFFF	#D3D3D3	57
725	#FFFFFF	#D3D3D3	57
726	#FFFFFF	#D3D3D3	57
727	#FFFFFF	#D3D3D3	57
728	#FFFFFF	#D3D3D3	57
729	#FFFFFF	#D3D3D3	57
730	#FFFFFF	#D3D3D3	57
731	#FFFFFF	#D3D3D3	57
732	#FFFFFF	#D3D3D3	7
733	#FFFFFF	#D3D3D3	57
734	#FFFFFF	#D3D3D3	57
735	#FFFFFF	#D3D3D3	57
736	#FFFFFF	#D3D3D3	57
737	#FFFFFF	#D3D3D3	57
738	#FFFFFF	#D3D3D3	57
739	#FFFFFF	#D3D3D3	57
740	#FFFFFF	#D3D3D3	162
741	#FFFFFF	#D3D3D3	162
742	#FFFFFF	#D3D3D3	57
743	#FFFFFF	#D3D3D3	7
744	#FFFFFF	#D3D3D3	57
745	#FFFFFF	#D3D3D3	57
746	#FFFFFF	#D3D3D3	57
747	#FFFFFF	#D3D3D3	57
748	#FFFFFF	#D3D3D3	57
749	#FFFFFF	#D3D3D3	57
750	#FFFFFF	#D3D3D3	57
751	#FFFFFF	#D3D3D3	57
752	#FFFFFF	#D3D3D3	57
753	#FFFFFF	#D3D3D3	7
754	#FFFFFF	#D3D3D3	7
755	#FFFFFF	#D3D3D3	7
756	#FFFFFF	#D3D3D3	57
757	#FFFFFF	#D3D3D3	57
759	#FFFFFF	#D3D3D3	39
760	#FFFFFF	#D3D3D3	7
761	#FFFFFF	#D3D3D3	57
762	#FFFFFF	#D3D3D3	57
763	#FFFFFF	#D3D3D3	57
764	#FFFFFF	#D3D3D3	57
765	#FFFFFF	#D3D3D3	57
766	#FFFFFF	#D3D3D3	57
767	#FFFFFF	#D3D3D3	57
768	#FFFFFF	#D3D3D3	57
769	#FFFFFF	#D3D3D3	57
770	#FFFFFF	#D3D3D3	57
771	#FFFFFF	#D3D3D3	7
772	#FFFFFF	#D3D3D3	57
773	#FFFFFF	#D3D3D3	57
774	#FFFFFF	#D3D3D3	57
775	#FFFFFF	#D3D3D3	57
776	#FFFFFF	#D3D3D3	57
777	#FFFFFF	#D3D3D3	57
778	#FFFFFF	#D3D3D3	57
779	#FFFFFF	#D3D3D3	57
780	#FFFFFF	#D3D3D3	57
781	#FFFFFF	#D3D3D3	57
782	#FFFFFF	#D3D3D3	7
783	#FFFFFF	#D3D3D3	57
784	#FFFFFF	#D3D3D3	57
785	#FFFFFF	#D3D3D3	57
786	#FFFFFF	#D3D3D3	57
787	#FFFFFF	#D3D3D3	57
788	#FFFFFF	#D3D3D3	57
789	#FFFFFF	#D3D3D3	57
790	#FFFFFF	#D3D3D3	57
791	#FFFFFF	#D3D3D3	162
792	#FFFFFF	#D3D3D3	162
793	#FFFFFF	#D3D3D3	7
794	#FFFFFF	#D3D3D3	57
795	#FFFFFF	#D3D3D3	57
796	#FFFFFF	#D3D3D3	57
797	#FFFFFF	#D3D3D3	57
798	#FFFFFF	#D3D3D3	57
799	#FFFFFF	#D3D3D3	57
800	#FFFFFF	#D3D3D3	188
801	#FFFFFF	#D3D3D3	57
802	#FFFFFF	#D3D3D3	57
804	#FFFFFF	#D3D3D3	7
805	#FFFFFF	#D3D3D3	7
806	#FFFFFF	#D3D3D3	7
807	#FFFFFF	#D3D3D3	57
808	#FFFFFF	#D3D3D3	57
809	#FFFFFF	#D3D3D3	39
810	#FFFFFF	#D3D3D3	7
811	#FFFFFF	#D3D3D3	7
812	#FFFFFF	#D3D3D3	57
813	#FFFFFF	#D3D3D3	57
814	#FFFFFF	#D3D3D3	57
815	#FFFFFF	#D3D3D3	57
816	#FFFFFF	#D3D3D3	57
817	#FFFFFF	#D3D3D3	57
818	#FFFFFF	#D3D3D3	57
819	#FFFFFF	#D3D3D3	57
820	#FFFFFF	#D3D3D3	57
821	#FFFFFF	#D3D3D3	57
822	#FFFFFF	#D3D3D3	7
823	#FFFFFF	#D3D3D3	57
824	#FFFFFF	#D3D3D3	57
825	#FFFFFF	#D3D3D3	57
826	#FFFFFF	#D3D3D3	57
827	#FFFFFF	#D3D3D3	57
828	#FFFFFF	#D3D3D3	57
829	#FFFFFF	#D3D3D3	57
830	#FFFFFF	#D3D3D3	57
831	#FFFFFF	#D3D3D3	57
832	#FFFFFF	#D3D3D3	57
833	#FFFFFF	#D3D3D3	7
834	#FFFFFF	#D3D3D3	57
835	#FFFFFF	#D3D3D3	57
836	#FFFFFF	#D3D3D3	57
837	#FFFFFF	#D3D3D3	57
838	#FFFFFF	#D3D3D3	57
839	#FFFFFF	#D3D3D3	57
840	#FFFFFF	#D3D3D3	57
841	#FFFFFF	#D3D3D3	162
842	#FFFFFF	#D3D3D3	162
843	#FFFFFF	#D3D3D3	162
844	#FFFFFF	#D3D3D3	7
845	#FFFFFF	#D3D3D3	57
846	#FFFFFF	#D3D3D3	57
847	#FFFFFF	#D3D3D3	57
848	#FFFFFF	#D3D3D3	57
849	#FFFFFF	#D3D3D3	57
850	#FFFFFF	#D3D3D3	188
851	#FFFFFF	#D3D3D3	188
852	#FFFFFF	#D3D3D3	57
853	#FFFFFF	#D3D3D3	57
854	#FFFFFF	#D3D3D3	7
855	#FFFFFF	#D3D3D3	7
856	#FFFFFF	#D3D3D3	57
857	#FFFFFF	#D3D3D3	57
858	#FFFFFF	#D3D3D3	57
860	#FFFFFF	#D3D3D3	178
861	#FFFFFF	#D3D3D3	7
862	#FFFFFF	#D3D3D3	57
863	#FFFFFF	#D3D3D3	57
864	#FFFFFF	#D3D3D3	57
865	#FFFFFF	#D3D3D3	57
866	#FFFFFF	#D3D3D3	57
867	#FFFFFF	#D3D3D3	57
868	#FFFFFF	#D3D3D3	57
869	#FFFFFF	#D3D3D3	57
870	#FFFFFF	#D3D3D3	57
871	#FFFFFF	#D3D3D3	57
872	#FFFFFF	#D3D3D3	7
873	#FFFFFF	#D3D3D3	57
874	#FFFFFF	#D3D3D3	57
875	#FFFFFF	#D3D3D3	57
876	#FFFFFF	#D3D3D3	57
877	#FFFFFF	#D3D3D3	57
878	#FFFFFF	#D3D3D3	57
879	#FFFFFF	#D3D3D3	57
880	#FFFFFF	#D3D3D3	57
881	#FFFFFF	#D3D3D3	57
882	#FFFFFF	#D3D3D3	57
883	#FFFFFF	#D3D3D3	7
884	#FFFFFF	#D3D3D3	57
885	#FFFFFF	#D3D3D3	57
886	#FFFFFF	#D3D3D3	57
887	#FFFFFF	#D3D3D3	57
888	#FFFFFF	#D3D3D3	57
889	#FFFFFF	#D3D3D3	57
890	#FFFFFF	#D3D3D3	57
891	#FFFFFF	#D3D3D3	162
892	#FFFFFF	#D3D3D3	162
893	#FFFFFF	#D3D3D3	57
894	#FFFFFF	#D3D3D3	7
895	#FFFFFF	#D3D3D3	57
896	#FFFFFF	#D3D3D3	57
897	#FFFFFF	#D3D3D3	57
898	#FFFFFF	#D3D3D3	57
899	#FFFFFF	#D3D3D3	57
900	#FFFFFF	#D3D3D3	188
901	#FFFFFF	#D3D3D3	188
902	#FFFFFF	#D3D3D3	188
903	#FFFFFF	#D3D3D3	57
905	#FFFFFF	#D3D3D3	7
906	#FFFFFF	#D3D3D3	7
907	#FFFFFF	#D3D3D3	57
908	#FFFFFF	#D3D3D3	57
909	#FFFFFF	#D3D3D3	57
910	#FFFFFF	#D3D3D3	178
911	#FFFFFF	#D3D3D3	178
912	#FFFFFF	#D3D3D3	7
913	#FFFFFF	#D3D3D3	57
914	#FFFFFF	#D3D3D3	57
915	#FFFFFF	#D3D3D3	57
916	#FFFFFF	#D3D3D3	57
917	#FFFFFF	#D3D3D3	57
918	#FFFFFF	#D3D3D3	57
919	#FFFFFF	#D3D3D3	57
920	#FFFFFF	#D3D3D3	57
921	#FFFFFF	#D3D3D3	57
922	#FFFFFF	#D3D3D3	57
923	#FFFFFF	#D3D3D3	7
924	#FFFFFF	#D3D3D3	57
925	#FFFFFF	#D3D3D3	57
926	#FFFFFF	#D3D3D3	57
927	#FFFFFF	#D3D3D3	57
928	#FFFFFF	#D3D3D3	57
929	#FFFFFF	#D3D3D3	207
930	#FFFFFF	#D3D3D3	207
931	#FFFFFF	#D3D3D3	57
932	#FFFFFF	#D3D3D3	57
933	#FFFFFF	#D3D3D3	57
934	#FFFFFF	#D3D3D3	7
935	#FFFFFF	#D3D3D3	57
936	#FFFFFF	#D3D3D3	57
937	#FFFFFF	#D3D3D3	57
938	#FFFFFF	#D3D3D3	162
939	#FFFFFF	#D3D3D3	57
940	#FFFFFF	#D3D3D3	57
941	#FFFFFF	#D3D3D3	162
942	#FFFFFF	#D3D3D3	162
943	#FFFFFF	#D3D3D3	57
944	#FFFFFF	#D3D3D3	57
945	#FFFFFF	#D3D3D3	7
946	#FFFFFF	#D3D3D3	57
947	#FFFFFF	#D3D3D3	57
948	#FFFFFF	#D3D3D3	57
949	#FFFFFF	#D3D3D3	57
950	#FFFFFF	#D3D3D3	188
951	#FFFFFF	#D3D3D3	188
952	#FFFFFF	#D3D3D3	188
953	#FFFFFF	#D3D3D3	188
954	#FFFFFF	#D3D3D3	57
955	#FFFFFF	#D3D3D3	7
956	#FFFFFF	#D3D3D3	7
957	#FFFFFF	#D3D3D3	57
958	#FFFFFF	#D3D3D3	57
959	#FFFFFF	#D3D3D3	57
961	#FFFFFF	#D3D3D3	178
962	#FFFFFF	#D3D3D3	178
963	#FFFFFF	#D3D3D3	57
964	#FFFFFF	#D3D3D3	57
965	#FFFFFF	#D3D3D3	57
966	#FFFFFF	#D3D3D3	57
967	#FFFFFF	#D3D3D3	57
968	#FFFFFF	#D3D3D3	57
969	#FFFFFF	#D3D3D3	57
970	#FFFFFF	#D3D3D3	57
971	#FFFFFF	#D3D3D3	57
972	#FFFFFF	#D3D3D3	57
973	#FFFFFF	#D3D3D3	7
974	#FFFFFF	#D3D3D3	57
975	#FFFFFF	#D3D3D3	57
976	#FFFFFF	#D3D3D3	57
977	#FFFFFF	#D3D3D3	57
978	#FFFFFF	#D3D3D3	57
979	#FFFFFF	#D3D3D3	207
980	#FFFFFF	#D3D3D3	207
981	#FFFFFF	#D3D3D3	57
982	#FFFFFF	#D3D3D3	57
983	#FFFFFF	#D3D3D3	57
984	#FFFFFF	#D3D3D3	7
985	#FFFFFF	#D3D3D3	57
986	#FFFFFF	#D3D3D3	57
987	#FFFFFF	#D3D3D3	162
988	#FFFFFF	#D3D3D3	162
989	#FFFFFF	#D3D3D3	57
990	#FFFFFF	#D3D3D3	57
991	#FFFFFF	#D3D3D3	162
992	#FFFFFF	#D3D3D3	162
993	#FFFFFF	#D3D3D3	57
994	#FFFFFF	#D3D3D3	57
995	#FFFFFF	#D3D3D3	7
996	#FFFFFF	#D3D3D3	57
997	#FFFFFF	#D3D3D3	57
998	#FFFFFF	#D3D3D3	57
999	#FFFFFF	#D3D3D3	57
1000	#FFFFFF	#D3D3D3	188
1001	#FFFFFF	#D3D3D3	188
1002	#FFFFFF	#D3D3D3	188
1003	#FFFFFF	#D3D3D3	188
1004	#FFFFFF	#D3D3D3	188
1006	#FFFFFF	#D3D3D3	7
1007	#FFFFFF	#D3D3D3	7
1008	#FFFFFF	#D3D3D3	57
1009	#FFFFFF	#D3D3D3	57
1010	#FFFFFF	#D3D3D3	57
1011	#FFFFFF	#D3D3D3	178
1012	#FFFFFF	#D3D3D3	178
1013	#FFFFFF	#D3D3D3	7
1014	#FFFFFF	#D3D3D3	57
1015	#FFFFFF	#D3D3D3	57
1016	#FFFFFF	#D3D3D3	57
1017	#FFFFFF	#D3D3D3	57
1018	#FFFFFF	#D3D3D3	57
1019	#FFFFFF	#D3D3D3	57
1020	#FFFFFF	#D3D3D3	57
1021	#FFFFFF	#D3D3D3	57
1022	#FFFFFF	#D3D3D3	57
1023	#FFFFFF	#D3D3D3	57
1024	#FFFFFF	#D3D3D3	7
1025	#FFFFFF	#D3D3D3	57
1026	#FFFFFF	#D3D3D3	57
1027	#FFFFFF	#D3D3D3	57
1028	#FFFFFF	#D3D3D3	57
1029	#FFFFFF	#D3D3D3	207
1030	#FFFFFF	#D3D3D3	207
1031	#FFFFFF	#D3D3D3	207
1032	#FFFFFF	#D3D3D3	57
1033	#FFFFFF	#D3D3D3	57
1034	#FFFFFF	#D3D3D3	57
1035	#FFFFFF	#D3D3D3	7
1036	#FFFFFF	#D3D3D3	57
1037	#FFFFFF	#D3D3D3	162
1038	#FFFFFF	#D3D3D3	162
1039	#FFFFFF	#D3D3D3	162
1040	#FFFFFF	#D3D3D3	57
1041	#FFFFFF	#D3D3D3	162
1042	#FFFFFF	#D3D3D3	162
1043	#FFFFFF	#D3D3D3	57
1044	#FFFFFF	#D3D3D3	57
1045	#FFFFFF	#D3D3D3	57
1046	#FFFFFF	#D3D3D3	7
1047	#FFFFFF	#D3D3D3	57
1048	#FFFFFF	#D3D3D3	57
1049	#FFFFFF	#D3D3D3	57
1050	#FFFFFF	#D3D3D3	188
1051	#FFFFFF	#D3D3D3	188
1052	#FFFFFF	#D3D3D3	188
1053	#FFFFFF	#D3D3D3	188
1054	#FFFFFF	#D3D3D3	57
1055	#FFFFFF	#D3D3D3	57
1056	#FFFFFF	#D3D3D3	7
1057	#FFFFFF	#D3D3D3	7
1058	#FFFFFF	#D3D3D3	57
1059	#FFFFFF	#D3D3D3	57
1060	#FFFFFF	#D3D3D3	57
1062	#FFFFFF	#D3D3D3	178
1063	#FFFFFF	#D3D3D3	7
1064	#FFFFFF	#D3D3D3	57
1065	#FFFFFF	#D3D3D3	57
1066	#FFFFFF	#D3D3D3	57
1067	#FFFFFF	#D3D3D3	57
1068	#FFFFFF	#D3D3D3	57
1069	#FFFFFF	#D3D3D3	57
1070	#FFFFFF	#D3D3D3	57
1071	#FFFFFF	#D3D3D3	57
1072	#FFFFFF	#D3D3D3	57
1073	#FFFFFF	#D3D3D3	57
1074	#FFFFFF	#D3D3D3	7
1075	#FFFFFF	#D3D3D3	57
1076	#FFFFFF	#D3D3D3	57
1077	#FFFFFF	#D3D3D3	57
1078	#FFFFFF	#D3D3D3	57
1079	#FFFFFF	#D3D3D3	207
1080	#FFFFFF	#D3D3D3	207
1081	#FFFFFF	#D3D3D3	207
1082	#FFFFFF	#D3D3D3	57
1083	#FFFFFF	#D3D3D3	57
1084	#FFFFFF	#D3D3D3	57
1085	#FFFFFF	#D3D3D3	7
1086	#FFFFFF	#D3D3D3	57
1087	#FFFFFF	#D3D3D3	57
1088	#FFFFFF	#D3D3D3	162
1089	#FFFFFF	#D3D3D3	57
1090	#FFFFFF	#D3D3D3	162
1091	#FFFFFF	#D3D3D3	162
1092	#FFFFFF	#D3D3D3	57
1093	#FFFFFF	#D3D3D3	57
1094	#FFFFFF	#D3D3D3	57
1095	#FFFFFF	#D3D3D3	57
1096	#FFFFFF	#D3D3D3	7
1097	#FFFFFF	#D3D3D3	57
1098	#FFFFFF	#D3D3D3	57
1099	#FFFFFF	#D3D3D3	57
1100	#FFFFFF	#D3D3D3	57
1101	#FFFFFF	#D3D3D3	188
1102	#FFFFFF	#D3D3D3	188
1103	#FFFFFF	#D3D3D3	188
1104	#FFFFFF	#D3D3D3	57
1105	#FFFFFF	#D3D3D3	57
1107	#FFFFFF	#D3D3D3	7
1108	#FFFFFF	#D3D3D3	7
1109	#FFFFFF	#D3D3D3	57
1110	#FFFFFF	#D3D3D3	7
1111	#FFFFFF	#D3D3D3	57
1112	#FFFFFF	#D3D3D3	178
1113	#FFFFFF	#D3D3D3	7
1114	#FFFFFF	#D3D3D3	7
1115	#FFFFFF	#D3D3D3	57
1116	#FFFFFF	#D3D3D3	57
1117	#FFFFFF	#D3D3D3	57
1118	#FFFFFF	#D3D3D3	57
1119	#FFFFFF	#D3D3D3	57
1120	#FFFFFF	#D3D3D3	57
1121	#FFFFFF	#D3D3D3	57
1122	#FFFFFF	#D3D3D3	57
1123	#FFFFFF	#D3D3D3	57
1124	#FFFFFF	#D3D3D3	57
1125	#FFFFFF	#D3D3D3	7
1126	#FFFFFF	#D3D3D3	57
1127	#FFFFFF	#D3D3D3	57
1128	#FFFFFF	#D3D3D3	57
1129	#FFFFFF	#D3D3D3	207
1130	#FFFFFF	#D3D3D3	207
1131	#FFFFFF	#D3D3D3	207
1132	#FFFFFF	#D3D3D3	57
1133	#FFFFFF	#D3D3D3	57
1134	#FFFFFF	#D3D3D3	57
1135	#FFFFFF	#D3D3D3	57
1136	#FFFFFF	#D3D3D3	7
1137	#FFFFFF	#D3D3D3	57
1138	#FFFFFF	#D3D3D3	162
1139	#FFFFFF	#D3D3D3	57
1140	#FFFFFF	#D3D3D3	57
1141	#FFFFFF	#D3D3D3	162
1142	#FFFFFF	#D3D3D3	57
1143	#FFFFFF	#D3D3D3	57
1144	#FFFFFF	#D3D3D3	57
1145	#FFFFFF	#D3D3D3	57
1146	#FFFFFF	#D3D3D3	57
1147	#FFFFFF	#D3D3D3	7
1148	#FFFFFF	#D3D3D3	57
1149	#FFFFFF	#D3D3D3	57
1150	#FFFFFF	#D3D3D3	57
1151	#FFFFFF	#D3D3D3	188
1152	#FFFFFF	#D3D3D3	188
1153	#FFFFFF	#D3D3D3	188
1154	#FFFFFF	#D3D3D3	57
1155	#FFFFFF	#D3D3D3	57
1156	#FFFFFF	#D3D3D3	57
1157	#FFFFFF	#D3D3D3	7
1158	#FFFFFF	#D3D3D3	7
1159	#FFFFFF	#D3D3D3	7
1160	#FFFFFF	#D3D3D3	7
1161	#FFFFFF	#D3D3D3	57
1163	#FFFFFF	#D3D3D3	64
1164	#FFFFFF	#D3D3D3	64
1165	#FFFFFF	#D3D3D3	145
1169	#FFFFFF	#D3D3D3	235
1170	#FFFFFF	#D3D3D3	7
1171	#FFFFFF	#D3D3D3	7
1172	#FFFFFF	#D3D3D3	7
1173	#FFFFFF	#D3D3D3	7
1174	#FFFFFF	#D3D3D3	7
1175	#FFFFFF	#D3D3D3	64
1176	#FFFFFF	#D3D3D3	7
1177	#FFFFFF	#D3D3D3	7
1178	#FFFFFF	#D3D3D3	7
1179	#FFFFFF	#D3D3D3	7
1180	#FFFFFF	#D3D3D3	7
1181	#FFFFFF	#D3D3D3	7
1182	#FFFFFF	#D3D3D3	7
1183	#FFFFFF	#D3D3D3	218
1184	#FFFFFF	#D3D3D3	132
1185	#FFFFFF	#D3D3D3	132
1186	#FFFFFF	#D3D3D3	64
1187	#FFFFFF	#D3D3D3	132
1188	#FFFFFF	#D3D3D3	191
1189	#FFFFFF	#D3D3D3	191
1190	#FFFFFF	#D3D3D3	132
1191	#FFFFFF	#D3D3D3	132
1192	#FFFFFF	#D3D3D3	132
1193	#FFFFFF	#D3D3D3	132
1194	#FFFFFF	#D3D3D3	132
1195	#FFFFFF	#D3D3D3	132
1196	#FFFFFF	#D3D3D3	132
1197	#FFFFFF	#D3D3D3	64
1198	#FFFFFF	#D3D3D3	132
1199	#FFFFFF	#D3D3D3	132
1200	#FFFFFF	#D3D3D3	132
1201	#FFFFFF	#D3D3D3	132
1202	#FFFFFF	#D3D3D3	132
1203	#FFFFFF	#D3D3D3	7
1204	#FFFFFF	#D3D3D3	7
1205	#FFFFFF	#D3D3D3	7
1206	#FFFFFF	#D3D3D3	7
1208	#FFFFFF	#D3D3D3	64
1209	#FFFFFF	#D3D3D3	118
1210	#FFFFFF	#D3D3D3	118
1211	#FFFFFF	#D3D3D3	118
1212	#FFFFFF	#D3D3D3	118
1213	#FFFFFF	#D3D3D3	64
1214	#FFFFFF	#D3D3D3	64
1215	#FFFFFF	#D3D3D3	64
1219	#FFFFFF	#D3D3D3	235
1220	#FFFFFF	#D3D3D3	7
1221	#FFFFFF	#D3D3D3	7
1222	#FFFFFF	#D3D3D3	7
1223	#FFFFFF	#D3D3D3	7
1224	#FFFFFF	#D3D3D3	7
1225	#FFFFFF	#D3D3D3	7
1226	#FFFFFF	#D3D3D3	64
1227	#FFFFFF	#D3D3D3	7
1228	#FFFFFF	#D3D3D3	7
1229	#FFFFFF	#D3D3D3	7
1230	#FFFFFF	#D3D3D3	7
1231	#FFFFFF	#D3D3D3	7
1232	#FFFFFF	#D3D3D3	7
1233	#FFFFFF	#D3D3D3	7
1234	#FFFFFF	#D3D3D3	132
1235	#FFFFFF	#D3D3D3	132
1236	#FFFFFF	#D3D3D3	132
1237	#FFFFFF	#D3D3D3	64
1238	#FFFFFF	#D3D3D3	191
1239	#FFFFFF	#D3D3D3	191
1240	#FFFFFF	#D3D3D3	191
1241	#FFFFFF	#D3D3D3	132
1242	#FFFFFF	#D3D3D3	7
1243	#FFFFFF	#D3D3D3	132
1244	#FFFFFF	#D3D3D3	132
1245	#FFFFFF	#D3D3D3	132
1246	#FFFFFF	#D3D3D3	132
1247	#FFFFFF	#D3D3D3	132
1248	#FFFFFF	#D3D3D3	118
1249	#FFFFFF	#D3D3D3	7
1250	#FFFFFF	#D3D3D3	132
1251	#FFFFFF	#D3D3D3	132
1252	#FFFFFF	#D3D3D3	132
1253	#FFFFFF	#D3D3D3	7
1254	#FFFFFF	#D3D3D3	7
1255	#FFFFFF	#D3D3D3	7
1256	#FFFFFF	#D3D3D3	7
1257	#FFFFFF	#D3D3D3	7
1258	#FFFFFF	#D3D3D3	118
1259	#FFFFFF	#D3D3D3	118
1260	#FFFFFF	#D3D3D3	118
1261	#FFFFFF	#D3D3D3	118
1264	#FFFFFF	#D3D3D3	7
1265	#FFFFFF	#D3D3D3	7
1266	#FFFFFF	#D3D3D3	57
1267	#FFFFFF	#D3D3D3	57
1268	#FFFFFF	#D3D3D3	57
1269	#FFFFFF	#D3D3D3	57
1270	#FFFFFF	#D3D3D3	57
1271	#FFFFFF	#D3D3D3	57
1272	#FFFFFF	#D3D3D3	57
1273	#FFFFFF	#D3D3D3	57
1274	#FFFFFF	#D3D3D3	57
1275	#FFFFFF	#D3D3D3	57
1276	#FFFFFF	#D3D3D3	7
1277	#FFFFFF	#D3D3D3	57
1278	#FFFFFF	#D3D3D3	57
1279	#FFFFFF	#D3D3D3	57
1280	#FFFFFF	#D3D3D3	57
1281	#FFFFFF	#D3D3D3	207
1282	#FFFFFF	#D3D3D3	207
1283	#FFFFFF	#D3D3D3	57
1284	#FFFFFF	#D3D3D3	57
1285	#FFFFFF	#D3D3D3	57
1286	#FFFFFF	#D3D3D3	57
1287	#FFFFFF	#D3D3D3	7
1288	#FFFFFF	#D3D3D3	57
1289	#FFFFFF	#D3D3D3	162
1290	#FFFFFF	#D3D3D3	57
1291	#FFFFFF	#D3D3D3	57
1292	#FFFFFF	#D3D3D3	162
1293	#FFFFFF	#D3D3D3	162
1294	#FFFFFF	#D3D3D3	57
1295	#FFFFFF	#D3D3D3	57
1296	#FFFFFF	#D3D3D3	57
1297	#FFFFFF	#D3D3D3	57
1298	#FFFFFF	#D3D3D3	57
1299	#FFFFFF	#D3D3D3	57
1300	#FFFFFF	#D3D3D3	57
1301	#FFFFFF	#D3D3D3	57
1302	#FFFFFF	#D3D3D3	57
1303	#FFFFFF	#D3D3D3	188
1304	#FFFFFF	#D3D3D3	188
1305	#FFFFFF	#D3D3D3	188
1306	#FFFFFF	#D3D3D3	57
1307	#FFFFFF	#D3D3D3	57
1309	#FFFFFF	#D3D3D3	7
1310	#FFFFFF	#D3D3D3	7
1311	#FFFFFF	#D3D3D3	7
1312	#FFFFFF	#D3D3D3	7
1313	#FFFFFF	#D3D3D3	7
1314	#FFFFFF	#D3D3D3	7
1315	#FFFFFF	#D3D3D3	7
1316	#FFFFFF	#D3D3D3	7
1317	#FFFFFF	#D3D3D3	57
1318	#FFFFFF	#D3D3D3	57
1319	#FFFFFF	#D3D3D3	57
1320	#FFFFFF	#D3D3D3	57
1321	#FFFFFF	#D3D3D3	57
1322	#FFFFFF	#D3D3D3	57
1323	#FFFFFF	#D3D3D3	57
1324	#FFFFFF	#D3D3D3	57
1325	#FFFFFF	#D3D3D3	57
1326	#FFFFFF	#D3D3D3	57
1327	#FFFFFF	#D3D3D3	7
1328	#FFFFFF	#D3D3D3	88
1329	#FFFFFF	#D3D3D3	57
1330	#FFFFFF	#D3D3D3	88
1331	#FFFFFF	#D3D3D3	57
1332	#FFFFFF	#D3D3D3	57
1333	#FFFFFF	#D3D3D3	57
1334	#FFFFFF	#D3D3D3	57
1335	#FFFFFF	#D3D3D3	57
1336	#FFFFFF	#D3D3D3	57
1337	#FFFFFF	#D3D3D3	57
1338	#FFFFFF	#D3D3D3	57
1339	#FFFFFF	#D3D3D3	57
1340	#FFFFFF	#D3D3D3	57
1341	#FFFFFF	#D3D3D3	57
1342	#FFFFFF	#D3D3D3	162
1343	#FFFFFF	#D3D3D3	162
1344	#FFFFFF	#D3D3D3	57
1345	#FFFFFF	#D3D3D3	57
1346	#FFFFFF	#D3D3D3	57
1347	#FFFFFF	#D3D3D3	57
1348	#FFFFFF	#D3D3D3	57
1349	#FFFFFF	#D3D3D3	57
1350	#FFFFFF	#D3D3D3	57
1351	#FFFFFF	#D3D3D3	57
1352	#FFFFFF	#D3D3D3	162
1353	#FFFFFF	#D3D3D3	57
1354	#FFFFFF	#D3D3D3	57
1355	#FFFFFF	#D3D3D3	57
1356	#FFFFFF	#D3D3D3	57
1357	#FFFFFF	#D3D3D3	57
1358	#FFFFFF	#D3D3D3	57
1359	#FFFFFF	#D3D3D3	7
1360	#FFFFFF	#D3D3D3	7
1361	#FFFFFF	#D3D3D3	7
1362	#FFFFFF	#D3D3D3	7
1363	#FFFFFF	#D3D3D3	7
1365	#FFFFFF	#D3D3D3	7
1366	#FFFFFF	#D3D3D3	7
1367	#FFFFFF	#D3D3D3	57
1368	#FFFFFF	#D3D3D3	57
1369	#FFFFFF	#D3D3D3	57
1370	#FFFFFF	#D3D3D3	57
1371	#FFFFFF	#D3D3D3	57
1372	#FFFFFF	#D3D3D3	57
1373	#FFFFFF	#D3D3D3	57
1374	#FFFFFF	#D3D3D3	57
1375	#FFFFFF	#D3D3D3	57
1376	#FFFFFF	#D3D3D3	57
1377	#FFFFFF	#D3D3D3	7
1378	#FFFFFF	#D3D3D3	57
1379	#FFFFFF	#D3D3D3	88
1380	#FFFFFF	#D3D3D3	57
1381	#FFFFFF	#D3D3D3	88
1382	#FFFFFF	#D3D3D3	57
1383	#FFFFFF	#D3D3D3	57
1384	#FFFFFF	#D3D3D3	57
1385	#FFFFFF	#D3D3D3	57
1386	#FFFFFF	#D3D3D3	57
1387	#FFFFFF	#D3D3D3	162
1388	#FFFFFF	#D3D3D3	57
1389	#FFFFFF	#D3D3D3	57
1390	#FFFFFF	#D3D3D3	57
1391	#FFFFFF	#D3D3D3	57
1392	#FFFFFF	#D3D3D3	162
1393	#FFFFFF	#D3D3D3	57
1394	#FFFFFF	#D3D3D3	57
1395	#FFFFFF	#D3D3D3	57
1396	#FFFFFF	#D3D3D3	57
1397	#FFFFFF	#D3D3D3	57
1398	#FFFFFF	#D3D3D3	57
1399	#FFFFFF	#D3D3D3	57
1400	#FFFFFF	#D3D3D3	57
1401	#FFFFFF	#D3D3D3	57
1402	#FFFFFF	#D3D3D3	162
1403	#FFFFFF	#D3D3D3	162
1404	#FFFFFF	#D3D3D3	57
1405	#FFFFFF	#D3D3D3	162
1406	#FFFFFF	#D3D3D3	57
1407	#FFFFFF	#D3D3D3	57
1408	#FFFFFF	#D3D3D3	57
1410	#FFFFFF	#D3D3D3	57
1411	#FFFFFF	#D3D3D3	7
1412	#FFFFFF	#D3D3D3	7
1413	#FFFFFF	#D3D3D3	7
1414	#FFFFFF	#D3D3D3	57
1415	#FFFFFF	#D3D3D3	7
1416	#FFFFFF	#D3D3D3	7
1417	#FFFFFF	#D3D3D3	7
1418	#FFFFFF	#D3D3D3	57
1419	#FFFFFF	#D3D3D3	57
1420	#FFFFFF	#D3D3D3	57
1421	#FFFFFF	#D3D3D3	57
1422	#FFFFFF	#D3D3D3	57
1423	#FFFFFF	#D3D3D3	57
1424	#FFFFFF	#D3D3D3	57
1425	#FFFFFF	#D3D3D3	57
1426	#FFFFFF	#D3D3D3	57
1427	#FFFFFF	#D3D3D3	88
1428	#FFFFFF	#D3D3D3	57
1429	#FFFFFF	#D3D3D3	88
1430	#FFFFFF	#D3D3D3	88
1431	#FFFFFF	#D3D3D3	88
1432	#FFFFFF	#D3D3D3	57
1433	#FFFFFF	#D3D3D3	57
1434	#FFFFFF	#D3D3D3	57
1435	#FFFFFF	#D3D3D3	57
1436	#FFFFFF	#D3D3D3	57
1437	#FFFFFF	#D3D3D3	162
1438	#FFFFFF	#D3D3D3	162
1439	#FFFFFF	#D3D3D3	57
1440	#FFFFFF	#D3D3D3	57
1441	#FFFFFF	#D3D3D3	162
1442	#FFFFFF	#D3D3D3	162
1443	#FFFFFF	#D3D3D3	162
1444	#FFFFFF	#D3D3D3	57
1445	#FFFFFF	#D3D3D3	57
1446	#FFFFFF	#D3D3D3	57
1447	#FFFFFF	#D3D3D3	57
1448	#FFFFFF	#D3D3D3	57
1449	#FFFFFF	#D3D3D3	57
1450	#FFFFFF	#D3D3D3	57
1451	#FFFFFF	#D3D3D3	57
1452	#FFFFFF	#D3D3D3	162
1453	#FFFFFF	#D3D3D3	162
1454	#FFFFFF	#D3D3D3	162
1455	#FFFFFF	#D3D3D3	162
1456	#FFFFFF	#D3D3D3	162
1457	#FFFFFF	#D3D3D3	57
1458	#FFFFFF	#D3D3D3	57
1459	#FFFFFF	#D3D3D3	57
1460	#FFFFFF	#D3D3D3	57
1461	#FFFFFF	#D3D3D3	7
1462	#FFFFFF	#D3D3D3	7
1463	#FFFFFF	#D3D3D3	57
1464	#FFFFFF	#D3D3D3	57
1466	#FFFFFF	#D3D3D3	7
1467	#FFFFFF	#D3D3D3	7
1468	#FFFFFF	#D3D3D3	57
1469	#FFFFFF	#D3D3D3	57
1470	#FFFFFF	#D3D3D3	57
1471	#FFFFFF	#D3D3D3	57
1472	#FFFFFF	#D3D3D3	57
1473	#FFFFFF	#D3D3D3	57
1474	#FFFFFF	#D3D3D3	57
1475	#FFFFFF	#D3D3D3	57
1476	#FFFFFF	#D3D3D3	57
1477	#FFFFFF	#D3D3D3	88
1478	#FFFFFF	#D3D3D3	57
1479	#FFFFFF	#D3D3D3	88
1480	#FFFFFF	#D3D3D3	88
1481	#FFFFFF	#D3D3D3	88
1482	#FFFFFF	#D3D3D3	57
1483	#FFFFFF	#D3D3D3	57
1484	#FFFFFF	#D3D3D3	57
1485	#FFFFFF	#D3D3D3	57
1486	#FFFFFF	#D3D3D3	57
1487	#FFFFFF	#D3D3D3	162
1488	#FFFFFF	#D3D3D3	162
1489	#FFFFFF	#D3D3D3	57
1490	#FFFFFF	#D3D3D3	57
1491	#FFFFFF	#D3D3D3	162
1492	#FFFFFF	#D3D3D3	162
1493	#FFFFFF	#D3D3D3	162
1494	#FFFFFF	#D3D3D3	162
1495	#FFFFFF	#D3D3D3	57
1496	#FFFFFF	#D3D3D3	57
1497	#FFFFFF	#D3D3D3	57
1498	#FFFFFF	#D3D3D3	57
1499	#FFFFFF	#D3D3D3	57
1500	#FFFFFF	#D3D3D3	57
1501	#FFFFFF	#D3D3D3	57
1502	#FFFFFF	#D3D3D3	162
1503	#FFFFFF	#D3D3D3	162
1504	#FFFFFF	#D3D3D3	162
1505	#FFFFFF	#D3D3D3	162
1506	#FFFFFF	#D3D3D3	162
1507	#FFFFFF	#D3D3D3	57
1508	#FFFFFF	#D3D3D3	57
1509	#FFFFFF	#D3D3D3	57
1511	#FFFFFF	#D3D3D3	57
1512	#FFFFFF	#D3D3D3	57
1513	#FFFFFF	#D3D3D3	57
1514	#FFFFFF	#D3D3D3	57
1515	#FFFFFF	#D3D3D3	57
1516	#FFFFFF	#D3D3D3	7
1517	#FFFFFF	#D3D3D3	7
1518	#FFFFFF	#D3D3D3	57
1519	#FFFFFF	#D3D3D3	57
1520	#FFFFFF	#D3D3D3	57
1521	#FFFFFF	#D3D3D3	57
1522	#FFFFFF	#D3D3D3	57
1523	#FFFFFF	#D3D3D3	57
1524	#FFFFFF	#D3D3D3	57
1525	#FFFFFF	#D3D3D3	57
1526	#FFFFFF	#D3D3D3	57
1527	#FFFFFF	#D3D3D3	88
1528	#FFFFFF	#D3D3D3	88
1529	#FFFFFF	#D3D3D3	57
1530	#FFFFFF	#D3D3D3	88
1531	#FFFFFF	#D3D3D3	88
1532	#FFFFFF	#D3D3D3	57
1533	#FFFFFF	#D3D3D3	57
1534	#FFFFFF	#D3D3D3	57
1535	#FFFFFF	#D3D3D3	57
1536	#FFFFFF	#D3D3D3	57
1537	#FFFFFF	#D3D3D3	162
1538	#FFFFFF	#D3D3D3	162
1539	#FFFFFF	#D3D3D3	57
1540	#FFFFFF	#D3D3D3	57
1541	#FFFFFF	#D3D3D3	57
1542	#FFFFFF	#D3D3D3	162
1543	#FFFFFF	#D3D3D3	162
1544	#FFFFFF	#D3D3D3	162
1545	#FFFFFF	#D3D3D3	57
1546	#FFFFFF	#D3D3D3	57
1547	#FFFFFF	#D3D3D3	57
1548	#FFFFFF	#D3D3D3	162
1549	#FFFFFF	#D3D3D3	57
1550	#FFFFFF	#D3D3D3	57
1551	#FFFFFF	#D3D3D3	57
1552	#FFFFFF	#D3D3D3	162
1553	#FFFFFF	#D3D3D3	162
1554	#FFFFFF	#D3D3D3	162
1555	#FFFFFF	#D3D3D3	162
1556	#FFFFFF	#D3D3D3	162
1557	#FFFFFF	#D3D3D3	57
1558	#FFFFFF	#D3D3D3	57
1559	#FFFFFF	#D3D3D3	57
1560	#FFFFFF	#D3D3D3	162
1561	#FFFFFF	#D3D3D3	57
1562	#FFFFFF	#D3D3D3	57
1563	#FFFFFF	#D3D3D3	57
1564	#FFFFFF	#D3D3D3	57
1565	#FFFFFF	#D3D3D3	57
1567	#FFFFFF	#D3D3D3	7
1568	#FFFFFF	#D3D3D3	57
1569	#FFFFFF	#D3D3D3	57
1570	#FFFFFF	#D3D3D3	57
1571	#FFFFFF	#D3D3D3	57
1572	#FFFFFF	#D3D3D3	57
1573	#FFFFFF	#D3D3D3	57
1574	#FFFFFF	#D3D3D3	57
1575	#FFFFFF	#D3D3D3	57
1576	#FFFFFF	#D3D3D3	57
1577	#FFFFFF	#D3D3D3	88
1578	#FFFFFF	#D3D3D3	88
1579	#FFFFFF	#D3D3D3	57
1580	#FFFFFF	#D3D3D3	88
1581	#FFFFFF	#D3D3D3	88
1582	#FFFFFF	#D3D3D3	57
1583	#FFFFFF	#D3D3D3	57
1584	#FFFFFF	#D3D3D3	57
1585	#FFFFFF	#D3D3D3	57
1586	#FFFFFF	#D3D3D3	57
1587	#FFFFFF	#D3D3D3	57
1588	#FFFFFF	#D3D3D3	162
1589	#FFFFFF	#D3D3D3	57
1590	#FFFFFF	#D3D3D3	57
1591	#FFFFFF	#D3D3D3	57
1592	#FFFFFF	#D3D3D3	162
1593	#FFFFFF	#D3D3D3	162
1594	#FFFFFF	#D3D3D3	162
1595	#FFFFFF	#D3D3D3	57
1596	#FFFFFF	#D3D3D3	57
1597	#FFFFFF	#D3D3D3	57
1598	#FFFFFF	#D3D3D3	57
1599	#FFFFFF	#D3D3D3	162
1600	#FFFFFF	#D3D3D3	57
1601	#FFFFFF	#D3D3D3	57
1602	#FFFFFF	#D3D3D3	162
1603	#FFFFFF	#D3D3D3	162
1604	#FFFFFF	#D3D3D3	162
1605	#FFFFFF	#D3D3D3	162
1606	#FFFFFF	#D3D3D3	162
1607	#FFFFFF	#D3D3D3	162
1608	#FFFFFF	#D3D3D3	57
1609	#FFFFFF	#D3D3D3	57
1610	#FFFFFF	#D3D3D3	162
1612	#FFFFFF	#D3D3D3	57
1613	#FFFFFF	#D3D3D3	57
1614	#FFFFFF	#D3D3D3	57
1615	#FFFFFF	#D3D3D3	57
1616	#FFFFFF	#D3D3D3	57
1617	#FFFFFF	#D3D3D3	7
1618	#FFFFFF	#D3D3D3	7
1619	#FFFFFF	#D3D3D3	57
1620	#FFFFFF	#D3D3D3	57
1621	#FFFFFF	#D3D3D3	57
1622	#FFFFFF	#D3D3D3	57
1623	#FFFFFF	#D3D3D3	57
1624	#FFFFFF	#D3D3D3	57
1625	#FFFFFF	#D3D3D3	57
1626	#FFFFFF	#D3D3D3	57
1627	#FFFFFF	#D3D3D3	88
1628	#FFFFFF	#D3D3D3	88
1629	#FFFFFF	#D3D3D3	88
1630	#FFFFFF	#D3D3D3	57
1631	#FFFFFF	#D3D3D3	88
1632	#FFFFFF	#D3D3D3	57
1633	#FFFFFF	#D3D3D3	57
1634	#FFFFFF	#D3D3D3	57
1635	#FFFFFF	#D3D3D3	57
1636	#FFFFFF	#D3D3D3	57
1637	#FFFFFF	#D3D3D3	162
1638	#FFFFFF	#D3D3D3	162
1639	#FFFFFF	#D3D3D3	57
1640	#FFFFFF	#D3D3D3	57
1641	#FFFFFF	#D3D3D3	57
1642	#FFFFFF	#D3D3D3	162
1643	#FFFFFF	#D3D3D3	162
1644	#FFFFFF	#D3D3D3	57
1645	#FFFFFF	#D3D3D3	57
1646	#FFFFFF	#D3D3D3	57
1647	#FFFFFF	#D3D3D3	57
1648	#FFFFFF	#D3D3D3	57
1649	#FFFFFF	#D3D3D3	57
1650	#FFFFFF	#D3D3D3	162
1651	#FFFFFF	#D3D3D3	162
1652	#FFFFFF	#D3D3D3	57
1653	#FFFFFF	#D3D3D3	162
1654	#FFFFFF	#D3D3D3	162
1655	#FFFFFF	#D3D3D3	162
1656	#FFFFFF	#D3D3D3	162
1657	#FFFFFF	#D3D3D3	162
1658	#FFFFFF	#D3D3D3	162
1659	#FFFFFF	#D3D3D3	57
1660	#FFFFFF	#D3D3D3	162
1661	#FFFFFF	#D3D3D3	162
1662	#FFFFFF	#D3D3D3	57
1663	#FFFFFF	#D3D3D3	57
1664	#FFFFFF	#D3D3D3	57
1665	#FFFFFF	#D3D3D3	57
1666	#FFFFFF	#D3D3D3	57
1668	#FFFFFF	#D3D3D3	7
1669	#FFFFFF	#D3D3D3	7
1670	#FFFFFF	#D3D3D3	57
1671	#FFFFFF	#D3D3D3	57
1672	#FFFFFF	#D3D3D3	57
1673	#FFFFFF	#D3D3D3	57
1674	#FFFFFF	#D3D3D3	57
1675	#FFFFFF	#D3D3D3	57
1676	#FFFFFF	#D3D3D3	57
1677	#FFFFFF	#D3D3D3	88
1678	#FFFFFF	#D3D3D3	88
1679	#FFFFFF	#D3D3D3	88
1680	#FFFFFF	#D3D3D3	57
1681	#FFFFFF	#D3D3D3	88
1682	#FFFFFF	#D3D3D3	57
1683	#FFFFFF	#D3D3D3	57
1684	#FFFFFF	#D3D3D3	57
1685	#FFFFFF	#D3D3D3	57
1686	#FFFFFF	#D3D3D3	57
1687	#FFFFFF	#D3D3D3	57
1688	#FFFFFF	#D3D3D3	162
1689	#FFFFFF	#D3D3D3	162
1690	#FFFFFF	#D3D3D3	57
1691	#FFFFFF	#D3D3D3	57
1692	#FFFFFF	#D3D3D3	162
1693	#FFFFFF	#D3D3D3	162
1694	#FFFFFF	#D3D3D3	162
1695	#FFFFFF	#D3D3D3	57
1696	#FFFFFF	#D3D3D3	57
1697	#FFFFFF	#D3D3D3	57
1698	#FFFFFF	#D3D3D3	57
1699	#FFFFFF	#D3D3D3	57
1700	#FFFFFF	#D3D3D3	162
1701	#FFFFFF	#D3D3D3	162
1702	#FFFFFF	#D3D3D3	57
1703	#FFFFFF	#D3D3D3	162
1704	#FFFFFF	#D3D3D3	162
1705	#FFFFFF	#D3D3D3	162
1706	#FFFFFF	#D3D3D3	162
1707	#FFFFFF	#D3D3D3	162
1708	#FFFFFF	#D3D3D3	162
1709	#FFFFFF	#D3D3D3	162
1710	#FFFFFF	#D3D3D3	162
1711	#FFFFFF	#D3D3D3	162
1713	#FFFFFF	#D3D3D3	57
1714	#FFFFFF	#D3D3D3	57
1715	#FFFFFF	#D3D3D3	57
1716	#FFFFFF	#D3D3D3	57
1717	#FFFFFF	#D3D3D3	57
1718	#FFFFFF	#D3D3D3	7
1719	#FFFFFF	#D3D3D3	7
1720	#FFFFFF	#D3D3D3	7
1721	#FFFFFF	#D3D3D3	57
1722	#FFFFFF	#D3D3D3	57
1723	#FFFFFF	#D3D3D3	57
1724	#FFFFFF	#D3D3D3	57
1725	#FFFFFF	#D3D3D3	57
1726	#FFFFFF	#D3D3D3	57
1727	#FFFFFF	#D3D3D3	57
1728	#FFFFFF	#D3D3D3	88
1729	#FFFFFF	#D3D3D3	88
1730	#FFFFFF	#D3D3D3	88
1731	#FFFFFF	#D3D3D3	57
1732	#FFFFFF	#D3D3D3	57
1733	#FFFFFF	#D3D3D3	57
1734	#FFFFFF	#D3D3D3	57
1735	#FFFFFF	#D3D3D3	57
1736	#FFFFFF	#D3D3D3	57
1737	#FFFFFF	#D3D3D3	57
1738	#FFFFFF	#D3D3D3	57
1739	#FFFFFF	#D3D3D3	162
1740	#FFFFFF	#D3D3D3	162
1741	#FFFFFF	#D3D3D3	162
1742	#FFFFFF	#D3D3D3	57
1743	#FFFFFF	#D3D3D3	162
1744	#FFFFFF	#D3D3D3	57
1745	#FFFFFF	#D3D3D3	57
1746	#FFFFFF	#D3D3D3	57
1747	#FFFFFF	#D3D3D3	57
1748	#FFFFFF	#D3D3D3	57
1749	#FFFFFF	#D3D3D3	57
1750	#FFFFFF	#D3D3D3	162
1751	#FFFFFF	#D3D3D3	162
1752	#FFFFFF	#D3D3D3	162
1753	#FFFFFF	#D3D3D3	57
1754	#FFFFFF	#D3D3D3	162
1755	#FFFFFF	#D3D3D3	162
1756	#FFFFFF	#D3D3D3	162
1757	#FFFFFF	#D3D3D3	162
1758	#FFFFFF	#D3D3D3	162
1759	#FFFFFF	#D3D3D3	162
1760	#FFFFFF	#D3D3D3	162
1761	#FFFFFF	#D3D3D3	162
1762	#FFFFFF	#D3D3D3	162
1763	#FFFFFF	#D3D3D3	57
1764	#FFFFFF	#D3D3D3	57
1765	#FFFFFF	#D3D3D3	57
1766	#FFFFFF	#D3D3D3	57
1767	#FFFFFF	#D3D3D3	57
1769	#FFFFFF	#D3D3D3	7
1770	#FFFFFF	#D3D3D3	7
1771	#FFFFFF	#D3D3D3	57
1772	#FFFFFF	#D3D3D3	57
1773	#FFFFFF	#D3D3D3	57
1774	#FFFFFF	#D3D3D3	57
1775	#FFFFFF	#D3D3D3	57
1776	#FFFFFF	#D3D3D3	57
1777	#FFFFFF	#D3D3D3	57
1778	#FFFFFF	#D3D3D3	57
1779	#FFFFFF	#D3D3D3	88
1780	#FFFFFF	#D3D3D3	88
1781	#FFFFFF	#D3D3D3	7
1782	#FFFFFF	#D3D3D3	88
1783	#FFFFFF	#D3D3D3	57
1784	#FFFFFF	#D3D3D3	57
1785	#FFFFFF	#D3D3D3	57
1786	#FFFFFF	#D3D3D3	57
1787	#FFFFFF	#D3D3D3	57
1788	#FFFFFF	#D3D3D3	57
1789	#FFFFFF	#D3D3D3	162
1790	#FFFFFF	#D3D3D3	162
1791	#FFFFFF	#D3D3D3	162
1792	#FFFFFF	#D3D3D3	57
1793	#FFFFFF	#D3D3D3	162
1794	#FFFFFF	#D3D3D3	57
1795	#FFFFFF	#D3D3D3	57
1796	#FFFFFF	#D3D3D3	57
1797	#FFFFFF	#D3D3D3	57
1798	#FFFFFF	#D3D3D3	57
1799	#FFFFFF	#D3D3D3	57
1800	#FFFFFF	#D3D3D3	57
1801	#FFFFFF	#D3D3D3	162
1802	#FFFFFF	#D3D3D3	162
1803	#FFFFFF	#D3D3D3	57
1804	#FFFFFF	#D3D3D3	162
1805	#FFFFFF	#D3D3D3	162
1806	#FFFFFF	#D3D3D3	162
1807	#FFFFFF	#D3D3D3	162
1808	#FFFFFF	#D3D3D3	162
1809	#FFFFFF	#D3D3D3	162
1810	#FFFFFF	#D3D3D3	44
1811	#FFFFFF	#D3D3D3	162
1812	#FFFFFF	#D3D3D3	162
1814	#FFFFFF	#D3D3D3	57
1815	#FFFFFF	#D3D3D3	57
1816	#FFFFFF	#D3D3D3	57
1817	#FFFFFF	#D3D3D3	57
1818	#FFFFFF	#D3D3D3	57
1819	#FFFFFF	#D3D3D3	15
1820	#FFFFFF	#D3D3D3	7
1821	#FFFFFF	#D3D3D3	7
1822	#FFFFFF	#D3D3D3	57
1823	#FFFFFF	#D3D3D3	57
1824	#FFFFFF	#D3D3D3	57
1825	#FFFFFF	#D3D3D3	57
1826	#FFFFFF	#D3D3D3	57
1827	#FFFFFF	#D3D3D3	57
1828	#FFFFFF	#D3D3D3	57
1829	#FFFFFF	#D3D3D3	57
1830	#FFFFFF	#D3D3D3	88
1831	#FFFFFF	#D3D3D3	88
1832	#FFFFFF	#D3D3D3	7
1833	#FFFFFF	#D3D3D3	57
1834	#FFFFFF	#D3D3D3	57
1835	#FFFFFF	#D3D3D3	57
1836	#FFFFFF	#D3D3D3	57
1837	#FFFFFF	#D3D3D3	57
1838	#FFFFFF	#D3D3D3	57
1839	#FFFFFF	#D3D3D3	162
1840	#FFFFFF	#D3D3D3	162
1841	#FFFFFF	#D3D3D3	162
1842	#FFFFFF	#D3D3D3	162
1843	#FFFFFF	#D3D3D3	57
1844	#FFFFFF	#D3D3D3	57
1845	#FFFFFF	#D3D3D3	57
1846	#FFFFFF	#D3D3D3	57
1847	#FFFFFF	#D3D3D3	57
1848	#FFFFFF	#D3D3D3	57
1849	#FFFFFF	#D3D3D3	57
1850	#FFFFFF	#D3D3D3	57
1851	#FFFFFF	#D3D3D3	162
1852	#FFFFFF	#D3D3D3	162
1853	#FFFFFF	#D3D3D3	162
1854	#FFFFFF	#D3D3D3	57
1855	#FFFFFF	#D3D3D3	162
1856	#FFFFFF	#D3D3D3	162
1857	#FFFFFF	#D3D3D3	162
1858	#FFFFFF	#D3D3D3	162
1859	#FFFFFF	#D3D3D3	162
1860	#FFFFFF	#D3D3D3	44
1861	#FFFFFF	#D3D3D3	44
1862	#FFFFFF	#D3D3D3	162
1863	#FFFFFF	#D3D3D3	162
1864	#FFFFFF	#D3D3D3	57
1865	#FFFFFF	#D3D3D3	57
1866	#FFFFFF	#D3D3D3	57
1867	#FFFFFF	#D3D3D3	57
1868	#FFFFFF	#D3D3D3	57
1870	#FFFFFF	#D3D3D3	15
1871	#FFFFFF	#D3D3D3	7
1872	#FFFFFF	#D3D3D3	57
1873	#FFFFFF	#D3D3D3	57
1874	#FFFFFF	#D3D3D3	57
1875	#FFFFFF	#D3D3D3	57
1876	#FFFFFF	#D3D3D3	57
1877	#FFFFFF	#D3D3D3	57
1878	#FFFFFF	#D3D3D3	57
1879	#FFFFFF	#D3D3D3	88
1880	#FFFFFF	#D3D3D3	88
1881	#FFFFFF	#D3D3D3	57
1882	#FFFFFF	#D3D3D3	7
1883	#FFFFFF	#D3D3D3	57
1884	#FFFFFF	#D3D3D3	57
1885	#FFFFFF	#D3D3D3	57
1886	#FFFFFF	#D3D3D3	57
1887	#FFFFFF	#D3D3D3	57
1888	#FFFFFF	#D3D3D3	57
1889	#FFFFFF	#D3D3D3	57
1890	#FFFFFF	#D3D3D3	162
1891	#FFFFFF	#D3D3D3	162
1892	#FFFFFF	#D3D3D3	162
1893	#FFFFFF	#D3D3D3	7
1894	#FFFFFF	#D3D3D3	162
1895	#FFFFFF	#D3D3D3	57
1896	#FFFFFF	#D3D3D3	57
1897	#FFFFFF	#D3D3D3	57
1898	#FFFFFF	#D3D3D3	57
1899	#FFFFFF	#D3D3D3	57
1900	#FFFFFF	#D3D3D3	57
1901	#FFFFFF	#D3D3D3	57
1902	#FFFFFF	#D3D3D3	162
1903	#FFFFFF	#D3D3D3	162
1904	#FFFFFF	#D3D3D3	57
1905	#FFFFFF	#D3D3D3	162
1906	#FFFFFF	#D3D3D3	162
1907	#FFFFFF	#D3D3D3	162
1908	#FFFFFF	#D3D3D3	162
1909	#FFFFFF	#D3D3D3	162
1910	#FFFFFF	#D3D3D3	44
1911	#FFFFFF	#D3D3D3	44
1912	#FFFFFF	#D3D3D3	44
1913	#FFFFFF	#D3D3D3	162
1915	#FFFFFF	#D3D3D3	57
1916	#FFFFFF	#D3D3D3	57
1917	#FFFFFF	#D3D3D3	57
1918	#FFFFFF	#D3D3D3	57
1919	#FFFFFF	#D3D3D3	57
1920	#FFFFFF	#D3D3D3	94
1921	#FFFFFF	#D3D3D3	15
1922	#FFFFFF	#D3D3D3	7
1923	#FFFFFF	#D3D3D3	57
1924	#FFFFFF	#D3D3D3	57
1925	#FFFFFF	#D3D3D3	57
1926	#FFFFFF	#D3D3D3	57
1927	#FFFFFF	#D3D3D3	57
1928	#FFFFFF	#D3D3D3	57
1929	#FFFFFF	#D3D3D3	88
1930	#FFFFFF	#D3D3D3	88
1931	#FFFFFF	#D3D3D3	57
1932	#FFFFFF	#D3D3D3	57
1933	#FFFFFF	#D3D3D3	7
1934	#FFFFFF	#D3D3D3	57
1935	#FFFFFF	#D3D3D3	57
1936	#FFFFFF	#D3D3D3	57
1937	#FFFFFF	#D3D3D3	57
1938	#FFFFFF	#D3D3D3	57
1939	#FFFFFF	#D3D3D3	57
1940	#FFFFFF	#D3D3D3	57
1941	#FFFFFF	#D3D3D3	57
1942	#FFFFFF	#D3D3D3	162
1943	#FFFFFF	#D3D3D3	57
1944	#FFFFFF	#D3D3D3	7
1945	#FFFFFF	#D3D3D3	162
1946	#FFFFFF	#D3D3D3	57
1947	#FFFFFF	#D3D3D3	57
1948	#FFFFFF	#D3D3D3	57
1949	#FFFFFF	#D3D3D3	57
1950	#FFFFFF	#D3D3D3	57
1951	#FFFFFF	#D3D3D3	57
1952	#FFFFFF	#D3D3D3	162
1953	#FFFFFF	#D3D3D3	162
1954	#FFFFFF	#D3D3D3	162
1955	#FFFFFF	#D3D3D3	57
1956	#FFFFFF	#D3D3D3	162
1957	#FFFFFF	#D3D3D3	162
1958	#FFFFFF	#D3D3D3	162
1959	#FFFFFF	#D3D3D3	162
1960	#FFFFFF	#D3D3D3	44
1961	#FFFFFF	#D3D3D3	44
1962	#FFFFFF	#D3D3D3	44
1963	#FFFFFF	#D3D3D3	162
1964	#FFFFFF	#D3D3D3	162
1965	#FFFFFF	#D3D3D3	57
1966	#FFFFFF	#D3D3D3	57
1967	#FFFFFF	#D3D3D3	57
1968	#FFFFFF	#D3D3D3	57
1969	#FFFFFF	#D3D3D3	57
1971	#FFFFFF	#D3D3D3	15
1972	#FFFFFF	#D3D3D3	15
1973	#FFFFFF	#D3D3D3	57
1974	#FFFFFF	#D3D3D3	57
1975	#FFFFFF	#D3D3D3	57
1976	#FFFFFF	#D3D3D3	57
1977	#FFFFFF	#D3D3D3	57
1978	#FFFFFF	#D3D3D3	57
1979	#FFFFFF	#D3D3D3	88
1980	#FFFFFF	#D3D3D3	88
1981	#FFFFFF	#D3D3D3	57
1982	#FFFFFF	#D3D3D3	57
1983	#FFFFFF	#D3D3D3	7
1984	#FFFFFF	#D3D3D3	57
1985	#FFFFFF	#D3D3D3	57
1986	#FFFFFF	#D3D3D3	57
1987	#FFFFFF	#D3D3D3	57
1988	#FFFFFF	#D3D3D3	57
1989	#FFFFFF	#D3D3D3	57
1990	#FFFFFF	#D3D3D3	57
1991	#FFFFFF	#D3D3D3	57
1992	#FFFFFF	#D3D3D3	162
1993	#FFFFFF	#D3D3D3	162
1994	#FFFFFF	#D3D3D3	7
1995	#FFFFFF	#D3D3D3	57
1996	#FFFFFF	#D3D3D3	57
1997	#FFFFFF	#D3D3D3	57
1998	#FFFFFF	#D3D3D3	57
1999	#FFFFFF	#D3D3D3	57
2000	#FFFFFF	#D3D3D3	57
2001	#FFFFFF	#D3D3D3	57
2002	#FFFFFF	#D3D3D3	57
2003	#FFFFFF	#D3D3D3	162
2004	#FFFFFF	#D3D3D3	162
2005	#FFFFFF	#D3D3D3	7
2006	#FFFFFF	#D3D3D3	162
2007	#FFFFFF	#D3D3D3	162
2008	#FFFFFF	#D3D3D3	162
2009	#FFFFFF	#D3D3D3	162
2010	#FFFFFF	#D3D3D3	44
2011	#FFFFFF	#D3D3D3	44
2012	#FFFFFF	#D3D3D3	44
2013	#FFFFFF	#D3D3D3	44
2014	#FFFFFF	#D3D3D3	162
2016	#FFFFFF	#D3D3D3	57
2017	#FFFFFF	#D3D3D3	57
2018	#FFFFFF	#D3D3D3	57
2019	#FFFFFF	#D3D3D3	57
2020	#FFFFFF	#D3D3D3	57
2021	#FFFFFF	#D3D3D3	94
2022	#FFFFFF	#D3D3D3	15
2023	#FFFFFF	#D3D3D3	15
2024	#FFFFFF	#D3D3D3	57
2025	#FFFFFF	#D3D3D3	57
2026	#FFFFFF	#D3D3D3	57
2027	#FFFFFF	#D3D3D3	57
2028	#FFFFFF	#D3D3D3	57
2029	#FFFFFF	#D3D3D3	88
2030	#FFFFFF	#D3D3D3	88
2031	#FFFFFF	#D3D3D3	57
2032	#FFFFFF	#D3D3D3	57
2033	#FFFFFF	#D3D3D3	57
2034	#FFFFFF	#D3D3D3	7
2035	#FFFFFF	#D3D3D3	57
2036	#FFFFFF	#D3D3D3	57
2037	#FFFFFF	#D3D3D3	57
2038	#FFFFFF	#D3D3D3	57
2039	#FFFFFF	#D3D3D3	57
2040	#FFFFFF	#D3D3D3	57
2041	#FFFFFF	#D3D3D3	57
2042	#FFFFFF	#D3D3D3	57
2043	#FFFFFF	#D3D3D3	162
2044	#FFFFFF	#D3D3D3	162
2045	#FFFFFF	#D3D3D3	7
2046	#FFFFFF	#D3D3D3	57
2047	#FFFFFF	#D3D3D3	57
2048	#FFFFFF	#D3D3D3	57
2049	#FFFFFF	#D3D3D3	57
2050	#FFFFFF	#D3D3D3	57
2051	#FFFFFF	#D3D3D3	162
2052	#FFFFFF	#D3D3D3	162
2053	#FFFFFF	#D3D3D3	162
2054	#FFFFFF	#D3D3D3	162
2055	#FFFFFF	#D3D3D3	162
2056	#FFFFFF	#D3D3D3	7
2057	#FFFFFF	#D3D3D3	162
2058	#FFFFFF	#D3D3D3	162
2059	#FFFFFF	#D3D3D3	162
2060	#FFFFFF	#D3D3D3	44
2061	#FFFFFF	#D3D3D3	44
2062	#FFFFFF	#D3D3D3	44
2063	#FFFFFF	#D3D3D3	44
2064	#FFFFFF	#D3D3D3	44
2065	#FFFFFF	#D3D3D3	44
2066	#FFFFFF	#D3D3D3	57
2067	#FFFFFF	#D3D3D3	57
2068	#FFFFFF	#D3D3D3	57
2069	#FFFFFF	#D3D3D3	57
2070	#FFFFFF	#D3D3D3	57
2072	#FFFFFF	#D3D3D3	94
2073	#FFFFFF	#D3D3D3	15
2074	#FFFFFF	#D3D3D3	57
2075	#FFFFFF	#D3D3D3	57
2076	#FFFFFF	#D3D3D3	57
2077	#FFFFFF	#D3D3D3	57
2078	#FFFFFF	#D3D3D3	57
2079	#FFFFFF	#D3D3D3	88
2080	#FFFFFF	#D3D3D3	88
2081	#FFFFFF	#D3D3D3	57
2082	#FFFFFF	#D3D3D3	57
2083	#FFFFFF	#D3D3D3	57
2084	#FFFFFF	#D3D3D3	7
2085	#FFFFFF	#D3D3D3	57
2086	#FFFFFF	#D3D3D3	57
2087	#FFFFFF	#D3D3D3	57
2088	#FFFFFF	#D3D3D3	57
2089	#FFFFFF	#D3D3D3	57
2090	#FFFFFF	#D3D3D3	57
2091	#FFFFFF	#D3D3D3	57
2092	#FFFFFF	#D3D3D3	57
2093	#FFFFFF	#D3D3D3	57
2094	#FFFFFF	#D3D3D3	162
2095	#FFFFFF	#D3D3D3	7
2096	#FFFFFF	#D3D3D3	57
2097	#FFFFFF	#D3D3D3	57
2098	#FFFFFF	#D3D3D3	57
2099	#FFFFFF	#D3D3D3	57
2100	#FFFFFF	#D3D3D3	57
2101	#FFFFFF	#D3D3D3	162
2102	#FFFFFF	#D3D3D3	162
2103	#FFFFFF	#D3D3D3	162
2104	#FFFFFF	#D3D3D3	162
2105	#FFFFFF	#D3D3D3	162
2106	#FFFFFF	#D3D3D3	7
2107	#FFFFFF	#D3D3D3	162
2108	#FFFFFF	#D3D3D3	162
2109	#FFFFFF	#D3D3D3	162
2110	#FFFFFF	#D3D3D3	162
2111	#FFFFFF	#D3D3D3	44
2112	#FFFFFF	#D3D3D3	44
2113	#FFFFFF	#D3D3D3	44
2114	#FFFFFF	#D3D3D3	44
2115	#FFFFFF	#D3D3D3	44
2117	#FFFFFF	#D3D3D3	7
2118	#FFFFFF	#D3D3D3	57
2119	#FFFFFF	#D3D3D3	57
2120	#FFFFFF	#D3D3D3	57
2121	#FFFFFF	#D3D3D3	57
2122	#FFFFFF	#D3D3D3	94
2123	#FFFFFF	#D3D3D3	94
2124	#FFFFFF	#D3D3D3	15
2125	#FFFFFF	#D3D3D3	57
2126	#FFFFFF	#D3D3D3	57
2127	#FFFFFF	#D3D3D3	57
2128	#FFFFFF	#D3D3D3	57
2129	#FFFFFF	#D3D3D3	88
2130	#FFFFFF	#D3D3D3	88
2131	#FFFFFF	#D3D3D3	88
2132	#FFFFFF	#D3D3D3	57
2133	#FFFFFF	#D3D3D3	57
2134	#FFFFFF	#D3D3D3	57
2135	#FFFFFF	#D3D3D3	7
2136	#FFFFFF	#D3D3D3	57
2137	#FFFFFF	#D3D3D3	57
2138	#FFFFFF	#D3D3D3	57
2139	#FFFFFF	#D3D3D3	57
2140	#FFFFFF	#D3D3D3	57
2141	#FFFFFF	#D3D3D3	57
2142	#FFFFFF	#D3D3D3	57
2143	#FFFFFF	#D3D3D3	57
2144	#FFFFFF	#D3D3D3	57
2145	#FFFFFF	#D3D3D3	162
2146	#FFFFFF	#D3D3D3	7
2147	#FFFFFF	#D3D3D3	57
2148	#FFFFFF	#D3D3D3	162
2149	#FFFFFF	#D3D3D3	57
2150	#FFFFFF	#D3D3D3	57
2151	#FFFFFF	#D3D3D3	162
2152	#FFFFFF	#D3D3D3	162
2153	#FFFFFF	#D3D3D3	162
2154	#FFFFFF	#D3D3D3	162
2155	#FFFFFF	#D3D3D3	162
2156	#FFFFFF	#D3D3D3	162
2157	#FFFFFF	#D3D3D3	7
2158	#FFFFFF	#D3D3D3	162
2159	#FFFFFF	#D3D3D3	162
2160	#FFFFFF	#D3D3D3	44
2161	#FFFFFF	#D3D3D3	44
2162	#FFFFFF	#D3D3D3	44
2163	#FFFFFF	#D3D3D3	44
2164	#FFFFFF	#D3D3D3	44
2165	#FFFFFF	#D3D3D3	44
2166	#FFFFFF	#D3D3D3	44
2167	#FFFFFF	#D3D3D3	7
2168	#FFFFFF	#D3D3D3	57
2169	#FFFFFF	#D3D3D3	57
2170	#FFFFFF	#D3D3D3	7
2171	#FFFFFF	#D3D3D3	57
2173	#FFFFFF	#D3D3D3	94
2174	#FFFFFF	#D3D3D3	94
2175	#FFFFFF	#D3D3D3	57
2176	#FFFFFF	#D3D3D3	57
2177	#FFFFFF	#D3D3D3	57
2178	#FFFFFF	#D3D3D3	57
2179	#FFFFFF	#D3D3D3	57
2180	#FFFFFF	#D3D3D3	88
2181	#FFFFFF	#D3D3D3	88
2182	#FFFFFF	#D3D3D3	57
2183	#FFFFFF	#D3D3D3	57
2184	#FFFFFF	#D3D3D3	57
2185	#FFFFFF	#D3D3D3	15
2186	#FFFFFF	#D3D3D3	57
2187	#FFFFFF	#D3D3D3	57
2188	#FFFFFF	#D3D3D3	57
2189	#FFFFFF	#D3D3D3	57
2190	#FFFFFF	#D3D3D3	57
2191	#FFFFFF	#D3D3D3	57
2192	#FFFFFF	#D3D3D3	57
2193	#FFFFFF	#D3D3D3	57
2194	#FFFFFF	#D3D3D3	57
2195	#FFFFFF	#D3D3D3	57
2196	#FFFFFF	#D3D3D3	7
2197	#FFFFFF	#D3D3D3	162
2198	#FFFFFF	#D3D3D3	162
2199	#FFFFFF	#D3D3D3	57
2200	#FFFFFF	#D3D3D3	57
2201	#FFFFFF	#D3D3D3	57
2202	#FFFFFF	#D3D3D3	162
2203	#FFFFFF	#D3D3D3	162
2204	#FFFFFF	#D3D3D3	162
2205	#FFFFFF	#D3D3D3	162
2206	#FFFFFF	#D3D3D3	162
2207	#FFFFFF	#D3D3D3	7
2208	#FFFFFF	#D3D3D3	162
2209	#FFFFFF	#D3D3D3	162
2210	#FFFFFF	#D3D3D3	44
2211	#FFFFFF	#D3D3D3	44
2212	#FFFFFF	#D3D3D3	44
2213	#FFFFFF	#D3D3D3	44
2214	#FFFFFF	#D3D3D3	44
2215	#FFFFFF	#D3D3D3	44
2216	#FFFFFF	#D3D3D3	44
2218	#FFFFFF	#D3D3D3	7
2219	#FFFFFF	#D3D3D3	7
2220	#FFFFFF	#D3D3D3	57
2221	#FFFFFF	#D3D3D3	7
2222	#FFFFFF	#D3D3D3	7
2223	#FFFFFF	#D3D3D3	94
2224	#FFFFFF	#D3D3D3	94
2225	#FFFFFF	#D3D3D3	15
2226	#FFFFFF	#D3D3D3	57
2227	#FFFFFF	#D3D3D3	57
2228	#FFFFFF	#D3D3D3	57
2229	#FFFFFF	#D3D3D3	57
2230	#FFFFFF	#D3D3D3	57
2231	#FFFFFF	#D3D3D3	88
2232	#FFFFFF	#D3D3D3	57
2233	#FFFFFF	#D3D3D3	57
2234	#FFFFFF	#D3D3D3	57
2235	#FFFFFF	#D3D3D3	57
2236	#FFFFFF	#D3D3D3	15
2237	#FFFFFF	#D3D3D3	57
2238	#FFFFFF	#D3D3D3	57
2239	#FFFFFF	#D3D3D3	57
2240	#FFFFFF	#D3D3D3	57
2241	#FFFFFF	#D3D3D3	57
2242	#FFFFFF	#D3D3D3	44
2243	#FFFFFF	#D3D3D3	44
2244	#FFFFFF	#D3D3D3	57
2245	#FFFFFF	#D3D3D3	44
2246	#FFFFFF	#D3D3D3	57
2247	#FFFFFF	#D3D3D3	15
2248	#FFFFFF	#D3D3D3	162
2249	#FFFFFF	#D3D3D3	162
2250	#FFFFFF	#D3D3D3	57
2251	#FFFFFF	#D3D3D3	162
2252	#FFFFFF	#D3D3D3	162
2253	#FFFFFF	#D3D3D3	162
2254	#FFFFFF	#D3D3D3	162
2255	#FFFFFF	#D3D3D3	162
2256	#FFFFFF	#D3D3D3	162
2257	#FFFFFF	#D3D3D3	162
2258	#FFFFFF	#D3D3D3	7
2259	#FFFFFF	#D3D3D3	162
2260	#FFFFFF	#D3D3D3	44
2261	#FFFFFF	#D3D3D3	44
2262	#FFFFFF	#D3D3D3	44
2263	#FFFFFF	#D3D3D3	44
2264	#FFFFFF	#D3D3D3	44
2265	#FFFFFF	#D3D3D3	44
2266	#FFFFFF	#D3D3D3	44
2267	#FFFFFF	#D3D3D3	44
2268	#FFFFFF	#D3D3D3	7
2269	#FFFFFF	#D3D3D3	7
2270	#FFFFFF	#D3D3D3	7
2271	#FFFFFF	#D3D3D3	7
2272	#FFFFFF	#D3D3D3	57
2274	#FFFFFF	#D3D3D3	64
2275	#FFFFFF	#D3D3D3	64
2279	#FFFFFF	#D3D3D3	235
2280	#FFFFFF	#D3D3D3	7
2281	#FFFFFF	#D3D3D3	7
2282	#FFFFFF	#D3D3D3	7
2283	#FFFFFF	#D3D3D3	7
2284	#FFFFFF	#D3D3D3	7
2285	#FFFFFF	#D3D3D3	7
2286	#FFFFFF	#D3D3D3	64
2287	#FFFFFF	#D3D3D3	7
2288	#FFFFFF	#D3D3D3	7
2289	#FFFFFF	#D3D3D3	7
2290	#FFFFFF	#D3D3D3	7
2291	#FFFFFF	#D3D3D3	7
2292	#FFFFFF	#D3D3D3	7
2293	#FFFFFF	#D3D3D3	7
2294	#FFFFFF	#D3D3D3	7
2295	#FFFFFF	#D3D3D3	132
2296	#FFFFFF	#D3D3D3	132
2297	#FFFFFF	#D3D3D3	64
2298	#FFFFFF	#D3D3D3	191
2299	#FFFFFF	#D3D3D3	191
2300	#FFFFFF	#D3D3D3	191
2301	#FFFFFF	#D3D3D3	191
2302	#FFFFFF	#D3D3D3	7
2303	#FFFFFF	#D3D3D3	7
2304	#FFFFFF	#D3D3D3	132
2305	#FFFFFF	#D3D3D3	132
2306	#FFFFFF	#D3D3D3	132
2307	#FFFFFF	#D3D3D3	132
2308	#FFFFFF	#D3D3D3	118
2309	#FFFFFF	#D3D3D3	7
2310	#FFFFFF	#D3D3D3	7
2311	#FFFFFF	#D3D3D3	7
2312	#FFFFFF	#D3D3D3	7
2313	#FFFFFF	#D3D3D3	7
2314	#FFFFFF	#D3D3D3	7
2315	#FFFFFF	#D3D3D3	7
2316	#FFFFFF	#D3D3D3	7
2317	#FFFFFF	#D3D3D3	7
2319	#FFFFFF	#D3D3D3	118
2320	#FFFFFF	#D3D3D3	118
2321	#FFFFFF	#D3D3D3	118
2322	#FFFFFF	#D3D3D3	118
2323	#FFFFFF	#D3D3D3	145
2324	#FFFFFF	#D3D3D3	64
2325	#FFFFFF	#D3D3D3	64
2326	#FFFFFF	#D3D3D3	64
2327	#FFFFFF	#D3D3D3	145
2329	#FFFFFF	#D3D3D3	235
2330	#FFFFFF	#D3D3D3	7
2331	#FFFFFF	#D3D3D3	7
2332	#FFFFFF	#D3D3D3	7
2333	#FFFFFF	#D3D3D3	7
2334	#FFFFFF	#D3D3D3	7
2335	#FFFFFF	#D3D3D3	7
2336	#FFFFFF	#D3D3D3	7
2337	#FFFFFF	#D3D3D3	64
2338	#FFFFFF	#D3D3D3	7
2339	#FFFFFF	#D3D3D3	7
2340	#FFFFFF	#D3D3D3	7
2341	#FFFFFF	#D3D3D3	7
2342	#FFFFFF	#D3D3D3	7
2343	#FFFFFF	#D3D3D3	7
2344	#FFFFFF	#D3D3D3	7
2345	#FFFFFF	#D3D3D3	7
2346	#FFFFFF	#D3D3D3	132
2347	#FFFFFF	#D3D3D3	191
2348	#FFFFFF	#D3D3D3	118
2349	#FFFFFF	#D3D3D3	191
2350	#FFFFFF	#D3D3D3	191
2351	#FFFFFF	#D3D3D3	191
2352	#FFFFFF	#D3D3D3	7
2353	#FFFFFF	#D3D3D3	7
2354	#FFFFFF	#D3D3D3	7
2355	#FFFFFF	#D3D3D3	132
2356	#FFFFFF	#D3D3D3	132
2357	#FFFFFF	#D3D3D3	132
2358	#FFFFFF	#D3D3D3	132
2359	#FFFFFF	#D3D3D3	235
2360	#FFFFFF	#D3D3D3	7
2361	#FFFFFF	#D3D3D3	7
2362	#FFFFFF	#D3D3D3	7
2363	#FFFFFF	#D3D3D3	7
2364	#FFFFFF	#D3D3D3	7
2365	#FFFFFF	#D3D3D3	7
2366	#FFFFFF	#D3D3D3	7
2367	#FFFFFF	#D3D3D3	7
2368	#FFFFFF	#D3D3D3	7
2369	#FFFFFF	#D3D3D3	118
2370	#FFFFFF	#D3D3D3	118
2371	#FFFFFF	#D3D3D3	235
2375	#FFFFFF	#D3D3D3	94
2376	#FFFFFF	#D3D3D3	15
2377	#FFFFFF	#D3D3D3	57
2378	#FFFFFF	#D3D3D3	57
2379	#FFFFFF	#D3D3D3	57
2380	#FFFFFF	#D3D3D3	57
2381	#FFFFFF	#D3D3D3	57
2382	#FFFFFF	#D3D3D3	57
2383	#FFFFFF	#D3D3D3	57
2384	#FFFFFF	#D3D3D3	57
2385	#FFFFFF	#D3D3D3	57
2386	#FFFFFF	#D3D3D3	57
2387	#FFFFFF	#D3D3D3	15
2388	#FFFFFF	#D3D3D3	57
2389	#FFFFFF	#D3D3D3	57
2390	#FFFFFF	#D3D3D3	57
2391	#FFFFFF	#D3D3D3	57
2392	#FFFFFF	#D3D3D3	57
2393	#FFFFFF	#D3D3D3	44
2394	#FFFFFF	#D3D3D3	44
2395	#FFFFFF	#D3D3D3	57
2396	#FFFFFF	#D3D3D3	44
2397	#FFFFFF	#D3D3D3	44
2398	#FFFFFF	#D3D3D3	15
2399	#FFFFFF	#D3D3D3	162
2400	#FFFFFF	#D3D3D3	162
2401	#FFFFFF	#D3D3D3	162
2402	#FFFFFF	#D3D3D3	162
2403	#FFFFFF	#D3D3D3	162
2404	#FFFFFF	#D3D3D3	162
2405	#FFFFFF	#D3D3D3	162
2406	#FFFFFF	#D3D3D3	162
2407	#FFFFFF	#D3D3D3	162
2408	#FFFFFF	#D3D3D3	162
2409	#FFFFFF	#D3D3D3	15
2410	#FFFFFF	#D3D3D3	162
2411	#FFFFFF	#D3D3D3	44
2412	#FFFFFF	#D3D3D3	44
2413	#FFFFFF	#D3D3D3	44
2414	#FFFFFF	#D3D3D3	44
2415	#FFFFFF	#D3D3D3	44
2416	#FFFFFF	#D3D3D3	44
2417	#FFFFFF	#D3D3D3	44
2418	#FFFFFF	#D3D3D3	44
2420	#FFFFFF	#D3D3D3	7
2421	#FFFFFF	#D3D3D3	7
2422	#FFFFFF	#D3D3D3	7
2423	#FFFFFF	#D3D3D3	7
2424	#FFFFFF	#D3D3D3	57
2425	#FFFFFF	#D3D3D3	94
2426	#FFFFFF	#D3D3D3	15
2427	#FFFFFF	#D3D3D3	15
2428	#FFFFFF	#D3D3D3	57
2429	#FFFFFF	#D3D3D3	57
2430	#FFFFFF	#D3D3D3	57
2431	#FFFFFF	#D3D3D3	57
2432	#FFFFFF	#D3D3D3	57
2433	#FFFFFF	#D3D3D3	57
2434	#FFFFFF	#D3D3D3	57
2435	#FFFFFF	#D3D3D3	57
2436	#FFFFFF	#D3D3D3	57
2437	#FFFFFF	#D3D3D3	57
2438	#FFFFFF	#D3D3D3	15
2439	#FFFFFF	#D3D3D3	57
2440	#FFFFFF	#D3D3D3	57
2441	#FFFFFF	#D3D3D3	57
2442	#FFFFFF	#D3D3D3	57
2443	#FFFFFF	#D3D3D3	57
2444	#FFFFFF	#D3D3D3	44
2445	#FFFFFF	#D3D3D3	44
2446	#FFFFFF	#D3D3D3	44
2447	#FFFFFF	#D3D3D3	44
2448	#FFFFFF	#D3D3D3	44
2449	#FFFFFF	#D3D3D3	15
2450	#FFFFFF	#D3D3D3	162
2451	#FFFFFF	#D3D3D3	44
2452	#FFFFFF	#D3D3D3	162
2453	#FFFFFF	#D3D3D3	162
2454	#FFFFFF	#D3D3D3	162
2455	#FFFFFF	#D3D3D3	162
2456	#FFFFFF	#D3D3D3	162
2457	#FFFFFF	#D3D3D3	162
2458	#FFFFFF	#D3D3D3	162
2459	#FFFFFF	#D3D3D3	162
2460	#FFFFFF	#D3D3D3	15
2461	#FFFFFF	#D3D3D3	162
2462	#FFFFFF	#D3D3D3	44
2463	#FFFFFF	#D3D3D3	44
2464	#FFFFFF	#D3D3D3	44
2465	#FFFFFF	#D3D3D3	44
2466	#FFFFFF	#D3D3D3	44
2467	#FFFFFF	#D3D3D3	44
2468	#FFFFFF	#D3D3D3	44
2469	#FFFFFF	#D3D3D3	44
2470	#FFFFFF	#D3D3D3	7
2471	#FFFFFF	#D3D3D3	7
2472	#FFFFFF	#D3D3D3	7
2473	#FFFFFF	#D3D3D3	57
2474	#FFFFFF	#D3D3D3	57
2476	#FFFFFF	#D3D3D3	15
2477	#FFFFFF	#D3D3D3	15
2478	#FFFFFF	#D3D3D3	57
2479	#FFFFFF	#D3D3D3	57
2480	#FFFFFF	#D3D3D3	57
2481	#FFFFFF	#D3D3D3	57
2482	#FFFFFF	#D3D3D3	57
2483	#FFFFFF	#D3D3D3	57
2484	#FFFFFF	#D3D3D3	57
2485	#FFFFFF	#D3D3D3	57
2486	#FFFFFF	#D3D3D3	57
2487	#FFFFFF	#D3D3D3	57
2488	#FFFFFF	#D3D3D3	15
2489	#FFFFFF	#D3D3D3	57
2490	#FFFFFF	#D3D3D3	57
2491	#FFFFFF	#D3D3D3	57
2492	#FFFFFF	#D3D3D3	57
2493	#FFFFFF	#D3D3D3	57
2494	#FFFFFF	#D3D3D3	57
2495	#FFFFFF	#D3D3D3	44
2496	#FFFFFF	#D3D3D3	44
2497	#FFFFFF	#D3D3D3	44
2498	#FFFFFF	#D3D3D3	44
2499	#FFFFFF	#D3D3D3	15
2500	#FFFFFF	#D3D3D3	44
2501	#FFFFFF	#D3D3D3	44
2502	#FFFFFF	#D3D3D3	44
2503	#FFFFFF	#D3D3D3	162
2504	#FFFFFF	#D3D3D3	162
2505	#FFFFFF	#D3D3D3	162
2506	#FFFFFF	#D3D3D3	162
2507	#FFFFFF	#D3D3D3	162
2508	#FFFFFF	#D3D3D3	162
2509	#FFFFFF	#D3D3D3	162
2510	#FFFFFF	#D3D3D3	15
2511	#FFFFFF	#D3D3D3	162
2512	#FFFFFF	#D3D3D3	162
2513	#FFFFFF	#D3D3D3	44
2514	#FFFFFF	#D3D3D3	44
2515	#FFFFFF	#D3D3D3	44
2516	#FFFFFF	#D3D3D3	44
2517	#FFFFFF	#D3D3D3	44
2518	#FFFFFF	#D3D3D3	44
2519	#FFFFFF	#D3D3D3	44
2521	#FFFFFF	#D3D3D3	7
2522	#FFFFFF	#D3D3D3	7
2523	#FFFFFF	#D3D3D3	7
2524	#FFFFFF	#D3D3D3	7
2525	#FFFFFF	#D3D3D3	57
2526	#FFFFFF	#D3D3D3	15
2527	#FFFFFF	#D3D3D3	15
2528	#FFFFFF	#D3D3D3	15
2529	#FFFFFF	#D3D3D3	57
2530	#FFFFFF	#D3D3D3	57
2531	#FFFFFF	#D3D3D3	57
2532	#FFFFFF	#D3D3D3	57
2533	#FFFFFF	#D3D3D3	57
2534	#FFFFFF	#D3D3D3	57
2535	#FFFFFF	#D3D3D3	57
2536	#FFFFFF	#D3D3D3	57
2537	#FFFFFF	#D3D3D3	57
2538	#FFFFFF	#D3D3D3	57
2539	#FFFFFF	#D3D3D3	15
2540	#FFFFFF	#D3D3D3	57
2541	#FFFFFF	#D3D3D3	57
2542	#FFFFFF	#D3D3D3	57
2543	#FFFFFF	#D3D3D3	57
2544	#FFFFFF	#D3D3D3	57
2545	#FFFFFF	#D3D3D3	57
2546	#FFFFFF	#D3D3D3	44
2547	#FFFFFF	#D3D3D3	44
2548	#FFFFFF	#D3D3D3	44
2549	#FFFFFF	#D3D3D3	44
2550	#FFFFFF	#D3D3D3	15
2551	#FFFFFF	#D3D3D3	44
2552	#FFFFFF	#D3D3D3	44
2553	#FFFFFF	#D3D3D3	44
2554	#FFFFFF	#D3D3D3	162
2555	#FFFFFF	#D3D3D3	162
2556	#FFFFFF	#D3D3D3	162
2557	#FFFFFF	#D3D3D3	162
2558	#FFFFFF	#D3D3D3	162
2559	#FFFFFF	#D3D3D3	162
2560	#FFFFFF	#D3D3D3	44
2561	#FFFFFF	#D3D3D3	15
2562	#FFFFFF	#D3D3D3	44
2563	#FFFFFF	#D3D3D3	44
2564	#FFFFFF	#D3D3D3	44
2565	#FFFFFF	#D3D3D3	44
2566	#FFFFFF	#D3D3D3	44
2567	#FFFFFF	#D3D3D3	44
2568	#FFFFFF	#D3D3D3	44
2569	#FFFFFF	#D3D3D3	44
2570	#FFFFFF	#D3D3D3	44
2571	#FFFFFF	#D3D3D3	7
2572	#FFFFFF	#D3D3D3	7
2573	#FFFFFF	#D3D3D3	7
2574	#FFFFFF	#D3D3D3	57
2575	#FFFFFF	#D3D3D3	57
2577	#FFFFFF	#D3D3D3	15
2578	#FFFFFF	#D3D3D3	15
2579	#FFFFFF	#D3D3D3	57
2580	#FFFFFF	#D3D3D3	57
2581	#FFFFFF	#D3D3D3	57
2582	#FFFFFF	#D3D3D3	57
2583	#FFFFFF	#D3D3D3	57
2584	#FFFFFF	#D3D3D3	57
2585	#FFFFFF	#D3D3D3	57
2586	#FFFFFF	#D3D3D3	57
2587	#FFFFFF	#D3D3D3	57
2588	#FFFFFF	#D3D3D3	57
2589	#FFFFFF	#D3D3D3	15
2590	#FFFFFF	#D3D3D3	57
2591	#FFFFFF	#D3D3D3	57
2592	#FFFFFF	#D3D3D3	57
2593	#FFFFFF	#D3D3D3	57
2594	#FFFFFF	#D3D3D3	57
2595	#FFFFFF	#D3D3D3	57
2596	#FFFFFF	#D3D3D3	44
2597	#FFFFFF	#D3D3D3	44
2598	#FFFFFF	#D3D3D3	44
2599	#FFFFFF	#D3D3D3	44
2600	#FFFFFF	#D3D3D3	15
2601	#FFFFFF	#D3D3D3	44
2602	#FFFFFF	#D3D3D3	44
2603	#FFFFFF	#D3D3D3	44
2604	#FFFFFF	#D3D3D3	162
2605	#FFFFFF	#D3D3D3	162
2606	#FFFFFF	#D3D3D3	162
2607	#FFFFFF	#D3D3D3	162
2608	#FFFFFF	#D3D3D3	162
2609	#FFFFFF	#D3D3D3	162
2610	#FFFFFF	#D3D3D3	44
2611	#FFFFFF	#D3D3D3	15
2612	#FFFFFF	#D3D3D3	44
2613	#FFFFFF	#D3D3D3	44
2614	#FFFFFF	#D3D3D3	44
2615	#FFFFFF	#D3D3D3	44
2616	#FFFFFF	#D3D3D3	44
2617	#FFFFFF	#D3D3D3	44
2618	#FFFFFF	#D3D3D3	44
2619	#FFFFFF	#D3D3D3	44
2620	#FFFFFF	#D3D3D3	44
2622	#FFFFFF	#D3D3D3	15
2623	#FFFFFF	#D3D3D3	7
2624	#FFFFFF	#D3D3D3	7
2625	#FFFFFF	#D3D3D3	7
2626	#FFFFFF	#D3D3D3	57
2627	#FFFFFF	#D3D3D3	15
2628	#FFFFFF	#D3D3D3	15
2629	#FFFFFF	#D3D3D3	15
2630	#FFFFFF	#D3D3D3	57
2631	#FFFFFF	#D3D3D3	57
2632	#FFFFFF	#D3D3D3	57
2633	#FFFFFF	#D3D3D3	57
2634	#FFFFFF	#D3D3D3	57
2635	#FFFFFF	#D3D3D3	57
2636	#FFFFFF	#D3D3D3	57
2637	#FFFFFF	#D3D3D3	57
2638	#FFFFFF	#D3D3D3	57
2639	#FFFFFF	#D3D3D3	57
2640	#FFFFFF	#D3D3D3	15
2641	#FFFFFF	#D3D3D3	57
2642	#FFFFFF	#D3D3D3	57
2643	#FFFFFF	#D3D3D3	57
2644	#FFFFFF	#D3D3D3	57
2645	#FFFFFF	#D3D3D3	57
2646	#FFFFFF	#D3D3D3	57
2647	#FFFFFF	#D3D3D3	44
2648	#FFFFFF	#D3D3D3	44
2649	#FFFFFF	#D3D3D3	44
2650	#FFFFFF	#D3D3D3	44
2651	#FFFFFF	#D3D3D3	15
2652	#FFFFFF	#D3D3D3	44
2653	#FFFFFF	#D3D3D3	44
2654	#FFFFFF	#D3D3D3	44
2655	#FFFFFF	#D3D3D3	162
2656	#FFFFFF	#D3D3D3	162
2657	#FFFFFF	#D3D3D3	162
2658	#FFFFFF	#D3D3D3	162
2659	#FFFFFF	#D3D3D3	162
2660	#FFFFFF	#D3D3D3	44
2661	#FFFFFF	#D3D3D3	44
2662	#FFFFFF	#D3D3D3	15
2663	#FFFFFF	#D3D3D3	44
2664	#FFFFFF	#D3D3D3	44
2665	#FFFFFF	#D3D3D3	44
2666	#FFFFFF	#D3D3D3	44
2667	#FFFFFF	#D3D3D3	44
2668	#FFFFFF	#D3D3D3	44
2669	#FFFFFF	#D3D3D3	44
2670	#FFFFFF	#D3D3D3	44
2671	#FFFFFF	#D3D3D3	44
2672	#FFFFFF	#D3D3D3	15
2673	#FFFFFF	#D3D3D3	7
2674	#FFFFFF	#D3D3D3	7
2675	#FFFFFF	#D3D3D3	7
2676	#FFFFFF	#D3D3D3	57
2678	#FFFFFF	#D3D3D3	15
2679	#FFFFFF	#D3D3D3	15
2680	#FFFFFF	#D3D3D3	57
2681	#FFFFFF	#D3D3D3	57
2682	#FFFFFF	#D3D3D3	57
2683	#FFFFFF	#D3D3D3	57
2684	#FFFFFF	#D3D3D3	57
2685	#FFFFFF	#D3D3D3	57
2686	#FFFFFF	#D3D3D3	57
2687	#FFFFFF	#D3D3D3	57
2688	#FFFFFF	#D3D3D3	57
2689	#FFFFFF	#D3D3D3	57
2690	#FFFFFF	#D3D3D3	15
2691	#FFFFFF	#D3D3D3	57
2692	#FFFFFF	#D3D3D3	57
2693	#FFFFFF	#D3D3D3	57
2694	#FFFFFF	#D3D3D3	57
2695	#FFFFFF	#D3D3D3	57
2696	#FFFFFF	#D3D3D3	57
2697	#FFFFFF	#D3D3D3	57
2698	#FFFFFF	#D3D3D3	44
2699	#FFFFFF	#D3D3D3	44
2700	#FFFFFF	#D3D3D3	44
2701	#FFFFFF	#D3D3D3	15
2702	#FFFFFF	#D3D3D3	44
2703	#FFFFFF	#D3D3D3	44
2704	#FFFFFF	#D3D3D3	44
2705	#FFFFFF	#D3D3D3	44
2706	#FFFFFF	#D3D3D3	162
2707	#FFFFFF	#D3D3D3	44
2708	#FFFFFF	#D3D3D3	162
2709	#FFFFFF	#D3D3D3	162
2710	#FFFFFF	#D3D3D3	44
2711	#FFFFFF	#D3D3D3	44
2712	#FFFFFF	#D3D3D3	15
2713	#FFFFFF	#D3D3D3	44
2714	#FFFFFF	#D3D3D3	44
2715	#FFFFFF	#D3D3D3	44
2716	#FFFFFF	#D3D3D3	44
2717	#FFFFFF	#D3D3D3	44
2718	#FFFFFF	#D3D3D3	44
2719	#FFFFFF	#D3D3D3	44
2720	#FFFFFF	#D3D3D3	44
2721	#FFFFFF	#D3D3D3	44
2723	#FFFFFF	#D3D3D3	15
2724	#FFFFFF	#D3D3D3	15
2725	#FFFFFF	#D3D3D3	7
2726	#FFFFFF	#D3D3D3	7
2727	#FFFFFF	#D3D3D3	7
2728	#FFFFFF	#D3D3D3	15
2729	#FFFFFF	#D3D3D3	15
2730	#FFFFFF	#D3D3D3	15
2731	#FFFFFF	#D3D3D3	57
2732	#FFFFFF	#D3D3D3	57
2733	#FFFFFF	#D3D3D3	57
2734	#FFFFFF	#D3D3D3	57
2735	#FFFFFF	#D3D3D3	57
2736	#FFFFFF	#D3D3D3	57
2737	#FFFFFF	#D3D3D3	57
2738	#FFFFFF	#D3D3D3	57
2739	#FFFFFF	#D3D3D3	57
2740	#FFFFFF	#D3D3D3	57
2741	#FFFFFF	#D3D3D3	15
2742	#FFFFFF	#D3D3D3	57
2743	#FFFFFF	#D3D3D3	57
2744	#FFFFFF	#D3D3D3	57
2745	#FFFFFF	#D3D3D3	57
2746	#FFFFFF	#D3D3D3	57
2747	#FFFFFF	#D3D3D3	57
2748	#FFFFFF	#D3D3D3	57
2749	#FFFFFF	#D3D3D3	44
2750	#FFFFFF	#D3D3D3	44
2751	#FFFFFF	#D3D3D3	44
2752	#FFFFFF	#D3D3D3	15
2753	#FFFFFF	#D3D3D3	44
2754	#FFFFFF	#D3D3D3	44
2755	#FFFFFF	#D3D3D3	44
2756	#FFFFFF	#D3D3D3	44
2757	#FFFFFF	#D3D3D3	44
2758	#FFFFFF	#D3D3D3	44
2759	#FFFFFF	#D3D3D3	162
2760	#FFFFFF	#D3D3D3	44
2761	#FFFFFF	#D3D3D3	44
2762	#FFFFFF	#D3D3D3	44
2763	#FFFFFF	#D3D3D3	15
2764	#FFFFFF	#D3D3D3	44
2765	#FFFFFF	#D3D3D3	44
2766	#FFFFFF	#D3D3D3	44
2767	#FFFFFF	#D3D3D3	44
2768	#FFFFFF	#D3D3D3	44
2769	#FFFFFF	#D3D3D3	44
2770	#FFFFFF	#D3D3D3	44
2771	#FFFFFF	#D3D3D3	44
2772	#FFFFFF	#D3D3D3	44
2773	#FFFFFF	#D3D3D3	15
2774	#FFFFFF	#D3D3D3	15
2775	#FFFFFF	#D3D3D3	7
2776	#FFFFFF	#D3D3D3	7
2777	#FFFFFF	#D3D3D3	57
2779	#FFFFFF	#D3D3D3	15
2780	#FFFFFF	#D3D3D3	15
2781	#FFFFFF	#D3D3D3	57
2782	#FFFFFF	#D3D3D3	57
2783	#FFFFFF	#D3D3D3	57
2784	#FFFFFF	#D3D3D3	57
2785	#FFFFFF	#D3D3D3	57
2786	#FFFFFF	#D3D3D3	57
2787	#FFFFFF	#D3D3D3	57
2788	#FFFFFF	#D3D3D3	57
2789	#FFFFFF	#D3D3D3	57
2790	#FFFFFF	#D3D3D3	57
2791	#FFFFFF	#D3D3D3	15
2792	#FFFFFF	#D3D3D3	57
2793	#FFFFFF	#D3D3D3	44
2794	#FFFFFF	#D3D3D3	44
2795	#FFFFFF	#D3D3D3	57
2796	#FFFFFF	#D3D3D3	57
2797	#FFFFFF	#D3D3D3	57
2798	#FFFFFF	#D3D3D3	57
2799	#FFFFFF	#D3D3D3	44
2800	#FFFFFF	#D3D3D3	44
2801	#FFFFFF	#D3D3D3	44
2802	#FFFFFF	#D3D3D3	15
2803	#FFFFFF	#D3D3D3	44
2804	#FFFFFF	#D3D3D3	44
2805	#FFFFFF	#D3D3D3	44
2806	#FFFFFF	#D3D3D3	44
2807	#FFFFFF	#D3D3D3	44
2808	#FFFFFF	#D3D3D3	44
2809	#FFFFFF	#D3D3D3	44
2810	#FFFFFF	#D3D3D3	44
2811	#FFFFFF	#D3D3D3	44
2812	#FFFFFF	#D3D3D3	44
2813	#FFFFFF	#D3D3D3	15
2814	#FFFFFF	#D3D3D3	44
2815	#FFFFFF	#D3D3D3	44
2816	#FFFFFF	#D3D3D3	44
2817	#FFFFFF	#D3D3D3	44
2818	#FFFFFF	#D3D3D3	44
2819	#FFFFFF	#D3D3D3	44
2820	#FFFFFF	#D3D3D3	44
2821	#FFFFFF	#D3D3D3	44
2822	#FFFFFF	#D3D3D3	44
2824	#FFFFFF	#D3D3D3	15
2825	#FFFFFF	#D3D3D3	15
2826	#FFFFFF	#D3D3D3	15
2827	#FFFFFF	#D3D3D3	7
2828	#FFFFFF	#D3D3D3	57
2829	#FFFFFF	#D3D3D3	7
2830	#FFFFFF	#D3D3D3	15
2831	#FFFFFF	#D3D3D3	15
2832	#FFFFFF	#D3D3D3	57
2833	#FFFFFF	#D3D3D3	57
2834	#FFFFFF	#D3D3D3	57
2835	#FFFFFF	#D3D3D3	57
2836	#FFFFFF	#D3D3D3	57
2837	#FFFFFF	#D3D3D3	57
2838	#FFFFFF	#D3D3D3	57
2839	#FFFFFF	#D3D3D3	57
2840	#FFFFFF	#D3D3D3	57
2841	#FFFFFF	#D3D3D3	57
2842	#FFFFFF	#D3D3D3	15
2843	#FFFFFF	#D3D3D3	57
2844	#FFFFFF	#D3D3D3	44
2845	#FFFFFF	#D3D3D3	44
2846	#FFFFFF	#D3D3D3	57
2847	#FFFFFF	#D3D3D3	57
2848	#FFFFFF	#D3D3D3	44
2849	#FFFFFF	#D3D3D3	57
2850	#FFFFFF	#D3D3D3	44
2851	#FFFFFF	#D3D3D3	44
2852	#FFFFFF	#D3D3D3	44
2853	#FFFFFF	#D3D3D3	15
2854	#FFFFFF	#D3D3D3	44
2855	#FFFFFF	#D3D3D3	44
2856	#FFFFFF	#D3D3D3	44
2857	#FFFFFF	#D3D3D3	44
2858	#FFFFFF	#D3D3D3	44
2859	#FFFFFF	#D3D3D3	44
2860	#FFFFFF	#D3D3D3	44
2861	#FFFFFF	#D3D3D3	44
2862	#FFFFFF	#D3D3D3	44
2863	#FFFFFF	#D3D3D3	44
2864	#FFFFFF	#D3D3D3	15
2865	#FFFFFF	#D3D3D3	44
2866	#FFFFFF	#D3D3D3	44
2867	#FFFFFF	#D3D3D3	44
2868	#FFFFFF	#D3D3D3	44
2869	#FFFFFF	#D3D3D3	44
2870	#FFFFFF	#D3D3D3	44
2871	#FFFFFF	#D3D3D3	44
2872	#FFFFFF	#D3D3D3	44
2873	#FFFFFF	#D3D3D3	44
2874	#FFFFFF	#D3D3D3	15
2875	#FFFFFF	#D3D3D3	15
2876	#FFFFFF	#D3D3D3	15
2877	#FFFFFF	#D3D3D3	7
2878	#FFFFFF	#D3D3D3	57
2880	#FFFFFF	#D3D3D3	7
2881	#FFFFFF	#D3D3D3	15
2882	#FFFFFF	#D3D3D3	57
2883	#FFFFFF	#D3D3D3	7
2884	#FFFFFF	#D3D3D3	7
2885	#FFFFFF	#D3D3D3	57
2886	#FFFFFF	#D3D3D3	57
2887	#FFFFFF	#D3D3D3	57
2888	#FFFFFF	#D3D3D3	57
2889	#FFFFFF	#D3D3D3	57
2890	#FFFFFF	#D3D3D3	57
2891	#FFFFFF	#D3D3D3	57
2892	#FFFFFF	#D3D3D3	15
2893	#FFFFFF	#D3D3D3	57
2894	#FFFFFF	#D3D3D3	44
2895	#FFFFFF	#D3D3D3	44
2896	#FFFFFF	#D3D3D3	44
2897	#FFFFFF	#D3D3D3	44
2898	#FFFFFF	#D3D3D3	44
2899	#FFFFFF	#D3D3D3	44
2900	#FFFFFF	#D3D3D3	44
2901	#FFFFFF	#D3D3D3	44
2902	#FFFFFF	#D3D3D3	44
2903	#FFFFFF	#D3D3D3	15
2904	#FFFFFF	#D3D3D3	44
2905	#FFFFFF	#D3D3D3	44
2906	#FFFFFF	#D3D3D3	44
2907	#FFFFFF	#D3D3D3	44
2908	#FFFFFF	#D3D3D3	44
2909	#FFFFFF	#D3D3D3	44
2910	#FFFFFF	#D3D3D3	44
2911	#FFFFFF	#D3D3D3	44
2912	#FFFFFF	#D3D3D3	44
2913	#FFFFFF	#D3D3D3	44
2914	#FFFFFF	#D3D3D3	15
2915	#FFFFFF	#D3D3D3	44
2916	#FFFFFF	#D3D3D3	44
2917	#FFFFFF	#D3D3D3	44
2918	#FFFFFF	#D3D3D3	44
2919	#FFFFFF	#D3D3D3	44
2920	#FFFFFF	#D3D3D3	44
2921	#FFFFFF	#D3D3D3	44
2922	#FFFFFF	#D3D3D3	44
2923	#FFFFFF	#D3D3D3	44
2925	#FFFFFF	#D3D3D3	15
2926	#FFFFFF	#D3D3D3	15
2927	#FFFFFF	#D3D3D3	15
2928	#FFFFFF	#D3D3D3	15
2929	#FFFFFF	#D3D3D3	7
2930	#FFFFFF	#D3D3D3	7
2931	#FFFFFF	#D3D3D3	7
2932	#FFFFFF	#D3D3D3	7
2933	#FFFFFF	#D3D3D3	7
2934	#FFFFFF	#D3D3D3	7
2935	#FFFFFF	#D3D3D3	7
2936	#FFFFFF	#D3D3D3	57
2937	#FFFFFF	#D3D3D3	57
2938	#FFFFFF	#D3D3D3	57
2939	#FFFFFF	#D3D3D3	57
2940	#FFFFFF	#D3D3D3	57
2941	#FFFFFF	#D3D3D3	57
2942	#FFFFFF	#D3D3D3	57
2943	#FFFFFF	#D3D3D3	15
2944	#FFFFFF	#D3D3D3	57
2945	#FFFFFF	#D3D3D3	44
2946	#FFFFFF	#D3D3D3	44
2947	#FFFFFF	#D3D3D3	44
2948	#FFFFFF	#D3D3D3	44
2949	#FFFFFF	#D3D3D3	57
2950	#FFFFFF	#D3D3D3	44
2951	#FFFFFF	#D3D3D3	44
2952	#FFFFFF	#D3D3D3	44
2953	#FFFFFF	#D3D3D3	44
2954	#FFFFFF	#D3D3D3	15
2955	#FFFFFF	#D3D3D3	44
2956	#FFFFFF	#D3D3D3	44
2957	#FFFFFF	#D3D3D3	57
2958	#FFFFFF	#D3D3D3	44
2959	#FFFFFF	#D3D3D3	44
2960	#FFFFFF	#D3D3D3	44
2961	#FFFFFF	#D3D3D3	44
2962	#FFFFFF	#D3D3D3	44
2963	#FFFFFF	#D3D3D3	44
2964	#FFFFFF	#D3D3D3	44
2965	#FFFFFF	#D3D3D3	15
2966	#FFFFFF	#D3D3D3	44
2967	#FFFFFF	#D3D3D3	44
2968	#FFFFFF	#D3D3D3	44
2969	#FFFFFF	#D3D3D3	44
2970	#FFFFFF	#D3D3D3	44
2971	#FFFFFF	#D3D3D3	44
2972	#FFFFFF	#D3D3D3	44
2973	#FFFFFF	#D3D3D3	44
2974	#FFFFFF	#D3D3D3	162
2975	#FFFFFF	#D3D3D3	15
2976	#FFFFFF	#D3D3D3	7
2977	#FFFFFF	#D3D3D3	7
2978	#FFFFFF	#D3D3D3	7
2979	#FFFFFF	#D3D3D3	7
2981	#FFFFFF	#D3D3D3	7
2982	#FFFFFF	#D3D3D3	7
2983	#FFFFFF	#D3D3D3	7
2984	#FFFFFF	#D3D3D3	7
2985	#FFFFFF	#D3D3D3	7
2986	#FFFFFF	#D3D3D3	7
2987	#FFFFFF	#D3D3D3	57
2988	#FFFFFF	#D3D3D3	57
2989	#FFFFFF	#D3D3D3	57
2990	#FFFFFF	#D3D3D3	57
2991	#FFFFFF	#D3D3D3	57
2992	#FFFFFF	#D3D3D3	57
2993	#FFFFFF	#D3D3D3	7
2994	#FFFFFF	#D3D3D3	57
2995	#FFFFFF	#D3D3D3	57
2996	#FFFFFF	#D3D3D3	44
2997	#FFFFFF	#D3D3D3	44
2998	#FFFFFF	#D3D3D3	44
2999	#FFFFFF	#D3D3D3	44
3000	#FFFFFF	#D3D3D3	57
3001	#FFFFFF	#D3D3D3	44
3002	#FFFFFF	#D3D3D3	44
3003	#FFFFFF	#D3D3D3	57
3004	#FFFFFF	#D3D3D3	15
3005	#FFFFFF	#D3D3D3	44
3006	#FFFFFF	#D3D3D3	44
3007	#FFFFFF	#D3D3D3	57
3008	#FFFFFF	#D3D3D3	57
3009	#FFFFFF	#D3D3D3	57
3010	#FFFFFF	#D3D3D3	44
3011	#FFFFFF	#D3D3D3	44
3012	#FFFFFF	#D3D3D3	44
3013	#FFFFFF	#D3D3D3	44
3014	#FFFFFF	#D3D3D3	44
3015	#FFFFFF	#D3D3D3	15
3016	#FFFFFF	#D3D3D3	44
3017	#FFFFFF	#D3D3D3	44
3018	#FFFFFF	#D3D3D3	44
3019	#FFFFFF	#D3D3D3	44
3020	#FFFFFF	#D3D3D3	44
3021	#FFFFFF	#D3D3D3	44
3022	#FFFFFF	#D3D3D3	162
3023	#FFFFFF	#D3D3D3	44
3024	#FFFFFF	#D3D3D3	162
3026	#FFFFFF	#D3D3D3	15
3027	#FFFFFF	#D3D3D3	7
3028	#FFFFFF	#D3D3D3	7
3029	#FFFFFF	#D3D3D3	7
3030	#FFFFFF	#D3D3D3	7
3031	#FFFFFF	#D3D3D3	7
3032	#FFFFFF	#D3D3D3	7
3033	#FFFFFF	#D3D3D3	7
3034	#FFFFFF	#D3D3D3	7
3035	#FFFFFF	#D3D3D3	7
3036	#FFFFFF	#D3D3D3	7
3037	#FFFFFF	#D3D3D3	7
3038	#FFFFFF	#D3D3D3	57
3039	#FFFFFF	#D3D3D3	7
3040	#FFFFFF	#D3D3D3	7
3041	#FFFFFF	#D3D3D3	57
3042	#FFFFFF	#D3D3D3	57
3043	#FFFFFF	#D3D3D3	57
3044	#FFFFFF	#D3D3D3	7
3045	#FFFFFF	#D3D3D3	57
3046	#FFFFFF	#D3D3D3	44
3047	#FFFFFF	#D3D3D3	44
3048	#FFFFFF	#D3D3D3	44
3049	#FFFFFF	#D3D3D3	44
3050	#FFFFFF	#D3D3D3	57
3051	#FFFFFF	#D3D3D3	57
3052	#FFFFFF	#D3D3D3	57
3053	#FFFFFF	#D3D3D3	57
3054	#FFFFFF	#D3D3D3	57
3055	#FFFFFF	#D3D3D3	15
3056	#FFFFFF	#D3D3D3	44
3057	#FFFFFF	#D3D3D3	44
3058	#FFFFFF	#D3D3D3	57
3059	#FFFFFF	#D3D3D3	57
3060	#FFFFFF	#D3D3D3	44
3061	#FFFFFF	#D3D3D3	44
3062	#FFFFFF	#D3D3D3	44
3063	#FFFFFF	#D3D3D3	44
3064	#FFFFFF	#D3D3D3	44
3065	#FFFFFF	#D3D3D3	44
3066	#FFFFFF	#D3D3D3	15
3067	#FFFFFF	#D3D3D3	44
3068	#FFFFFF	#D3D3D3	44
3069	#FFFFFF	#D3D3D3	44
3070	#FFFFFF	#D3D3D3	44
3071	#FFFFFF	#D3D3D3	44
3072	#FFFFFF	#D3D3D3	162
3073	#FFFFFF	#D3D3D3	162
3074	#FFFFFF	#D3D3D3	162
3075	#FFFFFF	#D3D3D3	162
3076	#FFFFFF	#D3D3D3	7
3077	#FFFFFF	#D3D3D3	7
3078	#FFFFFF	#D3D3D3	7
3079	#FFFFFF	#D3D3D3	7
3080	#FFFFFF	#D3D3D3	45
3082	#FFFFFF	#D3D3D3	7
3083	#FFFFFF	#D3D3D3	7
3084	#FFFFFF	#D3D3D3	45
3085	#FFFFFF	#D3D3D3	45
3086	#FFFFFF	#D3D3D3	7
3087	#FFFFFF	#D3D3D3	7
3088	#FFFFFF	#D3D3D3	7
3089	#FFFFFF	#D3D3D3	7
3090	#FFFFFF	#D3D3D3	7
3091	#FFFFFF	#D3D3D3	57
3092	#FFFFFF	#D3D3D3	57
3093	#FFFFFF	#D3D3D3	57
3094	#FFFFFF	#D3D3D3	7
3095	#FFFFFF	#D3D3D3	57
3096	#FFFFFF	#D3D3D3	57
3097	#FFFFFF	#D3D3D3	44
3098	#FFFFFF	#D3D3D3	44
3099	#FFFFFF	#D3D3D3	44
3100	#FFFFFF	#D3D3D3	44
3101	#FFFFFF	#D3D3D3	57
3102	#FFFFFF	#D3D3D3	57
3103	#FFFFFF	#D3D3D3	57
3104	#FFFFFF	#D3D3D3	57
3105	#FFFFFF	#D3D3D3	15
3106	#FFFFFF	#D3D3D3	57
3107	#FFFFFF	#D3D3D3	57
3108	#FFFFFF	#D3D3D3	57
3109	#FFFFFF	#D3D3D3	57
3110	#FFFFFF	#D3D3D3	57
3111	#FFFFFF	#D3D3D3	44
3112	#FFFFFF	#D3D3D3	44
3113	#FFFFFF	#D3D3D3	44
3114	#FFFFFF	#D3D3D3	44
3115	#FFFFFF	#D3D3D3	44
3116	#FFFFFF	#D3D3D3	15
3117	#FFFFFF	#D3D3D3	44
3118	#FFFFFF	#D3D3D3	44
3119	#FFFFFF	#D3D3D3	44
3120	#FFFFFF	#D3D3D3	44
3121	#FFFFFF	#D3D3D3	44
3122	#FFFFFF	#D3D3D3	44
3123	#FFFFFF	#D3D3D3	162
3124	#FFFFFF	#D3D3D3	162
3125	#FFFFFF	#D3D3D3	162
3127	#FFFFFF	#D3D3D3	7
3128	#FFFFFF	#D3D3D3	7
3129	#FFFFFF	#D3D3D3	7
3130	#FFFFFF	#D3D3D3	7
3131	#FFFFFF	#D3D3D3	45
3132	#FFFFFF	#D3D3D3	7
3133	#FFFFFF	#D3D3D3	7
3134	#FFFFFF	#D3D3D3	7
3135	#FFFFFF	#D3D3D3	45
3136	#FFFFFF	#D3D3D3	7
3137	#FFFFFF	#D3D3D3	7
3138	#FFFFFF	#D3D3D3	7
3139	#FFFFFF	#D3D3D3	7
3140	#FFFFFF	#D3D3D3	7
3141	#FFFFFF	#D3D3D3	57
3142	#FFFFFF	#D3D3D3	57
3143	#FFFFFF	#D3D3D3	57
3144	#FFFFFF	#D3D3D3	57
3145	#FFFFFF	#D3D3D3	7
3146	#FFFFFF	#D3D3D3	57
3147	#FFFFFF	#D3D3D3	57
3148	#FFFFFF	#D3D3D3	44
3149	#FFFFFF	#D3D3D3	44
3150	#FFFFFF	#D3D3D3	44
3151	#FFFFFF	#D3D3D3	57
3152	#FFFFFF	#D3D3D3	57
3153	#FFFFFF	#D3D3D3	57
3154	#FFFFFF	#D3D3D3	57
3155	#FFFFFF	#D3D3D3	57
3156	#FFFFFF	#D3D3D3	7
3157	#FFFFFF	#D3D3D3	57
3158	#FFFFFF	#D3D3D3	57
3159	#FFFFFF	#D3D3D3	57
3160	#FFFFFF	#D3D3D3	44
3161	#FFFFFF	#D3D3D3	44
3162	#FFFFFF	#D3D3D3	44
3163	#FFFFFF	#D3D3D3	44
3164	#FFFFFF	#D3D3D3	44
3165	#FFFFFF	#D3D3D3	44
3166	#FFFFFF	#D3D3D3	44
3167	#FFFFFF	#D3D3D3	7
3168	#FFFFFF	#D3D3D3	44
3169	#FFFFFF	#D3D3D3	44
3170	#FFFFFF	#D3D3D3	44
3171	#FFFFFF	#D3D3D3	44
3172	#FFFFFF	#D3D3D3	44
3173	#FFFFFF	#D3D3D3	57
3174	#FFFFFF	#D3D3D3	162
3175	#FFFFFF	#D3D3D3	162
3176	#FFFFFF	#D3D3D3	57
3177	#FFFFFF	#D3D3D3	7
3178	#FFFFFF	#D3D3D3	7
3179	#FFFFFF	#D3D3D3	7
3180	#FFFFFF	#D3D3D3	45
3181	#FFFFFF	#D3D3D3	45
3183	#FFFFFF	#D3D3D3	7
3184	#FFFFFF	#D3D3D3	7
3185	#FFFFFF	#D3D3D3	45
3186	#FFFFFF	#D3D3D3	45
3187	#FFFFFF	#D3D3D3	45
3188	#FFFFFF	#D3D3D3	7
3189	#FFFFFF	#D3D3D3	7
3190	#FFFFFF	#D3D3D3	7
3191	#FFFFFF	#D3D3D3	57
3192	#FFFFFF	#D3D3D3	57
3193	#FFFFFF	#D3D3D3	57
3194	#FFFFFF	#D3D3D3	57
3195	#FFFFFF	#D3D3D3	7
3196	#FFFFFF	#D3D3D3	57
3197	#FFFFFF	#D3D3D3	57
3198	#FFFFFF	#D3D3D3	57
3199	#FFFFFF	#D3D3D3	44
3200	#FFFFFF	#D3D3D3	44
3201	#FFFFFF	#D3D3D3	57
3202	#FFFFFF	#D3D3D3	57
3203	#FFFFFF	#D3D3D3	57
3204	#FFFFFF	#D3D3D3	57
3205	#FFFFFF	#D3D3D3	57
3206	#FFFFFF	#D3D3D3	7
3207	#FFFFFF	#D3D3D3	57
3208	#FFFFFF	#D3D3D3	57
3209	#FFFFFF	#D3D3D3	57
3210	#FFFFFF	#D3D3D3	44
3211	#FFFFFF	#D3D3D3	44
3212	#FFFFFF	#D3D3D3	44
3213	#FFFFFF	#D3D3D3	44
3214	#FFFFFF	#D3D3D3	44
3215	#FFFFFF	#D3D3D3	44
3216	#FFFFFF	#D3D3D3	57
3217	#FFFFFF	#D3D3D3	7
3218	#FFFFFF	#D3D3D3	44
3219	#FFFFFF	#D3D3D3	44
3220	#FFFFFF	#D3D3D3	44
3221	#FFFFFF	#D3D3D3	44
3222	#FFFFFF	#D3D3D3	44
3223	#FFFFFF	#D3D3D3	57
3224	#FFFFFF	#D3D3D3	162
3225	#FFFFFF	#D3D3D3	162
3226	#FFFFFF	#D3D3D3	162
3228	#FFFFFF	#D3D3D3	7
3229	#FFFFFF	#D3D3D3	7
3230	#FFFFFF	#D3D3D3	7
3231	#FFFFFF	#D3D3D3	45
3232	#FFFFFF	#D3D3D3	45
3233	#FFFFFF	#D3D3D3	7
3234	#FFFFFF	#D3D3D3	7
3235	#FFFFFF	#D3D3D3	7
3236	#FFFFFF	#D3D3D3	45
3237	#FFFFFF	#D3D3D3	45
3238	#FFFFFF	#D3D3D3	45
3239	#FFFFFF	#D3D3D3	7
3240	#FFFFFF	#D3D3D3	7
3241	#FFFFFF	#D3D3D3	7
3242	#FFFFFF	#D3D3D3	57
3243	#FFFFFF	#D3D3D3	57
3244	#FFFFFF	#D3D3D3	57
3245	#FFFFFF	#D3D3D3	57
3246	#FFFFFF	#D3D3D3	7
3247	#FFFFFF	#D3D3D3	57
3248	#FFFFFF	#D3D3D3	57
3249	#FFFFFF	#D3D3D3	57
3250	#FFFFFF	#D3D3D3	57
3251	#FFFFFF	#D3D3D3	57
3252	#FFFFFF	#D3D3D3	57
3253	#FFFFFF	#D3D3D3	57
3254	#FFFFFF	#D3D3D3	57
3255	#FFFFFF	#D3D3D3	57
3256	#FFFFFF	#D3D3D3	57
3257	#FFFFFF	#D3D3D3	7
3258	#FFFFFF	#D3D3D3	57
3259	#FFFFFF	#D3D3D3	57
3260	#FFFFFF	#D3D3D3	44
3261	#FFFFFF	#D3D3D3	44
3262	#FFFFFF	#D3D3D3	44
3263	#FFFFFF	#D3D3D3	44
3264	#FFFFFF	#D3D3D3	44
3265	#FFFFFF	#D3D3D3	44
3266	#FFFFFF	#D3D3D3	44
3267	#FFFFFF	#D3D3D3	57
3268	#FFFFFF	#D3D3D3	7
3269	#FFFFFF	#D3D3D3	44
3270	#FFFFFF	#D3D3D3	44
3271	#FFFFFF	#D3D3D3	44
3272	#FFFFFF	#D3D3D3	44
3273	#FFFFFF	#D3D3D3	57
3274	#FFFFFF	#D3D3D3	162
3275	#FFFFFF	#D3D3D3	162
3276	#FFFFFF	#D3D3D3	162
3277	#FFFFFF	#D3D3D3	57
3278	#FFFFFF	#D3D3D3	7
3279	#FFFFFF	#D3D3D3	7
3280	#FFFFFF	#D3D3D3	45
3281	#FFFFFF	#D3D3D3	45
3282	#FFFFFF	#D3D3D3	45
3284	#FFFFFF	#D3D3D3	7
3285	#FFFFFF	#D3D3D3	7
3286	#FFFFFF	#D3D3D3	45
3287	#FFFFFF	#D3D3D3	45
3288	#FFFFFF	#D3D3D3	45
3289	#FFFFFF	#D3D3D3	7
3290	#FFFFFF	#D3D3D3	7
3291	#FFFFFF	#D3D3D3	7
3292	#FFFFFF	#D3D3D3	57
3293	#FFFFFF	#D3D3D3	57
3294	#FFFFFF	#D3D3D3	57
3295	#FFFFFF	#D3D3D3	57
3296	#FFFFFF	#D3D3D3	7
3297	#FFFFFF	#D3D3D3	57
3298	#FFFFFF	#D3D3D3	57
3299	#FFFFFF	#D3D3D3	57
3300	#FFFFFF	#D3D3D3	57
3301	#FFFFFF	#D3D3D3	57
3302	#FFFFFF	#D3D3D3	57
3303	#FFFFFF	#D3D3D3	57
3304	#FFFFFF	#D3D3D3	57
3305	#FFFFFF	#D3D3D3	57
3306	#FFFFFF	#D3D3D3	57
3307	#FFFFFF	#D3D3D3	7
3308	#FFFFFF	#D3D3D3	57
3309	#FFFFFF	#D3D3D3	57
3310	#FFFFFF	#D3D3D3	57
3311	#FFFFFF	#D3D3D3	44
3312	#FFFFFF	#D3D3D3	44
3313	#FFFFFF	#D3D3D3	44
3314	#FFFFFF	#D3D3D3	44
3315	#FFFFFF	#D3D3D3	44
3316	#FFFFFF	#D3D3D3	44
3317	#FFFFFF	#D3D3D3	44
3318	#FFFFFF	#D3D3D3	7
3319	#FFFFFF	#D3D3D3	57
3320	#FFFFFF	#D3D3D3	44
3321	#FFFFFF	#D3D3D3	44
3322	#FFFFFF	#D3D3D3	44
3323	#FFFFFF	#D3D3D3	57
3324	#FFFFFF	#D3D3D3	162
3325	#FFFFFF	#D3D3D3	57
3326	#FFFFFF	#D3D3D3	57
3327	#FFFFFF	#D3D3D3	57
3329	#FFFFFF	#D3D3D3	7
3330	#FFFFFF	#D3D3D3	7
3331	#FFFFFF	#D3D3D3	45
3332	#FFFFFF	#D3D3D3	45
3333	#FFFFFF	#D3D3D3	45
3334	#FFFFFF	#D3D3D3	7
3335	#FFFFFF	#D3D3D3	7
3336	#FFFFFF	#D3D3D3	7
3337	#FFFFFF	#D3D3D3	45
3338	#FFFFFF	#D3D3D3	45
3339	#FFFFFF	#D3D3D3	45
3340	#FFFFFF	#D3D3D3	7
3341	#FFFFFF	#D3D3D3	7
3342	#FFFFFF	#D3D3D3	57
3343	#FFFFFF	#D3D3D3	57
3344	#FFFFFF	#D3D3D3	57
3345	#FFFFFF	#D3D3D3	57
3346	#FFFFFF	#D3D3D3	57
3347	#FFFFFF	#D3D3D3	7
3348	#FFFFFF	#D3D3D3	57
3349	#FFFFFF	#D3D3D3	57
3350	#FFFFFF	#D3D3D3	57
3351	#FFFFFF	#D3D3D3	57
3352	#FFFFFF	#D3D3D3	57
3353	#FFFFFF	#D3D3D3	57
3354	#FFFFFF	#D3D3D3	57
3355	#FFFFFF	#D3D3D3	57
3356	#FFFFFF	#D3D3D3	57
3357	#FFFFFF	#D3D3D3	57
3358	#FFFFFF	#D3D3D3	7
3359	#FFFFFF	#D3D3D3	57
3360	#FFFFFF	#D3D3D3	57
3361	#FFFFFF	#D3D3D3	57
3362	#FFFFFF	#D3D3D3	57
3363	#FFFFFF	#D3D3D3	44
3364	#FFFFFF	#D3D3D3	44
3365	#FFFFFF	#D3D3D3	44
3366	#FFFFFF	#D3D3D3	44
3367	#FFFFFF	#D3D3D3	44
3368	#FFFFFF	#D3D3D3	44
3369	#FFFFFF	#D3D3D3	7
3370	#FFFFFF	#D3D3D3	57
3371	#FFFFFF	#D3D3D3	44
3372	#FFFFFF	#D3D3D3	44
3373	#FFFFFF	#D3D3D3	57
3374	#FFFFFF	#D3D3D3	57
3375	#FFFFFF	#D3D3D3	57
3376	#FFFFFF	#D3D3D3	57
3377	#FFFFFF	#D3D3D3	57
3378	#FFFFFF	#D3D3D3	57
3379	#FFFFFF	#D3D3D3	7
3380	#FFFFFF	#D3D3D3	45
3381	#FFFFFF	#D3D3D3	45
3382	#FFFFFF	#D3D3D3	45
3383	#FFFFFF	#D3D3D3	45
3385	#FFFFFF	#D3D3D3	64
3386	#FFFFFF	#D3D3D3	64
3387	#FFFFFF	#D3D3D3	145
3389	#FFFFFF	#D3D3D3	235
3390	#FFFFFF	#D3D3D3	7
3391	#FFFFFF	#D3D3D3	7
3392	#FFFFFF	#D3D3D3	7
3393	#FFFFFF	#D3D3D3	7
3394	#FFFFFF	#D3D3D3	7
3395	#FFFFFF	#D3D3D3	7
3396	#FFFFFF	#D3D3D3	7
3397	#FFFFFF	#D3D3D3	64
3398	#FFFFFF	#D3D3D3	7
3399	#FFFFFF	#D3D3D3	7
3400	#FFFFFF	#D3D3D3	7
3401	#FFFFFF	#D3D3D3	7
3402	#FFFFFF	#D3D3D3	7
3403	#FFFFFF	#D3D3D3	7
3404	#FFFFFF	#D3D3D3	7
3405	#FFFFFF	#D3D3D3	7
3406	#FFFFFF	#D3D3D3	7
3407	#FFFFFF	#D3D3D3	191
3408	#FFFFFF	#D3D3D3	64
3409	#FFFFFF	#D3D3D3	191
3410	#FFFFFF	#D3D3D3	191
3411	#FFFFFF	#D3D3D3	191
3412	#FFFFFF	#D3D3D3	7
3413	#FFFFFF	#D3D3D3	7
3414	#FFFFFF	#D3D3D3	7
3415	#FFFFFF	#D3D3D3	7
3416	#FFFFFF	#D3D3D3	132
3417	#FFFFFF	#D3D3D3	132
3418	#FFFFFF	#D3D3D3	132
3419	#FFFFFF	#D3D3D3	118
3420	#FFFFFF	#D3D3D3	132
3421	#FFFFFF	#D3D3D3	7
3422	#FFFFFF	#D3D3D3	7
3423	#FFFFFF	#D3D3D3	7
3424	#FFFFFF	#D3D3D3	7
3425	#FFFFFF	#D3D3D3	7
3426	#FFFFFF	#D3D3D3	7
3427	#FFFFFF	#D3D3D3	7
3428	#FFFFFF	#D3D3D3	7
3430	#FFFFFF	#D3D3D3	235
3431	#FFFFFF	#D3D3D3	235
3432	#FFFFFF	#D3D3D3	235
3433	#FFFFFF	#D3D3D3	145
3435	#FFFFFF	#D3D3D3	113
3436	#FFFFFF	#D3D3D3	64
3437	#FFFFFF	#D3D3D3	64
3439	#FFFFFF	#D3D3D3	235
3440	#FFFFFF	#D3D3D3	7
3441	#FFFFFF	#D3D3D3	7
3442	#FFFFFF	#D3D3D3	7
3443	#FFFFFF	#D3D3D3	7
3444	#FFFFFF	#D3D3D3	7
3445	#FFFFFF	#D3D3D3	7
3446	#FFFFFF	#D3D3D3	7
3447	#FFFFFF	#D3D3D3	7
3448	#FFFFFF	#D3D3D3	118
3449	#FFFFFF	#D3D3D3	7
3450	#FFFFFF	#D3D3D3	7
3451	#FFFFFF	#D3D3D3	7
3452	#FFFFFF	#D3D3D3	7
3453	#FFFFFF	#D3D3D3	7
3454	#FFFFFF	#D3D3D3	7
3455	#FFFFFF	#D3D3D3	7
3456	#FFFFFF	#D3D3D3	7
3457	#FFFFFF	#D3D3D3	191
3458	#FFFFFF	#D3D3D3	191
3459	#FFFFFF	#D3D3D3	118
3460	#FFFFFF	#D3D3D3	191
3461	#FFFFFF	#D3D3D3	191
3462	#FFFFFF	#D3D3D3	7
3463	#FFFFFF	#D3D3D3	7
3464	#FFFFFF	#D3D3D3	57
3465	#FFFFFF	#D3D3D3	7
3466	#FFFFFF	#D3D3D3	7
3467	#FFFFFF	#D3D3D3	7
3468	#FFFFFF	#D3D3D3	132
3469	#FFFFFF	#D3D3D3	132
3470	#FFFFFF	#D3D3D3	235
3471	#FFFFFF	#D3D3D3	132
3472	#FFFFFF	#D3D3D3	7
3473	#FFFFFF	#D3D3D3	7
3474	#FFFFFF	#D3D3D3	7
3475	#FFFFFF	#D3D3D3	7
3476	#FFFFFF	#D3D3D3	7
3477	#FFFFFF	#D3D3D3	7
3478	#FFFFFF	#D3D3D3	7
3479	#FFFFFF	#D3D3D3	7
3480	#FFFFFF	#D3D3D3	235
3481	#FFFFFF	#D3D3D3	235
3486	#FFFFFF	#D3D3D3	7
3487	#FFFFFF	#D3D3D3	7
3488	#FFFFFF	#D3D3D3	45
3489	#FFFFFF	#D3D3D3	45
3490	#FFFFFF	#D3D3D3	45
3491	#FFFFFF	#D3D3D3	45
3492	#FFFFFF	#D3D3D3	57
3493	#FFFFFF	#D3D3D3	57
3494	#FFFFFF	#D3D3D3	57
3495	#FFFFFF	#D3D3D3	57
3496	#FFFFFF	#D3D3D3	57
3497	#FFFFFF	#D3D3D3	57
3498	#FFFFFF	#D3D3D3	7
3499	#FFFFFF	#D3D3D3	57
3500	#FFFFFF	#D3D3D3	57
3501	#FFFFFF	#D3D3D3	57
3502	#FFFFFF	#D3D3D3	57
3503	#FFFFFF	#D3D3D3	57
3504	#FFFFFF	#D3D3D3	57
3505	#FFFFFF	#D3D3D3	57
3506	#FFFFFF	#D3D3D3	57
3507	#FFFFFF	#D3D3D3	57
3508	#FFFFFF	#D3D3D3	57
3509	#FFFFFF	#D3D3D3	70
3510	#FFFFFF	#D3D3D3	57
3511	#FFFFFF	#D3D3D3	57
3512	#FFFFFF	#D3D3D3	57
3513	#FFFFFF	#D3D3D3	57
3514	#FFFFFF	#D3D3D3	44
3515	#FFFFFF	#D3D3D3	44
3516	#FFFFFF	#D3D3D3	44
3517	#FFFFFF	#D3D3D3	44
3518	#FFFFFF	#D3D3D3	44
3519	#FFFFFF	#D3D3D3	44
3520	#FFFFFF	#D3D3D3	7
3521	#FFFFFF	#D3D3D3	44
3522	#FFFFFF	#D3D3D3	57
3523	#FFFFFF	#D3D3D3	44
3524	#FFFFFF	#D3D3D3	57
3525	#FFFFFF	#D3D3D3	57
3526	#FFFFFF	#D3D3D3	57
3527	#FFFFFF	#D3D3D3	57
3528	#FFFFFF	#D3D3D3	57
3529	#FFFFFF	#D3D3D3	57
3531	#FFFFFF	#D3D3D3	7
3532	#FFFFFF	#D3D3D3	45
3533	#FFFFFF	#D3D3D3	45
3534	#FFFFFF	#D3D3D3	45
3535	#FFFFFF	#D3D3D3	45
3536	#FFFFFF	#D3D3D3	7
3537	#FFFFFF	#D3D3D3	7
3538	#FFFFFF	#D3D3D3	7
3539	#FFFFFF	#D3D3D3	45
3540	#FFFFFF	#D3D3D3	45
3541	#FFFFFF	#D3D3D3	45
3542	#FFFFFF	#D3D3D3	45
3543	#FFFFFF	#D3D3D3	57
3544	#FFFFFF	#D3D3D3	57
3545	#FFFFFF	#D3D3D3	57
3546	#FFFFFF	#D3D3D3	57
3547	#FFFFFF	#D3D3D3	57
3548	#FFFFFF	#D3D3D3	57
3549	#FFFFFF	#D3D3D3	70
3550	#FFFFFF	#D3D3D3	57
3551	#FFFFFF	#D3D3D3	57
3552	#FFFFFF	#D3D3D3	57
3553	#FFFFFF	#D3D3D3	57
3554	#FFFFFF	#D3D3D3	57
3555	#FFFFFF	#D3D3D3	57
3556	#FFFFFF	#D3D3D3	57
3557	#FFFFFF	#D3D3D3	57
3558	#FFFFFF	#D3D3D3	57
3559	#FFFFFF	#D3D3D3	57
3560	#FFFFFF	#D3D3D3	70
3561	#FFFFFF	#D3D3D3	57
3562	#FFFFFF	#D3D3D3	57
3563	#FFFFFF	#D3D3D3	57
3564	#FFFFFF	#D3D3D3	57
3565	#FFFFFF	#D3D3D3	57
3566	#FFFFFF	#D3D3D3	44
3567	#FFFFFF	#D3D3D3	44
3568	#FFFFFF	#D3D3D3	44
3569	#FFFFFF	#D3D3D3	44
3570	#FFFFFF	#D3D3D3	44
3571	#FFFFFF	#D3D3D3	7
3572	#FFFFFF	#D3D3D3	57
3573	#FFFFFF	#D3D3D3	57
3574	#FFFFFF	#D3D3D3	57
3575	#FFFFFF	#D3D3D3	57
3576	#FFFFFF	#D3D3D3	57
3577	#FFFFFF	#D3D3D3	57
3578	#FFFFFF	#D3D3D3	57
3579	#FFFFFF	#D3D3D3	57
3580	#FFFFFF	#D3D3D3	57
3581	#FFFFFF	#D3D3D3	7
3582	#FFFFFF	#D3D3D3	45
3583	#FFFFFF	#D3D3D3	45
3584	#FFFFFF	#D3D3D3	45
3585	#FFFFFF	#D3D3D3	45
3587	#FFFFFF	#D3D3D3	70
3588	#FFFFFF	#D3D3D3	7
3589	#FFFFFF	#D3D3D3	45
3590	#FFFFFF	#D3D3D3	45
3591	#FFFFFF	#D3D3D3	45
3592	#FFFFFF	#D3D3D3	45
3593	#FFFFFF	#D3D3D3	45
3594	#FFFFFF	#D3D3D3	57
3595	#FFFFFF	#D3D3D3	57
3596	#FFFFFF	#D3D3D3	57
3597	#FFFFFF	#D3D3D3	57
3598	#FFFFFF	#D3D3D3	57
3599	#FFFFFF	#D3D3D3	70
3600	#FFFFFF	#D3D3D3	57
3601	#FFFFFF	#D3D3D3	57
3602	#FFFFFF	#D3D3D3	57
3603	#FFFFFF	#D3D3D3	57
3604	#FFFFFF	#D3D3D3	57
3605	#FFFFFF	#D3D3D3	57
3606	#FFFFFF	#D3D3D3	57
3607	#FFFFFF	#D3D3D3	57
3608	#FFFFFF	#D3D3D3	57
3609	#FFFFFF	#D3D3D3	57
3610	#FFFFFF	#D3D3D3	70
3611	#FFFFFF	#D3D3D3	6
3612	#FFFFFF	#D3D3D3	6
3613	#FFFFFF	#D3D3D3	57
3614	#FFFFFF	#D3D3D3	57
3615	#FFFFFF	#D3D3D3	57
3616	#FFFFFF	#D3D3D3	44
3617	#FFFFFF	#D3D3D3	44
3618	#FFFFFF	#D3D3D3	44
3619	#FFFFFF	#D3D3D3	44
3620	#FFFFFF	#D3D3D3	44
3621	#FFFFFF	#D3D3D3	70
3622	#FFFFFF	#D3D3D3	44
3623	#FFFFFF	#D3D3D3	57
3624	#FFFFFF	#D3D3D3	57
3625	#FFFFFF	#D3D3D3	57
3626	#FFFFFF	#D3D3D3	57
3627	#FFFFFF	#D3D3D3	57
3628	#FFFFFF	#D3D3D3	57
3629	#FFFFFF	#D3D3D3	57
3630	#FFFFFF	#D3D3D3	57
3632	#FFFFFF	#D3D3D3	70
3633	#FFFFFF	#D3D3D3	70
3634	#FFFFFF	#D3D3D3	45
3635	#FFFFFF	#D3D3D3	45
3636	#FFFFFF	#D3D3D3	45
3637	#FFFFFF	#D3D3D3	70
3638	#FFFFFF	#D3D3D3	70
3639	#FFFFFF	#D3D3D3	70
3640	#FFFFFF	#D3D3D3	45
3641	#FFFFFF	#D3D3D3	45
3642	#FFFFFF	#D3D3D3	45
3643	#FFFFFF	#D3D3D3	45
3644	#FFFFFF	#D3D3D3	45
3645	#FFFFFF	#D3D3D3	57
3646	#FFFFFF	#D3D3D3	57
3647	#FFFFFF	#D3D3D3	57
3648	#FFFFFF	#D3D3D3	57
3649	#FFFFFF	#D3D3D3	57
3650	#FFFFFF	#D3D3D3	70
3651	#FFFFFF	#D3D3D3	57
3652	#FFFFFF	#D3D3D3	57
3653	#FFFFFF	#D3D3D3	57
3654	#FFFFFF	#D3D3D3	57
3655	#FFFFFF	#D3D3D3	57
3656	#FFFFFF	#D3D3D3	57
3657	#FFFFFF	#D3D3D3	57
3658	#FFFFFF	#D3D3D3	57
3659	#FFFFFF	#D3D3D3	57
3660	#FFFFFF	#D3D3D3	6
3661	#FFFFFF	#D3D3D3	70
3662	#FFFFFF	#D3D3D3	6
3663	#FFFFFF	#D3D3D3	6
3664	#FFFFFF	#D3D3D3	6
3665	#FFFFFF	#D3D3D3	57
3666	#FFFFFF	#D3D3D3	44
3667	#FFFFFF	#D3D3D3	44
3668	#FFFFFF	#D3D3D3	44
3669	#FFFFFF	#D3D3D3	44
3670	#FFFFFF	#D3D3D3	44
3671	#FFFFFF	#D3D3D3	44
3672	#FFFFFF	#D3D3D3	70
3673	#FFFFFF	#D3D3D3	44
3674	#FFFFFF	#D3D3D3	44
3675	#FFFFFF	#D3D3D3	44
3676	#FFFFFF	#D3D3D3	57
3677	#FFFFFF	#D3D3D3	57
3678	#FFFFFF	#D3D3D3	57
3679	#FFFFFF	#D3D3D3	57
3680	#FFFFFF	#D3D3D3	57
3681	#FFFFFF	#D3D3D3	57
3682	#FFFFFF	#D3D3D3	70
3683	#FFFFFF	#D3D3D3	70
3684	#FFFFFF	#D3D3D3	45
3685	#FFFFFF	#D3D3D3	45
3686	#FFFFFF	#D3D3D3	45
3688	#FFFFFF	#D3D3D3	70
3689	#FFFFFF	#D3D3D3	70
3690	#FFFFFF	#D3D3D3	45
3691	#FFFFFF	#D3D3D3	45
3692	#FFFFFF	#D3D3D3	45
3693	#FFFFFF	#D3D3D3	45
3694	#FFFFFF	#D3D3D3	45
3695	#FFFFFF	#D3D3D3	45
3696	#FFFFFF	#D3D3D3	57
3697	#FFFFFF	#D3D3D3	57
3698	#FFFFFF	#D3D3D3	57
3699	#FFFFFF	#D3D3D3	57
3700	#FFFFFF	#D3D3D3	70
3701	#FFFFFF	#D3D3D3	57
3702	#FFFFFF	#D3D3D3	57
3703	#FFFFFF	#D3D3D3	57
3704	#FFFFFF	#D3D3D3	57
3705	#FFFFFF	#D3D3D3	57
3706	#FFFFFF	#D3D3D3	57
3707	#FFFFFF	#D3D3D3	57
3708	#FFFFFF	#D3D3D3	57
3709	#FFFFFF	#D3D3D3	57
3710	#FFFFFF	#D3D3D3	6
3711	#FFFFFF	#D3D3D3	70
3712	#FFFFFF	#D3D3D3	6
3713	#FFFFFF	#D3D3D3	6
3714	#FFFFFF	#D3D3D3	6
3715	#FFFFFF	#D3D3D3	6
3716	#FFFFFF	#D3D3D3	57
3717	#FFFFFF	#D3D3D3	57
3718	#FFFFFF	#D3D3D3	44
3719	#FFFFFF	#D3D3D3	44
3720	#FFFFFF	#D3D3D3	44
3721	#FFFFFF	#D3D3D3	57
3722	#FFFFFF	#D3D3D3	70
3723	#FFFFFF	#D3D3D3	57
3724	#FFFFFF	#D3D3D3	44
3725	#FFFFFF	#D3D3D3	44
3726	#FFFFFF	#D3D3D3	57
3727	#FFFFFF	#D3D3D3	57
3728	#FFFFFF	#D3D3D3	57
3729	#FFFFFF	#D3D3D3	57
3730	#FFFFFF	#D3D3D3	57
3731	#FFFFFF	#D3D3D3	57
3733	#FFFFFF	#D3D3D3	70
3734	#FFFFFF	#D3D3D3	70
3735	#FFFFFF	#D3D3D3	70
3736	#FFFFFF	#D3D3D3	45
3737	#FFFFFF	#D3D3D3	45
3738	#FFFFFF	#D3D3D3	70
3739	#FFFFFF	#D3D3D3	70
3740	#FFFFFF	#D3D3D3	70
3741	#FFFFFF	#D3D3D3	45
3742	#FFFFFF	#D3D3D3	45
3743	#FFFFFF	#D3D3D3	45
3744	#FFFFFF	#D3D3D3	45
3745	#FFFFFF	#D3D3D3	45
3746	#FFFFFF	#D3D3D3	45
3747	#FFFFFF	#D3D3D3	57
3748	#FFFFFF	#D3D3D3	57
3749	#FFFFFF	#D3D3D3	57
3750	#FFFFFF	#D3D3D3	57
3751	#FFFFFF	#D3D3D3	70
3752	#FFFFFF	#D3D3D3	57
3753	#FFFFFF	#D3D3D3	57
3754	#FFFFFF	#D3D3D3	57
3755	#FFFFFF	#D3D3D3	57
3756	#FFFFFF	#D3D3D3	57
3757	#FFFFFF	#D3D3D3	57
3758	#FFFFFF	#D3D3D3	57
3759	#FFFFFF	#D3D3D3	57
3760	#FFFFFF	#D3D3D3	6
3761	#FFFFFF	#D3D3D3	6
3762	#FFFFFF	#D3D3D3	70
3763	#FFFFFF	#D3D3D3	6
3764	#FFFFFF	#D3D3D3	6
3765	#FFFFFF	#D3D3D3	6
3766	#FFFFFF	#D3D3D3	6
3767	#FFFFFF	#D3D3D3	57
3768	#FFFFFF	#D3D3D3	44
3769	#FFFFFF	#D3D3D3	44
3770	#FFFFFF	#D3D3D3	44
3771	#FFFFFF	#D3D3D3	44
3772	#FFFFFF	#D3D3D3	57
3773	#FFFFFF	#D3D3D3	70
3774	#FFFFFF	#D3D3D3	57
3775	#FFFFFF	#D3D3D3	57
3776	#FFFFFF	#D3D3D3	44
3777	#FFFFFF	#D3D3D3	57
3778	#FFFFFF	#D3D3D3	57
3779	#FFFFFF	#D3D3D3	57
3780	#FFFFFF	#D3D3D3	57
3781	#FFFFFF	#D3D3D3	57
3782	#FFFFFF	#D3D3D3	57
3783	#FFFFFF	#D3D3D3	70
3784	#FFFFFF	#D3D3D3	70
3785	#FFFFFF	#D3D3D3	70
3786	#FFFFFF	#D3D3D3	45
3787	#FFFFFF	#D3D3D3	70
3789	#FFFFFF	#D3D3D3	70
3790	#FFFFFF	#D3D3D3	70
3791	#FFFFFF	#D3D3D3	70
3792	#FFFFFF	#D3D3D3	45
3793	#FFFFFF	#D3D3D3	45
3794	#FFFFFF	#D3D3D3	45
3795	#FFFFFF	#D3D3D3	45
3796	#FFFFFF	#D3D3D3	45
3797	#FFFFFF	#D3D3D3	45
3798	#FFFFFF	#D3D3D3	57
3799	#FFFFFF	#D3D3D3	57
3800	#FFFFFF	#D3D3D3	57
3801	#FFFFFF	#D3D3D3	70
3802	#FFFFFF	#D3D3D3	57
3803	#FFFFFF	#D3D3D3	57
3804	#FFFFFF	#D3D3D3	57
3805	#FFFFFF	#D3D3D3	57
3806	#FFFFFF	#D3D3D3	57
3807	#FFFFFF	#D3D3D3	57
3808	#FFFFFF	#D3D3D3	57
3809	#FFFFFF	#D3D3D3	57
3810	#FFFFFF	#D3D3D3	57
3811	#FFFFFF	#D3D3D3	6
3812	#FFFFFF	#D3D3D3	70
3813	#FFFFFF	#D3D3D3	6
3814	#FFFFFF	#D3D3D3	6
3815	#FFFFFF	#D3D3D3	6
3816	#FFFFFF	#D3D3D3	6
3817	#FFFFFF	#D3D3D3	6
3818	#FFFFFF	#D3D3D3	57
3819	#FFFFFF	#D3D3D3	44
3820	#FFFFFF	#D3D3D3	44
3821	#FFFFFF	#D3D3D3	44
3822	#FFFFFF	#D3D3D3	57
3823	#FFFFFF	#D3D3D3	70
3824	#FFFFFF	#D3D3D3	57
3825	#FFFFFF	#D3D3D3	57
3826	#FFFFFF	#D3D3D3	57
3827	#FFFFFF	#D3D3D3	44
3828	#FFFFFF	#D3D3D3	57
3829	#FFFFFF	#D3D3D3	57
3830	#FFFFFF	#D3D3D3	57
3831	#FFFFFF	#D3D3D3	57
3832	#FFFFFF	#D3D3D3	57
3834	#FFFFFF	#D3D3D3	70
3835	#FFFFFF	#D3D3D3	70
3836	#FFFFFF	#D3D3D3	70
3837	#FFFFFF	#D3D3D3	70
3838	#FFFFFF	#D3D3D3	70
3839	#FFFFFF	#D3D3D3	70
3840	#FFFFFF	#D3D3D3	70
3841	#FFFFFF	#D3D3D3	70
3842	#FFFFFF	#D3D3D3	45
3843	#FFFFFF	#D3D3D3	45
3844	#FFFFFF	#D3D3D3	45
3845	#FFFFFF	#D3D3D3	45
3846	#FFFFFF	#D3D3D3	45
3847	#FFFFFF	#D3D3D3	45
3848	#FFFFFF	#D3D3D3	45
3849	#FFFFFF	#D3D3D3	57
3850	#FFFFFF	#D3D3D3	57
3851	#FFFFFF	#D3D3D3	57
3852	#FFFFFF	#D3D3D3	70
3853	#FFFFFF	#D3D3D3	57
3854	#FFFFFF	#D3D3D3	57
3855	#FFFFFF	#D3D3D3	57
3856	#FFFFFF	#D3D3D3	57
3857	#FFFFFF	#D3D3D3	57
3858	#FFFFFF	#D3D3D3	57
3859	#FFFFFF	#D3D3D3	57
3860	#FFFFFF	#D3D3D3	57
3861	#FFFFFF	#D3D3D3	6
3862	#FFFFFF	#D3D3D3	6
3863	#FFFFFF	#D3D3D3	70
3864	#FFFFFF	#D3D3D3	6
3865	#FFFFFF	#D3D3D3	6
3866	#FFFFFF	#D3D3D3	6
3867	#FFFFFF	#D3D3D3	6
3868	#FFFFFF	#D3D3D3	6
3869	#FFFFFF	#D3D3D3	57
3870	#FFFFFF	#D3D3D3	44
3871	#FFFFFF	#D3D3D3	44
3872	#FFFFFF	#D3D3D3	44
3873	#FFFFFF	#D3D3D3	44
3874	#FFFFFF	#D3D3D3	70
3875	#FFFFFF	#D3D3D3	57
3876	#FFFFFF	#D3D3D3	57
3877	#FFFFFF	#D3D3D3	57
3878	#FFFFFF	#D3D3D3	57
3879	#FFFFFF	#D3D3D3	57
3880	#FFFFFF	#D3D3D3	57
3881	#FFFFFF	#D3D3D3	57
3882	#FFFFFF	#D3D3D3	57
3883	#FFFFFF	#D3D3D3	57
3884	#FFFFFF	#D3D3D3	70
3885	#FFFFFF	#D3D3D3	70
3886	#FFFFFF	#D3D3D3	70
3887	#FFFFFF	#D3D3D3	70
3888	#FFFFFF	#D3D3D3	70
3890	#FFFFFF	#D3D3D3	70
3891	#FFFFFF	#D3D3D3	70
3892	#FFFFFF	#D3D3D3	45
3893	#FFFFFF	#D3D3D3	45
3894	#FFFFFF	#D3D3D3	45
3895	#FFFFFF	#D3D3D3	45
3896	#FFFFFF	#D3D3D3	45
3897	#FFFFFF	#D3D3D3	45
3898	#FFFFFF	#D3D3D3	45
3899	#FFFFFF	#D3D3D3	45
3900	#FFFFFF	#D3D3D3	57
3901	#FFFFFF	#D3D3D3	57
3902	#FFFFFF	#D3D3D3	70
3903	#FFFFFF	#D3D3D3	57
3904	#FFFFFF	#D3D3D3	57
3905	#FFFFFF	#D3D3D3	57
3906	#FFFFFF	#D3D3D3	57
3907	#FFFFFF	#D3D3D3	57
3908	#FFFFFF	#D3D3D3	57
3909	#FFFFFF	#D3D3D3	57
3910	#FFFFFF	#D3D3D3	57
3911	#FFFFFF	#D3D3D3	57
3912	#FFFFFF	#D3D3D3	6
3913	#FFFFFF	#D3D3D3	70
3914	#FFFFFF	#D3D3D3	6
3915	#FFFFFF	#D3D3D3	6
3916	#FFFFFF	#D3D3D3	6
3917	#FFFFFF	#D3D3D3	6
3918	#FFFFFF	#D3D3D3	6
3919	#FFFFFF	#D3D3D3	6
3920	#FFFFFF	#D3D3D3	57
3921	#FFFFFF	#D3D3D3	44
3922	#FFFFFF	#D3D3D3	57
3923	#FFFFFF	#D3D3D3	44
3924	#FFFFFF	#D3D3D3	70
3925	#FFFFFF	#D3D3D3	57
3926	#FFFFFF	#D3D3D3	57
3927	#FFFFFF	#D3D3D3	57
3928	#FFFFFF	#D3D3D3	57
3929	#FFFFFF	#D3D3D3	57
3930	#FFFFFF	#D3D3D3	6
3931	#FFFFFF	#D3D3D3	57
3932	#FFFFFF	#D3D3D3	57
3933	#FFFFFF	#D3D3D3	57
3935	#FFFFFF	#D3D3D3	70
3936	#FFFFFF	#D3D3D3	70
3937	#FFFFFF	#D3D3D3	70
3938	#FFFFFF	#D3D3D3	70
3939	#FFFFFF	#D3D3D3	70
3940	#FFFFFF	#D3D3D3	70
3941	#FFFFFF	#D3D3D3	70
3942	#FFFFFF	#D3D3D3	70
3943	#FFFFFF	#D3D3D3	45
3944	#FFFFFF	#D3D3D3	45
3945	#FFFFFF	#D3D3D3	45
3946	#FFFFFF	#D3D3D3	45
3947	#FFFFFF	#D3D3D3	45
3948	#FFFFFF	#D3D3D3	45
3949	#FFFFFF	#D3D3D3	45
3950	#FFFFFF	#D3D3D3	45
3951	#FFFFFF	#D3D3D3	57
3952	#FFFFFF	#D3D3D3	57
3953	#FFFFFF	#D3D3D3	70
3954	#FFFFFF	#D3D3D3	57
3955	#FFFFFF	#D3D3D3	57
3956	#FFFFFF	#D3D3D3	57
3957	#FFFFFF	#D3D3D3	57
3958	#FFFFFF	#D3D3D3	57
3959	#FFFFFF	#D3D3D3	57
3960	#FFFFFF	#D3D3D3	57
3961	#FFFFFF	#D3D3D3	57
3962	#FFFFFF	#D3D3D3	57
3963	#FFFFFF	#D3D3D3	6
3964	#FFFFFF	#D3D3D3	70
3965	#FFFFFF	#D3D3D3	6
3966	#FFFFFF	#D3D3D3	6
3967	#FFFFFF	#D3D3D3	6
3968	#FFFFFF	#D3D3D3	6
3969	#FFFFFF	#D3D3D3	6
3970	#FFFFFF	#D3D3D3	6
3971	#FFFFFF	#D3D3D3	57
3972	#FFFFFF	#D3D3D3	57
3973	#FFFFFF	#D3D3D3	57
3974	#FFFFFF	#D3D3D3	57
3975	#FFFFFF	#D3D3D3	70
3976	#FFFFFF	#D3D3D3	57
3977	#FFFFFF	#D3D3D3	57
3978	#FFFFFF	#D3D3D3	57
3979	#FFFFFF	#D3D3D3	57
3980	#FFFFFF	#D3D3D3	57
3981	#FFFFFF	#D3D3D3	6
3982	#FFFFFF	#D3D3D3	57
3983	#FFFFFF	#D3D3D3	57
3984	#FFFFFF	#D3D3D3	57
3985	#FFFFFF	#D3D3D3	70
3986	#FFFFFF	#D3D3D3	70
3987	#FFFFFF	#D3D3D3	70
3988	#FFFFFF	#D3D3D3	70
3989	#FFFFFF	#D3D3D3	70
4042	#FFFFFF	#D3D3D3	64
4043	#FFFFFF	#D3D3D3	64
4044	#FFFFFF	#D3D3D3	145
4045	#FFFFFF	#D3D3D3	235
4046	#FFFFFF	#D3D3D3	7
4047	#FFFFFF	#D3D3D3	7
4048	#FFFFFF	#D3D3D3	7
4049	#FFFFFF	#D3D3D3	7
4050	#FFFFFF	#D3D3D3	7
4051	#FFFFFF	#D3D3D3	7
4052	#FFFFFF	#D3D3D3	7
4053	#FFFFFF	#D3D3D3	7
4054	#FFFFFF	#D3D3D3	118
4055	#FFFFFF	#D3D3D3	7
4056	#FFFFFF	#D3D3D3	7
4057	#FFFFFF	#D3D3D3	7
4058	#FFFFFF	#D3D3D3	7
4059	#FFFFFF	#D3D3D3	7
4060	#FFFFFF	#D3D3D3	57
4061	#FFFFFF	#D3D3D3	7
4062	#FFFFFF	#D3D3D3	7
4063	#FFFFFF	#D3D3D3	191
4064	#FFFFFF	#D3D3D3	191
4065	#FFFFFF	#D3D3D3	118
4066	#FFFFFF	#D3D3D3	191
4067	#FFFFFF	#D3D3D3	191
4068	#FFFFFF	#D3D3D3	7
4069	#FFFFFF	#D3D3D3	7
4070	#FFFFFF	#D3D3D3	57
4071	#FFFFFF	#D3D3D3	57
4072	#FFFFFF	#D3D3D3	7
4073	#FFFFFF	#D3D3D3	7
4074	#FFFFFF	#D3D3D3	132
4075	#FFFFFF	#D3D3D3	7
4076	#FFFFFF	#D3D3D3	235
4077	#FFFFFF	#D3D3D3	132
4078	#FFFFFF	#D3D3D3	7
4079	#FFFFFF	#D3D3D3	7
4080	#FFFFFF	#D3D3D3	7
4081	#FFFFFF	#D3D3D3	7
4082	#FFFFFF	#D3D3D3	7
4083	#FFFFFF	#D3D3D3	7
4084	#FFFFFF	#D3D3D3	7
4085	#FFFFFF	#D3D3D3	7
4087	#FFFFFF	#D3D3D3	235
4088	#FFFFFF	#D3D3D3	235
4092	#FFFFFF	#D3D3D3	64
4093	#FFFFFF	#D3D3D3	64
4094	#FFFFFF	#D3D3D3	118
4095	#FFFFFF	#D3D3D3	235
4096	#FFFFFF	#D3D3D3	7
4097	#FFFFFF	#D3D3D3	7
4098	#FFFFFF	#D3D3D3	7
4099	#FFFFFF	#D3D3D3	7
4100	#FFFFFF	#D3D3D3	7
4101	#FFFFFF	#D3D3D3	7
4102	#FFFFFF	#D3D3D3	7
4103	#FFFFFF	#D3D3D3	7
4104	#FFFFFF	#D3D3D3	7
4105	#FFFFFF	#D3D3D3	118
4106	#FFFFFF	#D3D3D3	7
4107	#FFFFFF	#D3D3D3	7
4108	#FFFFFF	#D3D3D3	7
4109	#FFFFFF	#D3D3D3	7
4110	#FFFFFF	#D3D3D3	57
4111	#FFFFFF	#D3D3D3	57
4112	#FFFFFF	#D3D3D3	7
4113	#FFFFFF	#D3D3D3	7
4114	#FFFFFF	#D3D3D3	191
4115	#FFFFFF	#D3D3D3	191
4116	#FFFFFF	#D3D3D3	235
4117	#FFFFFF	#D3D3D3	191
4118	#FFFFFF	#D3D3D3	7
4119	#FFFFFF	#D3D3D3	7
4120	#FFFFFF	#D3D3D3	57
4121	#FFFFFF	#D3D3D3	57
4122	#FFFFFF	#D3D3D3	57
4123	#FFFFFF	#D3D3D3	7
4124	#FFFFFF	#D3D3D3	132
4125	#FFFFFF	#D3D3D3	132
4126	#FFFFFF	#D3D3D3	7
4127	#FFFFFF	#D3D3D3	235
4128	#FFFFFF	#D3D3D3	7
4129	#FFFFFF	#D3D3D3	7
4130	#FFFFFF	#D3D3D3	7
4131	#FFFFFF	#D3D3D3	7
4132	#FFFFFF	#D3D3D3	7
4133	#FFFFFF	#D3D3D3	7
4134	#FFFFFF	#D3D3D3	7
4135	#FFFFFF	#D3D3D3	7
4136	#FFFFFF	#D3D3D3	7
4137	#FFFFFF	#D3D3D3	235
4143	#FFFFFF	#D3D3D3	64
4144	#FFFFFF	#D3D3D3	64
4145	#FFFFFF	#D3D3D3	235
4146	#FFFFFF	#D3D3D3	7
4147	#FFFFFF	#D3D3D3	7
4148	#FFFFFF	#D3D3D3	7
4149	#FFFFFF	#D3D3D3	7
4150	#FFFFFF	#D3D3D3	7
4151	#FFFFFF	#D3D3D3	7
4152	#FFFFFF	#D3D3D3	7
4153	#FFFFFF	#D3D3D3	7
4154	#FFFFFF	#D3D3D3	7
4155	#FFFFFF	#D3D3D3	118
4156	#FFFFFF	#D3D3D3	7
4157	#FFFFFF	#D3D3D3	7
4158	#FFFFFF	#D3D3D3	7
4159	#FFFFFF	#D3D3D3	7
4160	#FFFFFF	#D3D3D3	57
4161	#FFFFFF	#D3D3D3	57
4162	#FFFFFF	#D3D3D3	57
4163	#FFFFFF	#D3D3D3	7
4164	#FFFFFF	#D3D3D3	7
4165	#FFFFFF	#D3D3D3	191
4166	#FFFFFF	#D3D3D3	235
4167	#FFFFFF	#D3D3D3	191
4168	#FFFFFF	#D3D3D3	7
4169	#FFFFFF	#D3D3D3	7
4170	#FFFFFF	#D3D3D3	57
4171	#FFFFFF	#D3D3D3	57
4172	#FFFFFF	#D3D3D3	57
4173	#FFFFFF	#D3D3D3	57
4174	#FFFFFF	#D3D3D3	132
4175	#FFFFFF	#D3D3D3	132
4176	#FFFFFF	#D3D3D3	132
4177	#FFFFFF	#D3D3D3	235
4178	#FFFFFF	#D3D3D3	7
4179	#FFFFFF	#D3D3D3	7
4180	#FFFFFF	#D3D3D3	7
4181	#FFFFFF	#D3D3D3	7
4182	#FFFFFF	#D3D3D3	7
4183	#FFFFFF	#D3D3D3	7
4184	#FFFFFF	#D3D3D3	7
4185	#FFFFFF	#D3D3D3	7
4186	#FFFFFF	#D3D3D3	7
4188	#FFFFFF	#D3D3D3	235
4193	#FFFFFF	#D3D3D3	64
4194	#FFFFFF	#D3D3D3	64
4195	#FFFFFF	#D3D3D3	118
4196	#FFFFFF	#D3D3D3	7
4197	#FFFFFF	#D3D3D3	7
4198	#FFFFFF	#D3D3D3	7
4199	#FFFFFF	#D3D3D3	7
4200	#FFFFFF	#D3D3D3	7
4201	#FFFFFF	#D3D3D3	7
4202	#FFFFFF	#D3D3D3	7
4203	#FFFFFF	#D3D3D3	7
4204	#FFFFFF	#D3D3D3	7
4205	#FFFFFF	#D3D3D3	7
4206	#FFFFFF	#D3D3D3	235
4207	#FFFFFF	#D3D3D3	7
4208	#FFFFFF	#D3D3D3	7
4209	#FFFFFF	#D3D3D3	7
4210	#FFFFFF	#D3D3D3	7
4211	#FFFFFF	#D3D3D3	57
4212	#FFFFFF	#D3D3D3	57
4213	#FFFFFF	#D3D3D3	7
4214	#FFFFFF	#D3D3D3	7
4215	#FFFFFF	#D3D3D3	7
4216	#FFFFFF	#D3D3D3	7
4217	#FFFFFF	#D3D3D3	235
4218	#FFFFFF	#D3D3D3	7
4219	#FFFFFF	#D3D3D3	7
4220	#FFFFFF	#D3D3D3	57
4221	#FFFFFF	#D3D3D3	57
4222	#FFFFFF	#D3D3D3	57
4223	#FFFFFF	#D3D3D3	57
4224	#FFFFFF	#D3D3D3	7
4225	#FFFFFF	#D3D3D3	7
4226	#FFFFFF	#D3D3D3	7
4227	#FFFFFF	#D3D3D3	7
4228	#FFFFFF	#D3D3D3	235
4229	#FFFFFF	#D3D3D3	7
4230	#FFFFFF	#D3D3D3	7
4231	#FFFFFF	#D3D3D3	7
4232	#FFFFFF	#D3D3D3	7
4233	#FFFFFF	#D3D3D3	7
4234	#FFFFFF	#D3D3D3	7
4235	#FFFFFF	#D3D3D3	7
4236	#FFFFFF	#D3D3D3	7
4237	#FFFFFF	#D3D3D3	7
4242	#FFFFFF	#D3D3D3	235
4244	#FFFFFF	#D3D3D3	64
4245	#FFFFFF	#D3D3D3	118
4246	#FFFFFF	#D3D3D3	7
4247	#FFFFFF	#D3D3D3	7
4248	#FFFFFF	#D3D3D3	7
4249	#FFFFFF	#D3D3D3	7
4250	#FFFFFF	#D3D3D3	7
4251	#FFFFFF	#D3D3D3	7
4252	#FFFFFF	#D3D3D3	7
4253	#FFFFFF	#D3D3D3	57
4254	#FFFFFF	#D3D3D3	7
4255	#FFFFFF	#D3D3D3	7
4256	#FFFFFF	#D3D3D3	118
4257	#FFFFFF	#D3D3D3	7
4258	#FFFFFF	#D3D3D3	7
4259	#FFFFFF	#D3D3D3	7
4260	#FFFFFF	#D3D3D3	7
4261	#FFFFFF	#D3D3D3	7
4262	#FFFFFF	#D3D3D3	57
4263	#FFFFFF	#D3D3D3	7
4264	#FFFFFF	#D3D3D3	7
4265	#FFFFFF	#D3D3D3	7
4266	#FFFFFF	#D3D3D3	7
4267	#FFFFFF	#D3D3D3	235
4268	#FFFFFF	#D3D3D3	7
4269	#FFFFFF	#D3D3D3	7
4270	#FFFFFF	#D3D3D3	57
4271	#FFFFFF	#D3D3D3	57
4272	#FFFFFF	#D3D3D3	57
4273	#FFFFFF	#D3D3D3	57
4274	#FFFFFF	#D3D3D3	7
4275	#FFFFFF	#D3D3D3	7
4276	#FFFFFF	#D3D3D3	7
4277	#FFFFFF	#D3D3D3	7
4278	#FFFFFF	#D3D3D3	235
4279	#FFFFFF	#D3D3D3	7
4280	#FFFFFF	#D3D3D3	7
4281	#FFFFFF	#D3D3D3	7
4282	#FFFFFF	#D3D3D3	7
4283	#FFFFFF	#D3D3D3	7
4284	#FFFFFF	#D3D3D3	7
4285	#FFFFFF	#D3D3D3	7
4286	#FFFFFF	#D3D3D3	7
4287	#FFFFFF	#D3D3D3	57
4293	#FFFFFF	#D3D3D3	235
4294	#FFFFFF	#D3D3D3	118
4295	#FFFFFF	#D3D3D3	118
4296	#FFFFFF	#D3D3D3	118
4297	#FFFFFF	#D3D3D3	7
4298	#FFFFFF	#D3D3D3	7
4299	#FFFFFF	#D3D3D3	7
4300	#FFFFFF	#D3D3D3	7
4301	#FFFFFF	#D3D3D3	7
4302	#FFFFFF	#D3D3D3	7
4303	#FFFFFF	#D3D3D3	7
4304	#FFFFFF	#D3D3D3	57
4305	#FFFFFF	#D3D3D3	7
4306	#FFFFFF	#D3D3D3	7
4307	#FFFFFF	#D3D3D3	235
4308	#FFFFFF	#D3D3D3	7
4309	#FFFFFF	#D3D3D3	7
4310	#FFFFFF	#D3D3D3	7
4311	#FFFFFF	#D3D3D3	57
4312	#FFFFFF	#D3D3D3	57
4313	#FFFFFF	#D3D3D3	7
4314	#FFFFFF	#D3D3D3	7
4315	#FFFFFF	#D3D3D3	7
4316	#FFFFFF	#D3D3D3	7
4317	#FFFFFF	#D3D3D3	57
4318	#FFFFFF	#D3D3D3	235
4319	#FFFFFF	#D3D3D3	7
4320	#FFFFFF	#D3D3D3	57
4321	#FFFFFF	#D3D3D3	57
4322	#FFFFFF	#D3D3D3	57
4323	#FFFFFF	#D3D3D3	57
4324	#FFFFFF	#D3D3D3	7
4325	#FFFFFF	#D3D3D3	7
4326	#FFFFFF	#D3D3D3	7
4327	#FFFFFF	#D3D3D3	7
4328	#FFFFFF	#D3D3D3	7
4330	#FFFFFF	#D3D3D3	7
4331	#FFFFFF	#D3D3D3	7
4332	#FFFFFF	#D3D3D3	7
4333	#FFFFFF	#D3D3D3	7
4334	#FFFFFF	#D3D3D3	7
4335	#FFFFFF	#D3D3D3	7
4336	#FFFFFF	#D3D3D3	57
4337	#FFFFFF	#D3D3D3	57
4338	#FFFFFF	#D3D3D3	57
4342	#FFFFFF	#D3D3D3	235
4343	#FFFFFF	#D3D3D3	7
4345	#FFFFFF	#D3D3D3	118
4346	#FFFFFF	#D3D3D3	118
4347	#FFFFFF	#D3D3D3	7
4348	#FFFFFF	#D3D3D3	7
4349	#FFFFFF	#D3D3D3	7
4350	#FFFFFF	#D3D3D3	7
4351	#FFFFFF	#D3D3D3	7
4352	#FFFFFF	#D3D3D3	7
4353	#FFFFFF	#D3D3D3	7
4354	#FFFFFF	#D3D3D3	7
4355	#FFFFFF	#D3D3D3	57
4356	#FFFFFF	#D3D3D3	7
4357	#FFFFFF	#D3D3D3	235
4358	#FFFFFF	#D3D3D3	7
4359	#FFFFFF	#D3D3D3	7
4360	#FFFFFF	#D3D3D3	57
4361	#FFFFFF	#D3D3D3	7
4362	#FFFFFF	#D3D3D3	57
4363	#FFFFFF	#D3D3D3	57
4364	#FFFFFF	#D3D3D3	7
4365	#FFFFFF	#D3D3D3	7
4366	#FFFFFF	#D3D3D3	57
4367	#FFFFFF	#D3D3D3	57
4368	#FFFFFF	#D3D3D3	235
4369	#FFFFFF	#D3D3D3	57
4370	#FFFFFF	#D3D3D3	57
4371	#FFFFFF	#D3D3D3	57
4372	#FFFFFF	#D3D3D3	57
4373	#FFFFFF	#D3D3D3	57
4374	#FFFFFF	#D3D3D3	7
4375	#FFFFFF	#D3D3D3	7
4376	#FFFFFF	#D3D3D3	7
4377	#FFFFFF	#D3D3D3	57
4378	#FFFFFF	#D3D3D3	7
4380	#FFFFFF	#D3D3D3	7
4381	#FFFFFF	#D3D3D3	7
4382	#FFFFFF	#D3D3D3	57
4383	#FFFFFF	#D3D3D3	7
4384	#FFFFFF	#D3D3D3	7
4385	#FFFFFF	#D3D3D3	7
4386	#FFFFFF	#D3D3D3	57
4387	#FFFFFF	#D3D3D3	57
4388	#FFFFFF	#D3D3D3	57
4393	#FFFFFF	#D3D3D3	235
4394	#FFFFFF	#D3D3D3	7
4395	#FFFFFF	#D3D3D3	118
4396	#FFFFFF	#D3D3D3	118
4397	#FFFFFF	#D3D3D3	235
4398	#FFFFFF	#D3D3D3	7
4399	#FFFFFF	#D3D3D3	7
4400	#FFFFFF	#D3D3D3	7
4401	#FFFFFF	#D3D3D3	7
4402	#FFFFFF	#D3D3D3	7
4403	#FFFFFF	#D3D3D3	7
4404	#FFFFFF	#D3D3D3	7
4405	#FFFFFF	#D3D3D3	57
4406	#FFFFFF	#D3D3D3	57
4407	#FFFFFF	#D3D3D3	7
4408	#FFFFFF	#D3D3D3	235
4409	#FFFFFF	#D3D3D3	7
4410	#FFFFFF	#D3D3D3	57
4411	#FFFFFF	#D3D3D3	57
4412	#FFFFFF	#D3D3D3	7
4413	#FFFFFF	#D3D3D3	7
4414	#FFFFFF	#D3D3D3	57
4415	#FFFFFF	#D3D3D3	57
4416	#FFFFFF	#D3D3D3	57
4417	#FFFFFF	#D3D3D3	57
4418	#FFFFFF	#D3D3D3	57
4419	#FFFFFF	#D3D3D3	145
4420	#FFFFFF	#D3D3D3	57
4421	#FFFFFF	#D3D3D3	57
4422	#FFFFFF	#D3D3D3	57
4423	#FFFFFF	#D3D3D3	57
4424	#FFFFFF	#D3D3D3	7
4425	#FFFFFF	#D3D3D3	7
4426	#FFFFFF	#D3D3D3	7
4427	#FFFFFF	#D3D3D3	57
4428	#FFFFFF	#D3D3D3	57
4429	#FFFFFF	#D3D3D3	7
4431	#FFFFFF	#D3D3D3	7
4432	#FFFFFF	#D3D3D3	57
4433	#FFFFFF	#D3D3D3	57
4434	#FFFFFF	#D3D3D3	7
4435	#FFFFFF	#D3D3D3	7
4436	#FFFFFF	#D3D3D3	57
4437	#FFFFFF	#D3D3D3	57
4438	#FFFFFF	#D3D3D3	57
4439	#FFFFFF	#D3D3D3	57
4440	#FFFFFF	#D3D3D3	145
4442	#FFFFFF	#D3D3D3	235
4443	#FFFFFF	#D3D3D3	7
4444	#FFFFFF	#D3D3D3	7
4446	#FFFFFF	#D3D3D3	118
4447	#FFFFFF	#D3D3D3	235
4448	#FFFFFF	#D3D3D3	7
4449	#FFFFFF	#D3D3D3	7
4450	#FFFFFF	#D3D3D3	7
4451	#FFFFFF	#D3D3D3	7
4452	#FFFFFF	#D3D3D3	7
4453	#FFFFFF	#D3D3D3	7
4454	#FFFFFF	#D3D3D3	7
4455	#FFFFFF	#D3D3D3	7
4456	#FFFFFF	#D3D3D3	57
4457	#FFFFFF	#D3D3D3	57
4458	#FFFFFF	#D3D3D3	235
4459	#FFFFFF	#D3D3D3	57
4460	#FFFFFF	#D3D3D3	57
4461	#FFFFFF	#D3D3D3	57
4462	#FFFFFF	#D3D3D3	57
4463	#FFFFFF	#D3D3D3	7
4464	#FFFFFF	#D3D3D3	7
4465	#FFFFFF	#D3D3D3	57
4466	#FFFFFF	#D3D3D3	57
4467	#FFFFFF	#D3D3D3	57
4468	#FFFFFF	#D3D3D3	57
4470	#FFFFFF	#D3D3D3	57
4471	#FFFFFF	#D3D3D3	57
4472	#FFFFFF	#D3D3D3	57
4473	#FFFFFF	#D3D3D3	57
4474	#FFFFFF	#D3D3D3	7
4475	#FFFFFF	#D3D3D3	7
4476	#FFFFFF	#D3D3D3	7
4477	#FFFFFF	#D3D3D3	57
4478	#FFFFFF	#D3D3D3	57
4479	#FFFFFF	#D3D3D3	57
4481	#FFFFFF	#D3D3D3	57
4482	#FFFFFF	#D3D3D3	57
4483	#FFFFFF	#D3D3D3	57
4484	#FFFFFF	#D3D3D3	57
4485	#FFFFFF	#D3D3D3	7
4486	#FFFFFF	#D3D3D3	57
4487	#FFFFFF	#D3D3D3	57
4488	#FFFFFF	#D3D3D3	57
4489	#FFFFFF	#D3D3D3	57
4493	#FFFFFF	#D3D3D3	235
4494	#FFFFFF	#D3D3D3	7
4495	#FFFFFF	#D3D3D3	7
4496	#FFFFFF	#D3D3D3	118
4497	#FFFFFF	#D3D3D3	235
4498	#FFFFFF	#D3D3D3	235
4499	#FFFFFF	#D3D3D3	7
4500	#FFFFFF	#D3D3D3	7
4501	#FFFFFF	#D3D3D3	7
4502	#FFFFFF	#D3D3D3	7
4503	#FFFFFF	#D3D3D3	7
4504	#FFFFFF	#D3D3D3	7
4505	#FFFFFF	#D3D3D3	7
4506	#FFFFFF	#D3D3D3	7
4507	#FFFFFF	#D3D3D3	57
4508	#FFFFFF	#D3D3D3	57
4510	#FFFFFF	#D3D3D3	57
4511	#FFFFFF	#D3D3D3	57
4512	#FFFFFF	#D3D3D3	57
4513	#FFFFFF	#D3D3D3	7
4514	#FFFFFF	#D3D3D3	57
4515	#FFFFFF	#D3D3D3	57
4516	#FFFFFF	#D3D3D3	57
4517	#FFFFFF	#D3D3D3	57
4518	#FFFFFF	#D3D3D3	57
4519	#FFFFFF	#D3D3D3	57
4521	#FFFFFF	#D3D3D3	57
4522	#FFFFFF	#D3D3D3	57
4523	#FFFFFF	#D3D3D3	57
4524	#FFFFFF	#D3D3D3	7
4525	#FFFFFF	#D3D3D3	7
4526	#FFFFFF	#D3D3D3	7
4527	#FFFFFF	#D3D3D3	57
4528	#FFFFFF	#D3D3D3	57
4529	#FFFFFF	#D3D3D3	57
4530	#FFFFFF	#D3D3D3	57
4532	#FFFFFF	#D3D3D3	57
4533	#FFFFFF	#D3D3D3	57
4534	#FFFFFF	#D3D3D3	57
4535	#FFFFFF	#D3D3D3	57
4536	#FFFFFF	#D3D3D3	57
4537	#FFFFFF	#D3D3D3	57
4538	#FFFFFF	#D3D3D3	57
4539	#FFFFFF	#D3D3D3	57
4540	#FFFFFF	#D3D3D3	57
4541	#FFFFFF	#D3D3D3	145
4542	#FFFFFF	#D3D3D3	235
4543	#FFFFFF	#D3D3D3	7
4544	#FFFFFF	#D3D3D3	7
4545	#FFFFFF	#D3D3D3	7
4547	#FFFFFF	#D3D3D3	64
4548	#FFFFFF	#D3D3D3	64
4549	#FFFFFF	#D3D3D3	235
4550	#FFFFFF	#D3D3D3	118
4551	#FFFFFF	#D3D3D3	145
4555	#FFFFFF	#D3D3D3	235
4556	#FFFFFF	#D3D3D3	7
4557	#FFFFFF	#D3D3D3	7
4558	#FFFFFF	#D3D3D3	7
4559	#FFFFFF	#D3D3D3	62
4560	#FFFFFF	#D3D3D3	7
4561	#FFFFFF	#D3D3D3	7
4562	#FFFFFF	#D3D3D3	7
4563	#FFFFFF	#D3D3D3	7
4564	#FFFFFF	#D3D3D3	7
4565	#FFFFFF	#D3D3D3	218
4566	#FFFFFF	#D3D3D3	218
4567	#FFFFFF	#D3D3D3	218
4568	#FFFFFF	#D3D3D3	218
4569	#FFFFFF	#D3D3D3	218
4570	#FFFFFF	#D3D3D3	62
4571	#FFFFFF	#D3D3D3	132
4572	#FFFFFF	#D3D3D3	132
4573	#FFFFFF	#D3D3D3	132
4574	#FFFFFF	#D3D3D3	132
4575	#FFFFFF	#D3D3D3	132
4576	#FFFFFF	#D3D3D3	132
4577	#FFFFFF	#D3D3D3	132
4578	#FFFFFF	#D3D3D3	132
4579	#FFFFFF	#D3D3D3	132
4580	#FFFFFF	#D3D3D3	132
4581	#FFFFFF	#D3D3D3	62
4582	#FFFFFF	#D3D3D3	132
4583	#FFFFFF	#D3D3D3	132
4584	#FFFFFF	#D3D3D3	132
4585	#FFFFFF	#D3D3D3	7
4586	#FFFFFF	#D3D3D3	7
4587	#FFFFFF	#D3D3D3	7
4588	#FFFFFF	#D3D3D3	7
4589	#FFFFFF	#D3D3D3	7
4590	#FFFFFF	#D3D3D3	7
4592	#FFFFFF	#D3D3D3	62
4593	#FFFFFF	#D3D3D3	62
4594	#FFFFFF	#D3D3D3	62
4595	#FFFFFF	#D3D3D3	62
4596	#FFFFFF	#D3D3D3	118
4597	#FFFFFF	#D3D3D3	64
4598	#FFFFFF	#D3D3D3	64
4599	#FFFFFF	#D3D3D3	64
4600	#FFFFFF	#D3D3D3	118
4601	#FFFFFF	#D3D3D3	118
4602	#FFFFFF	#D3D3D3	145
4606	#FFFFFF	#D3D3D3	235
4607	#FFFFFF	#D3D3D3	7
4608	#FFFFFF	#D3D3D3	7
4609	#FFFFFF	#D3D3D3	7
4610	#FFFFFF	#D3D3D3	62
4611	#FFFFFF	#D3D3D3	7
4612	#FFFFFF	#D3D3D3	7
4613	#FFFFFF	#D3D3D3	7
4614	#FFFFFF	#D3D3D3	7
4615	#FFFFFF	#D3D3D3	218
4616	#FFFFFF	#D3D3D3	218
4617	#FFFFFF	#D3D3D3	218
4618	#FFFFFF	#D3D3D3	218
4619	#FFFFFF	#D3D3D3	218
4620	#FFFFFF	#D3D3D3	218
4621	#FFFFFF	#D3D3D3	62
4622	#FFFFFF	#D3D3D3	132
4623	#FFFFFF	#D3D3D3	132
4624	#FFFFFF	#D3D3D3	132
4625	#FFFFFF	#D3D3D3	132
4626	#FFFFFF	#D3D3D3	132
4627	#FFFFFF	#D3D3D3	132
4628	#FFFFFF	#D3D3D3	132
4629	#FFFFFF	#D3D3D3	132
4630	#FFFFFF	#D3D3D3	132
4631	#FFFFFF	#D3D3D3	7
4632	#FFFFFF	#D3D3D3	62
4633	#FFFFFF	#D3D3D3	7
4634	#FFFFFF	#D3D3D3	132
4635	#FFFFFF	#D3D3D3	7
4636	#FFFFFF	#D3D3D3	7
4637	#FFFFFF	#D3D3D3	7
4638	#FFFFFF	#D3D3D3	7
4639	#FFFFFF	#D3D3D3	7
4640	#FFFFFF	#D3D3D3	7
4641	#FFFFFF	#D3D3D3	7
4642	#FFFFFF	#D3D3D3	62
4643	#FFFFFF	#D3D3D3	62
4644	#FFFFFF	#D3D3D3	62
4645	#FFFFFF	#D3D3D3	118
4646	#FFFFFF	#D3D3D3	235
4648	#FFFFFF	#D3D3D3	64
4649	#FFFFFF	#D3D3D3	64
4650	#FFFFFF	#D3D3D3	118
4651	#FFFFFF	#D3D3D3	118
4652	#FFFFFF	#D3D3D3	118
4657	#FFFFFF	#D3D3D3	118
4658	#FFFFFF	#D3D3D3	7
4659	#FFFFFF	#D3D3D3	7
4660	#FFFFFF	#D3D3D3	64
4661	#FFFFFF	#D3D3D3	7
4662	#FFFFFF	#D3D3D3	7
4663	#FFFFFF	#D3D3D3	7
4664	#FFFFFF	#D3D3D3	7
4665	#FFFFFF	#D3D3D3	7
4666	#FFFFFF	#D3D3D3	218
4667	#FFFFFF	#D3D3D3	218
4668	#FFFFFF	#D3D3D3	218
4669	#FFFFFF	#D3D3D3	218
4670	#FFFFFF	#D3D3D3	218
4671	#FFFFFF	#D3D3D3	62
4672	#FFFFFF	#D3D3D3	132
4673	#FFFFFF	#D3D3D3	132
4674	#FFFFFF	#D3D3D3	132
4675	#FFFFFF	#D3D3D3	132
4676	#FFFFFF	#D3D3D3	132
4677	#FFFFFF	#D3D3D3	132
4678	#FFFFFF	#D3D3D3	132
4679	#FFFFFF	#D3D3D3	132
4680	#FFFFFF	#D3D3D3	132
4681	#FFFFFF	#D3D3D3	132
4682	#FFFFFF	#D3D3D3	62
4683	#FFFFFF	#D3D3D3	7
4684	#FFFFFF	#D3D3D3	7
4685	#FFFFFF	#D3D3D3	7
4686	#FFFFFF	#D3D3D3	7
4687	#FFFFFF	#D3D3D3	7
4688	#FFFFFF	#D3D3D3	7
4689	#FFFFFF	#D3D3D3	7
4690	#FFFFFF	#D3D3D3	7
4691	#FFFFFF	#D3D3D3	7
4693	#FFFFFF	#D3D3D3	62
4694	#FFFFFF	#D3D3D3	62
4695	#FFFFFF	#D3D3D3	62
4696	#FFFFFF	#D3D3D3	62
4697	#FFFFFF	#D3D3D3	118
4698	#FFFFFF	#D3D3D3	64
4699	#FFFFFF	#D3D3D3	64
4700	#FFFFFF	#D3D3D3	64
4701	#FFFFFF	#D3D3D3	118
4702	#FFFFFF	#D3D3D3	118
4703	#FFFFFF	#D3D3D3	118
4707	#FFFFFF	#D3D3D3	145
4708	#FFFFFF	#D3D3D3	118
4709	#FFFFFF	#D3D3D3	7
4710	#FFFFFF	#D3D3D3	7
4711	#FFFFFF	#D3D3D3	64
4712	#FFFFFF	#D3D3D3	7
4713	#FFFFFF	#D3D3D3	7
4714	#FFFFFF	#D3D3D3	7
4715	#FFFFFF	#D3D3D3	7
4716	#FFFFFF	#D3D3D3	7
4717	#FFFFFF	#D3D3D3	218
4718	#FFFFFF	#D3D3D3	218
4719	#FFFFFF	#D3D3D3	218
4720	#FFFFFF	#D3D3D3	218
4721	#FFFFFF	#D3D3D3	132
4722	#FFFFFF	#D3D3D3	62
4723	#FFFFFF	#D3D3D3	132
4724	#FFFFFF	#D3D3D3	132
4725	#FFFFFF	#D3D3D3	132
4726	#FFFFFF	#D3D3D3	132
4727	#FFFFFF	#D3D3D3	132
4728	#FFFFFF	#D3D3D3	132
4729	#FFFFFF	#D3D3D3	132
4730	#FFFFFF	#D3D3D3	132
4731	#FFFFFF	#D3D3D3	132
4732	#FFFFFF	#D3D3D3	132
4733	#FFFFFF	#D3D3D3	62
4734	#FFFFFF	#D3D3D3	7
4735	#FFFFFF	#D3D3D3	7
4736	#FFFFFF	#D3D3D3	7
4737	#FFFFFF	#D3D3D3	7
4738	#FFFFFF	#D3D3D3	7
4739	#FFFFFF	#D3D3D3	7
4740	#FFFFFF	#D3D3D3	7
4741	#FFFFFF	#D3D3D3	7
4742	#FFFFFF	#D3D3D3	7
4743	#FFFFFF	#D3D3D3	62
4744	#FFFFFF	#D3D3D3	62
4745	#FFFFFF	#D3D3D3	62
4746	#FFFFFF	#D3D3D3	118
4747	#FFFFFF	#D3D3D3	118
4749	#FFFFFF	#D3D3D3	64
4750	#FFFFFF	#D3D3D3	64
4751	#FFFFFF	#D3D3D3	118
4752	#FFFFFF	#D3D3D3	118
4753	#FFFFFF	#D3D3D3	118
4754	#FFFFFF	#D3D3D3	235
4755	#FFFFFF	#D3D3D3	145
4757	#FFFFFF	#D3D3D3	145
4759	#FFFFFF	#D3D3D3	118
4760	#FFFFFF	#D3D3D3	7
4761	#FFFFFF	#D3D3D3	64
4762	#FFFFFF	#D3D3D3	7
4763	#FFFFFF	#D3D3D3	8
4764	#FFFFFF	#D3D3D3	7
4765	#FFFFFF	#D3D3D3	7
4766	#FFFFFF	#D3D3D3	7
4767	#FFFFFF	#D3D3D3	7
4768	#FFFFFF	#D3D3D3	218
4769	#FFFFFF	#D3D3D3	218
4770	#FFFFFF	#D3D3D3	218
4771	#FFFFFF	#D3D3D3	132
4772	#FFFFFF	#D3D3D3	64
4773	#FFFFFF	#D3D3D3	132
4774	#FFFFFF	#D3D3D3	132
4775	#FFFFFF	#D3D3D3	132
4776	#FFFFFF	#D3D3D3	132
4777	#FFFFFF	#D3D3D3	132
4778	#FFFFFF	#D3D3D3	132
4779	#FFFFFF	#D3D3D3	132
4780	#FFFFFF	#D3D3D3	132
4781	#FFFFFF	#D3D3D3	132
4782	#FFFFFF	#D3D3D3	132
4783	#FFFFFF	#D3D3D3	62
4784	#FFFFFF	#D3D3D3	132
4785	#FFFFFF	#D3D3D3	132
4786	#FFFFFF	#D3D3D3	132
4787	#FFFFFF	#D3D3D3	7
4788	#FFFFFF	#D3D3D3	7
4789	#FFFFFF	#D3D3D3	7
4790	#FFFFFF	#D3D3D3	7
4791	#FFFFFF	#D3D3D3	7
4792	#FFFFFF	#D3D3D3	7
4794	#FFFFFF	#D3D3D3	62
4795	#FFFFFF	#D3D3D3	62
4796	#FFFFFF	#D3D3D3	62
4797	#FFFFFF	#D3D3D3	62
4798	#FFFFFF	#D3D3D3	62
4799	#FFFFFF	#D3D3D3	64
4800	#FFFFFF	#D3D3D3	64
4801	#FFFFFF	#D3D3D3	64
4802	#FFFFFF	#D3D3D3	118
4803	#FFFFFF	#D3D3D3	118
4804	#FFFFFF	#D3D3D3	235
4805	#FFFFFF	#D3D3D3	118
4806	#FFFFFF	#D3D3D3	145
4807	#FFFFFF	#D3D3D3	145
4810	#FFFFFF	#D3D3D3	118
4811	#FFFFFF	#D3D3D3	7
4812	#FFFFFF	#D3D3D3	64
4813	#FFFFFF	#D3D3D3	8
4814	#FFFFFF	#D3D3D3	8
4815	#FFFFFF	#D3D3D3	7
4816	#FFFFFF	#D3D3D3	7
4817	#FFFFFF	#D3D3D3	7
4818	#FFFFFF	#D3D3D3	7
4819	#FFFFFF	#D3D3D3	218
4820	#FFFFFF	#D3D3D3	218
4821	#FFFFFF	#D3D3D3	132
4822	#FFFFFF	#D3D3D3	132
4823	#FFFFFF	#D3D3D3	64
4824	#FFFFFF	#D3D3D3	132
4825	#FFFFFF	#D3D3D3	132
4826	#FFFFFF	#D3D3D3	132
4827	#FFFFFF	#D3D3D3	132
4828	#FFFFFF	#D3D3D3	132
4829	#FFFFFF	#D3D3D3	132
4830	#FFFFFF	#D3D3D3	132
4831	#FFFFFF	#D3D3D3	7
4832	#FFFFFF	#D3D3D3	132
4833	#FFFFFF	#D3D3D3	132
4834	#FFFFFF	#D3D3D3	62
4835	#FFFFFF	#D3D3D3	132
4836	#FFFFFF	#D3D3D3	132
4837	#FFFFFF	#D3D3D3	132
4838	#FFFFFF	#D3D3D3	132
4839	#FFFFFF	#D3D3D3	7
4840	#FFFFFF	#D3D3D3	7
4841	#FFFFFF	#D3D3D3	7
4842	#FFFFFF	#D3D3D3	7
4843	#FFFFFF	#D3D3D3	7
4844	#FFFFFF	#D3D3D3	62
4845	#FFFFFF	#D3D3D3	62
4846	#FFFFFF	#D3D3D3	62
4847	#FFFFFF	#D3D3D3	62
4848	#FFFFFF	#D3D3D3	62
4850	#FFFFFF	#D3D3D3	64
4851	#FFFFFF	#D3D3D3	64
4852	#FFFFFF	#D3D3D3	62
4853	#FFFFFF	#D3D3D3	118
4854	#FFFFFF	#D3D3D3	118
4855	#FFFFFF	#D3D3D3	118
4856	#FFFFFF	#D3D3D3	118
4857	#FFFFFF	#D3D3D3	145
4859	#FFFFFF	#D3D3D3	145
4861	#FFFFFF	#D3D3D3	8
4862	#FFFFFF	#D3D3D3	64
4863	#FFFFFF	#D3D3D3	8
4864	#FFFFFF	#D3D3D3	8
4865	#FFFFFF	#D3D3D3	8
4866	#FFFFFF	#D3D3D3	7
4867	#FFFFFF	#D3D3D3	7
4868	#FFFFFF	#D3D3D3	7
4869	#FFFFFF	#D3D3D3	7
4870	#FFFFFF	#D3D3D3	218
4871	#FFFFFF	#D3D3D3	132
4872	#FFFFFF	#D3D3D3	132
4873	#FFFFFF	#D3D3D3	64
4874	#FFFFFF	#D3D3D3	132
4875	#FFFFFF	#D3D3D3	132
4876	#FFFFFF	#D3D3D3	132
4877	#FFFFFF	#D3D3D3	132
4878	#FFFFFF	#D3D3D3	132
4879	#FFFFFF	#D3D3D3	132
4880	#FFFFFF	#D3D3D3	132
4881	#FFFFFF	#D3D3D3	7
4882	#FFFFFF	#D3D3D3	7
4883	#FFFFFF	#D3D3D3	132
4884	#FFFFFF	#D3D3D3	64
4885	#FFFFFF	#D3D3D3	132
4886	#FFFFFF	#D3D3D3	132
4887	#FFFFFF	#D3D3D3	132
4888	#FFFFFF	#D3D3D3	132
4889	#FFFFFF	#D3D3D3	7
4890	#FFFFFF	#D3D3D3	7
4891	#FFFFFF	#D3D3D3	7
4892	#FFFFFF	#D3D3D3	7
4893	#FFFFFF	#D3D3D3	7
4895	#FFFFFF	#D3D3D3	62
4896	#FFFFFF	#D3D3D3	62
4897	#FFFFFF	#D3D3D3	62
4898	#FFFFFF	#D3D3D3	62
4899	#FFFFFF	#D3D3D3	62
4900	#FFFFFF	#D3D3D3	64
4901	#FFFFFF	#D3D3D3	64
4902	#FFFFFF	#D3D3D3	64
4903	#FFFFFF	#D3D3D3	62
4904	#FFFFFF	#D3D3D3	118
4905	#FFFFFF	#D3D3D3	118
4906	#FFFFFF	#D3D3D3	118
4907	#FFFFFF	#D3D3D3	118
4910	#FFFFFF	#D3D3D3	145
4912	#FFFFFF	#D3D3D3	8
4913	#FFFFFF	#D3D3D3	64
4914	#FFFFFF	#D3D3D3	8
4915	#FFFFFF	#D3D3D3	8
4916	#FFFFFF	#D3D3D3	8
4917	#FFFFFF	#D3D3D3	7
4918	#FFFFFF	#D3D3D3	7
4919	#FFFFFF	#D3D3D3	7
4920	#FFFFFF	#D3D3D3	7
4921	#FFFFFF	#D3D3D3	132
4922	#FFFFFF	#D3D3D3	132
4923	#FFFFFF	#D3D3D3	132
4924	#FFFFFF	#D3D3D3	64
4925	#FFFFFF	#D3D3D3	132
4926	#FFFFFF	#D3D3D3	132
4927	#FFFFFF	#D3D3D3	132
4928	#FFFFFF	#D3D3D3	132
4929	#FFFFFF	#D3D3D3	132
4930	#FFFFFF	#D3D3D3	132
4931	#FFFFFF	#D3D3D3	7
4932	#FFFFFF	#D3D3D3	7
4933	#FFFFFF	#D3D3D3	7
4934	#FFFFFF	#D3D3D3	7
4935	#FFFFFF	#D3D3D3	64
4936	#FFFFFF	#D3D3D3	132
4937	#FFFFFF	#D3D3D3	132
4938	#FFFFFF	#D3D3D3	132
4939	#FFFFFF	#D3D3D3	132
4940	#FFFFFF	#D3D3D3	132
4941	#FFFFFF	#D3D3D3	7
4942	#FFFFFF	#D3D3D3	7
4943	#FFFFFF	#D3D3D3	7
4944	#FFFFFF	#D3D3D3	7
4945	#FFFFFF	#D3D3D3	62
4946	#FFFFFF	#D3D3D3	62
4947	#FFFFFF	#D3D3D3	62
4948	#FFFFFF	#D3D3D3	62
4949	#FFFFFF	#D3D3D3	62
4951	#FFFFFF	#D3D3D3	64
4952	#FFFFFF	#D3D3D3	64
4953	#FFFFFF	#D3D3D3	62
4954	#FFFFFF	#D3D3D3	118
4955	#FFFFFF	#D3D3D3	118
4956	#FFFFFF	#D3D3D3	118
4957	#FFFFFF	#D3D3D3	118
4958	#FFFFFF	#D3D3D3	118
4959	#FFFFFF	#D3D3D3	145
4961	#FFFFFF	#D3D3D3	145
4963	#FFFFFF	#D3D3D3	64
4964	#FFFFFF	#D3D3D3	145
4965	#FFFFFF	#D3D3D3	8
4966	#FFFFFF	#D3D3D3	8
4967	#FFFFFF	#D3D3D3	8
4968	#FFFFFF	#D3D3D3	7
4969	#FFFFFF	#D3D3D3	7
4970	#FFFFFF	#D3D3D3	7
4971	#FFFFFF	#D3D3D3	7
4972	#FFFFFF	#D3D3D3	132
4973	#FFFFFF	#D3D3D3	132
4974	#FFFFFF	#D3D3D3	64
4975	#FFFFFF	#D3D3D3	132
4976	#FFFFFF	#D3D3D3	132
4977	#FFFFFF	#D3D3D3	132
4978	#FFFFFF	#D3D3D3	132
4979	#FFFFFF	#D3D3D3	132
4980	#FFFFFF	#D3D3D3	132
4981	#FFFFFF	#D3D3D3	132
4982	#FFFFFF	#D3D3D3	7
4983	#FFFFFF	#D3D3D3	7
4984	#FFFFFF	#D3D3D3	7
4985	#FFFFFF	#D3D3D3	64
4986	#FFFFFF	#D3D3D3	7
4987	#FFFFFF	#D3D3D3	132
4988	#FFFFFF	#D3D3D3	132
4989	#FFFFFF	#D3D3D3	132
4990	#FFFFFF	#D3D3D3	132
4991	#FFFFFF	#D3D3D3	132
4992	#FFFFFF	#D3D3D3	7
4993	#FFFFFF	#D3D3D3	7
4994	#FFFFFF	#D3D3D3	7
4996	#FFFFFF	#D3D3D3	62
4997	#FFFFFF	#D3D3D3	62
4998	#FFFFFF	#D3D3D3	62
4999	#FFFFFF	#D3D3D3	62
5000	#FFFFFF	#D3D3D3	62
5001	#FFFFFF	#D3D3D3	62
5002	#FFFFFF	#D3D3D3	62
5003	#FFFFFF	#D3D3D3	62
5004	#FFFFFF	#D3D3D3	118
5005	#FFFFFF	#D3D3D3	118
5006	#FFFFFF	#D3D3D3	118
5007	#FFFFFF	#D3D3D3	118
5008	#FFFFFF	#D3D3D3	118
5009	#FFFFFF	#D3D3D3	118
5014	#FFFFFF	#D3D3D3	64
5016	#FFFFFF	#D3D3D3	8
5017	#FFFFFF	#D3D3D3	8
5018	#FFFFFF	#D3D3D3	8
5019	#FFFFFF	#D3D3D3	7
5020	#FFFFFF	#D3D3D3	7
5021	#FFFFFF	#D3D3D3	7
5022	#FFFFFF	#D3D3D3	7
5023	#FFFFFF	#D3D3D3	132
5024	#FFFFFF	#D3D3D3	132
5025	#FFFFFF	#D3D3D3	64
5026	#FFFFFF	#D3D3D3	132
5027	#FFFFFF	#D3D3D3	132
5028	#FFFFFF	#D3D3D3	132
5029	#FFFFFF	#D3D3D3	132
5030	#FFFFFF	#D3D3D3	132
5031	#FFFFFF	#D3D3D3	132
5032	#FFFFFF	#D3D3D3	132
5033	#FFFFFF	#D3D3D3	7
5034	#FFFFFF	#D3D3D3	7
5035	#FFFFFF	#D3D3D3	7
5036	#FFFFFF	#D3D3D3	62
5037	#FFFFFF	#D3D3D3	7
5038	#FFFFFF	#D3D3D3	7
5039	#FFFFFF	#D3D3D3	7
5040	#FFFFFF	#D3D3D3	132
5041	#FFFFFF	#D3D3D3	132
5042	#FFFFFF	#D3D3D3	7
5043	#FFFFFF	#D3D3D3	7
5044	#FFFFFF	#D3D3D3	7
5045	#FFFFFF	#D3D3D3	7
5046	#FFFFFF	#D3D3D3	62
5047	#FFFFFF	#D3D3D3	62
5048	#FFFFFF	#D3D3D3	62
5049	#FFFFFF	#D3D3D3	62
5050	#FFFFFF	#D3D3D3	62
