group	fill	colour	clickSelects
2	#FFFFFF	#D3D3D3	20
3	#FEF4F7	#C7C7C7	209
4	#FFFFFF	#D3D3D3	180
9	#FFFFFF	#D3D3D3	13
10	#FFFFFF	#D3D3D3	13
11	#FFFFFF	#D3D3D3	13
12	#FFFFFF	#D3D3D3	145
13	#FFFFFF	#D3D3D3	33
14	#FEF4F7	#C7C7C7	209
15	#FFFFFF	#D3D3D3	33
16	#FFFFFF	#D3D3D3	33
17	#FFFFFF	#D3D3D3	33
18	#FFFFFF	#D3D3D3	232
19	#FFFFFF	#D3D3D3	33
20	#FFFFFF	#D3D3D3	33
21	#FFFFFF	#D3D3D3	33
22	#FFFFFF	#D3D3D3	33
23	#FFFFFF	#D3D3D3	33
24	#FFFFFF	#D3D3D3	33
25	#FFFFFF	#D3D3D3	121
26	#FFFFFF	#D3D3D3	33
27	#FFFFFF	#D3D3D3	33
28	#FFFFFF	#D3D3D3	33
29	#FFFFFF	#D3D3D3	33
30	#FFFFFF	#D3D3D3	33
31	#FFFFFF	#D3D3D3	33
32	#FFFFFF	#D3D3D3	33
33	#FFFFFF	#D3D3D3	70
34	#FFFFFF	#D3D3D3	33
35	#FFFFFF	#D3D3D3	33
36	#FFFFFF	#D3D3D3	121
37	#FFFFFF	#D3D3D3	70
38	#FFFFFF	#D3D3D3	70
39	#FFFFFF	#D3D3D3	70
40	#FFFFFF	#D3D3D3	70
41	#FFFFFF	#D3D3D3	70
42	#FFFFFF	#D3D3D3	70
43	#FFFFFF	#D3D3D3	70
44	#FFFFFF	#D3D3D3	70
45	#FFFFFF	#D3D3D3	70
46	#FFFFFF	#D3D3D3	121
47	#FFFFFF	#D3D3D3	121
48	#FFFFFF	#D3D3D3	157
49	#FFFFFF	#D3D3D3	180
50	#FFFFFF	#D3D3D3	180
52	#FFFFFF	#D3D3D3	20
53	#FEF4F7	#C7C7C7	209
54	#FFFFFF	#D3D3D3	180
55	#FFFFFF	#D3D3D3	145
57	#FFFFFF	#D3D3D3	145
58	#FFFFFF	#D3D3D3	145
59	#FFFFFF	#D3D3D3	13
60	#FFFFFF	#D3D3D3	13
61	#FFFFFF	#D3D3D3	13
62	#FFFFFF	#D3D3D3	145
63	#FFFFFF	#D3D3D3	124
64	#FEF4F7	#C7C7C7	209
65	#FFFFFF	#D3D3D3	33
66	#FFFFFF	#D3D3D3	33
67	#FFFFFF	#D3D3D3	33
68	#FFFFFF	#D3D3D3	124
69	#FFFFFF	#D3D3D3	232
70	#FFFFFF	#D3D3D3	33
71	#FFFFFF	#D3D3D3	33
72	#FFFFFF	#D3D3D3	33
73	#FFFFFF	#D3D3D3	33
74	#FFFFFF	#D3D3D3	33
75	#FFFFFF	#D3D3D3	121
76	#FFFFFF	#D3D3D3	33
77	#FFFFFF	#D3D3D3	33
78	#FFFFFF	#D3D3D3	33
79	#FFFFFF	#D3D3D3	33
80	#FFFFFF	#D3D3D3	33
81	#FFFFFF	#D3D3D3	33
82	#FFFFFF	#D3D3D3	33
83	#FFFFFF	#D3D3D3	33
84	#FFFFFF	#D3D3D3	33
85	#FFFFFF	#D3D3D3	33
86	#FFFFFF	#D3D3D3	121
87	#FFFFFF	#D3D3D3	70
88	#FFFFFF	#D3D3D3	70
89	#FFFFFF	#D3D3D3	70
90	#FFFFFF	#D3D3D3	70
91	#FFFFFF	#D3D3D3	70
92	#FFFFFF	#D3D3D3	70
93	#FFFFFF	#D3D3D3	70
94	#FFFFFF	#D3D3D3	70
95	#FFFFFF	#D3D3D3	70
96	#FFFFFF	#D3D3D3	70
97	#FFFFFF	#D3D3D3	121
98	#FFFFFF	#D3D3D3	121
99	#FFFFFF	#D3D3D3	157
100	#FFFFFF	#D3D3D3	180
101	#FFFFFF	#D3D3D3	180
103	#FEF4F7	#C7C7C7	209
104	#FEF4F7	#C7C7C7	209
109	#FFFFFF	#D3D3D3	180
110	#FFFFFF	#D3D3D3	13
111	#FFFFFF	#D3D3D3	13
112	#FFFFFF	#D3D3D3	13
113	#FFFFFF	#D3D3D3	124
114	#FFFFFF	#D3D3D3	124
115	#FFFFFF	#D3D3D3	121
116	#FFFFFF	#D3D3D3	33
117	#FFFFFF	#D3D3D3	33
118	#FFFFFF	#D3D3D3	124
119	#FFFFFF	#D3D3D3	124
120	#FFFFFF	#D3D3D3	232
121	#FFFFFF	#D3D3D3	33
122	#FFFFFF	#D3D3D3	33
123	#FFFFFF	#D3D3D3	33
124	#FFFFFF	#D3D3D3	33
125	#FFFFFF	#D3D3D3	33
126	#FFFFFF	#D3D3D3	121
127	#FFFFFF	#D3D3D3	33
128	#FFFFFF	#D3D3D3	33
129	#FFFFFF	#D3D3D3	33
130	#FFFFFF	#D3D3D3	33
131	#FFFFFF	#D3D3D3	33
132	#FFFFFF	#D3D3D3	33
133	#FFFFFF	#D3D3D3	33
134	#FFFFFF	#D3D3D3	33
135	#FFFFFF	#D3D3D3	33
136	#FFFFFF	#D3D3D3	70
137	#FFFFFF	#D3D3D3	121
138	#FFFFFF	#D3D3D3	70
139	#FFFFFF	#D3D3D3	70
140	#FFFFFF	#D3D3D3	70
141	#FFFFFF	#D3D3D3	70
142	#FFFFFF	#D3D3D3	70
143	#FFFFFF	#D3D3D3	70
144	#FFFFFF	#D3D3D3	70
145	#FFFFFF	#D3D3D3	70
146	#FFFFFF	#D3D3D3	70
147	#FFFFFF	#D3D3D3	121
148	#FFFFFF	#D3D3D3	157
149	#FFFFFF	#D3D3D3	180
150	#FFFFFF	#D3D3D3	180
151	#FFFFFF	#D3D3D3	180
153	#CD1076	#000000	90
154	#CD1076	#000000	90
155	#F5BACE	#858585	5
156	#F5BACE	#858585	5
157	#F5BACE	#858585	5
158	#F5BACE	#858585	5
159	#F5BACE	#858585	5
160	#F5BACE	#858585	5
161	#FFFFFF	#D3D3D3	9
162	#FFFFFF	#D3D3D3	9
163	#FFFFFF	#D3D3D3	9
164	#FFFFFF	#D3D3D3	9
165	#FFFFFF	#D3D3D3	145
166	#FFFFFF	#D3D3D3	9
167	#FFFFFF	#D3D3D3	9
168	#FFFFFF	#D3D3D3	9
169	#FFFFFF	#D3D3D3	9
170	#FFFFFF	#D3D3D3	124
171	#FFFFFF	#D3D3D3	124
172	#FFFFFF	#D3D3D3	53
173	#FFFFFF	#D3D3D3	53
174	#FFFFFF	#D3D3D3	124
175	#FFFFFF	#D3D3D3	53
177	#FFFFFF	#D3D3D3	53
178	#FFFFFF	#D3D3D3	53
179	#FFFFFF	#D3D3D3	53
180	#FFFFFF	#D3D3D3	148
181	#FFFFFF	#D3D3D3	70
182	#FFFFFF	#D3D3D3	70
183	#FFFFFF	#D3D3D3	70
184	#FFFFFF	#D3D3D3	148
185	#FFFFFF	#D3D3D3	148
186	#FFFFFF	#D3D3D3	148
187	#FFFFFF	#D3D3D3	145
188	#FFFFFF	#D3D3D3	148
189	#FFFFFF	#D3D3D3	148
190	#FFFFFF	#D3D3D3	70
191	#FFFFFF	#D3D3D3	70
192	#FFFFFF	#D3D3D3	70
193	#FFFFFF	#D3D3D3	70
194	#FFFFFF	#D3D3D3	70
195	#FFFFFF	#D3D3D3	70
196	#FFFFFF	#D3D3D3	70
197	#FFFFFF	#D3D3D3	70
198	#FFFFFF	#D3D3D3	145
199	#FCE3EB	#B3B3B3	117
200	#FCE3EB	#B3B3B3	117
201	#FCE3EB	#B3B3B3	117
202	#FCE3EB	#B3B3B3	117
204	#CD1076	#000000	90
205	#FFFFFF	#D3D3D3	145
206	#F5BACE	#858585	5
207	#F5BACE	#858585	5
208	#F5BACE	#858585	5
209	#F5BACE	#858585	5
210	#F5BACE	#858585	5
211	#F5BACE	#858585	5
212	#FFFFFF	#D3D3D3	9
213	#FFFFFF	#D3D3D3	9
214	#FFFFFF	#D3D3D3	9
215	#FFFFFF	#D3D3D3	9
217	#FFFFFF	#D3D3D3	9
218	#FFFFFF	#D3D3D3	9
219	#FFFFFF	#D3D3D3	9
220	#FFFFFF	#D3D3D3	9
221	#FFFFFF	#D3D3D3	124
222	#FFFFFF	#D3D3D3	53
223	#FFFFFF	#D3D3D3	53
224	#FFFFFF	#D3D3D3	53
225	#FFFFFF	#D3D3D3	124
226	#FFFFFF	#D3D3D3	53
227	#FFFFFF	#D3D3D3	145
228	#FFFFFF	#D3D3D3	53
229	#FFFFFF	#D3D3D3	53
230	#FFFFFF	#D3D3D3	148
231	#FFFFFF	#D3D3D3	148
232	#FFFFFF	#D3D3D3	70
233	#FFFFFF	#D3D3D3	148
234	#FFFFFF	#D3D3D3	148
235	#FFFFFF	#D3D3D3	148
236	#FFFFFF	#D3D3D3	148
237	#FFFFFF	#D3D3D3	148
238	#FFFFFF	#D3D3D3	145
239	#FFFFFF	#D3D3D3	148
240	#FFFFFF	#D3D3D3	70
241	#FFFFFF	#D3D3D3	70
242	#FFFFFF	#D3D3D3	70
243	#FFFFFF	#D3D3D3	70
244	#FFFFFF	#D3D3D3	70
245	#FFFFFF	#D3D3D3	70
246	#FFFFFF	#D3D3D3	70
247	#FFFFFF	#D3D3D3	70
248	#FCE3EB	#B3B3B3	117
249	#F5BACE	#858585	5
250	#F5BACE	#858585	5
251	#FCE3EB	#B3B3B3	117
252	#F5BACE	#858585	5
254	#CD1076	#000000	90
255	#FFFFFF	#D3D3D3	145
256	#F5BACE	#858585	5
257	#F5BACE	#858585	5
258	#F5BACE	#858585	5
259	#FFFFFF	#D3D3D3	9
260	#F5BACE	#858585	5
261	#F5BACE	#858585	5
262	#F5BACE	#858585	5
263	#FFFFFF	#D3D3D3	9
264	#FFFFFF	#D3D3D3	9
265	#FFFFFF	#D3D3D3	9
267	#FFFFFF	#D3D3D3	9
268	#FFFFFF	#D3D3D3	9
269	#FFFFFF	#D3D3D3	9
270	#FFFFFF	#D3D3D3	9
271	#FFFFFF	#D3D3D3	9
272	#FFFFFF	#D3D3D3	53
273	#FFFFFF	#D3D3D3	53
274	#FFFFFF	#D3D3D3	53
275	#FFFFFF	#D3D3D3	53
276	#FFFFFF	#D3D3D3	124
277	#FFFFFF	#D3D3D3	145
278	#FFFFFF	#D3D3D3	53
279	#FFFFFF	#D3D3D3	53
280	#FFFFFF	#D3D3D3	53
281	#FFFFFF	#D3D3D3	148
282	#FFFFFF	#D3D3D3	148
283	#FFFFFF	#D3D3D3	148
284	#FFFFFF	#D3D3D3	148
285	#FFFFFF	#D3D3D3	148
286	#FFFFFF	#D3D3D3	148
287	#FFFFFF	#D3D3D3	148
289	#FFFFFF	#D3D3D3	148
290	#FFFFFF	#D3D3D3	70
291	#FFFFFF	#D3D3D3	70
292	#FFFFFF	#D3D3D3	70
293	#FFFFFF	#D3D3D3	70
294	#FFFFFF	#D3D3D3	70
295	#FFFFFF	#D3D3D3	70
296	#FFFFFF	#D3D3D3	70
297	#FFFFFF	#D3D3D3	70
298	#FFFFFF	#D3D3D3	70
299	#FCE3EB	#B3B3B3	117
300	#D0257B	#0B0B0B	129
301	#F5BACE	#858585	5
302	#FCE3EB	#B3B3B3	117
303	#F5BACE	#858585	5
305	#FFFFFF	#D3D3D3	145
307	#F5BACE	#858585	5
308	#F5BACE	#858585	5
309	#FFFFFF	#D3D3D3	9
310	#FFFFFF	#D3D3D3	9
311	#F5BACE	#858585	5
312	#F5BACE	#858585	5
313	#F5BACE	#858585	5
314	#FFFFFF	#D3D3D3	9
315	#FFFFFF	#D3D3D3	9
316	#FFFFFF	#D3D3D3	9
317	#FFFFFF	#D3D3D3	145
318	#FFFFFF	#D3D3D3	9
319	#FFFFFF	#D3D3D3	9
320	#FFFFFF	#D3D3D3	9
321	#FFFFFF	#D3D3D3	9
322	#FFFFFF	#D3D3D3	9
323	#FFFFFF	#D3D3D3	53
324	#FFFFFF	#D3D3D3	53
325	#FFFFFF	#D3D3D3	53
326	#FFFFFF	#D3D3D3	124
327	#FFFFFF	#D3D3D3	124
329	#FFFFFF	#D3D3D3	53
330	#FFFFFF	#D3D3D3	53
331	#FFFFFF	#D3D3D3	53
332	#FFFFFF	#D3D3D3	148
333	#FFFFFF	#D3D3D3	148
334	#FFFFFF	#D3D3D3	148
335	#FFFFFF	#D3D3D3	148
336	#FFFFFF	#D3D3D3	148
337	#FFFFFF	#D3D3D3	148
338	#FFFFFF	#D3D3D3	148
339	#FCE3EB	#B3B3B3	117
340	#FFFFFF	#D3D3D3	70
341	#FFFFFF	#D3D3D3	70
342	#FFFFFF	#D3D3D3	70
343	#FFFFFF	#D3D3D3	70
344	#FFFFFF	#D3D3D3	70
345	#FFFFFF	#D3D3D3	70
346	#FFFFFF	#D3D3D3	70
347	#FFFFFF	#D3D3D3	70
348	#FFFFFF	#D3D3D3	70
349	#D0257B	#0B0B0B	129
350	#D0257B	#0B0B0B	129
351	#F5BACE	#858585	5
352	#F5BACE	#858585	5
353	#F5BACE	#858585	5
357	#F5BACE	#858585	5
358	#F5BACE	#858585	5
359	#FFFFFF	#D3D3D3	9
360	#FFFFFF	#D3D3D3	9
361	#FFFFFF	#D3D3D3	9
362	#F5BACE	#858585	5
363	#F5BACE	#858585	5
364	#F5BACE	#858585	5
365	#FFFFFF	#D3D3D3	9
366	#FFFFFF	#D3D3D3	9
368	#FFFFFF	#D3D3D3	9
369	#FFFFFF	#D3D3D3	9
370	#FFFFFF	#D3D3D3	9
371	#FFFFFF	#D3D3D3	9
372	#FFFFFF	#D3D3D3	9
373	#FFFFFF	#D3D3D3	9
374	#FFFFFF	#D3D3D3	53
375	#FFFFFF	#D3D3D3	53
376	#FFFFFF	#D3D3D3	53
377	#FFFFFF	#D3D3D3	53
379	#FFFFFF	#D3D3D3	53
380	#FFFFFF	#D3D3D3	53
381	#FFFFFF	#D3D3D3	53
382	#FFFFFF	#D3D3D3	53
383	#FFFFFF	#D3D3D3	53
384	#FFFFFF	#D3D3D3	148
385	#FFFFFF	#D3D3D3	148
386	#FFFFFF	#D3D3D3	148
387	#FFFFFF	#D3D3D3	148
388	#FFFFFF	#D3D3D3	148
389	#D0257B	#0B0B0B	129
390	#FFFFFF	#D3D3D3	70
391	#FFFFFF	#D3D3D3	70
392	#FFFFFF	#D3D3D3	70
393	#FFFFFF	#D3D3D3	70
394	#FFFFFF	#D3D3D3	70
395	#FFFFFF	#D3D3D3	70
396	#FFFFFF	#D3D3D3	70
397	#FFFFFF	#D3D3D3	70
398	#FFFFFF	#D3D3D3	70
399	#FFFFFF	#D3D3D3	70
400	#D0257B	#0B0B0B	129
401	#D0257B	#0B0B0B	129
402	#D0257B	#0B0B0B	129
403	#F5BACE	#858585	5
404	#F5BACE	#858585	5
408	#F5BACE	#858585	5
409	#FFFFFF	#D3D3D3	9
410	#FFFFFF	#D3D3D3	9
411	#FFFFFF	#D3D3D3	9
412	#FFFFFF	#D3D3D3	9
413	#F5BACE	#858585	5
414	#F5BACE	#858585	5
415	#F5BACE	#858585	5
416	#FFFFFF	#D3D3D3	9
417	#FFFFFF	#D3D3D3	9
419	#FFFFFF	#D3D3D3	9
420	#FFFFFF	#D3D3D3	9
421	#FFFFFF	#D3D3D3	9
422	#FFFFFF	#D3D3D3	9
423	#FFFFFF	#D3D3D3	9
424	#FFFFFF	#D3D3D3	9
425	#FFFFFF	#D3D3D3	53
426	#FFFFFF	#D3D3D3	53
427	#FFFFFF	#D3D3D3	53
428	#FFFFFF	#D3D3D3	53
429	#D0257B	#0B0B0B	129
430	#FFFFFF	#D3D3D3	53
431	#FFFFFF	#D3D3D3	53
432	#FFFFFF	#D3D3D3	53
433	#FFFFFF	#D3D3D3	53
434	#FFFFFF	#D3D3D3	53
435	#FFFFFF	#D3D3D3	148
436	#FFFFFF	#D3D3D3	148
437	#FFFFFF	#D3D3D3	148
438	#FFFFFF	#D3D3D3	148
439	#FFFFFF	#D3D3D3	70
440	#D0257B	#0B0B0B	129
441	#FFFFFF	#D3D3D3	70
442	#FFFFFF	#D3D3D3	70
443	#FFFFFF	#D3D3D3	70
444	#FFFFFF	#D3D3D3	70
445	#FFFFFF	#D3D3D3	70
446	#FFFFFF	#D3D3D3	70
447	#FFFFFF	#D3D3D3	70
448	#FFFFFF	#D3D3D3	70
449	#FFFFFF	#D3D3D3	70
450	#D0257B	#0B0B0B	129
451	#D0257B	#0B0B0B	129
452	#D0257B	#0B0B0B	129
453	#F5BACE	#858585	5
454	#F5BACE	#858585	5
458	#F5BACE	#858585	5
459	#FFFFFF	#D3D3D3	9
460	#FFFFFF	#D3D3D3	9
461	#FFFFFF	#D3D3D3	9
462	#FFFFFF	#D3D3D3	9
463	#FFFFFF	#D3D3D3	9
464	#F5BACE	#858585	5
465	#F5BACE	#858585	5
466	#FFFFFF	#D3D3D3	9
467	#FFFFFF	#D3D3D3	9
469	#FFFFFF	#D3D3D3	9
470	#FFFFFF	#D3D3D3	9
471	#FFFFFF	#D3D3D3	9
472	#FFFFFF	#D3D3D3	9
473	#FFFFFF	#D3D3D3	9
474	#FFFFFF	#D3D3D3	9
475	#FFFFFF	#D3D3D3	9
476	#FFFFFF	#D3D3D3	53
477	#FFFFFF	#D3D3D3	9
478	#FFFFFF	#D3D3D3	9
479	#D0257B	#0B0B0B	129
480	#FFFFFF	#D3D3D3	9
481	#FFFFFF	#D3D3D3	53
482	#FFFFFF	#D3D3D3	53
483	#FFFFFF	#D3D3D3	53
484	#FFFFFF	#D3D3D3	53
485	#FFFFFF	#D3D3D3	53
486	#FFFFFF	#D3D3D3	148
487	#FFFFFF	#D3D3D3	148
488	#FFFFFF	#D3D3D3	148
489	#FFFFFF	#D3D3D3	70
490	#D0257B	#0B0B0B	129
491	#FFFFFF	#D3D3D3	70
492	#FFFFFF	#D3D3D3	70
493	#FFFFFF	#D3D3D3	70
494	#FFFFFF	#D3D3D3	70
495	#FFFFFF	#D3D3D3	70
496	#FFFFFF	#D3D3D3	70
497	#FFFFFF	#D3D3D3	70
498	#FFFFFF	#D3D3D3	70
499	#FFFFFF	#D3D3D3	70
500	#FFFFFF	#D3D3D3	70
501	#D0257B	#0B0B0B	129
502	#D0257B	#0B0B0B	129
503	#D0257B	#0B0B0B	129
504	#D0257B	#0B0B0B	129
505	#F5BACE	#858585	5
509	#FFFFFF	#D3D3D3	9
510	#FFFFFF	#D3D3D3	9
511	#FFFFFF	#D3D3D3	9
512	#FFFFFF	#D3D3D3	9
513	#FFFFFF	#D3D3D3	9
514	#FFFFFF	#D3D3D3	9
515	#F5BACE	#858585	5
516	#FFFFFF	#D3D3D3	9
517	#FFFFFF	#D3D3D3	9
518	#FFFFFF	#D3D3D3	9
519	#D0257B	#0B0B0B	129
520	#FFFFFF	#D3D3D3	9
521	#FFFFFF	#D3D3D3	9
522	#FFFFFF	#D3D3D3	9
523	#FFFFFF	#D3D3D3	9
524	#FFFFFF	#D3D3D3	9
525	#FFFFFF	#D3D3D3	9
526	#FFFFFF	#D3D3D3	9
527	#FFFFFF	#D3D3D3	53
528	#FFFFFF	#D3D3D3	9
529	#FFFFFF	#D3D3D3	9
530	#D0257B	#0B0B0B	129
531	#FFFFFF	#D3D3D3	9
532	#FFFFFF	#D3D3D3	53
533	#FFFFFF	#D3D3D3	53
534	#FFFFFF	#D3D3D3	53
535	#FFFFFF	#D3D3D3	53
536	#FFFFFF	#D3D3D3	53
537	#FFFFFF	#D3D3D3	53
538	#FFFFFF	#D3D3D3	148
539	#FFFFFF	#D3D3D3	70
540	#FFFFFF	#D3D3D3	70
541	#D0257B	#0B0B0B	129
542	#FFFFFF	#D3D3D3	70
543	#FFFFFF	#D3D3D3	70
544	#FFFFFF	#D3D3D3	70
545	#FFFFFF	#D3D3D3	70
546	#FFFFFF	#D3D3D3	70
547	#FFFFFF	#D3D3D3	70
548	#FFFFFF	#D3D3D3	70
549	#FFFFFF	#D3D3D3	70
550	#FFFFFF	#D3D3D3	70
551	#D0257B	#0B0B0B	129
552	#D0257B	#0B0B0B	129
553	#F5BACE	#858585	5
554	#F5BACE	#858585	5
555	#F5BACE	#858585	5
559	#F5BACE	#858585	5
560	#FFFFFF	#D3D3D3	9
561	#FFFFFF	#D3D3D3	9
562	#FFFFFF	#D3D3D3	9
563	#FFFFFF	#D3D3D3	9
564	#FFFFFF	#D3D3D3	9
565	#FFFFFF	#D3D3D3	9
566	#FFFFFF	#D3D3D3	9
567	#FFFFFF	#D3D3D3	9
568	#FFFFFF	#D3D3D3	9
570	#FFFFFF	#D3D3D3	9
571	#FFFFFF	#D3D3D3	9
572	#FFFFFF	#D3D3D3	9
573	#FFFFFF	#D3D3D3	9
574	#FFFFFF	#D3D3D3	9
575	#FFFFFF	#D3D3D3	9
576	#FFFFFF	#D3D3D3	9
577	#FFFFFF	#D3D3D3	9
578	#FFFFFF	#D3D3D3	9
579	#FFFFFF	#D3D3D3	9
580	#D0257B	#0B0B0B	129
581	#FFFFFF	#D3D3D3	9
582	#FFFFFF	#D3D3D3	53
583	#FFFFFF	#D3D3D3	130
584	#FFFFFF	#D3D3D3	53
585	#FFFFFF	#D3D3D3	53
586	#FFFFFF	#D3D3D3	53
587	#FFFFFF	#D3D3D3	53
588	#FFFFFF	#D3D3D3	53
589	#FFFFFF	#D3D3D3	148
590	#FFFFFF	#D3D3D3	70
591	#D0257B	#0B0B0B	129
592	#FFFFFF	#D3D3D3	148
593	#FFFFFF	#D3D3D3	70
594	#FFFFFF	#D3D3D3	70
595	#FFFFFF	#D3D3D3	70
596	#FFFFFF	#D3D3D3	70
597	#FFFFFF	#D3D3D3	70
598	#FFFFFF	#D3D3D3	70
599	#FFFFFF	#D3D3D3	70
600	#FFFFFF	#D3D3D3	70
601	#FFFFFF	#D3D3D3	159
602	#D0257B	#0B0B0B	129
603	#D0257B	#0B0B0B	129
604	#F5BACE	#858585	5
605	#F5BACE	#858585	5
606	#F5BACE	#858585	5
610	#F5BACE	#858585	5
611	#FFFFFF	#D3D3D3	9
612	#FFFFFF	#D3D3D3	9
613	#FFFFFF	#D3D3D3	9
614	#FFFFFF	#D3D3D3	9
615	#FFFFFF	#D3D3D3	9
616	#FFFFFF	#D3D3D3	9
617	#FFFFFF	#D3D3D3	9
618	#FFFFFF	#D3D3D3	9
619	#FFFFFF	#D3D3D3	9
620	#FFFFFF	#D3D3D3	134
621	#FFFFFF	#D3D3D3	9
622	#FFFFFF	#D3D3D3	9
623	#FFFFFF	#D3D3D3	9
624	#FFFFFF	#D3D3D3	9
625	#FFFFFF	#D3D3D3	9
626	#FFFFFF	#D3D3D3	9
627	#FFFFFF	#D3D3D3	9
628	#FFFFFF	#D3D3D3	9
629	#FFFFFF	#D3D3D3	9
630	#FFFFFF	#D3D3D3	9
631	#D0257B	#0B0B0B	129
632	#FFFFFF	#D3D3D3	9
633	#FFFFFF	#D3D3D3	53
634	#FFFFFF	#D3D3D3	130
635	#FFFFFF	#D3D3D3	53
636	#FFFFFF	#D3D3D3	53
637	#FFFFFF	#D3D3D3	53
638	#FFFFFF	#D3D3D3	53
639	#FFFFFF	#D3D3D3	148
640	#FFFFFF	#D3D3D3	148
641	#FFFFFF	#D3D3D3	148
642	#F5BACE	#858585	5
643	#FFFFFF	#D3D3D3	70
644	#FFFFFF	#D3D3D3	70
645	#FFFFFF	#D3D3D3	70
646	#FFFFFF	#D3D3D3	70
647	#FFFFFF	#D3D3D3	70
648	#FFFFFF	#D3D3D3	70
649	#FFFFFF	#D3D3D3	70
650	#FFFFFF	#D3D3D3	70
651	#FFFFFF	#D3D3D3	159
652	#F5BACE	#858585	5
653	#F5BACE	#858585	5
654	#F5BACE	#858585	5
655	#F5BACE	#858585	5
656	#F5BACE	#858585	5
659	#FFFFFF	#D3D3D3	134
660	#F5BACE	#858585	5
661	#FFFFFF	#D3D3D3	9
662	#FFFFFF	#D3D3D3	9
663	#FFFFFF	#D3D3D3	9
664	#FFFFFF	#D3D3D3	9
665	#FFFFFF	#D3D3D3	9
666	#FFFFFF	#D3D3D3	9
667	#FFFFFF	#D3D3D3	9
668	#FFFFFF	#D3D3D3	9
669	#FFFFFF	#D3D3D3	9
671	#FFFFFF	#D3D3D3	9
672	#FFFFFF	#D3D3D3	9
673	#FFFFFF	#D3D3D3	9
674	#FFFFFF	#D3D3D3	9
675	#FFFFFF	#D3D3D3	9
676	#FFFFFF	#D3D3D3	9
677	#FFFFFF	#D3D3D3	9
678	#FFFFFF	#D3D3D3	9
679	#FFFFFF	#D3D3D3	9
680	#FFFFFF	#D3D3D3	9
681	#FFFFFF	#D3D3D3	134
682	#FFFFFF	#D3D3D3	9
683	#FFFFFF	#D3D3D3	53
684	#FFFFFF	#D3D3D3	53
685	#FFFFFF	#D3D3D3	130
686	#FFFFFF	#D3D3D3	53
687	#FFFFFF	#D3D3D3	53
688	#FFFFFF	#D3D3D3	53
689	#FFFFFF	#D3D3D3	53
690	#FFFFFF	#D3D3D3	148
691	#FFFFFF	#D3D3D3	148
692	#F5BACE	#858585	5
693	#FFFFFF	#D3D3D3	70
694	#FFFFFF	#D3D3D3	70
695	#FFFFFF	#D3D3D3	70
696	#FFFFFF	#D3D3D3	70
697	#FFFFFF	#D3D3D3	70
698	#FFFFFF	#D3D3D3	70
699	#FFFFFF	#D3D3D3	70
700	#FFFFFF	#D3D3D3	70
701	#FFFFFF	#D3D3D3	159
702	#FFFFFF	#D3D3D3	159
703	#F5BACE	#858585	5
704	#F5BACE	#858585	5
705	#F5BACE	#858585	5
706	#F5BACE	#858585	5
707	#F5BACE	#858585	5
711	#F5BACE	#858585	5
712	#FFFFFF	#D3D3D3	9
713	#FFFFFF	#D3D3D3	9
714	#FFFFFF	#D3D3D3	9
715	#FFFFFF	#D3D3D3	9
716	#FFFFFF	#D3D3D3	9
717	#FFFFFF	#D3D3D3	9
718	#FFFFFF	#D3D3D3	9
719	#FFFFFF	#D3D3D3	9
720	#FFFFFF	#D3D3D3	9
722	#FFFFFF	#D3D3D3	9
723	#FFFFFF	#D3D3D3	9
724	#FFFFFF	#D3D3D3	9
725	#FFFFFF	#D3D3D3	9
726	#FFFFFF	#D3D3D3	9
727	#FFFFFF	#D3D3D3	9
728	#FFFFFF	#D3D3D3	9
729	#FFFFFF	#D3D3D3	9
730	#FFFFFF	#D3D3D3	9
731	#FFFFFF	#D3D3D3	9
732	#FFFFFF	#D3D3D3	134
733	#FFFFFF	#D3D3D3	53
734	#FFFFFF	#D3D3D3	53
735	#FFFFFF	#D3D3D3	53
736	#FFFFFF	#D3D3D3	130
737	#FFFFFF	#D3D3D3	53
738	#FFFFFF	#D3D3D3	53
739	#FFFFFF	#D3D3D3	53
740	#FFFFFF	#D3D3D3	148
741	#FFFFFF	#D3D3D3	148
742	#FFFFFF	#D3D3D3	148
743	#F5BACE	#858585	5
744	#FFFFFF	#D3D3D3	70
745	#FFFFFF	#D3D3D3	70
746	#FFFFFF	#D3D3D3	70
747	#FFFFFF	#D3D3D3	70
748	#FFFFFF	#D3D3D3	70
749	#FFFFFF	#D3D3D3	70
750	#FFFFFF	#D3D3D3	70
751	#FFFFFF	#D3D3D3	159
752	#FFFFFF	#D3D3D3	159
753	#F5BACE	#858585	5
754	#F5BACE	#858585	5
755	#F5BACE	#858585	5
756	#F5BACE	#858585	5
757	#F5BACE	#858585	5
759	#F5BACE	#858585	5
761	#F5BACE	#858585	5
762	#F5BACE	#858585	5
763	#FFFFFF	#D3D3D3	9
764	#FFFFFF	#D3D3D3	9
765	#FFFFFF	#D3D3D3	9
766	#FFFFFF	#D3D3D3	9
767	#FFFFFF	#D3D3D3	9
768	#FFFFFF	#D3D3D3	9
769	#FFFFFF	#D3D3D3	9
770	#FFFFFF	#D3D3D3	9
772	#FFFFFF	#D3D3D3	9
773	#FFFFFF	#D3D3D3	9
774	#FFFFFF	#D3D3D3	9
775	#FFFFFF	#D3D3D3	9
776	#FFFFFF	#D3D3D3	9
777	#FFFFFF	#D3D3D3	9
778	#FFFFFF	#D3D3D3	9
779	#FFFFFF	#D3D3D3	9
780	#FFFFFF	#D3D3D3	9
781	#FFFFFF	#D3D3D3	9
783	#FFFFFF	#D3D3D3	53
784	#FFFFFF	#D3D3D3	53
785	#FFFFFF	#D3D3D3	53
786	#FFFFFF	#D3D3D3	130
787	#FFFFFF	#D3D3D3	130
788	#FFFFFF	#D3D3D3	53
789	#FFFFFF	#D3D3D3	53
790	#FFFFFF	#D3D3D3	53
791	#FFFFFF	#D3D3D3	53
792	#FFFFFF	#D3D3D3	148
793	#FFFFFF	#D3D3D3	134
794	#FFFFFF	#D3D3D3	148
795	#FFFFFF	#D3D3D3	70
796	#FFFFFF	#D3D3D3	70
797	#FFFFFF	#D3D3D3	70
798	#FFFFFF	#D3D3D3	70
799	#FFFFFF	#D3D3D3	70
800	#FFFFFF	#D3D3D3	70
801	#FFFFFF	#D3D3D3	70
802	#FFFFFF	#D3D3D3	159
803	#FFFFFF	#D3D3D3	70
804	#F5BACE	#858585	5
805	#F5BACE	#858585	5
806	#F5BACE	#858585	5
807	#F5BACE	#858585	5
808	#F5BACE	#858585	5
810	#F5BACE	#858585	5
812	#F5BACE	#858585	5
813	#F5BACE	#858585	5
814	#FFFFFF	#D3D3D3	9
815	#FFFFFF	#D3D3D3	9
816	#FFFFFF	#D3D3D3	9
817	#FFFFFF	#D3D3D3	9
818	#FFFFFF	#D3D3D3	9
819	#FFFFFF	#D3D3D3	9
820	#FFFFFF	#D3D3D3	9
821	#FFFFFF	#D3D3D3	9
822	#FFFFFF	#D3D3D3	134
823	#FFFFFF	#D3D3D3	9
824	#FFFFFF	#D3D3D3	9
825	#FFFFFF	#D3D3D3	9
826	#FFFFFF	#D3D3D3	9
827	#FFFFFF	#D3D3D3	9
828	#FFFFFF	#D3D3D3	9
829	#FFFFFF	#D3D3D3	9
830	#FFFFFF	#D3D3D3	9
831	#FFFFFF	#D3D3D3	9
832	#FFFFFF	#D3D3D3	9
834	#FFFFFF	#D3D3D3	53
835	#FFFFFF	#D3D3D3	53
836	#FFFFFF	#D3D3D3	53
837	#FFFFFF	#D3D3D3	130
838	#FFFFFF	#D3D3D3	130
839	#FFFFFF	#D3D3D3	53
840	#FFFFFF	#D3D3D3	53
841	#FFFFFF	#D3D3D3	53
842	#FFFFFF	#D3D3D3	53
843	#FFFFFF	#D3D3D3	148
844	#FFFFFF	#D3D3D3	134
845	#FFFFFF	#D3D3D3	148
846	#FFFFFF	#D3D3D3	70
847	#FFFFFF	#D3D3D3	70
848	#FFFFFF	#D3D3D3	70
849	#FFFFFF	#D3D3D3	70
850	#FFFFFF	#D3D3D3	70
851	#FFFFFF	#D3D3D3	70
852	#FFFFFF	#D3D3D3	159
853	#FFFFFF	#D3D3D3	159
854	#F5BACE	#858585	5
855	#F5BACE	#858585	5
856	#F5BACE	#858585	5
857	#F5BACE	#858585	5
858	#F5BACE	#858585	5
860	#CD1076	#000000	10
861	#F5BACE	#858585	5
862	#F5BACE	#858585	5
863	#F5BACE	#858585	5
864	#F5BACE	#858585	5
865	#FFFFFF	#D3D3D3	9
866	#FFFFFF	#D3D3D3	9
867	#FFFFFF	#D3D3D3	9
868	#FFFFFF	#D3D3D3	9
869	#FFFFFF	#D3D3D3	9
870	#FFFFFF	#D3D3D3	9
871	#FFFFFF	#D3D3D3	9
872	#FFFFFF	#D3D3D3	134
873	#FFFFFF	#D3D3D3	9
874	#FFFFFF	#D3D3D3	9
875	#FFFFFF	#D3D3D3	9
876	#FFFFFF	#D3D3D3	9
877	#FFFFFF	#D3D3D3	9
878	#FFFFFF	#D3D3D3	9
879	#FFFFFF	#D3D3D3	9
880	#FFFFFF	#D3D3D3	9
881	#FFFFFF	#D3D3D3	9
882	#FFFFFF	#D3D3D3	9
883	#FFFFFF	#D3D3D3	134
884	#FFFFFF	#D3D3D3	9
885	#FFFFFF	#D3D3D3	53
886	#FFFFFF	#D3D3D3	53
887	#FFFFFF	#D3D3D3	130
888	#FFFFFF	#D3D3D3	130
889	#FFFFFF	#D3D3D3	130
890	#FFFFFF	#D3D3D3	53
891	#FFFFFF	#D3D3D3	53
892	#FFFFFF	#D3D3D3	53
893	#FFFFFF	#D3D3D3	53
895	#FFFFFF	#D3D3D3	53
896	#FFFFFF	#D3D3D3	70
897	#FFFFFF	#D3D3D3	70
898	#FFFFFF	#D3D3D3	70
899	#FFFFFF	#D3D3D3	70
900	#FFFFFF	#D3D3D3	70
901	#FFFFFF	#D3D3D3	70
902	#FFFFFF	#D3D3D3	159
903	#FFFFFF	#D3D3D3	70
904	#FFFFFF	#D3D3D3	70
906	#F5BACE	#858585	5
907	#F5BACE	#858585	5
908	#F5BACE	#858585	5
909	#F5BACE	#858585	5
911	#CD1076	#000000	10
912	#F5BACE	#858585	5
913	#F5BACE	#858585	5
914	#F5BACE	#858585	5
915	#F5BACE	#858585	5
916	#FFFFFF	#D3D3D3	9
917	#FFFFFF	#D3D3D3	9
918	#FFFFFF	#D3D3D3	9
919	#FFFFFF	#D3D3D3	9
920	#FFFFFF	#D3D3D3	9
921	#FFFFFF	#D3D3D3	9
922	#FFFFFF	#D3D3D3	9
923	#FFFFFF	#D3D3D3	134
924	#FFFFFF	#D3D3D3	9
925	#FFFFFF	#D3D3D3	9
926	#FFFFFF	#D3D3D3	9
927	#FFFFFF	#D3D3D3	9
928	#FFFFFF	#D3D3D3	9
929	#FFFFFF	#D3D3D3	9
930	#FFFFFF	#D3D3D3	9
931	#FFFFFF	#D3D3D3	9
932	#FFFFFF	#D3D3D3	9
933	#FFFFFF	#D3D3D3	9
935	#FFFFFF	#D3D3D3	9
936	#FFFFFF	#D3D3D3	53
937	#FFFFFF	#D3D3D3	53
938	#FFFFFF	#D3D3D3	53
939	#FFFFFF	#D3D3D3	130
940	#FFFFFF	#D3D3D3	130
941	#FFFFFF	#D3D3D3	53
942	#FFFFFF	#D3D3D3	53
943	#FFFFFF	#D3D3D3	53
944	#FFFFFF	#D3D3D3	53
946	#FFFFFF	#D3D3D3	70
947	#FFFFFF	#D3D3D3	70
948	#FFFFFF	#D3D3D3	70
949	#FFFFFF	#D3D3D3	70
950	#FFFFFF	#D3D3D3	70
951	#FFFFFF	#D3D3D3	159
952	#FFFFFF	#D3D3D3	159
953	#FFFFFF	#D3D3D3	159
954	#FFFFFF	#D3D3D3	70
956	#F5BACE	#858585	5
957	#F5BACE	#858585	5
958	#F5BACE	#858585	5
959	#F5BACE	#858585	5
961	#CD1076	#000000	10
962	#CD1076	#000000	10
963	#F5BACE	#858585	5
964	#F5BACE	#858585	5
965	#F5BACE	#858585	5
966	#D64085	#1B1B1B	155
967	#FFFFFF	#D3D3D3	9
968	#FFFFFF	#D3D3D3	9
969	#FFFFFF	#D3D3D3	9
970	#FFFFFF	#D3D3D3	9
971	#FFFFFF	#D3D3D3	9
972	#FFFFFF	#D3D3D3	9
973	#F5BACE	#858585	5
974	#FFFFFF	#D3D3D3	9
975	#FFFFFF	#D3D3D3	9
976	#FFFFFF	#D3D3D3	9
977	#FFFFFF	#D3D3D3	9
978	#FFFFFF	#D3D3D3	9
979	#FFFFFF	#D3D3D3	9
980	#FFFFFF	#D3D3D3	9
981	#FFFFFF	#D3D3D3	9
982	#FFFFFF	#D3D3D3	9
983	#FFFFFF	#D3D3D3	9
984	#FFFFFF	#D3D3D3	134
985	#FFFFFF	#D3D3D3	9
986	#FFFFFF	#D3D3D3	9
987	#FFFFFF	#D3D3D3	53
988	#FFFFFF	#D3D3D3	53
989	#FFFFFF	#D3D3D3	53
990	#FFFFFF	#D3D3D3	130
991	#FFFFFF	#D3D3D3	130
992	#FFFFFF	#D3D3D3	53
993	#FFFFFF	#D3D3D3	53
994	#FFFFFF	#D3D3D3	53
996	#FFFFFF	#D3D3D3	70
997	#FFFFFF	#D3D3D3	70
998	#FFFFFF	#D3D3D3	70
999	#FFFFFF	#D3D3D3	70
1000	#FFFFFF	#D3D3D3	70
1001	#FFFFFF	#D3D3D3	159
1002	#FFFFFF	#D3D3D3	159
1003	#FFFFFF	#D3D3D3	159
1004	#FFFFFF	#D3D3D3	70
1005	#FFFFFF	#D3D3D3	70
1008	#F5BACE	#858585	5
1009	#F5BACE	#858585	5
1010	#F5BACE	#858585	5
1012	#CD1076	#000000	10
1013	#CD1076	#000000	10
1014	#F5BACE	#858585	5
1015	#D64085	#1B1B1B	155
1016	#D64085	#1B1B1B	155
1017	#D64085	#1B1B1B	155
1018	#FFFFFF	#D3D3D3	9
1019	#FFFFFF	#D3D3D3	9
1020	#FFFFFF	#D3D3D3	9
1021	#FFFFFF	#D3D3D3	9
1022	#FFFFFF	#D3D3D3	9
1023	#FFFFFF	#D3D3D3	9
1024	#F5BACE	#858585	5
1025	#FFFFFF	#D3D3D3	9
1026	#FFFFFF	#D3D3D3	9
1027	#FFFFFF	#D3D3D3	9
1028	#FFFFFF	#D3D3D3	9
1029	#FFFFFF	#D3D3D3	9
1030	#FFFFFF	#D3D3D3	9
1031	#FFFFFF	#D3D3D3	9
1032	#FFFFFF	#D3D3D3	9
1033	#FFFFFF	#D3D3D3	9
1034	#FFFFFF	#D3D3D3	9
1036	#FFFFFF	#D3D3D3	9
1037	#FFFFFF	#D3D3D3	9
1038	#FFFFFF	#D3D3D3	53
1039	#FFFFFF	#D3D3D3	9
1040	#FFFFFF	#D3D3D3	9
1041	#FFFFFF	#D3D3D3	130
1042	#FFFFFF	#D3D3D3	130
1043	#FFFFFF	#D3D3D3	53
1044	#FFFFFF	#D3D3D3	53
1045	#FFFFFF	#D3D3D3	53
1047	#FFFFFF	#D3D3D3	70
1048	#FFFFFF	#D3D3D3	70
1049	#FFFFFF	#D3D3D3	70
1050	#FFFFFF	#D3D3D3	70
1051	#FFFFFF	#D3D3D3	159
1052	#FFFFFF	#D3D3D3	159
1053	#FFFFFF	#D3D3D3	159
1054	#FFFFFF	#D3D3D3	70
1055	#FFFFFF	#D3D3D3	70
1057	#FFFFFF	#D3D3D3	134
1058	#F3AEC6	#797979	25
1059	#F5BACE	#858585	5
1060	#F5BACE	#858585	5
1062	#CD1076	#000000	10
1063	#CD1076	#000000	10
1064	#F5BACE	#858585	5
1065	#D64085	#1B1B1B	155
1066	#D64085	#1B1B1B	155
1067	#D64085	#1B1B1B	155
1068	#D64085	#1B1B1B	155
1069	#FFFFFF	#D3D3D3	9
1070	#FFFFFF	#D3D3D3	9
1071	#FFFFFF	#D3D3D3	9
1072	#FFFFFF	#D3D3D3	9
1073	#FFFFFF	#D3D3D3	9
1074	#CD1076	#000000	43
1075	#FFFFFF	#D3D3D3	9
1076	#FFFFFF	#D3D3D3	9
1077	#FFFFFF	#D3D3D3	9
1078	#FFFFFF	#D3D3D3	9
1079	#FFFFFF	#D3D3D3	9
1080	#FFFFFF	#D3D3D3	9
1081	#FFFFFF	#D3D3D3	9
1082	#FFFFFF	#D3D3D3	9
1083	#FFFFFF	#D3D3D3	9
1084	#FFFFFF	#D3D3D3	9
1085	#F5BACE	#858585	5
1086	#FFFFFF	#D3D3D3	9
1087	#FFFFFF	#D3D3D3	9
1088	#FFFFFF	#D3D3D3	9
1089	#FFFFFF	#D3D3D3	53
1090	#FFFFFF	#D3D3D3	9
1091	#FFFFFF	#D3D3D3	53
1092	#FFFFFF	#D3D3D3	130
1093	#FFFFFF	#D3D3D3	130
1094	#FFFFFF	#D3D3D3	53
1095	#FFFFFF	#D3D3D3	53
1097	#FFFFFF	#D3D3D3	53
1098	#FFFFFF	#D3D3D3	70
1099	#FFFFFF	#D3D3D3	70
1100	#FFFFFF	#D3D3D3	159
1101	#FFFFFF	#D3D3D3	159
1102	#FFFFFF	#D3D3D3	159
1103	#FFFFFF	#D3D3D3	159
1104	#FFFFFF	#D3D3D3	70
1105	#FFFFFF	#D3D3D3	70
1106	#FFFFFF	#D3D3D3	70
1107	#FFFFFF	#D3D3D3	134
1109	#FFFFFF	#D3D3D3	134
1110	#F3AEC6	#797979	25
1111	#F3AEC6	#797979	25
1113	#CD1076	#000000	10
1114	#CD1076	#000000	43
1115	#F3AEC6	#797979	25
1116	#D64085	#1B1B1B	155
1117	#D64085	#1B1B1B	155
1118	#D64085	#1B1B1B	155
1119	#D64085	#1B1B1B	155
1120	#FFFFFF	#D3D3D3	9
1121	#FFFFFF	#D3D3D3	9
1122	#FFFFFF	#D3D3D3	9
1123	#FFFFFF	#D3D3D3	9
1124	#FFFFFF	#D3D3D3	9
1125	#CD1076	#000000	43
1126	#FFFFFF	#D3D3D3	9
1127	#FFFFFF	#D3D3D3	9
1128	#FFFFFF	#D3D3D3	9
1129	#FFFFFF	#D3D3D3	9
1130	#FFFFFF	#D3D3D3	9
1131	#FFFFFF	#D3D3D3	9
1132	#FFFFFF	#D3D3D3	9
1133	#FFFFFF	#D3D3D3	9
1134	#FFFFFF	#D3D3D3	9
1135	#FFFFFF	#D3D3D3	9
1136	#F5BACE	#858585	5
1137	#FFFFFF	#D3D3D3	9
1138	#FFFFFF	#D3D3D3	9
1139	#FFFFFF	#D3D3D3	9
1140	#FFFFFF	#D3D3D3	9
1141	#FFFFFF	#D3D3D3	53
1142	#FFFFFF	#D3D3D3	53
1143	#FFFFFF	#D3D3D3	53
1144	#FFFFFF	#D3D3D3	130
1145	#FFFFFF	#D3D3D3	53
1146	#FFFFFF	#D3D3D3	53
1148	#FFFFFF	#D3D3D3	53
1149	#FFFFFF	#D3D3D3	70
1150	#FFFFFF	#D3D3D3	53
1151	#FFFFFF	#D3D3D3	159
1152	#FFFFFF	#D3D3D3	159
1153	#FFFFFF	#D3D3D3	159
1154	#FFFFFF	#D3D3D3	70
1155	#FFFFFF	#D3D3D3	70
1156	#FFFFFF	#D3D3D3	70
1160	#F3AEC6	#797979	25
1161	#F3AEC6	#797979	25
1163	#F2AAC4	#757575	181
1164	#FEF4F7	#C7C7C7	209
1165	#FFFFFF	#D3D3D3	145
1167	#FFFFFF	#D3D3D3	145
1169	#FFFFFF	#D3D3D3	180
1170	#FFFFFF	#D3D3D3	180
1171	#FFFFFF	#D3D3D3	13
1172	#FFFFFF	#D3D3D3	13
1173	#FFFFFF	#D3D3D3	190
1174	#FFFFFF	#D3D3D3	124
1175	#FEF4F7	#C7C7C7	209
1176	#FFFFFF	#D3D3D3	124
1177	#FFFFFF	#D3D3D3	33
1178	#FFFFFF	#D3D3D3	124
1179	#FFFFFF	#D3D3D3	124
1180	#FFFFFF	#D3D3D3	124
1181	#FFFFFF	#D3D3D3	232
1182	#FFFFFF	#D3D3D3	33
1183	#FFFFFF	#D3D3D3	33
1184	#FFFFFF	#D3D3D3	33
1185	#FFFFFF	#D3D3D3	33
1186	#FFFFFF	#D3D3D3	121
1187	#FFFFFF	#D3D3D3	33
1188	#FFFFFF	#D3D3D3	33
1189	#FFFFFF	#D3D3D3	33
1190	#FFFFFF	#D3D3D3	33
1191	#FFFFFF	#D3D3D3	33
1192	#FFFFFF	#D3D3D3	33
1193	#FFFFFF	#D3D3D3	33
1194	#FFFFFF	#D3D3D3	33
1195	#FFFFFF	#D3D3D3	70
1196	#FFFFFF	#D3D3D3	70
1197	#F8C9D9	#969696	76
1198	#FFFFFF	#D3D3D3	70
1199	#FFFFFF	#D3D3D3	70
1200	#FFFFFF	#D3D3D3	70
1201	#FFFFFF	#D3D3D3	70
1202	#FFFFFF	#D3D3D3	70
1203	#FFFFFF	#D3D3D3	70
1204	#FFFFFF	#D3D3D3	70
1205	#FFFFFF	#D3D3D3	70
1206	#FFFFFF	#D3D3D3	70
1207	#FFFFFF	#D3D3D3	70
1208	#FFFFFF	#D3D3D3	121
1209	#FFFFFF	#D3D3D3	157
1210	#FFFFFF	#D3D3D3	180
1211	#FFFFFF	#D3D3D3	180
1212	#FFFFFF	#D3D3D3	180
1214	#F2AAC4	#757575	181
1215	#FEF4F7	#C7C7C7	209
1216	#FFFFFF	#D3D3D3	145
1219	#FFFFFF	#D3D3D3	180
1220	#F5BACE	#858585	5
1221	#FFFFFF	#D3D3D3	180
1222	#FFFFFF	#D3D3D3	13
1223	#FFFFFF	#D3D3D3	190
1224	#FFFFFF	#D3D3D3	190
1225	#FFFFFF	#D3D3D3	124
1226	#FFFFFF	#D3D3D3	121
1227	#FFFFFF	#D3D3D3	124
1228	#FFFFFF	#D3D3D3	124
1229	#FFFFFF	#D3D3D3	124
1230	#FFFFFF	#D3D3D3	124
1231	#FFFFFF	#D3D3D3	232
1232	#FFFFFF	#D3D3D3	232
1233	#FFFFFF	#D3D3D3	33
1234	#FFFFFF	#D3D3D3	33
1235	#FFFFFF	#D3D3D3	33
1236	#FFFFFF	#D3D3D3	33
1237	#F8C9D9	#969696	76
1238	#FFFFFF	#D3D3D3	33
1239	#FFFFFF	#D3D3D3	33
1240	#FFFFFF	#D3D3D3	33
1241	#FFFFFF	#D3D3D3	33
1242	#FFFFFF	#D3D3D3	33
1243	#FFFFFF	#D3D3D3	33
1244	#FFFFFF	#D3D3D3	33
1245	#FFFFFF	#D3D3D3	33
1246	#FFFFFF	#D3D3D3	70
1247	#FFFFFF	#D3D3D3	70
1248	#F8C9D9	#969696	76
1249	#FFFFFF	#D3D3D3	70
1250	#FFFFFF	#D3D3D3	70
1251	#FFFFFF	#D3D3D3	70
1252	#FFFFFF	#D3D3D3	70
1253	#FFFFFF	#D3D3D3	70
1254	#FFFFFF	#D3D3D3	70
1255	#FFFFFF	#D3D3D3	70
1256	#FFFFFF	#D3D3D3	70
1257	#FFFFFF	#D3D3D3	70
1258	#FFFFFF	#D3D3D3	157
1259	#FFFFFF	#D3D3D3	157
1260	#FFFFFF	#D3D3D3	180
1261	#FFFFFF	#D3D3D3	180
1264	#CD1076	#000000	10
1265	#CD1076	#000000	43
1266	#F3AEC6	#797979	25
1267	#F3AEC6	#797979	25
1268	#D64085	#1B1B1B	155
1269	#D64085	#1B1B1B	155
1270	#D64085	#1B1B1B	155
1271	#D64085	#1B1B1B	155
1272	#FFFFFF	#D3D3D3	9
1273	#FFFFFF	#D3D3D3	9
1274	#FFFFFF	#D3D3D3	9
1275	#FFFFFF	#D3D3D3	9
1276	#CD1076	#000000	43
1277	#FFFFFF	#D3D3D3	9
1278	#FFFFFF	#D3D3D3	9
1279	#FFFFFF	#D3D3D3	9
1280	#FFFFFF	#D3D3D3	9
1281	#FFFFFF	#D3D3D3	9
1282	#FFFFFF	#D3D3D3	9
1283	#FFFFFF	#D3D3D3	9
1284	#FFFFFF	#D3D3D3	9
1285	#FFFFFF	#D3D3D3	9
1286	#FFFFFF	#D3D3D3	9
1287	#CD1076	#000000	43
1288	#FFFFFF	#D3D3D3	9
1289	#FFFFFF	#D3D3D3	9
1290	#FFFFFF	#D3D3D3	9
1291	#FFFFFF	#D3D3D3	9
1292	#FFFFFF	#D3D3D3	53
1293	#FFFFFF	#D3D3D3	53
1294	#FFFFFF	#D3D3D3	53
1295	#FFFFFF	#D3D3D3	53
1296	#FFFFFF	#D3D3D3	130
1297	#FFFFFF	#D3D3D3	53
1298	#F5BACE	#858585	5
1299	#FFFFFF	#D3D3D3	53
1300	#FFFFFF	#D3D3D3	53
1301	#FFFFFF	#D3D3D3	53
1302	#FFFFFF	#D3D3D3	53
1303	#FFFFFF	#D3D3D3	159
1304	#FFFFFF	#D3D3D3	159
1305	#FFFFFF	#D3D3D3	70
1306	#FFFFFF	#D3D3D3	70
1307	#FFFFFF	#D3D3D3	70
1308	#FFFFFF	#D3D3D3	159
1312	#FFFFFF	#D3D3D3	134
1313	#F3AEC6	#797979	25
1315	#CD1076	#000000	10
1316	#CD1076	#000000	43
1317	#F3AEC6	#797979	25
1318	#F3AEC6	#797979	25
1319	#D64085	#1B1B1B	155
1320	#D64085	#1B1B1B	155
1321	#D64085	#1B1B1B	155
1322	#D64085	#1B1B1B	155
1323	#FFFFFF	#D3D3D3	9
1324	#FFFFFF	#D3D3D3	9
1325	#FFFFFF	#D3D3D3	9
1326	#FFFFFF	#D3D3D3	9
1327	#CD1076	#000000	43
1328	#FFFFFF	#D3D3D3	9
1329	#FFFFFF	#D3D3D3	9
1330	#FFFFFF	#D3D3D3	9
1331	#FFFFFF	#D3D3D3	9
1332	#FFFFFF	#D3D3D3	9
1333	#FFFFFF	#D3D3D3	9
1334	#FFFFFF	#D3D3D3	9
1335	#FFFFFF	#D3D3D3	9
1336	#FFFFFF	#D3D3D3	9
1337	#FFFFFF	#D3D3D3	9
1338	#CD1076	#000000	43
1339	#FFFFFF	#D3D3D3	9
1340	#FFFFFF	#D3D3D3	9
1341	#FFFFFF	#D3D3D3	9
1342	#FFFFFF	#D3D3D3	153
1343	#FFFFFF	#D3D3D3	53
1344	#FFFFFF	#D3D3D3	53
1345	#FFFFFF	#D3D3D3	53
1346	#FFFFFF	#D3D3D3	53
1347	#FFFFFF	#D3D3D3	130
1348	#FFFFFF	#D3D3D3	53
1349	#F5BACE	#858585	5
1350	#FFFFFF	#D3D3D3	53
1351	#FFFFFF	#D3D3D3	53
1352	#FFFFFF	#D3D3D3	53
1353	#FFFFFF	#D3D3D3	53
1354	#FFFFFF	#D3D3D3	159
1355	#FFFFFF	#D3D3D3	70
1356	#FFFFFF	#D3D3D3	70
1357	#FFFFFF	#D3D3D3	70
1358	#FFFFFF	#D3D3D3	159
1359	#FFFFFF	#D3D3D3	134
1362	#FFFFFF	#D3D3D3	134
1363	#F3AEC6	#797979	25
1365	#CD1076	#000000	10
1366	#CD1076	#000000	43
1367	#F3AEC6	#797979	25
1368	#F3AEC6	#797979	25
1369	#F3AEC6	#797979	25
1370	#D64085	#1B1B1B	155
1371	#D64085	#1B1B1B	155
1372	#D64085	#1B1B1B	155
1373	#D64085	#1B1B1B	155
1374	#FFFFFF	#D3D3D3	9
1375	#FFFFFF	#D3D3D3	9
1376	#FFFFFF	#D3D3D3	9
1377	#CD1076	#000000	43
1378	#FFFFFF	#D3D3D3	9
1379	#FFFFFF	#D3D3D3	9
1380	#FFFFFF	#D3D3D3	9
1381	#FFFFFF	#D3D3D3	9
1382	#FFFFFF	#D3D3D3	9
1383	#FFFFFF	#D3D3D3	9
1384	#FFFFFF	#D3D3D3	9
1385	#FFFFFF	#D3D3D3	9
1386	#FFFFFF	#D3D3D3	9
1387	#FFFFFF	#D3D3D3	9
1388	#CD1076	#000000	43
1389	#FFFFFF	#D3D3D3	9
1390	#FFFFFF	#D3D3D3	9
1391	#FFFFFF	#D3D3D3	9
1392	#FFFFFF	#D3D3D3	9
1393	#FFFFFF	#D3D3D3	153
1394	#FFFFFF	#D3D3D3	53
1395	#FFFFFF	#D3D3D3	53
1396	#FFFFFF	#D3D3D3	53
1397	#FFFFFF	#D3D3D3	53
1398	#FFFFFF	#D3D3D3	53
1399	#CD1076	#000000	43
1400	#FFFFFF	#D3D3D3	53
1401	#FFFFFF	#D3D3D3	53
1402	#FFFFFF	#D3D3D3	53
1403	#FFFFFF	#D3D3D3	53
1404	#FFFFFF	#D3D3D3	159
1405	#FFFFFF	#D3D3D3	159
1406	#FFFFFF	#D3D3D3	70
1407	#FFFFFF	#D3D3D3	159
1408	#FFFFFF	#D3D3D3	159
1409	#FFFFFF	#D3D3D3	159
1410	#F5BACE	#858585	5
1412	#FFFFFF	#D3D3D3	134
1416	#CD1076	#000000	10
1417	#CD1076	#000000	43
1418	#F3AEC6	#797979	25
1419	#F3AEC6	#797979	25
1420	#F3AEC6	#797979	25
1421	#D64085	#1B1B1B	155
1422	#D64085	#1B1B1B	155
1423	#F3AEC6	#797979	25
1424	#D64085	#1B1B1B	155
1425	#FFFFFF	#D3D3D3	9
1426	#FFFFFF	#D3D3D3	9
1427	#FFFFFF	#D3D3D3	9
1428	#CD1076	#000000	43
1429	#FFFFFF	#D3D3D3	9
1430	#FFFFFF	#D3D3D3	9
1431	#FFFFFF	#D3D3D3	9
1432	#FFFFFF	#D3D3D3	9
1433	#FFFFFF	#D3D3D3	9
1434	#FFFFFF	#D3D3D3	9
1435	#FFFFFF	#D3D3D3	9
1436	#FFFFFF	#D3D3D3	9
1437	#FFFFFF	#D3D3D3	9
1438	#FFFFFF	#D3D3D3	9
1439	#CD1076	#000000	43
1440	#FFFFFF	#D3D3D3	9
1441	#FFFFFF	#D3D3D3	9
1442	#FFFFFF	#D3D3D3	9
1443	#FFFFFF	#D3D3D3	9
1444	#FFFFFF	#D3D3D3	153
1445	#FFFFFF	#D3D3D3	53
1446	#FFFFFF	#D3D3D3	53
1447	#FFFFFF	#D3D3D3	53
1448	#FFFFFF	#D3D3D3	53
1449	#FFFFFF	#D3D3D3	53
1450	#CD1076	#000000	43
1451	#FFFFFF	#D3D3D3	53
1452	#FFFFFF	#D3D3D3	53
1453	#FFFFFF	#D3D3D3	53
1454	#FFFFFF	#D3D3D3	159
1455	#FFFFFF	#D3D3D3	159
1456	#FFFFFF	#D3D3D3	159
1457	#FFFFFF	#D3D3D3	159
1458	#FFFFFF	#D3D3D3	159
1459	#FFFFFF	#D3D3D3	159
1460	#F5BACE	#858585	5
1461	#FFFFFF	#D3D3D3	134
1462	#FFFFFF	#D3D3D3	134
1464	#FFFFFF	#D3D3D3	134
1466	#CD1076	#000000	10
1467	#CD1076	#000000	43
1468	#FFFFFF	#D3D3D3	134
1469	#F3AEC6	#797979	25
1470	#F3AEC6	#797979	25
1471	#F3AEC6	#797979	25
1472	#D64085	#1B1B1B	155
1473	#F3AEC6	#797979	25
1474	#F3AEC6	#797979	25
1475	#D64085	#1B1B1B	155
1476	#FFFFFF	#D3D3D3	9
1477	#FFFFFF	#D3D3D3	9
1478	#CD1076	#000000	43
1479	#FFFFFF	#D3D3D3	9
1480	#FFFFFF	#D3D3D3	9
1481	#FFFFFF	#D3D3D3	9
1482	#FFFFFF	#D3D3D3	9
1483	#FFFFFF	#D3D3D3	9
1484	#FFFFFF	#D3D3D3	9
1485	#FFFFFF	#D3D3D3	9
1486	#FFFFFF	#D3D3D3	9
1487	#FFFFFF	#D3D3D3	9
1488	#FFFFFF	#D3D3D3	9
1489	#CD1076	#000000	43
1490	#FFFFFF	#D3D3D3	9
1491	#FFFFFF	#D3D3D3	9
1492	#FFFFFF	#D3D3D3	9
1493	#FFFFFF	#D3D3D3	9
1494	#FFFFFF	#D3D3D3	9
1495	#FFFFFF	#D3D3D3	153
1496	#FFFFFF	#D3D3D3	53
1497	#FFFFFF	#D3D3D3	53
1498	#FFFFFF	#D3D3D3	53
1499	#FFFFFF	#D3D3D3	53
1500	#CD1076	#000000	43
1501	#FFFFFF	#D3D3D3	47
1502	#FFFFFF	#D3D3D3	53
1503	#FFFFFF	#D3D3D3	53
1504	#FFFFFF	#D3D3D3	53
1505	#FFFFFF	#D3D3D3	159
1506	#FFFFFF	#D3D3D3	159
1507	#FFFFFF	#D3D3D3	159
1508	#FFFFFF	#D3D3D3	159
1509	#FFFFFF	#D3D3D3	159
1510	#FFFFFF	#D3D3D3	34
1511	#CD1076	#000000	43
1512	#F5BACE	#858585	5
1517	#CD1076	#000000	10
1518	#CD1076	#000000	43
1519	#FFFFFF	#D3D3D3	134
1520	#F3AEC6	#797979	25
1521	#F3AEC6	#797979	25
1522	#F3AEC6	#797979	25
1523	#F3AEC6	#797979	25
1524	#F3AEC6	#797979	25
1525	#D64085	#1B1B1B	155
1526	#D64085	#1B1B1B	155
1527	#FFFFFF	#D3D3D3	9
1528	#FFFFFF	#D3D3D3	9
1529	#CD1076	#000000	43
1530	#FFFFFF	#D3D3D3	9
1531	#FFFFFF	#D3D3D3	9
1532	#FFFFFF	#D3D3D3	9
1533	#FFFFFF	#D3D3D3	9
1534	#FFFFFF	#D3D3D3	9
1535	#FFFFFF	#D3D3D3	9
1536	#FFFFFF	#D3D3D3	9
1537	#FFFFFF	#D3D3D3	9
1538	#FFFFFF	#D3D3D3	9
1539	#FFFFFF	#D3D3D3	9
1540	#CD1076	#000000	43
1541	#FFFFFF	#D3D3D3	9
1542	#FFFFFF	#D3D3D3	9
1543	#FFFFFF	#D3D3D3	9
1544	#FFFFFF	#D3D3D3	9
1545	#FFFFFF	#D3D3D3	9
1546	#FFFFFF	#D3D3D3	153
1547	#FFFFFF	#D3D3D3	53
1548	#FFFFFF	#D3D3D3	53
1549	#FFFFFF	#D3D3D3	53
1550	#FFFFFF	#D3D3D3	47
1551	#CD1076	#000000	43
1552	#FFFFFF	#D3D3D3	47
1553	#FFFFFF	#D3D3D3	53
1554	#FFFFFF	#D3D3D3	53
1555	#FFFFFF	#D3D3D3	53
1556	#FFFFFF	#D3D3D3	159
1557	#FFFFFF	#D3D3D3	53
1558	#FFFFFF	#D3D3D3	159
1559	#FFFFFF	#D3D3D3	159
1560	#FFFFFF	#D3D3D3	34
1561	#CD1076	#000000	43
1562	#F5BACE	#858585	5
1567	#CD1076	#000000	10
1568	#CD1076	#000000	43
1571	#F3AEC6	#797979	25
1572	#F3AEC6	#797979	25
1573	#F3AEC6	#797979	25
1574	#F3AEC6	#797979	25
1575	#D64085	#1B1B1B	155
1576	#D64085	#1B1B1B	155
1577	#D64085	#1B1B1B	155
1578	#FFFFFF	#D3D3D3	9
1579	#CD1076	#000000	43
1580	#FFFFFF	#D3D3D3	9
1581	#FFFFFF	#D3D3D3	9
1582	#FFFFFF	#D3D3D3	9
1583	#FFFFFF	#D3D3D3	9
1584	#FFFFFF	#D3D3D3	9
1585	#FFFFFF	#D3D3D3	9
1586	#FFFFFF	#D3D3D3	9
1587	#FFFFFF	#D3D3D3	9
1588	#FFFFFF	#D3D3D3	9
1589	#FFFFFF	#D3D3D3	9
1590	#CD1076	#000000	43
1591	#FFFFFF	#D3D3D3	9
1592	#FFFFFF	#D3D3D3	9
1593	#FFFFFF	#D3D3D3	9
1594	#FFFFFF	#D3D3D3	9
1595	#FFFFFF	#D3D3D3	9
1596	#FFFFFF	#D3D3D3	153
1597	#FFFFFF	#D3D3D3	153
1598	#FFFFFF	#D3D3D3	53
1599	#FFFFFF	#D3D3D3	53
1600	#FFFFFF	#D3D3D3	53
1601	#CD1076	#000000	43
1602	#FFFFFF	#D3D3D3	47
1603	#FFFFFF	#D3D3D3	47
1604	#FFFFFF	#D3D3D3	53
1605	#FFFFFF	#D3D3D3	53
1606	#FFFFFF	#D3D3D3	53
1607	#FFFFFF	#D3D3D3	53
1608	#FFFFFF	#D3D3D3	53
1609	#FFFFFF	#D3D3D3	159
1610	#FFFFFF	#D3D3D3	34
1611	#FFFFFF	#D3D3D3	34
1612	#CD1076	#000000	43
1613	#CD1076	#000000	43
1614	#F3AEC6	#797979	25
1618	#CD1076	#000000	10
1619	#CD1076	#000000	43
1620	#F3AEC6	#797979	25
1621	#FFFFFF	#D3D3D3	134
1622	#F3AEC6	#797979	25
1623	#F3AEC6	#797979	25
1624	#F3AEC6	#797979	25
1625	#D64085	#1B1B1B	155
1626	#D64085	#1B1B1B	155
1627	#D64085	#1B1B1B	155
1628	#D64085	#1B1B1B	155
1629	#D64085	#1B1B1B	155
1630	#CD1076	#000000	43
1631	#FFFFFF	#D3D3D3	9
1632	#FFFFFF	#D3D3D3	9
1633	#FFFFFF	#D3D3D3	9
1634	#FFFFFF	#D3D3D3	9
1635	#FFFFFF	#D3D3D3	9
1636	#FFFFFF	#D3D3D3	9
1637	#FFFFFF	#D3D3D3	9
1638	#FFFFFF	#D3D3D3	9
1639	#FFFFFF	#D3D3D3	9
1640	#FFFFFF	#D3D3D3	9
1641	#CD1076	#000000	43
1642	#FFFFFF	#D3D3D3	9
1643	#FFFFFF	#D3D3D3	9
1644	#FFFFFF	#D3D3D3	9
1645	#FFFFFF	#D3D3D3	9
1646	#FFFFFF	#D3D3D3	153
1647	#FFFFFF	#D3D3D3	153
1648	#FFFFFF	#D3D3D3	153
1649	#FFFFFF	#D3D3D3	53
1650	#FFFFFF	#D3D3D3	53
1651	#FFFFFF	#D3D3D3	53
1652	#CD1076	#000000	43
1653	#FFFFFF	#D3D3D3	47
1654	#FFFFFF	#D3D3D3	47
1655	#FFFFFF	#D3D3D3	53
1656	#FFFFFF	#D3D3D3	53
1657	#FFFFFF	#D3D3D3	53
1658	#FFFFFF	#D3D3D3	53
1659	#FFFFFF	#D3D3D3	53
1660	#FFFFFF	#D3D3D3	159
1661	#FFFFFF	#D3D3D3	34
1662	#CD1076	#000000	43
1663	#CD1076	#000000	79
1664	#F3AEC6	#797979	25
1668	#CD1076	#000000	10
1669	#CD1076	#000000	10
1672	#FFFFFF	#D3D3D3	134
1673	#F3AEC6	#797979	25
1674	#F3AEC6	#797979	25
1675	#F3AEC6	#797979	25
1676	#D64085	#1B1B1B	155
1677	#D64085	#1B1B1B	155
1678	#D64085	#1B1B1B	155
1679	#D64085	#1B1B1B	155
1680	#CD1076	#000000	43
1681	#D64085	#1B1B1B	155
1682	#FFFFFF	#D3D3D3	9
1683	#FFFFFF	#D3D3D3	9
1684	#FFFFFF	#D3D3D3	9
1685	#FFFFFF	#D3D3D3	9
1686	#FFFFFF	#D3D3D3	9
1687	#FFFFFF	#D3D3D3	9
1688	#FFFFFF	#D3D3D3	9
1689	#FFFFFF	#D3D3D3	9
1690	#FFFFFF	#D3D3D3	9
1691	#CD1076	#000000	43
1692	#FFFFFF	#D3D3D3	9
1693	#FFFFFF	#D3D3D3	9
1694	#FFFFFF	#D3D3D3	9
1695	#FFFFFF	#D3D3D3	9
1696	#FFFFFF	#D3D3D3	153
1697	#FFFFFF	#D3D3D3	153
1698	#FFFFFF	#D3D3D3	153
1699	#FFFFFF	#D3D3D3	153
1700	#FFFFFF	#D3D3D3	53
1701	#FFFFFF	#D3D3D3	53
1702	#CD1076	#000000	43
1703	#FFFFFF	#D3D3D3	53
1704	#FFFFFF	#D3D3D3	47
1705	#FFFFFF	#D3D3D3	47
1706	#FFFFFF	#D3D3D3	53
1707	#FFFFFF	#D3D3D3	53
1708	#FFFFFF	#D3D3D3	53
1709	#FFFFFF	#D3D3D3	53
1710	#FFFFFF	#D3D3D3	159
1711	#FFFFFF	#D3D3D3	34
1712	#FFFFFF	#D3D3D3	34
1713	#CD1076	#000000	43
1714	#CD1076	#000000	79
1715	#CD1076	#000000	79
1716	#F3AEC6	#797979	25
1719	#CD1076	#000000	10
1720	#CD1076	#000000	10
1724	#F3AEC6	#797979	25
1725	#F3AEC6	#797979	25
1726	#F3AEC6	#797979	25
1727	#D64085	#1B1B1B	155
1728	#D64085	#1B1B1B	155
1729	#F3AEC6	#797979	25
1730	#D64085	#1B1B1B	155
1731	#CD1076	#000000	43
1732	#D64085	#1B1B1B	155
1733	#FFFFFF	#D3D3D3	9
1734	#FFFFFF	#D3D3D3	9
1735	#FFFFFF	#D3D3D3	9
1736	#FFFFFF	#D3D3D3	9
1737	#FFFFFF	#D3D3D3	9
1738	#FFFFFF	#D3D3D3	9
1739	#FFFFFF	#D3D3D3	9
1740	#FFFFFF	#D3D3D3	9
1741	#FFFFFF	#D3D3D3	9
1742	#CD1076	#000000	43
1743	#FFFFFF	#D3D3D3	9
1744	#FFFFFF	#D3D3D3	9
1745	#FFFFFF	#D3D3D3	9
1746	#FFFFFF	#D3D3D3	9
1747	#FFFFFF	#D3D3D3	153
1748	#FFFFFF	#D3D3D3	153
1749	#FFFFFF	#D3D3D3	153
1750	#FFFFFF	#D3D3D3	153
1751	#FFFFFF	#D3D3D3	53
1752	#FFFFFF	#D3D3D3	53
1753	#CD1076	#000000	43
1754	#FFFFFF	#D3D3D3	53
1755	#FFFFFF	#D3D3D3	47
1756	#FFFFFF	#D3D3D3	47
1757	#FFFFFF	#D3D3D3	53
1758	#FFFFFF	#D3D3D3	53
1759	#FFFFFF	#D3D3D3	53
1760	#FFFFFF	#D3D3D3	159
1761	#FFFFFF	#D3D3D3	159
1762	#FFFFFF	#D3D3D3	159
1763	#CD1076	#000000	79
1764	#CD1076	#000000	79
1765	#CD1076	#000000	79
1766	#F3AEC6	#797979	25
1769	#CD1076	#000000	10
1770	#CD1076	#000000	10
1774	#FFFFFF	#D3D3D3	134
1775	#F3AEC6	#797979	25
1776	#F3AEC6	#797979	25
1777	#F3AEC6	#797979	25
1778	#D64085	#1B1B1B	155
1779	#F3AEC6	#797979	25
1780	#F3AEC6	#797979	25
1781	#CD1076	#000000	10
1782	#D64085	#1B1B1B	155
1783	#FFFFFF	#D3D3D3	9
1784	#FFFFFF	#D3D3D3	9
1785	#FFFFFF	#D3D3D3	9
1786	#FFFFFF	#D3D3D3	9
1787	#FFFFFF	#D3D3D3	9
1788	#FFFFFF	#D3D3D3	9
1789	#FFFFFF	#D3D3D3	9
1790	#FFFFFF	#D3D3D3	9
1791	#FFFFFF	#D3D3D3	9
1792	#CD1076	#000000	43
1793	#FFFFFF	#D3D3D3	9
1794	#FFFFFF	#D3D3D3	9
1795	#FFFFFF	#D3D3D3	9
1796	#FFFFFF	#D3D3D3	9
1797	#FFFFFF	#D3D3D3	9
1798	#FFFFFF	#D3D3D3	153
1799	#FFFFFF	#D3D3D3	153
1800	#FFFFFF	#D3D3D3	9
1801	#FFFFFF	#D3D3D3	153
1802	#FFFFFF	#D3D3D3	53
1803	#CD1076	#000000	43
1804	#FFFFFF	#D3D3D3	53
1805	#FFFFFF	#D3D3D3	53
1806	#FFFFFF	#D3D3D3	47
1807	#FFFFFF	#D3D3D3	47
1808	#FFFFFF	#D3D3D3	53
1809	#FFFFFF	#D3D3D3	53
1810	#FFFFFF	#D3D3D3	159
1811	#FFFFFF	#D3D3D3	159
1812	#FFFFFF	#D3D3D3	159
1813	#FFFFFF	#D3D3D3	159
1814	#CD1076	#000000	43
1815	#CD1076	#000000	79
1816	#CD1076	#000000	79
1817	#CD1076	#000000	79
1818	#F3AEC6	#797979	25
1820	#CD1076	#000000	10
1821	#CD1076	#000000	10
1825	#FFFFFF	#D3D3D3	134
1826	#F3AEC6	#797979	25
1827	#F3AEC6	#797979	25
1828	#F3AEC6	#797979	25
1829	#F3AEC6	#797979	25
1830	#F3AEC6	#797979	25
1831	#F3AEC6	#797979	25
1832	#CD1076	#000000	10
1833	#D64085	#1B1B1B	155
1834	#FFFFFF	#D3D3D3	9
1835	#FFFFFF	#D3D3D3	9
1836	#FFFFFF	#D3D3D3	9
1837	#FFFFFF	#D3D3D3	9
1838	#FFFFFF	#D3D3D3	9
1839	#FFFFFF	#D3D3D3	9
1840	#FFFFFF	#D3D3D3	9
1841	#FFFFFF	#D3D3D3	9
1842	#FFFFFF	#D3D3D3	9
1843	#CD1076	#000000	43
1844	#FFFFFF	#D3D3D3	9
1845	#FFFFFF	#D3D3D3	9
1846	#FFFFFF	#D3D3D3	9
1847	#FFFFFF	#D3D3D3	9
1848	#FFFFFF	#D3D3D3	9
1849	#FFFFFF	#D3D3D3	153
1850	#FFFFFF	#D3D3D3	9
1851	#FFFFFF	#D3D3D3	9
1852	#FFFFFF	#D3D3D3	153
1853	#FFFFFF	#D3D3D3	53
1854	#CD1076	#000000	43
1855	#FFFFFF	#D3D3D3	53
1856	#FFFFFF	#D3D3D3	53
1857	#FFFFFF	#D3D3D3	47
1858	#FFFFFF	#D3D3D3	47
1859	#FFFFFF	#D3D3D3	53
1860	#FFFFFF	#D3D3D3	159
1861	#FFFFFF	#D3D3D3	159
1862	#FFFFFF	#D3D3D3	159
1863	#FFFFFF	#D3D3D3	159
1864	#CD1076	#000000	43
1865	#CD1076	#000000	79
1866	#CD1076	#000000	79
1867	#CD1076	#000000	79
1868	#F3AEC6	#797979	25
1870	#CD1076	#000000	10
1871	#CD1076	#000000	10
1872	#F3AEC6	#797979	25
1876	#FFFFFF	#D3D3D3	134
1877	#F3AEC6	#797979	25
1878	#F3AEC6	#797979	25
1879	#F3AEC6	#797979	25
1880	#F3AEC6	#797979	25
1881	#F3AEC6	#797979	25
1882	#CD1076	#000000	10
1883	#D64085	#1B1B1B	155
1884	#D64085	#1B1B1B	155
1885	#FFFFFF	#D3D3D3	9
1886	#FFFFFF	#D3D3D3	9
1887	#FFFFFF	#D3D3D3	9
1888	#FFFFFF	#D3D3D3	9
1889	#FFFFFF	#D3D3D3	9
1890	#FFFFFF	#D3D3D3	9
1891	#FFFFFF	#D3D3D3	9
1892	#FFFFFF	#D3D3D3	9
1893	#CD1076	#000000	10
1894	#FFFFFF	#D3D3D3	9
1895	#FFFFFF	#D3D3D3	9
1896	#FFFFFF	#D3D3D3	9
1897	#FFFFFF	#D3D3D3	9
1898	#FFFFFF	#D3D3D3	9
1899	#FFFFFF	#D3D3D3	9
1900	#FFFFFF	#D3D3D3	9
1901	#FFFFFF	#D3D3D3	9
1902	#FFFFFF	#D3D3D3	9
1903	#FFFFFF	#D3D3D3	153
1904	#CD1076	#000000	43
1905	#FFFFFF	#D3D3D3	53
1906	#FFFFFF	#D3D3D3	53
1907	#FFFFFF	#D3D3D3	47
1908	#FFFFFF	#D3D3D3	47
1909	#FFFFFF	#D3D3D3	47
1910	#FFFFFF	#D3D3D3	159
1911	#FFFFFF	#D3D3D3	159
1912	#FFFFFF	#D3D3D3	159
1913	#FFFFFF	#D3D3D3	159
1914	#FFFFFF	#D3D3D3	159
1915	#CD1076	#000000	43
1916	#CD1076	#000000	43
1917	#CD1076	#000000	79
1918	#CD1076	#000000	79
1919	#CD1076	#000000	79
1921	#CD1076	#000000	10
1922	#CD1076	#000000	10
1923	#F3AEC6	#797979	25
1928	#F3AEC6	#797979	25
1929	#F3AEC6	#797979	25
1930	#F3AEC6	#797979	25
1931	#F3AEC6	#797979	25
1932	#D64085	#1B1B1B	155
1933	#CD1076	#000000	10
1934	#D64085	#1B1B1B	155
1935	#D64085	#1B1B1B	155
1936	#FFFFFF	#D3D3D3	9
1937	#FFFFFF	#D3D3D3	9
1938	#FFFFFF	#D3D3D3	9
1939	#FFFFFF	#D3D3D3	9
1940	#FFFFFF	#D3D3D3	9
1941	#FFFFFF	#D3D3D3	9
1942	#FFFFFF	#D3D3D3	9
1943	#FFFFFF	#D3D3D3	9
1944	#CD1076	#000000	10
1945	#FFFFFF	#D3D3D3	9
1946	#FFFFFF	#D3D3D3	9
1947	#FFFFFF	#D3D3D3	9
1948	#FFFFFF	#D3D3D3	9
1949	#FFFFFF	#D3D3D3	9
1950	#FFFFFF	#D3D3D3	9
1951	#FFFFFF	#D3D3D3	9
1952	#FFFFFF	#D3D3D3	9
1953	#FFFFFF	#D3D3D3	9
1954	#FFFFFF	#D3D3D3	153
1955	#CD1076	#000000	43
1956	#FFFFFF	#D3D3D3	53
1957	#FFFFFF	#D3D3D3	53
1958	#FFFFFF	#D3D3D3	47
1959	#FFFFFF	#D3D3D3	47
1960	#FFFFFF	#D3D3D3	47
1961	#FFFFFF	#D3D3D3	159
1962	#FFFFFF	#D3D3D3	159
1963	#FFFFFF	#D3D3D3	159
1964	#FFFFFF	#D3D3D3	159
1965	#CD1076	#000000	43
1966	#CD1076	#000000	43
1967	#CD1076	#000000	79
1968	#CD1076	#000000	79
1969	#CD1076	#000000	79
1971	#CD1076	#000000	10
1972	#CD1076	#000000	10
1973	#D0277B	#0C0C0C	147
1974	#F3AEC6	#797979	25
1976	#FFFFFF	#D3D3D3	134
1979	#F3AEC6	#797979	25
1980	#F3AEC6	#797979	25
1981	#F3AEC6	#797979	25
1982	#D64085	#1B1B1B	155
1983	#CD1076	#000000	10
1984	#D64085	#1B1B1B	155
1985	#D64085	#1B1B1B	155
1986	#D64085	#1B1B1B	155
1987	#FFFFFF	#D3D3D3	9
1988	#FFFFFF	#D3D3D3	9
1989	#FFFFFF	#D3D3D3	9
1990	#FFFFFF	#D3D3D3	9
1991	#FFFFFF	#D3D3D3	9
1992	#FFFFFF	#D3D3D3	9
1993	#FFFFFF	#D3D3D3	9
1994	#CD1076	#000000	10
1995	#FFFFFF	#D3D3D3	9
1996	#FFFFFF	#D3D3D3	9
1997	#FFFFFF	#D3D3D3	9
1998	#FFFFFF	#D3D3D3	9
1999	#FFFFFF	#D3D3D3	9
2000	#FFFFFF	#D3D3D3	9
2001	#FFFFFF	#D3D3D3	9
2002	#FFFFFF	#D3D3D3	9
2003	#FFFFFF	#D3D3D3	9
2004	#FFFFFF	#D3D3D3	153
2005	#CD1076	#000000	43
2006	#FFFFFF	#D3D3D3	153
2007	#FFFFFF	#D3D3D3	47
2008	#FFFFFF	#D3D3D3	47
2009	#FFFFFF	#D3D3D3	47
2010	#FFFFFF	#D3D3D3	47
2011	#FFFFFF	#D3D3D3	47
2012	#FFFFFF	#D3D3D3	159
2013	#FFFFFF	#D3D3D3	159
2014	#FFFFFF	#D3D3D3	152
2015	#FFFFFF	#D3D3D3	159
2016	#CD1076	#000000	43
2017	#CD1076	#000000	43
2018	#CD1076	#000000	79
2019	#CD1076	#000000	79
2020	#CD1076	#000000	79
2022	#CD1076	#000000	10
2023	#CD1076	#000000	10
2024	#D0277B	#0C0C0C	147
2025	#F3AEC6	#797979	25
2027	#FFFFFF	#D3D3D3	134
2030	#F3AEC6	#797979	25
2031	#F3AEC6	#797979	25
2032	#F3AEC6	#797979	25
2033	#D64085	#1B1B1B	155
2034	#CD1076	#000000	10
2035	#D64085	#1B1B1B	155
2036	#D64085	#1B1B1B	155
2037	#D64085	#1B1B1B	155
2038	#FFFFFF	#D3D3D3	9
2039	#FFFFFF	#D3D3D3	9
2040	#FFFFFF	#D3D3D3	9
2041	#FFFFFF	#D3D3D3	9
2042	#FFFFFF	#D3D3D3	9
2043	#FFFFFF	#D3D3D3	9
2044	#FFFFFF	#D3D3D3	9
2045	#CD1076	#000000	43
2046	#FFFFFF	#D3D3D3	9
2047	#FFFFFF	#D3D3D3	9
2048	#FFFFFF	#D3D3D3	9
2049	#FFFFFF	#D3D3D3	9
2050	#FFFFFF	#D3D3D3	9
2051	#FFFFFF	#D3D3D3	9
2052	#FFFFFF	#D3D3D3	9
2053	#FFFFFF	#D3D3D3	9
2054	#FFFFFF	#D3D3D3	153
2055	#FFFFFF	#D3D3D3	153
2056	#CD1076	#000000	43
2057	#FFFFFF	#D3D3D3	153
2058	#FFFFFF	#D3D3D3	47
2059	#FFFFFF	#D3D3D3	47
2060	#FFFFFF	#D3D3D3	153
2061	#FFFFFF	#D3D3D3	153
2062	#FFFFFF	#D3D3D3	47
2063	#FFFFFF	#D3D3D3	159
2064	#FFFFFF	#D3D3D3	159
2065	#FFFFFF	#D3D3D3	152
2066	#CD1076	#000000	43
2067	#CD1076	#000000	79
2068	#CD1076	#000000	79
2069	#CD1076	#000000	79
2070	#D0277B	#0C0C0C	147
2072	#CD1076	#000000	10
2073	#CD1076	#000000	10
2074	#D0277B	#0C0C0C	147
2075	#D0277B	#0C0C0C	147
2076	#F3AEC6	#797979	25
2081	#F3AEC6	#797979	25
2082	#F3AEC6	#797979	25
2083	#F3AEC6	#797979	25
2084	#CD1076	#000000	10
2085	#D64085	#1B1B1B	155
2086	#D64085	#1B1B1B	155
2087	#D64085	#1B1B1B	155
2088	#D64085	#1B1B1B	155
2089	#FFFFFF	#D3D3D3	9
2090	#FFFFFF	#D3D3D3	9
2091	#FFFFFF	#D3D3D3	9
2092	#FFFFFF	#D3D3D3	9
2093	#FFFFFF	#D3D3D3	9
2094	#FFFFFF	#D3D3D3	9
2095	#CD1076	#000000	43
2096	#FFFFFF	#D3D3D3	9
2097	#FFFFFF	#D3D3D3	9
2098	#FFFFFF	#D3D3D3	9
2099	#FFFFFF	#D3D3D3	9
2100	#FFFFFF	#D3D3D3	9
2101	#FFFFFF	#D3D3D3	9
2102	#FFFFFF	#D3D3D3	9
2103	#FFFFFF	#D3D3D3	9
2104	#FFFFFF	#D3D3D3	9
2105	#FFFFFF	#D3D3D3	153
2106	#CD1076	#000000	43
2107	#FFFFFF	#D3D3D3	9
2108	#FFFFFF	#D3D3D3	153
2109	#FFFFFF	#D3D3D3	47
2110	#FFFFFF	#D3D3D3	153
2111	#FFFFFF	#D3D3D3	153
2112	#FFFFFF	#D3D3D3	153
2113	#FFFFFF	#D3D3D3	47
2114	#FFFFFF	#D3D3D3	159
2115	#FFFFFF	#D3D3D3	159
2116	#FFFFFF	#D3D3D3	152
2117	#CD1076	#000000	43
2118	#CD1076	#000000	79
2119	#CD1076	#000000	79
2120	#CD1076	#000000	79
2121	#D0277B	#0C0C0C	147
2123	#CD1076	#000000	10
2124	#CD1076	#000000	10
2125	#D0277B	#0C0C0C	147
2126	#D0277B	#0C0C0C	147
2127	#F3AEC6	#797979	25
2132	#F3AEC6	#797979	25
2133	#F3AEC6	#797979	25
2134	#F3AEC6	#797979	25
2135	#CD1076	#000000	43
2136	#D64085	#1B1B1B	155
2137	#D64085	#1B1B1B	155
2138	#D64085	#1B1B1B	155
2139	#D64085	#1B1B1B	155
2140	#FFFFFF	#D3D3D3	9
2141	#FFFFFF	#D3D3D3	9
2142	#FFFFFF	#D3D3D3	9
2143	#FFFFFF	#D3D3D3	9
2144	#FFFFFF	#D3D3D3	9
2145	#FFFFFF	#D3D3D3	9
2146	#CD1076	#000000	43
2147	#FFFFFF	#D3D3D3	9
2148	#FFFFFF	#D3D3D3	9
2149	#FFFFFF	#D3D3D3	9
2150	#FFFFFF	#D3D3D3	9
2151	#FFFFFF	#D3D3D3	9
2152	#FFFFFF	#D3D3D3	9
2153	#FFFFFF	#D3D3D3	9
2154	#FFFFFF	#D3D3D3	9
2155	#FFFFFF	#D3D3D3	153
2156	#FFFFFF	#D3D3D3	9
2157	#CD1076	#000000	43
2158	#FFFFFF	#D3D3D3	9
2159	#FFFFFF	#D3D3D3	153
2160	#FFFFFF	#D3D3D3	153
2161	#FFFFFF	#D3D3D3	153
2162	#FFFFFF	#D3D3D3	153
2163	#FFFFFF	#D3D3D3	153
2164	#FFFFFF	#D3D3D3	47
2165	#FFFFFF	#D3D3D3	159
2166	#FFFFFF	#D3D3D3	159
2167	#CD1076	#000000	79
2168	#CD1076	#000000	79
2169	#CD1076	#000000	79
2170	#CD1076	#000000	79
2171	#D0277B	#0C0C0C	147
2173	#CD1076	#000000	10
2174	#CD1076	#000000	10
2175	#D0277B	#0C0C0C	147
2176	#D0277B	#0C0C0C	147
2177	#D0277B	#0C0C0C	147
2178	#F3AEC6	#797979	25
2183	#F3AEC6	#797979	25
2184	#F3AEC6	#797979	25
2185	#CD1076	#000000	10
2186	#F3AEC6	#797979	25
2187	#D64085	#1B1B1B	155
2188	#D64085	#1B1B1B	155
2189	#D64085	#1B1B1B	155
2190	#D64085	#1B1B1B	155
2191	#FFFFFF	#D3D3D3	9
2192	#FFFFFF	#D3D3D3	9
2193	#FFFFFF	#D3D3D3	9
2194	#FFFFFF	#D3D3D3	9
2195	#FFFFFF	#D3D3D3	9
2196	#CD1076	#000000	43
2197	#FFFFFF	#D3D3D3	9
2198	#FFFFFF	#D3D3D3	9
2199	#FFFFFF	#D3D3D3	9
2200	#FFFFFF	#D3D3D3	9
2201	#FFFFFF	#D3D3D3	9
2202	#FFFFFF	#D3D3D3	9
2203	#FFFFFF	#D3D3D3	9
2204	#FFFFFF	#D3D3D3	9
2205	#FFFFFF	#D3D3D3	9
2206	#FFFFFF	#D3D3D3	9
2207	#CD1076	#000000	43
2208	#FFFFFF	#D3D3D3	9
2209	#FFFFFF	#D3D3D3	9
2210	#FFFFFF	#D3D3D3	153
2211	#FFFFFF	#D3D3D3	153
2212	#FFFFFF	#D3D3D3	153
2213	#FFFFFF	#D3D3D3	153
2214	#FFFFFF	#D3D3D3	153
2215	#FFFFFF	#D3D3D3	47
2216	#FFFFFF	#D3D3D3	159
2217	#FFFFFF	#D3D3D3	159
2218	#CD1076	#000000	43
2219	#CD1076	#000000	79
2220	#CD1076	#000000	79
2221	#CD1076	#000000	79
2222	#CD1076	#000000	79
2224	#CD1076	#000000	10
2225	#CD1076	#000000	10
2226	#D0277B	#0C0C0C	147
2227	#D0277B	#0C0C0C	147
2228	#D0277B	#0C0C0C	147
2229	#F3AEC6	#797979	25
2233	#FFFFFF	#D3D3D3	134
2234	#F3AEC6	#797979	25
2235	#F3AEC6	#797979	25
2236	#CD1076	#000000	10
2237	#F3AEC6	#797979	25
2238	#D64085	#1B1B1B	155
2239	#F3AEC6	#797979	25
2240	#F3AEC6	#797979	25
2241	#D64085	#1B1B1B	155
2242	#FFFFFF	#D3D3D3	9
2243	#FFFFFF	#D3D3D3	9
2244	#FFFFFF	#D3D3D3	9
2245	#FFFFFF	#D3D3D3	9
2246	#FFFFFF	#D3D3D3	9
2247	#CD1076	#000000	43
2248	#FFFFFF	#D3D3D3	9
2249	#FFFFFF	#D3D3D3	9
2250	#FFFFFF	#D3D3D3	9
2251	#FFFFFF	#D3D3D3	9
2252	#FFFFFF	#D3D3D3	9
2253	#FFFFFF	#D3D3D3	9
2254	#FFFFFF	#D3D3D3	9
2255	#FFFFFF	#D3D3D3	9
2256	#FFFFFF	#D3D3D3	9
2257	#FFFFFF	#D3D3D3	9
2258	#CD1076	#000000	43
2259	#FFFFFF	#D3D3D3	9
2260	#FFFFFF	#D3D3D3	153
2261	#FFFFFF	#D3D3D3	153
2262	#FFFFFF	#D3D3D3	153
2263	#FFFFFF	#D3D3D3	153
2264	#FFFFFF	#D3D3D3	153
2265	#FFFFFF	#D3D3D3	153
2266	#FFFFFF	#D3D3D3	47
2267	#FFFFFF	#D3D3D3	159
2268	#CD1076	#000000	43
2269	#CD1076	#000000	79
2270	#CD1076	#000000	79
2271	#CD1076	#000000	79
2272	#CD1076	#000000	79
2274	#F2AAC4	#757575	181
2275	#FEF4F7	#C7C7C7	209
2279	#FFFFFF	#D3D3D3	180
2280	#F5BACE	#858585	5
2281	#F5BACE	#858585	5
2282	#FFFFFF	#D3D3D3	180
2283	#FFFFFF	#D3D3D3	190
2284	#FFFFFF	#D3D3D3	190
2285	#FFFFFF	#D3D3D3	190
2286	#FFFFFF	#D3D3D3	121
2287	#FFFFFF	#D3D3D3	124
2288	#FFFFFF	#D3D3D3	124
2289	#FFFFFF	#D3D3D3	124
2290	#FFFFFF	#D3D3D3	124
2291	#FFFFFF	#D3D3D3	124
2292	#FFFFFF	#D3D3D3	124
2293	#FFFFFF	#D3D3D3	232
2294	#FFFFFF	#D3D3D3	33
2295	#FFFFFF	#D3D3D3	33
2296	#FFFFFF	#D3D3D3	33
2297	#FFFFFF	#D3D3D3	121
2298	#FFFFFF	#D3D3D3	33
2299	#FFFFFF	#D3D3D3	33
2300	#FFFFFF	#D3D3D3	33
2301	#FFFFFF	#D3D3D3	33
2302	#FFFFFF	#D3D3D3	33
2303	#FFFFFF	#D3D3D3	33
2304	#FFFFFF	#D3D3D3	33
2305	#FFFFFF	#D3D3D3	33
2306	#FFFFFF	#D3D3D3	70
2307	#FFFFFF	#D3D3D3	70
2308	#F8C9D9	#969696	76
2309	#FFFFFF	#D3D3D3	70
2310	#FFFFFF	#D3D3D3	70
2311	#FFFFFF	#D3D3D3	70
2312	#FFFFFF	#D3D3D3	70
2313	#FFFFFF	#D3D3D3	70
2314	#FFFFFF	#D3D3D3	70
2315	#FFFFFF	#D3D3D3	70
2316	#FFFFFF	#D3D3D3	70
2317	#FFFFFF	#D3D3D3	70
2318	#FFFFFF	#D3D3D3	70
2319	#FFFFFF	#D3D3D3	223
2320	#FFFFFF	#D3D3D3	180
2321	#FFFFFF	#D3D3D3	180
2322	#FFFFFF	#D3D3D3	180
2323	#FFFFFF	#D3D3D3	145
2325	#F2AAC4	#757575	181
2326	#FEF4F7	#C7C7C7	209
2327	#FFFFFF	#D3D3D3	145
2329	#FFFFFF	#D3D3D3	180
2330	#F5BACE	#858585	5
2331	#F5BACE	#858585	5
2332	#F5BACE	#858585	5
2333	#F5BACE	#858585	5
2334	#FFFFFF	#D3D3D3	190
2335	#FFFFFF	#D3D3D3	190
2336	#FFFFFF	#D3D3D3	190
2337	#FFFFFF	#D3D3D3	121
2338	#FFFFFF	#D3D3D3	124
2339	#FFFFFF	#D3D3D3	124
2340	#FFFFFF	#D3D3D3	124
2341	#FFFFFF	#D3D3D3	124
2342	#FFFFFF	#D3D3D3	124
2343	#FFFFFF	#D3D3D3	232
2344	#FFFFFF	#D3D3D3	33
2345	#FFFFFF	#D3D3D3	33
2346	#FFFFFF	#D3D3D3	33
2347	#FFFFFF	#D3D3D3	33
2348	#F8C9D9	#969696	76
2349	#FFFFFF	#D3D3D3	33
2350	#FFFFFF	#D3D3D3	33
2351	#FFFFFF	#D3D3D3	33
2352	#FFFFFF	#D3D3D3	33
2353	#FFFFFF	#D3D3D3	33
2354	#FFFFFF	#D3D3D3	33
2355	#FFFFFF	#D3D3D3	33
2356	#FFFFFF	#D3D3D3	70
2357	#FFFFFF	#D3D3D3	70
2358	#FFFFFF	#D3D3D3	70
2359	#FFFFFF	#D3D3D3	223
2360	#FFFFFF	#D3D3D3	70
2361	#FFFFFF	#D3D3D3	70
2362	#FFFFFF	#D3D3D3	70
2363	#FFFFFF	#D3D3D3	70
2364	#FFFFFF	#D3D3D3	70
2365	#FFFFFF	#D3D3D3	70
2366	#FFFFFF	#D3D3D3	70
2367	#FFFFFF	#D3D3D3	70
2368	#FFFFFF	#D3D3D3	70
2369	#FFFFFF	#D3D3D3	223
2370	#FFFFFF	#D3D3D3	180
2371	#FFFFFF	#D3D3D3	180
2372	#FFFFFF	#D3D3D3	145
2375	#CD1076	#000000	10
2376	#CD1076	#000000	10
2377	#CD1076	#000000	79
2378	#D0277B	#0C0C0C	147
2379	#D0277B	#0C0C0C	147
2380	#D0277B	#0C0C0C	147
2381	#F3AEC6	#797979	25
2382	#FFFFFF	#D3D3D3	134
2385	#FFFFFF	#D3D3D3	134
2386	#F3AEC6	#797979	25
2387	#CD1076	#000000	10
2388	#F3AEC6	#797979	25
2389	#F3AEC6	#797979	25
2390	#F3AEC6	#797979	25
2391	#F3AEC6	#797979	25
2392	#D64085	#1B1B1B	155
2393	#D64085	#1B1B1B	155
2394	#FFFFFF	#D3D3D3	9
2395	#FFFFFF	#D3D3D3	9
2396	#FFFFFF	#D3D3D3	9
2397	#FFFFFF	#D3D3D3	9
2398	#CD1076	#000000	43
2399	#FFFFFF	#D3D3D3	9
2400	#FFFFFF	#D3D3D3	9
2401	#FFFFFF	#D3D3D3	9
2402	#FFFFFF	#D3D3D3	9
2403	#FFFFFF	#D3D3D3	9
2404	#FFFFFF	#D3D3D3	9
2405	#FFFFFF	#D3D3D3	9
2406	#FFFFFF	#D3D3D3	9
2407	#FFFFFF	#D3D3D3	9
2408	#FFFFFF	#D3D3D3	9
2409	#CD1076	#000000	43
2410	#FFFFFF	#D3D3D3	9
2411	#FFFFFF	#D3D3D3	153
2412	#FFFFFF	#D3D3D3	153
2413	#FFFFFF	#D3D3D3	153
2414	#FFFFFF	#D3D3D3	153
2415	#FFFFFF	#D3D3D3	153
2416	#FFFFFF	#D3D3D3	153
2417	#FFFFFF	#D3D3D3	153
2418	#FFFFFF	#D3D3D3	47
2419	#FFFFFF	#D3D3D3	159
2420	#CD1076	#000000	43
2421	#CD1076	#000000	79
2422	#CD1076	#000000	79
2423	#CD1076	#000000	79
2424	#CD1076	#000000	79
2426	#CD1076	#000000	10
2427	#CD1076	#000000	10
2428	#CD1076	#000000	79
2429	#D0277B	#0C0C0C	147
2430	#D0277B	#0C0C0C	147
2431	#D0277B	#0C0C0C	147
2432	#F3AEC6	#797979	25
2436	#FFFFFF	#D3D3D3	134
2437	#F3AEC6	#797979	25
2438	#CD1076	#000000	43
2439	#F3AEC6	#797979	25
2440	#F3AEC6	#797979	25
2441	#F3AEC6	#797979	25
2442	#D64085	#1B1B1B	155
2443	#D64085	#1B1B1B	155
2444	#D64085	#1B1B1B	155
2445	#FFFFFF	#D3D3D3	9
2446	#FFFFFF	#D3D3D3	9
2447	#FFFFFF	#D3D3D3	9
2448	#FFFFFF	#D3D3D3	9
2449	#CD1076	#000000	43
2450	#FFFFFF	#D3D3D3	9
2451	#FFFFFF	#D3D3D3	9
2452	#FFFFFF	#D3D3D3	9
2453	#FFFFFF	#D3D3D3	9
2454	#FFFFFF	#D3D3D3	9
2455	#FFFFFF	#D3D3D3	9
2456	#FFFFFF	#D3D3D3	9
2457	#FFFFFF	#D3D3D3	9
2458	#FFFFFF	#D3D3D3	9
2459	#FFFFFF	#D3D3D3	9
2460	#CD1076	#000000	43
2461	#FFFFFF	#D3D3D3	153
2462	#FFFFFF	#D3D3D3	153
2463	#FFFFFF	#D3D3D3	153
2464	#FFFFFF	#D3D3D3	153
2465	#FFFFFF	#D3D3D3	153
2466	#FFFFFF	#D3D3D3	153
2467	#FFFFFF	#D3D3D3	153
2468	#FFFFFF	#D3D3D3	153
2469	#FFFFFF	#D3D3D3	47
2470	#CD1076	#000000	79
2471	#CD1076	#000000	79
2472	#CD1076	#000000	79
2473	#CD1076	#000000	79
2474	#CD1076	#000000	79
2476	#CD1076	#000000	10
2477	#CD1076	#000000	10
2478	#CD1076	#000000	79
2479	#CD1076	#000000	79
2480	#D0277B	#0C0C0C	147
2481	#D0277B	#0C0C0C	147
2482	#D0277B	#0C0C0C	147
2483	#F3AEC6	#797979	25
2487	#FFFFFF	#D3D3D3	134
2488	#CD1076	#000000	43
2489	#F3AEC6	#797979	25
2490	#F3AEC6	#797979	25
2491	#F3AEC6	#797979	25
2492	#D64085	#1B1B1B	155
2493	#D64085	#1B1B1B	155
2494	#D64085	#1B1B1B	155
2495	#D64085	#1B1B1B	155
2496	#FFFFFF	#D3D3D3	9
2497	#FFFFFF	#D3D3D3	9
2498	#FFFFFF	#D3D3D3	9
2499	#CD1076	#000000	43
2500	#FFFFFF	#D3D3D3	9
2501	#FFFFFF	#D3D3D3	9
2502	#FFFFFF	#D3D3D3	9
2503	#FFFFFF	#D3D3D3	9
2504	#FFFFFF	#D3D3D3	9
2505	#FFFFFF	#D3D3D3	9
2506	#FFFFFF	#D3D3D3	9
2507	#FFFFFF	#D3D3D3	9
2508	#FFFFFF	#D3D3D3	9
2509	#FFFFFF	#D3D3D3	9
2510	#CD1076	#000000	43
2511	#FFFFFF	#D3D3D3	9
2512	#FFFFFF	#D3D3D3	153
2513	#FFFFFF	#D3D3D3	153
2514	#FFFFFF	#D3D3D3	153
2515	#FFFFFF	#D3D3D3	153
2516	#FFFFFF	#D3D3D3	153
2517	#FFFFFF	#D3D3D3	153
2518	#FFFFFF	#D3D3D3	153
2519	#FFFFFF	#D3D3D3	153
2520	#FFFFFF	#D3D3D3	47
2521	#CD1076	#000000	79
2522	#CD1076	#000000	79
2523	#CD1076	#000000	79
2524	#CD1076	#000000	79
2525	#CD1076	#000000	79
2527	#CD1076	#000000	10
2528	#CD1076	#000000	43
2529	#CD1076	#000000	79
2530	#CD1276	#010101	108
2531	#D0277B	#0C0C0C	147
2532	#D0277B	#0C0C0C	147
2533	#D0277B	#0C0C0C	147
2534	#F3AEC6	#797979	25
2539	#CD1076	#000000	43
2540	#F3AEC6	#797979	25
2541	#F3AEC6	#797979	25
2542	#F3AEC6	#797979	25
2543	#D64085	#1B1B1B	155
2544	#F3AEC6	#797979	25
2545	#D64085	#1B1B1B	155
2546	#D64085	#1B1B1B	155
2547	#FFFFFF	#D3D3D3	9
2548	#FFFFFF	#D3D3D3	9
2549	#FFFFFF	#D3D3D3	9
2550	#CD1076	#000000	43
2551	#FFFFFF	#D3D3D3	9
2552	#FFFFFF	#D3D3D3	9
2553	#FFFFFF	#D3D3D3	9
2554	#FFFFFF	#D3D3D3	9
2555	#FFFFFF	#D3D3D3	9
2556	#FFFFFF	#D3D3D3	9
2557	#FFFFFF	#D3D3D3	9
2558	#FFFFFF	#D3D3D3	9
2559	#FFFFFF	#D3D3D3	9
2560	#FFFFFF	#D3D3D3	9
2561	#CD1076	#000000	79
2562	#FFFFFF	#D3D3D3	153
2563	#FFFFFF	#D3D3D3	153
2564	#FFFFFF	#D3D3D3	153
2565	#FFFFFF	#D3D3D3	153
2566	#FFFFFF	#D3D3D3	153
2567	#FFFFFF	#D3D3D3	153
2568	#FFFFFF	#D3D3D3	153
2569	#FFFFFF	#D3D3D3	153
2570	#FFFFFF	#D3D3D3	153
2571	#CD1076	#000000	79
2572	#CD1076	#000000	79
2573	#CD1076	#000000	79
2574	#CD1076	#000000	79
2575	#CD1076	#000000	79
2577	#CD1076	#000000	10
2578	#CD1076	#000000	43
2579	#CD1076	#000000	79
2580	#CD1076	#000000	79
2581	#CD1276	#010101	108
2582	#D0277B	#0C0C0C	147
2583	#D0277B	#0C0C0C	147
2584	#D0277B	#0C0C0C	147
2585	#F3AEC6	#797979	25
2589	#CD1076	#000000	43
2591	#F3AEC6	#797979	25
2592	#F3AEC6	#797979	25
2593	#F3AEC6	#797979	25
2594	#D64085	#1B1B1B	155
2595	#F3AEC6	#797979	25
2596	#D64085	#1B1B1B	155
2597	#D64085	#1B1B1B	155
2598	#FFFFFF	#D3D3D3	9
2599	#FFFFFF	#D3D3D3	9
2600	#CD1076	#000000	43
2601	#FFFFFF	#D3D3D3	9
2602	#FFFFFF	#D3D3D3	9
2603	#FFFFFF	#D3D3D3	9
2604	#FFFFFF	#D3D3D3	9
2605	#FFFFFF	#D3D3D3	9
2606	#FFFFFF	#D3D3D3	9
2607	#FFFFFF	#D3D3D3	9
2608	#FFFFFF	#D3D3D3	9
2609	#FFFFFF	#D3D3D3	9
2610	#FFFFFF	#D3D3D3	9
2611	#CD1076	#000000	79
2612	#FFFFFF	#D3D3D3	153
2613	#FFFFFF	#D3D3D3	153
2614	#FFFFFF	#D3D3D3	153
2615	#FFFFFF	#D3D3D3	153
2616	#FFFFFF	#D3D3D3	153
2617	#FFFFFF	#D3D3D3	153
2618	#FFFFFF	#D3D3D3	153
2619	#FFFFFF	#D3D3D3	153
2620	#FFFFFF	#D3D3D3	153
2621	#FFFFFF	#D3D3D3	153
2622	#CD1076	#000000	79
2623	#CD1076	#000000	79
2624	#CD1076	#000000	79
2625	#CD1076	#000000	79
2626	#CD1076	#000000	79
2628	#CD1076	#000000	43
2629	#CD1076	#000000	43
2630	#CD1076	#000000	79
2631	#CD1076	#000000	79
2632	#CD1276	#010101	108
2633	#D0277B	#0C0C0C	147
2634	#D0277B	#0C0C0C	147
2635	#D0277B	#0C0C0C	147
2636	#F3AEC6	#797979	25
2640	#CD1076	#000000	43
2642	#F3AEC6	#797979	25
2643	#F3AEC6	#797979	25
2644	#F3AEC6	#797979	25
2645	#D64085	#1B1B1B	155
2646	#F3AEC6	#797979	25
2647	#D64085	#1B1B1B	155
2648	#D64085	#1B1B1B	155
2649	#FFFFFF	#D3D3D3	9
2650	#FFFFFF	#D3D3D3	9
2651	#CD1076	#000000	79
2652	#FFFFFF	#D3D3D3	9
2653	#FFFFFF	#D3D3D3	9
2654	#FFFFFF	#D3D3D3	9
2655	#FFFFFF	#D3D3D3	9
2656	#FFFFFF	#D3D3D3	9
2657	#FFFFFF	#D3D3D3	9
2658	#FFFFFF	#D3D3D3	9
2659	#FFFFFF	#D3D3D3	9
2660	#FFFFFF	#D3D3D3	153
2661	#FFFFFF	#D3D3D3	153
2662	#CD1076	#000000	79
2663	#FFFFFF	#D3D3D3	153
2664	#FFFFFF	#D3D3D3	153
2665	#FFFFFF	#D3D3D3	153
2666	#FFFFFF	#D3D3D3	153
2667	#FFFFFF	#D3D3D3	153
2668	#FFFFFF	#D3D3D3	153
2669	#FFFFFF	#D3D3D3	153
2670	#FFFFFF	#D3D3D3	153
2671	#FFFFFF	#D3D3D3	153
2672	#CD1076	#000000	79
2673	#CD1076	#000000	79
2674	#CD1076	#000000	79
2675	#CD1076	#000000	79
2676	#CD1076	#000000	79
2678	#CD1076	#000000	168
2679	#CD1076	#000000	43
2680	#CD1076	#000000	79
2681	#CD1076	#000000	79
2682	#CD1076	#000000	79
2683	#CD1276	#010101	108
2684	#D0277B	#0C0C0C	147
2685	#D0277B	#0C0C0C	147
2686	#D0277B	#0C0C0C	147
2687	#F3AEC6	#797979	25
2690	#CD1076	#000000	43
2692	#FFFFFF	#D3D3D3	134
2693	#F3AEC6	#797979	25
2694	#F3AEC6	#797979	25
2695	#F3AEC6	#797979	25
2696	#F3AEC6	#797979	25
2697	#D64085	#1B1B1B	155
2698	#F3AEC6	#797979	25
2699	#D64085	#1B1B1B	155
2700	#FFFFFF	#D3D3D3	9
2701	#CD1076	#000000	43
2702	#FFFFFF	#D3D3D3	9
2703	#FFFFFF	#D3D3D3	9
2704	#FFFFFF	#D3D3D3	9
2705	#FFFFFF	#D3D3D3	9
2706	#FFFFFF	#D3D3D3	9
2707	#FFFFFF	#D3D3D3	153
2708	#FFFFFF	#D3D3D3	9
2709	#FFFFFF	#D3D3D3	9
2710	#FFFFFF	#D3D3D3	153
2711	#FFFFFF	#D3D3D3	153
2712	#CD1076	#000000	79
2713	#FFFFFF	#D3D3D3	153
2714	#FFFFFF	#D3D3D3	153
2715	#FFFFFF	#D3D3D3	153
2716	#FFFFFF	#D3D3D3	153
2717	#FFFFFF	#D3D3D3	153
2718	#FFFFFF	#D3D3D3	153
2719	#FFFFFF	#D3D3D3	153
2720	#FFFFFF	#D3D3D3	153
2721	#FFFFFF	#D3D3D3	153
2722	#FFFFFF	#D3D3D3	153
2723	#CD1076	#000000	79
2724	#CD1076	#000000	79
2725	#CD1076	#000000	79
2726	#CD1076	#000000	79
2727	#CD1076	#000000	79
2729	#CD1076	#000000	168
2730	#CD1076	#000000	43
2731	#CD1076	#000000	79
2732	#CD1076	#000000	79
2733	#CD1276	#010101	108
2734	#CD1276	#010101	108
2735	#D0277B	#0C0C0C	147
2736	#D0277B	#0C0C0C	147
2737	#D0277B	#0C0C0C	147
2738	#F3AEC6	#797979	25
2741	#CD1076	#000000	43
2743	#FFFFFF	#D3D3D3	134
2744	#F3AEC6	#797979	25
2745	#F3AEC6	#797979	25
2746	#F3AEC6	#797979	25
2747	#D64085	#1B1B1B	155
2748	#F3AEC6	#797979	25
2749	#D64085	#1B1B1B	155
2750	#D64085	#1B1B1B	155
2751	#FFFFFF	#D3D3D3	9
2752	#CD1076	#000000	43
2753	#FFFFFF	#D3D3D3	9
2754	#FFFFFF	#D3D3D3	9
2755	#FFFFFF	#D3D3D3	9
2756	#FFFFFF	#D3D3D3	9
2757	#FFFFFF	#D3D3D3	153
2758	#FFFFFF	#D3D3D3	153
2759	#FFFFFF	#D3D3D3	9
2760	#FFFFFF	#D3D3D3	153
2761	#FFFFFF	#D3D3D3	153
2762	#FFFFFF	#D3D3D3	153
2763	#CD1076	#000000	79
2764	#FFFFFF	#D3D3D3	153
2765	#FFFFFF	#D3D3D3	153
2766	#FFFFFF	#D3D3D3	153
2767	#FFFFFF	#D3D3D3	153
2768	#FFFFFF	#D3D3D3	153
2769	#FFFFFF	#D3D3D3	153
2770	#FFFFFF	#D3D3D3	153
2771	#FFFFFF	#D3D3D3	153
2772	#FFFFFF	#D3D3D3	153
2773	#CD1076	#000000	79
2774	#CD1076	#000000	79
2775	#CD1076	#000000	79
2776	#CD1076	#000000	79
2777	#CD1076	#000000	149
2779	#CD1076	#000000	168
2780	#CD1076	#000000	168
2781	#CD1076	#000000	149
2782	#CD1076	#000000	79
2783	#CD1076	#000000	79
2784	#CD1276	#010101	108
2785	#CD1276	#010101	108
2786	#D0277B	#0C0C0C	147
2787	#D0277B	#0C0C0C	147
2788	#D0277B	#0C0C0C	147
2789	#F3AEC6	#797979	25
2790	#FFFFFF	#D3D3D3	134
2791	#CD1076	#000000	43
2795	#F3AEC6	#797979	25
2796	#F3AEC6	#797979	25
2797	#F3AEC6	#797979	25
2798	#F3AEC6	#797979	25
2799	#F3AEC6	#797979	25
2800	#D64085	#1B1B1B	155
2801	#D64085	#1B1B1B	155
2802	#CD1076	#000000	43
2803	#FFFFFF	#D3D3D3	9
2804	#FFFFFF	#D3D3D3	9
2805	#FFFFFF	#D3D3D3	9
2806	#FFFFFF	#D3D3D3	9
2807	#FFFFFF	#D3D3D3	153
2808	#FFFFFF	#D3D3D3	153
2809	#FFFFFF	#D3D3D3	153
2810	#FFFFFF	#D3D3D3	153
2811	#FFFFFF	#D3D3D3	153
2812	#FFFFFF	#D3D3D3	153
2813	#CD1076	#000000	43
2814	#FFFFFF	#D3D3D3	153
2815	#FFFFFF	#D3D3D3	153
2816	#FFFFFF	#D3D3D3	153
2817	#FFFFFF	#D3D3D3	153
2818	#FFFFFF	#D3D3D3	153
2819	#FFFFFF	#D3D3D3	153
2820	#FFFFFF	#D3D3D3	153
2821	#FFFFFF	#D3D3D3	153
2822	#FFFFFF	#D3D3D3	153
2823	#FFFFFF	#D3D3D3	153
2824	#CD1076	#000000	79
2825	#CD1076	#000000	79
2826	#CD1076	#000000	79
2827	#CD1076	#000000	79
2828	#CD1076	#000000	149
2830	#CD1076	#000000	168
2831	#CD1076	#000000	168
2832	#CD1076	#000000	149
2833	#CD1076	#000000	79
2834	#CD1076	#000000	79
2835	#CD1276	#010101	108
2836	#CD1276	#010101	108
2837	#D0277B	#0C0C0C	147
2838	#D0277B	#0C0C0C	147
2839	#D0277B	#0C0C0C	147
2840	#F3AEC6	#797979	25
2842	#CD1076	#000000	43
2845	#FFFFFF	#D3D3D3	134
2846	#F3AEC6	#797979	25
2847	#F3AEC6	#797979	25
2848	#F3AEC6	#797979	25
2849	#F3AEC6	#797979	25
2850	#D64085	#1B1B1B	155
2851	#D64085	#1B1B1B	155
2852	#D64085	#1B1B1B	155
2853	#CD1076	#000000	43
2854	#FFFFFF	#D3D3D3	9
2855	#FFFFFF	#D3D3D3	9
2856	#FFFFFF	#D3D3D3	9
2857	#FFFFFF	#D3D3D3	153
2858	#FFFFFF	#D3D3D3	153
2859	#FFFFFF	#D3D3D3	153
2860	#FFFFFF	#D3D3D3	153
2861	#FFFFFF	#D3D3D3	153
2862	#FFFFFF	#D3D3D3	153
2863	#FFFFFF	#D3D3D3	153
2864	#CD1076	#000000	43
2865	#FFFFFF	#D3D3D3	153
2866	#FFFFFF	#D3D3D3	153
2867	#FFFFFF	#D3D3D3	153
2868	#FFFFFF	#D3D3D3	153
2869	#FFFFFF	#D3D3D3	153
2870	#FFFFFF	#D3D3D3	153
2871	#FFFFFF	#D3D3D3	153
2872	#FFFFFF	#D3D3D3	153
2873	#FFFFFF	#D3D3D3	153
2874	#CD1076	#000000	79
2875	#CD1076	#000000	79
2876	#CD1076	#000000	79
2877	#CD1076	#000000	149
2878	#CD1076	#000000	149
2880	#CD1076	#000000	168
2881	#CD1076	#000000	168
2882	#CD1076	#000000	149
2883	#CD1076	#000000	79
2884	#CD1076	#000000	79
2885	#CD1276	#010101	108
2886	#CD1276	#010101	108
2887	#CD1276	#010101	108
2888	#D0277B	#0C0C0C	147
2889	#D0277B	#0C0C0C	147
2890	#D0277B	#0C0C0C	147
2891	#F3AEC6	#797979	25
2892	#CD1076	#000000	43
2897	#F3AEC6	#797979	25
2898	#F3AEC6	#797979	25
2899	#F3AEC6	#797979	25
2900	#D64085	#1B1B1B	155
2901	#D64085	#1B1B1B	155
2902	#D64085	#1B1B1B	155
2903	#CD1076	#000000	43
2904	#D64085	#1B1B1B	155
2905	#FFFFFF	#D3D3D3	9
2906	#FFFFFF	#D3D3D3	9
2907	#FFFFFF	#D3D3D3	9
2908	#FFFFFF	#D3D3D3	153
2909	#FFFFFF	#D3D3D3	153
2910	#FFFFFF	#D3D3D3	9
2911	#FFFFFF	#D3D3D3	153
2912	#FFFFFF	#D3D3D3	153
2913	#FFFFFF	#D3D3D3	153
2914	#CD1076	#000000	43
2915	#FFFFFF	#D3D3D3	153
2916	#FFFFFF	#D3D3D3	153
2917	#FFFFFF	#D3D3D3	153
2918	#FFFFFF	#D3D3D3	153
2919	#FFFFFF	#D3D3D3	153
2920	#FFFFFF	#D3D3D3	153
2921	#FFFFFF	#D3D3D3	153
2922	#FFFFFF	#D3D3D3	153
2923	#FFFFFF	#D3D3D3	153
2924	#FFFFFF	#D3D3D3	47
2925	#CD1076	#000000	43
2926	#CD1076	#000000	79
2927	#CD1076	#000000	79
2928	#CD1076	#000000	149
2929	#CD1076	#000000	149
2931	#CD1076	#000000	168
2932	#CD1076	#000000	43
2933	#CD1076	#000000	79
2934	#CD1076	#000000	79
2935	#CD1076	#000000	79
2936	#CD1276	#010101	108
2937	#CD1276	#010101	108
2938	#CD1276	#010101	108
2939	#D0277B	#0C0C0C	147
2940	#D0277B	#0C0C0C	147
2941	#D0277B	#0C0C0C	147
2942	#F3AEC6	#797979	25
2943	#CD1076	#000000	43
2947	#FFFFFF	#D3D3D3	134
2948	#F3AEC6	#797979	25
2949	#F3AEC6	#797979	25
2950	#F3AEC6	#797979	25
2951	#D64085	#1B1B1B	155
2952	#D64085	#1B1B1B	155
2953	#D64085	#1B1B1B	155
2954	#CD1076	#000000	43
2955	#D64085	#1B1B1B	155
2956	#FFFFFF	#D3D3D3	9
2957	#FFFFFF	#D3D3D3	9
2958	#FFFFFF	#D3D3D3	9
2959	#FFFFFF	#D3D3D3	153
2960	#FFFFFF	#D3D3D3	9
2961	#FFFFFF	#D3D3D3	9
2962	#FFFFFF	#D3D3D3	153
2963	#FFFFFF	#D3D3D3	153
2964	#FFFFFF	#D3D3D3	153
2965	#CD1076	#000000	43
2966	#FFFFFF	#D3D3D3	153
2967	#FFFFFF	#D3D3D3	153
2968	#FFFFFF	#D3D3D3	153
2969	#FFFFFF	#D3D3D3	153
2970	#FFFFFF	#D3D3D3	153
2971	#FFFFFF	#D3D3D3	153
2972	#FFFFFF	#D3D3D3	153
2973	#FFFFFF	#D3D3D3	153
2974	#FFFFFF	#D3D3D3	153
2975	#CD1076	#000000	43
2976	#CD1076	#000000	79
2977	#CD1076	#000000	149
2978	#CD1076	#000000	149
2979	#CD1076	#000000	149
2981	#CD1076	#000000	168
2982	#CD1076	#000000	43
2983	#CD1076	#000000	79
2984	#CD1076	#000000	79
2985	#CD1076	#000000	79
2986	#CD1076	#000000	79
2987	#CD1276	#010101	108
2988	#CD1276	#010101	108
2989	#CD1276	#010101	108
2990	#D0277B	#0C0C0C	147
2991	#D0277B	#0C0C0C	147
2992	#D0277B	#0C0C0C	147
2993	#CD1076	#000000	43
2994	#F3AEC6	#797979	25
2999	#F3AEC6	#797979	25
3000	#F3AEC6	#797979	25
3001	#D64085	#1B1B1B	155
3002	#D64085	#1B1B1B	155
3003	#FAD7E2	#A5A5A5	84
3004	#CD1076	#000000	43
3005	#D64085	#1B1B1B	155
3006	#D64085	#1B1B1B	155
3007	#FFFFFF	#D3D3D3	9
3008	#FFFFFF	#D3D3D3	9
3009	#FFFFFF	#D3D3D3	9
3010	#FFFFFF	#D3D3D3	9
3011	#FFFFFF	#D3D3D3	9
3012	#FFFFFF	#D3D3D3	9
3013	#FFFFFF	#D3D3D3	153
3014	#FFFFFF	#D3D3D3	153
3015	#CD1076	#000000	43
3016	#FFFFFF	#D3D3D3	153
3017	#FFFFFF	#D3D3D3	153
3018	#FFFFFF	#D3D3D3	153
3019	#FFFFFF	#D3D3D3	153
3020	#FFFFFF	#D3D3D3	153
3021	#FFFFFF	#D3D3D3	153
3022	#FFFFFF	#D3D3D3	153
3023	#FFFFFF	#D3D3D3	153
3024	#FFFFFF	#D3D3D3	153
3025	#FFFFFF	#D3D3D3	153
3026	#CD1076	#000000	43
3027	#CD1076	#000000	43
3028	#CD1076	#000000	149
3029	#CD1076	#000000	149
3030	#CD1076	#000000	149
3032	#CD1076	#000000	168
3033	#CD1076	#000000	43
3034	#CD1076	#000000	79
3035	#CD1076	#000000	79
3036	#CD1076	#000000	79
3037	#CD1076	#000000	79
3038	#CD1276	#010101	108
3039	#CD1276	#010101	108
3040	#CD1276	#010101	108
3041	#D0277B	#0C0C0C	147
3042	#D0277B	#0C0C0C	147
3043	#D0277B	#0C0C0C	147
3044	#CD1076	#000000	43
3045	#F3AEC6	#797979	25
3050	#F3AEC6	#797979	25
3051	#D64085	#1B1B1B	155
3052	#D64085	#1B1B1B	155
3053	#D64085	#1B1B1B	155
3054	#FAD7E2	#A5A5A5	84
3055	#CD1076	#000000	43
3056	#FAD7E2	#A5A5A5	84
3057	#D64085	#1B1B1B	155
3058	#FFFFFF	#D3D3D3	9
3059	#FFFFFF	#D3D3D3	9
3060	#FFFFFF	#D3D3D3	9
3061	#FFFFFF	#D3D3D3	9
3062	#FFFFFF	#D3D3D3	9
3063	#FFFFFF	#D3D3D3	153
3064	#FFFFFF	#D3D3D3	153
3065	#FFFFFF	#D3D3D3	153
3066	#CD1076	#000000	43
3067	#FFFFFF	#D3D3D3	153
3068	#FFFFFF	#D3D3D3	153
3069	#FFFFFF	#D3D3D3	153
3070	#FFFFFF	#D3D3D3	153
3071	#FFFFFF	#D3D3D3	153
3072	#FFFFFF	#D3D3D3	153
3073	#FFFFFF	#D3D3D3	153
3074	#FFFFFF	#D3D3D3	153
3075	#FFFFFF	#D3D3D3	153
3076	#CD1076	#000000	43
3077	#CD1076	#000000	79
3078	#CD1076	#000000	149
3079	#CD1076	#000000	149
3080	#CD1076	#000000	79
3082	#CD1076	#000000	168
3083	#CD1076	#000000	43
3084	#CD1076	#000000	79
3085	#CD1076	#000000	79
3086	#CD1076	#000000	79
3087	#CD1076	#000000	79
3088	#CD1076	#000000	79
3089	#CD1276	#010101	108
3090	#CD1076	#000000	79
3091	#CD1276	#010101	108
3092	#D0277B	#0C0C0C	147
3093	#D0277B	#0C0C0C	147
3094	#CD1076	#000000	43
3095	#D0277B	#0C0C0C	147
3096	#F3AEC6	#797979	25
3101	#D64085	#1B1B1B	155
3102	#D64085	#1B1B1B	155
3103	#FAD7E2	#A5A5A5	84
3104	#FAD7E2	#A5A5A5	84
3105	#CD1076	#000000	43
3106	#FAD7E2	#A5A5A5	84
3107	#D64085	#1B1B1B	155
3108	#FFFFFF	#D3D3D3	9
3109	#FFFFFF	#D3D3D3	9
3110	#FFFFFF	#D3D3D3	9
3111	#FFFFFF	#D3D3D3	9
3112	#FFFFFF	#D3D3D3	9
3113	#FFFFFF	#D3D3D3	9
3114	#FFFFFF	#D3D3D3	153
3115	#FFFFFF	#D3D3D3	153
3116	#CD1076	#000000	43
3117	#FFFFFF	#D3D3D3	153
3118	#FFFFFF	#D3D3D3	153
3119	#FFFFFF	#D3D3D3	153
3120	#FFFFFF	#D3D3D3	153
3121	#FFFFFF	#D3D3D3	153
3122	#FFFFFF	#D3D3D3	153
3123	#FFFFFF	#D3D3D3	153
3124	#FFFFFF	#D3D3D3	153
3125	#FFFFFF	#D3D3D3	153
3126	#FFFFFF	#D3D3D3	153
3127	#CD1076	#000000	43
3128	#CD1076	#000000	79
3129	#CD1076	#000000	79
3130	#CD1076	#000000	149
3131	#CD1076	#000000	79
3133	#CD1076	#000000	168
3134	#CD1076	#000000	43
3135	#CD1076	#000000	79
3136	#CD1076	#000000	79
3137	#CD1076	#000000	79
3138	#CD1076	#000000	79
3139	#CD1076	#000000	79
3140	#CD1076	#000000	79
3141	#CD1276	#010101	108
3142	#CD1276	#010101	108
3143	#D0277B	#0C0C0C	147
3144	#D0277B	#0C0C0C	147
3145	#CD1076	#000000	43
3146	#D0277B	#0C0C0C	147
3147	#F3AEC6	#797979	25
3151	#FFFFFF	#D3D3D3	134
3152	#D64085	#1B1B1B	155
3153	#FAD7E2	#A5A5A5	84
3154	#FAD7E2	#A5A5A5	84
3155	#FAD7E2	#A5A5A5	84
3156	#CD1076	#000000	43
3157	#D64085	#1B1B1B	155
3158	#FFFFFF	#D3D3D3	9
3159	#FFFFFF	#D3D3D3	9
3160	#FFFFFF	#D3D3D3	153
3161	#FFFFFF	#D3D3D3	9
3162	#FFFFFF	#D3D3D3	153
3163	#FFFFFF	#D3D3D3	153
3164	#FFFFFF	#D3D3D3	9
3165	#FFFFFF	#D3D3D3	153
3166	#FFFFFF	#D3D3D3	153
3167	#CD1076	#000000	43
3168	#FFFFFF	#D3D3D3	153
3169	#FFFFFF	#D3D3D3	153
3170	#FFFFFF	#D3D3D3	153
3171	#FFFFFF	#D3D3D3	153
3172	#FFFFFF	#D3D3D3	153
3173	#FFFFFF	#D3D3D3	153
3174	#FFFFFF	#D3D3D3	153
3175	#FFFFFF	#D3D3D3	153
3176	#FFFFFF	#D3D3D3	153
3177	#CD1076	#000000	79
3178	#CD1076	#000000	79
3179	#CD1076	#000000	79
3180	#CD1076	#000000	79
3181	#CD1076	#000000	79
3183	#CD1076	#000000	168
3184	#CD1076	#000000	43
3185	#CD1076	#000000	79
3186	#CD1076	#000000	79
3187	#CD1076	#000000	79
3188	#CD1076	#000000	79
3189	#CD1076	#000000	79
3190	#CD1076	#000000	79
3191	#CD1276	#010101	108
3192	#CD1076	#000000	79
3193	#CD1276	#010101	108
3194	#D0277B	#0C0C0C	147
3195	#CD1076	#000000	43
3196	#D0277B	#0C0C0C	147
3197	#D0277B	#0C0C0C	147
3198	#F3AEC6	#797979	25
3203	#FAD7E2	#A5A5A5	84
3204	#FAD7E2	#A5A5A5	84
3205	#FAD7E2	#A5A5A5	84
3206	#CD1076	#000000	43
3207	#D64085	#1B1B1B	155
3208	#FFFFFF	#D3D3D3	9
3209	#FFFFFF	#D3D3D3	9
3210	#FFFFFF	#D3D3D3	153
3211	#FFFFFF	#D3D3D3	153
3212	#FFFFFF	#D3D3D3	153
3213	#FFFFFF	#D3D3D3	153
3214	#FFFFFF	#D3D3D3	153
3215	#FFFFFF	#D3D3D3	9
3216	#FFFFFF	#D3D3D3	9
3217	#CD1076	#000000	43
3218	#FFFFFF	#D3D3D3	153
3219	#FFFFFF	#D3D3D3	153
3220	#FFFFFF	#D3D3D3	153
3221	#FFFFFF	#D3D3D3	153
3222	#FFFFFF	#D3D3D3	153
3223	#FFFFFF	#D3D3D3	153
3224	#FFFFFF	#D3D3D3	153
3225	#FFFFFF	#D3D3D3	153
3226	#FFFFFF	#D3D3D3	153
3227	#FFFFFF	#D3D3D3	153
3228	#CD1076	#000000	79
3229	#CD1076	#000000	79
3230	#CD1076	#000000	79
3231	#CD1076	#000000	79
3232	#CD1076	#000000	79
3234	#CD1076	#000000	168
3235	#CD1076	#000000	43
3236	#CD1076	#000000	79
3237	#CD1076	#000000	79
3238	#CD1076	#000000	79
3239	#CD1076	#000000	79
3240	#CD1076	#000000	79
3241	#CD1076	#000000	79
3242	#CD1076	#000000	79
3243	#CD1076	#000000	79
3244	#CD1276	#010101	108
3245	#D0277B	#0C0C0C	147
3246	#CD1076	#000000	43
3247	#D0277B	#0C0C0C	147
3248	#D0277B	#0C0C0C	147
3249	#F3AEC6	#797979	25
3251	#FFFFFF	#D3D3D3	134
3254	#FAD7E2	#A5A5A5	84
3255	#FAD7E2	#A5A5A5	84
3256	#FAD7E2	#A5A5A5	84
3257	#CD1076	#000000	43
3258	#FFFFFF	#D3D3D3	9
3259	#FFFFFF	#D3D3D3	9
3260	#FFFFFF	#D3D3D3	153
3261	#FFFFFF	#D3D3D3	153
3262	#FFFFFF	#D3D3D3	153
3263	#FFFFFF	#D3D3D3	153
3264	#FFFFFF	#D3D3D3	153
3265	#FFFFFF	#D3D3D3	153
3266	#FFFFFF	#D3D3D3	9
3267	#FFFFFF	#D3D3D3	9
3268	#CD1076	#000000	79
3269	#FFFFFF	#D3D3D3	153
3270	#FFFFFF	#D3D3D3	153
3271	#FFFFFF	#D3D3D3	153
3272	#FFFFFF	#D3D3D3	153
3273	#FFFFFF	#D3D3D3	153
3274	#FFFFFF	#D3D3D3	153
3275	#FFFFFF	#D3D3D3	153
3276	#FFFFFF	#D3D3D3	153
3277	#FFFFFF	#D3D3D3	153
3278	#CD1076	#000000	79
3279	#CD1076	#000000	79
3280	#CD1076	#000000	79
3281	#CD1076	#000000	79
3282	#CD1076	#000000	79
3284	#CD1076	#000000	168
3285	#CD1076	#000000	168
3286	#CD1076	#000000	79
3287	#CD1076	#000000	79
3288	#CD1076	#000000	79
3289	#CD1076	#000000	79
3290	#CD1076	#000000	79
3291	#CD1076	#000000	79
3292	#CD1076	#000000	79
3293	#CD1076	#000000	79
3294	#CD1276	#010101	108
3295	#CD1276	#010101	108
3296	#CD1076	#000000	43
3297	#D0277B	#0C0C0C	147
3298	#D0277B	#0C0C0C	147
3299	#D0277B	#0C0C0C	147
3300	#F3AEC6	#797979	25
3305	#FAD7E2	#A5A5A5	84
3306	#FAD7E2	#A5A5A5	84
3307	#CD1076	#000000	43
3308	#FAD7E2	#A5A5A5	84
3309	#FFFFFF	#D3D3D3	9
3310	#FFFFFF	#D3D3D3	202
3311	#FFFFFF	#D3D3D3	202
3312	#FFFFFF	#D3D3D3	153
3313	#FFFFFF	#D3D3D3	153
3314	#FFFFFF	#D3D3D3	153
3315	#FFFFFF	#D3D3D3	153
3316	#FFFFFF	#D3D3D3	153
3317	#FFFFFF	#D3D3D3	9
3318	#CD1076	#000000	79
3319	#FFFFFF	#D3D3D3	9
3320	#FFFFFF	#D3D3D3	153
3321	#FFFFFF	#D3D3D3	153
3322	#FFFFFF	#D3D3D3	153
3323	#FFFFFF	#D3D3D3	153
3324	#FFFFFF	#D3D3D3	153
3325	#FFFFFF	#D3D3D3	153
3326	#FFFFFF	#D3D3D3	153
3327	#FFFFFF	#D3D3D3	153
3328	#FFFFFF	#D3D3D3	153
3329	#CD1076	#000000	79
3330	#CD1076	#000000	79
3331	#CD1076	#000000	79
3332	#CD1076	#000000	79
3333	#CD1076	#000000	79
3335	#CD1076	#000000	168
3336	#CD1076	#000000	168
3337	#CD1076	#000000	79
3338	#CD1076	#000000	79
3339	#CD1076	#000000	79
3340	#CD1076	#000000	79
3341	#CD1076	#000000	79
3342	#CD1276	#010101	108
3343	#CD1076	#000000	79
3344	#CD1276	#010101	108
3345	#CD1276	#010101	108
3346	#CD1276	#010101	108
3347	#CD1076	#000000	43
3348	#D0277B	#0C0C0C	147
3349	#D0277B	#0C0C0C	147
3350	#CD1276	#010101	108
3351	#D64085	#1B1B1B	155
3356	#FAD7E2	#A5A5A5	84
3357	#FAD7E2	#A5A5A5	84
3358	#CD1076	#000000	79
3359	#FAD7E2	#A5A5A5	84
3360	#FFFFFF	#D3D3D3	202
3361	#FFFFFF	#D3D3D3	202
3362	#FFFFFF	#D3D3D3	202
3363	#FFFFFF	#D3D3D3	153
3364	#FFFFFF	#D3D3D3	153
3365	#FFFFFF	#D3D3D3	153
3366	#FFFFFF	#D3D3D3	153
3367	#FFFFFF	#D3D3D3	153
3368	#FFFFFF	#D3D3D3	9
3369	#CD1076	#000000	79
3370	#FFFFFF	#D3D3D3	9
3371	#FFFFFF	#D3D3D3	9
3372	#FFFFFF	#D3D3D3	153
3373	#FFFFFF	#D3D3D3	153
3374	#FFFFFF	#D3D3D3	153
3375	#FFFFFF	#D3D3D3	153
3376	#FFFFFF	#D3D3D3	153
3377	#FFFFFF	#D3D3D3	153
3378	#FFFFFF	#D3D3D3	153
3379	#CD1076	#000000	79
3380	#CD1076	#000000	79
3381	#CD1076	#000000	79
3382	#CD1076	#000000	79
3383	#CD1076	#000000	79
3385	#F2AAC4	#757575	181
3386	#FEF4F7	#C7C7C7	209
3389	#FFFFFF	#D3D3D3	180
3390	#F5BACE	#858585	5
3391	#F5BACE	#858585	5
3392	#F5BACE	#858585	5
3393	#F5BACE	#858585	5
3394	#F5BACE	#858585	5
3395	#FFFFFF	#D3D3D3	190
3396	#FFFFFF	#D3D3D3	190
3397	#FEF4F7	#C7C7C7	209
3398	#FFFFFF	#D3D3D3	124
3399	#FFFFFF	#D3D3D3	124
3400	#FFFFFF	#D3D3D3	124
3401	#FFFFFF	#D3D3D3	124
3402	#FFFFFF	#D3D3D3	124
3403	#FFFFFF	#D3D3D3	124
3404	#FFFFFF	#D3D3D3	232
3405	#FFFFFF	#D3D3D3	33
3406	#FFFFFF	#D3D3D3	33
3407	#FFFFFF	#D3D3D3	33
3408	#F8C9D9	#969696	76
3409	#FFFFFF	#D3D3D3	33
3410	#FFFFFF	#D3D3D3	33
3411	#FFFFFF	#D3D3D3	33
3412	#FFFFFF	#D3D3D3	33
3413	#FFFFFF	#D3D3D3	33
3414	#FFFFFF	#D3D3D3	33
3415	#FFFFFF	#D3D3D3	33
3416	#FFFFFF	#D3D3D3	70
3417	#FFFFFF	#D3D3D3	70
3418	#FFFFFF	#D3D3D3	70
3419	#F8C9D9	#969696	76
3420	#FFFFFF	#D3D3D3	70
3421	#FFFFFF	#D3D3D3	70
3422	#FFFFFF	#D3D3D3	70
3423	#FFFFFF	#D3D3D3	70
3424	#FFFFFF	#D3D3D3	70
3425	#FFFFFF	#D3D3D3	70
3426	#FFFFFF	#D3D3D3	70
3427	#FFFFFF	#D3D3D3	70
3428	#FFFFFF	#D3D3D3	70
3429	#FFFFFF	#D3D3D3	70
3430	#FFFFFF	#D3D3D3	223
3431	#FFFFFF	#D3D3D3	223
3432	#FFFFFF	#D3D3D3	180
3433	#FFFFFF	#D3D3D3	145
3436	#F2AAC4	#757575	181
3437	#FEF4F7	#C7C7C7	209
3439	#FFFFFF	#D3D3D3	180
3440	#F5BACE	#858585	5
3441	#F5BACE	#858585	5
3442	#F5BACE	#858585	5
3443	#F5BACE	#858585	5
3444	#F5BACE	#858585	5
3445	#F5BACE	#858585	5
3446	#FFFFFF	#D3D3D3	190
3447	#FFFFFF	#D3D3D3	124
3448	#FEF4F7	#C7C7C7	209
3449	#FFFFFF	#D3D3D3	124
3450	#FFFFFF	#D3D3D3	124
3451	#FFFFFF	#D3D3D3	124
3452	#FFFFFF	#D3D3D3	124
3453	#FFFFFF	#D3D3D3	124
3454	#FFFFFF	#D3D3D3	232
3455	#FFFFFF	#D3D3D3	232
3456	#FFFFFF	#D3D3D3	33
3457	#FFFFFF	#D3D3D3	33
3458	#FFFFFF	#D3D3D3	33
3459	#F8C9D9	#969696	76
3460	#FFFFFF	#D3D3D3	33
3461	#FFFFFF	#D3D3D3	33
3462	#FFFFFF	#D3D3D3	33
3463	#FFFFFF	#D3D3D3	33
3464	#FFFFFF	#D3D3D3	33
3465	#FFFFFF	#D3D3D3	33
3466	#FFFFFF	#D3D3D3	70
3467	#FFFFFF	#D3D3D3	70
3468	#FFFFFF	#D3D3D3	70
3469	#FFFFFF	#D3D3D3	70
3470	#F8C9D9	#969696	76
3471	#FFFFFF	#D3D3D3	70
3472	#FFFFFF	#D3D3D3	70
3473	#FFFFFF	#D3D3D3	70
3474	#FFFFFF	#D3D3D3	70
3475	#FFFFFF	#D3D3D3	70
3476	#FFFFFF	#D3D3D3	70
3477	#FFFFFF	#D3D3D3	70
3478	#FFFFFF	#D3D3D3	70
3479	#FFFFFF	#D3D3D3	70
3480	#FFFFFF	#D3D3D3	223
3481	#FFFFFF	#D3D3D3	223
3482	#FFFFFF	#D3D3D3	145
3484	#FFFFFF	#D3D3D3	145
3486	#CD1076	#000000	168
3487	#CD1076	#000000	168
3488	#CD1076	#000000	79
3489	#CD1076	#000000	79
3490	#CD1076	#000000	79
3491	#CD1076	#000000	79
3492	#CD1076	#000000	79
3493	#CD1276	#010101	108
3494	#CD1276	#010101	108
3495	#CD1276	#010101	108
3496	#CD1276	#010101	108
3497	#CD1276	#010101	108
3498	#CD1076	#000000	43
3499	#CD1276	#010101	108
3500	#D0277B	#0C0C0C	147
3501	#CD1276	#010101	108
3502	#CD1276	#010101	108
3503	#D64085	#1B1B1B	155
3508	#FAD7E2	#A5A5A5	84
3509	#CD1076	#000000	43
3510	#FAD7E2	#A5A5A5	84
3511	#FFFFFF	#D3D3D3	74
3512	#FFFFFF	#D3D3D3	202
3513	#FFFFFF	#D3D3D3	202
3514	#FFFFFF	#D3D3D3	202
3515	#FFFFFF	#D3D3D3	202
3516	#FFFFFF	#D3D3D3	153
3517	#FFFFFF	#D3D3D3	153
3518	#FFFFFF	#D3D3D3	153
3519	#FFFFFF	#D3D3D3	153
3520	#CD1076	#000000	79
3521	#FFFFFF	#D3D3D3	9
3522	#FFFFFF	#D3D3D3	9
3523	#FFFFFF	#D3D3D3	9
3524	#FFFFFF	#D3D3D3	153
3525	#FFFFFF	#D3D3D3	153
3526	#FFFFFF	#D3D3D3	95
3527	#FFFFFF	#D3D3D3	153
3528	#FFFFFF	#D3D3D3	153
3529	#FFFFFF	#D3D3D3	153
3530	#FFFFFF	#D3D3D3	153
3531	#CD1076	#000000	79
3532	#CD1076	#000000	79
3533	#CD1076	#000000	79
3534	#CD1076	#000000	79
3535	#CD1076	#000000	79
3537	#CD1076	#000000	168
3538	#CD1076	#000000	43
3539	#CD1076	#000000	79
3540	#CD1076	#000000	79
3541	#CD1076	#000000	79
3542	#CD1076	#000000	79
3543	#CD1276	#010101	108
3544	#CD1276	#010101	108
3545	#CD1276	#010101	108
3546	#CD1276	#010101	108
3547	#CD1276	#010101	108
3548	#CD1276	#010101	108
3549	#CD1076	#000000	43
3550	#CD1276	#010101	108
3551	#CD1276	#010101	108
3552	#CD1276	#010101	108
3553	#CD1276	#010101	108
3554	#FAD7E2	#A5A5A5	84
3558	#FFFFFF	#D3D3D3	134
3559	#FAD7E2	#A5A5A5	84
3560	#CD1076	#000000	43
3561	#FFFFFF	#D3D3D3	74
3562	#FFFFFF	#D3D3D3	74
3563	#FFFFFF	#D3D3D3	202
3564	#FFFFFF	#D3D3D3	202
3565	#FFFFFF	#D3D3D3	202
3566	#FFFFFF	#D3D3D3	202
3567	#FFFFFF	#D3D3D3	153
3568	#FFFFFF	#D3D3D3	153
3569	#FFFFFF	#D3D3D3	153
3570	#FFFFFF	#D3D3D3	153
3571	#CD1076	#000000	79
3572	#FFFFFF	#D3D3D3	9
3573	#FFFFFF	#D3D3D3	9
3574	#FFFFFF	#D3D3D3	153
3575	#FFFFFF	#D3D3D3	153
3576	#FFFFFF	#D3D3D3	95
3577	#FFFFFF	#D3D3D3	95
3578	#FFFFFF	#D3D3D3	153
3579	#FFFFFF	#D3D3D3	153
3580	#FFFFFF	#D3D3D3	153
3581	#CD1076	#000000	79
3582	#CD1076	#000000	79
3583	#CD1076	#000000	79
3584	#CD1076	#000000	79
3585	#CD1076	#000000	79
3587	#CD1076	#000000	168
3588	#CD1076	#000000	43
3589	#CD1076	#000000	79
3590	#CD1076	#000000	79
3591	#CD1076	#000000	79
3592	#CD1076	#000000	79
3593	#CD1276	#010101	108
3594	#CD1276	#010101	108
3595	#CD1276	#010101	108
3596	#CD1276	#010101	108
3597	#CD1276	#010101	108
3598	#CD1276	#010101	108
3599	#CD1076	#000000	43
3600	#CD1276	#010101	108
3601	#CD1276	#010101	108
3602	#CD1276	#010101	108
3603	#CD1276	#010101	108
3604	#CD1276	#010101	108
3605	#FAD7E2	#A5A5A5	84
3607	#FFFFFF	#D3D3D3	134
3609	#FFFFFF	#D3D3D3	134
3610	#CD1076	#000000	43
3611	#FFFFFF	#D3D3D3	74
3612	#FFFFFF	#D3D3D3	74
3613	#FFFFFF	#D3D3D3	202
3614	#FFFFFF	#D3D3D3	202
3615	#FFFFFF	#D3D3D3	202
3616	#FFFFFF	#D3D3D3	202
3617	#FFFFFF	#D3D3D3	202
3618	#FFFFFF	#D3D3D3	153
3619	#FFFFFF	#D3D3D3	153
3620	#FFFFFF	#D3D3D3	153
3621	#CD1076	#000000	43
3622	#FFFFFF	#D3D3D3	153
3623	#FFFFFF	#D3D3D3	9
3624	#FFFFFF	#D3D3D3	9
3625	#FFFFFF	#D3D3D3	153
3626	#FFFFFF	#D3D3D3	153
3627	#FFFFFF	#D3D3D3	95
3628	#FFFFFF	#D3D3D3	153
3629	#FFFFFF	#D3D3D3	95
3630	#FFFFFF	#D3D3D3	153
3631	#FFFFFF	#D3D3D3	153
3632	#CD1076	#000000	79
3633	#CD1076	#000000	79
3634	#CD1076	#000000	79
3635	#CD1076	#000000	79
3636	#CD1076	#000000	79
3638	#CD1076	#000000	168
3639	#CD1076	#000000	43
3640	#CD1076	#000000	79
3641	#CD1076	#000000	79
3642	#CD1076	#000000	79
3643	#CD1276	#010101	108
3644	#CD1276	#010101	108
3645	#CD1276	#010101	108
3646	#CD1276	#010101	108
3647	#CD1276	#010101	108
3648	#CD1276	#010101	108
3649	#CD1276	#010101	108
3650	#CD1076	#000000	43
3651	#CD1276	#010101	108
3652	#CD1276	#010101	108
3653	#CD1276	#010101	108
3654	#CD1276	#010101	108
3655	#CD1276	#010101	108
3656	#FAD7E2	#A5A5A5	84
3660	#FFFFFF	#D3D3D3	134
3661	#CD1076	#000000	43
3662	#FFFFFF	#D3D3D3	74
3663	#FFFFFF	#D3D3D3	74
3664	#FFFFFF	#D3D3D3	202
3665	#FFFFFF	#D3D3D3	202
3666	#FFFFFF	#D3D3D3	202
3667	#FFFFFF	#D3D3D3	202
3668	#FFFFFF	#D3D3D3	202
3669	#FFFFFF	#D3D3D3	153
3670	#FFFFFF	#D3D3D3	153
3671	#FFFFFF	#D3D3D3	153
3672	#CD1076	#000000	79
3673	#FFFFFF	#D3D3D3	153
3674	#FFFFFF	#D3D3D3	9
3675	#FFFFFF	#D3D3D3	153
3676	#FFFFFF	#D3D3D3	153
3677	#FFFFFF	#D3D3D3	95
3678	#FFFFFF	#D3D3D3	95
3679	#FFFFFF	#D3D3D3	95
3680	#FFFFFF	#D3D3D3	153
3681	#FFFFFF	#D3D3D3	95
3682	#CD1076	#000000	79
3683	#CD1076	#000000	79
3684	#CD1076	#000000	79
3685	#CD1076	#000000	79
3686	#CD1076	#000000	79
3688	#CD1076	#000000	168
3689	#CD1076	#000000	43
3690	#CD1076	#000000	79
3691	#CD1076	#000000	79
3692	#CD1076	#000000	79
3693	#CD1276	#010101	108
3694	#CD1276	#010101	108
3695	#CD1276	#010101	108
3696	#CD1276	#010101	108
3697	#CD1276	#010101	108
3698	#CD1276	#010101	108
3699	#CD1276	#010101	108
3700	#CD1076	#000000	43
3701	#CD1276	#010101	108
3702	#CD1276	#010101	108
3703	#CD1276	#010101	108
3704	#CD1276	#010101	108
3705	#CD1276	#010101	108
3706	#CD1276	#010101	108
3707	#FAD7E2	#A5A5A5	84
3711	#CD1076	#000000	43
3713	#FFFFFF	#D3D3D3	74
3714	#FFFFFF	#D3D3D3	74
3715	#FFFFFF	#D3D3D3	74
3716	#FFFFFF	#D3D3D3	74
3717	#FFFFFF	#D3D3D3	202
3718	#FFFFFF	#D3D3D3	202
3719	#FFFFFF	#D3D3D3	153
3720	#FFFFFF	#D3D3D3	153
3721	#FFFFFF	#D3D3D3	153
3722	#CD1076	#000000	79
3723	#FFFFFF	#D3D3D3	153
3724	#FFFFFF	#D3D3D3	153
3725	#FFFFFF	#D3D3D3	153
3726	#FFFFFF	#D3D3D3	153
3727	#FFFFFF	#D3D3D3	153
3728	#FFFFFF	#D3D3D3	153
3729	#FFFFFF	#D3D3D3	95
3730	#FFFFFF	#D3D3D3	95
3731	#FFFFFF	#D3D3D3	95
3732	#FFFFFF	#D3D3D3	95
3733	#CD1076	#000000	79
3734	#CD1076	#000000	79
3735	#CD1076	#000000	79
3736	#CD1076	#000000	79
3737	#CD1076	#000000	79
3739	#CD1076	#000000	168
3740	#CD1076	#000000	43
3741	#CD1076	#000000	79
3742	#CD1076	#000000	79
3743	#CD1076	#000000	79
3744	#CD1276	#010101	108
3745	#CD1276	#010101	108
3746	#CD1276	#010101	108
3747	#CD1276	#010101	108
3748	#CD1276	#010101	108
3749	#CD1276	#010101	108
3750	#CD1276	#010101	108
3751	#CD1076	#000000	43
3752	#CD1276	#010101	108
3753	#CD1276	#010101	108
3754	#CD1276	#010101	108
3755	#CD1276	#010101	108
3756	#CD1276	#010101	108
3757	#CD1276	#010101	108
3758	#FAD7E2	#A5A5A5	84
3762	#CD1076	#000000	43
3764	#FFFFFF	#D3D3D3	74
3765	#FFFFFF	#D3D3D3	74
3766	#FFFFFF	#D3D3D3	74
3767	#FFFFFF	#D3D3D3	74
3768	#FFFFFF	#D3D3D3	202
3769	#FFFFFF	#D3D3D3	202
3770	#FFFFFF	#D3D3D3	153
3771	#FFFFFF	#D3D3D3	153
3772	#FFFFFF	#D3D3D3	153
3773	#CD1076	#000000	79
3774	#FFFFFF	#D3D3D3	153
3775	#FFFFFF	#D3D3D3	153
3776	#FFFFFF	#D3D3D3	153
3777	#FFFFFF	#D3D3D3	153
3778	#FFFFFF	#D3D3D3	153
3779	#FFFFFF	#D3D3D3	95
3780	#FFFFFF	#D3D3D3	153
3781	#FFFFFF	#D3D3D3	95
3782	#FFFFFF	#D3D3D3	95
3783	#CD1076	#000000	79
3784	#CD1076	#000000	79
3785	#CD1076	#000000	79
3786	#CD1076	#000000	79
3787	#CD1076	#000000	79
3789	#CD1076	#000000	168
3790	#CD1076	#000000	43
3791	#CD1076	#000000	79
3792	#CD1076	#000000	79
3793	#CD1076	#000000	79
3794	#CD1276	#010101	108
3795	#CD1276	#010101	108
3796	#CD1276	#010101	108
3797	#CD1276	#010101	108
3798	#CD1276	#010101	108
3799	#CD1276	#010101	108
3800	#CD1276	#010101	108
3801	#CD1076	#000000	43
3802	#CD1276	#010101	108
3803	#CD1276	#010101	108
3804	#CD1276	#010101	108
3805	#CD1276	#010101	108
3806	#CD1276	#010101	108
3807	#CD1276	#010101	108
3808	#FFFFFF	#D3D3D3	114
3809	#FAD7E2	#A5A5A5	84
3812	#CD1076	#000000	43
3815	#FFFFFF	#D3D3D3	74
3816	#FFFFFF	#D3D3D3	74
3817	#FFFFFF	#D3D3D3	74
3818	#FFFFFF	#D3D3D3	74
3819	#FFFFFF	#D3D3D3	202
3820	#FFFFFF	#D3D3D3	202
3821	#FFFFFF	#D3D3D3	153
3822	#FFFFFF	#D3D3D3	153
3823	#CD1076	#000000	43
3824	#FFFFFF	#D3D3D3	153
3825	#FFFFFF	#D3D3D3	153
3826	#FFFFFF	#D3D3D3	153
3827	#FFFFFF	#D3D3D3	153
3828	#FFFFFF	#D3D3D3	153
3829	#FFFFFF	#D3D3D3	95
3830	#FFFFFF	#D3D3D3	95
3831	#FFFFFF	#D3D3D3	153
3832	#FFFFFF	#D3D3D3	153
3833	#FFFFFF	#D3D3D3	153
3834	#CD1076	#000000	79
3835	#CD1076	#000000	79
3836	#CD1076	#000000	79
3837	#CD1076	#000000	79
3838	#CD1076	#000000	79
3840	#CD1076	#000000	168
3841	#CD1076	#000000	43
3842	#CD1076	#000000	79
3843	#CD1076	#000000	79
3844	#CD1076	#000000	79
3845	#CD1276	#010101	108
3846	#CD1276	#010101	108
3847	#CD1276	#010101	108
3848	#CD1276	#010101	108
3849	#CD1276	#010101	108
3850	#CD1276	#010101	108
3851	#CD1276	#010101	108
3852	#CD1076	#000000	43
3853	#CD1276	#010101	108
3854	#CD1276	#010101	108
3855	#CD1276	#010101	108
3856	#CD1276	#010101	108
3857	#CD1276	#010101	108
3858	#FFFFFF	#D3D3D3	114
3859	#FFFFFF	#D3D3D3	114
3860	#FFFFFF	#D3D3D3	74
3863	#CD1076	#000000	43
3865	#FFFFFF	#D3D3D3	134
3866	#FFFFFF	#D3D3D3	74
3867	#FFFFFF	#D3D3D3	74
3868	#FFFFFF	#D3D3D3	74
3869	#FFFFFF	#D3D3D3	202
3870	#FFFFFF	#D3D3D3	202
3871	#FFFFFF	#D3D3D3	202
3872	#FFFFFF	#D3D3D3	153
3873	#FFFFFF	#D3D3D3	153
3874	#CD1076	#000000	43
3875	#FFFFFF	#D3D3D3	153
3876	#FFFFFF	#D3D3D3	153
3877	#FFFFFF	#D3D3D3	153
3878	#FFFFFF	#D3D3D3	153
3879	#FFFFFF	#D3D3D3	95
3880	#FFFFFF	#D3D3D3	95
3881	#FFFFFF	#D3D3D3	95
3882	#FFFFFF	#D3D3D3	153
3883	#FFFFFF	#D3D3D3	153
3884	#CD1076	#000000	79
3885	#CD1076	#000000	79
3886	#CD1076	#000000	79
3887	#CD1076	#000000	79
3888	#CD1076	#000000	79
3890	#CD1076	#000000	168
3891	#CD1076	#000000	43
3892	#CD1076	#000000	79
3893	#CD1076	#000000	79
3894	#CD1076	#000000	79
3895	#CD1276	#010101	108
3896	#CD1276	#010101	108
3897	#CD1276	#010101	108
3898	#CD1276	#010101	108
3899	#CD1276	#010101	108
3900	#CD1276	#010101	108
3901	#CD1276	#010101	108
3902	#CD1076	#000000	43
3903	#CD1276	#010101	108
3904	#CD1276	#010101	108
3905	#CD1276	#010101	108
3906	#CD1276	#010101	108
3907	#CD1276	#010101	108
3908	#FFFFFF	#D3D3D3	114
3909	#FFFFFF	#D3D3D3	114
3910	#FFFFFF	#D3D3D3	166
3911	#FFFFFF	#D3D3D3	74
3913	#CD1076	#000000	43
3916	#FFFFFF	#D3D3D3	134
3917	#FFFFFF	#D3D3D3	74
3918	#FFFFFF	#D3D3D3	74
3919	#FFFFFF	#D3D3D3	74
3920	#FFFFFF	#D3D3D3	202
3921	#FFFFFF	#D3D3D3	202
3922	#FFFFFF	#D3D3D3	153
3923	#FFFFFF	#D3D3D3	153
3924	#CD1076	#000000	43
3925	#FFFFFF	#D3D3D3	153
3926	#FFFFFF	#D3D3D3	153
3927	#FFFFFF	#D3D3D3	153
3928	#FFFFFF	#D3D3D3	153
3929	#FFFFFF	#D3D3D3	153
3930	#FFFFFF	#D3D3D3	95
3931	#FFFFFF	#D3D3D3	95
3932	#FFFFFF	#D3D3D3	153
3933	#FFFFFF	#D3D3D3	153
3934	#FFFFFF	#D3D3D3	153
3935	#CD1076	#000000	79
3936	#CD1076	#000000	79
3937	#CD1076	#000000	79
3938	#CD1076	#000000	79
3939	#CD1076	#000000	79
3941	#CD1076	#000000	43
3942	#CD1076	#000000	43
3943	#CD1076	#000000	79
3944	#CD1076	#000000	79
3945	#CD1076	#000000	79
3946	#CD1276	#010101	108
3947	#CD1276	#010101	108
3948	#CD1276	#010101	108
3949	#CD1276	#010101	108
3950	#CD1276	#010101	108
3951	#CD1276	#010101	108
3952	#CD1276	#010101	108
3953	#CD1076	#000000	43
3954	#CD1276	#010101	108
3955	#CD1276	#010101	108
3956	#CD1276	#010101	108
3957	#CD1276	#010101	108
3958	#FFFFFF	#D3D3D3	114
3959	#FFFFFF	#D3D3D3	114
3960	#FFFFFF	#D3D3D3	166
3961	#FFFFFF	#D3D3D3	166
3962	#FFFFFF	#D3D3D3	74
3964	#CD1076	#000000	43
3968	#FFFFFF	#D3D3D3	74
3969	#FFFFFF	#D3D3D3	74
3970	#FFFFFF	#D3D3D3	74
3971	#FFFFFF	#D3D3D3	202
3972	#FFFFFF	#D3D3D3	202
3973	#FFFFFF	#D3D3D3	153
3974	#FFFFFF	#D3D3D3	153
3975	#CD1076	#000000	79
3976	#FFFFFF	#D3D3D3	153
3977	#FFFFFF	#D3D3D3	153
3978	#FFFFFF	#D3D3D3	153
3979	#FFFFFF	#D3D3D3	153
3980	#FFFFFF	#D3D3D3	153
3981	#FFFFFF	#D3D3D3	95
3982	#FFFFFF	#D3D3D3	95
3983	#FFFFFF	#D3D3D3	95
3984	#FFFFFF	#D3D3D3	153
3985	#CD1076	#000000	79
3986	#CD1076	#000000	79
3987	#CD1076	#000000	79
3988	#CD1076	#000000	79
3989	#CD1076	#000000	79
3991	#CD1076	#000000	164
3992	#CD1076	#000000	43
3993	#CD1076	#000000	79
3994	#CD1076	#000000	79
3995	#CD1076	#000000	79
3996	#CD1076	#000000	79
3997	#CD1276	#010101	108
3998	#CD1276	#010101	108
3999	#CD1276	#010101	108
4000	#CD1276	#010101	108
4001	#CD1276	#010101	108
4002	#CD1276	#010101	108
4003	#CD1076	#000000	43
4004	#CD1276	#010101	108
4005	#CD1276	#010101	108
4006	#CD1276	#010101	108
4007	#CD1276	#010101	108
4008	#FFFFFF	#D3D3D3	114
4009	#FFFFFF	#D3D3D3	114
4010	#FFFFFF	#D3D3D3	166
4011	#FFFFFF	#D3D3D3	166
4012	#FFFFFF	#D3D3D3	166
4013	#FFFFFF	#D3D3D3	74
4014	#CD1076	#000000	43
4019	#FFFFFF	#D3D3D3	74
4020	#FFFFFF	#D3D3D3	74
4021	#FFFFFF	#D3D3D3	74
4022	#FFFFFF	#D3D3D3	153
4023	#FFFFFF	#D3D3D3	153
4024	#FFFFFF	#D3D3D3	153
4025	#CD1076	#000000	79
4026	#FFFFFF	#D3D3D3	153
4027	#FFFFFF	#D3D3D3	153
4028	#FFFFFF	#D3D3D3	153
4029	#FFFFFF	#D3D3D3	153
4030	#FFFFFF	#D3D3D3	153
4031	#FFFFFF	#D3D3D3	153
4032	#FFFFFF	#D3D3D3	95
4033	#FFFFFF	#D3D3D3	95
4034	#FFFFFF	#D3D3D3	153
4035	#FFFFFF	#D3D3D3	153
4036	#CD1076	#000000	79
4037	#CD1076	#000000	79
4038	#CD1076	#000000	79
4039	#CD1076	#000000	79
4040	#CD1076	#000000	79
4042	#F2AAC4	#757575	181
4043	#F2AAC4	#757575	181
4045	#FFFFFF	#D3D3D3	180
4046	#F5BACE	#858585	5
4047	#F5BACE	#858585	5
4048	#F5BACE	#858585	5
4049	#F5BACE	#858585	5
4050	#F5BACE	#858585	5
4051	#F5BACE	#858585	5
4052	#F5BACE	#858585	5
4053	#FFFFFF	#D3D3D3	124
4054	#FEF4F7	#C7C7C7	209
4055	#FFFFFF	#D3D3D3	124
4056	#FFFFFF	#D3D3D3	124
4057	#FFFFFF	#D3D3D3	124
4058	#FFFFFF	#D3D3D3	124
4059	#FFFFFF	#D3D3D3	124
4060	#FFFFFF	#D3D3D3	232
4061	#FFFFFF	#D3D3D3	232
4062	#FFFFFF	#D3D3D3	232
4063	#FFFFFF	#D3D3D3	232
4064	#FFFFFF	#D3D3D3	33
4065	#F8C9D9	#969696	76
4066	#FFFFFF	#D3D3D3	33
4067	#FFFFFF	#D3D3D3	33
4068	#FFFFFF	#D3D3D3	33
4069	#FFFFFF	#D3D3D3	33
4070	#FFFFFF	#D3D3D3	33
4071	#FFFFFF	#D3D3D3	33
4072	#FFFFFF	#D3D3D3	70
4073	#FFFFFF	#D3D3D3	70
4074	#FFFFFF	#D3D3D3	70
4075	#FFFFFF	#D3D3D3	70
4076	#F8C9D9	#969696	76
4077	#FFFFFF	#D3D3D3	70
4078	#FFFFFF	#D3D3D3	70
4079	#FFFFFF	#D3D3D3	70
4080	#FFFFFF	#D3D3D3	70
4081	#FFFFFF	#D3D3D3	70
4082	#FFFFFF	#D3D3D3	70
4083	#FFFFFF	#D3D3D3	70
4084	#FFFFFF	#D3D3D3	70
4085	#FFFFFF	#D3D3D3	70
4086	#FFFFFF	#D3D3D3	70
4087	#FFFFFF	#D3D3D3	223
4088	#FFFFFF	#D3D3D3	223
4089	#FFFFFF	#D3D3D3	145
4091	#FFFFFF	#D3D3D3	145
4093	#F2AAC4	#757575	181
4094	#FEF4F7	#C7C7C7	209
4095	#FFFFFF	#D3D3D3	180
4096	#F5BACE	#858585	5
4097	#F5BACE	#858585	5
4098	#F5BACE	#858585	5
4099	#F5BACE	#858585	5
4100	#F5BACE	#858585	5
4101	#F5BACE	#858585	5
4102	#F5BACE	#858585	5
4103	#FFFFFF	#D3D3D3	9
4104	#FFFFFF	#D3D3D3	124
4105	#F8C9D9	#969696	76
4106	#FFFFFF	#D3D3D3	124
4107	#FFFFFF	#D3D3D3	124
4108	#FFFFFF	#D3D3D3	124
4109	#FFFFFF	#D3D3D3	124
4110	#FFFFFF	#D3D3D3	232
4111	#FFFFFF	#D3D3D3	232
4112	#FFFFFF	#D3D3D3	124
4113	#FFFFFF	#D3D3D3	232
4114	#FFFFFF	#D3D3D3	232
4115	#FFFFFF	#D3D3D3	33
4116	#F8C9D9	#969696	76
4117	#FFFFFF	#D3D3D3	33
4118	#FFFFFF	#D3D3D3	33
4119	#FFFFFF	#D3D3D3	33
4120	#FFFFFF	#D3D3D3	33
4121	#FFFFFF	#D3D3D3	33
4122	#FFFFFF	#D3D3D3	70
4123	#FFFFFF	#D3D3D3	70
4124	#FFFFFF	#D3D3D3	70
4125	#FFFFFF	#D3D3D3	70
4126	#FFFFFF	#D3D3D3	70
4127	#FFFFFF	#D3D3D3	223
4128	#FFFFFF	#D3D3D3	70
4129	#FFFFFF	#D3D3D3	70
4130	#FFFFFF	#D3D3D3	148
4131	#FFFFFF	#D3D3D3	70
4132	#FFFFFF	#D3D3D3	70
4133	#FFFFFF	#D3D3D3	70
4134	#FFFFFF	#D3D3D3	70
4135	#FFFFFF	#D3D3D3	70
4136	#FFFFFF	#D3D3D3	70
4137	#FFFFFF	#D3D3D3	223
4140	#FFFFFF	#D3D3D3	145
4143	#F2AAC4	#757575	181
4144	#FEF4F7	#C7C7C7	209
4145	#FFFFFF	#D3D3D3	180
4146	#F5BACE	#858585	5
4147	#F5BACE	#858585	5
4148	#F5BACE	#858585	5
4149	#F5BACE	#858585	5
4150	#F5BACE	#858585	5
4151	#F5BACE	#858585	5
4152	#F5BACE	#858585	5
4153	#F5BACE	#858585	5
4154	#FFFFFF	#D3D3D3	9
4155	#F8C9D9	#969696	76
4156	#FFFFFF	#D3D3D3	124
4157	#FFFFFF	#D3D3D3	124
4158	#FFFFFF	#D3D3D3	124
4159	#FFFFFF	#D3D3D3	124
4160	#FFFFFF	#D3D3D3	124
4161	#FFFFFF	#D3D3D3	232
4162	#FFFFFF	#D3D3D3	232
4163	#FFFFFF	#D3D3D3	124
4164	#FFFFFF	#D3D3D3	232
4165	#FFFFFF	#D3D3D3	232
4166	#F8C9D9	#969696	76
4167	#FFFFFF	#D3D3D3	33
4168	#FFFFFF	#D3D3D3	33
4169	#FFFFFF	#D3D3D3	33
4170	#FFFFFF	#D3D3D3	33
4171	#FFFFFF	#D3D3D3	33
4172	#FFFFFF	#D3D3D3	70
4173	#FFFFFF	#D3D3D3	70
4174	#FFFFFF	#D3D3D3	70
4175	#FFFFFF	#D3D3D3	70
4176	#FFFFFF	#D3D3D3	70
4177	#F8C9D9	#969696	76
4178	#FFFFFF	#D3D3D3	70
4179	#FFFFFF	#D3D3D3	148
4180	#FFFFFF	#D3D3D3	148
4181	#FFFFFF	#D3D3D3	70
4182	#FFFFFF	#D3D3D3	70
4183	#FFFFFF	#D3D3D3	70
4184	#FFFFFF	#D3D3D3	70
4185	#FFFFFF	#D3D3D3	70
4186	#FFFFFF	#D3D3D3	70
4187	#FFFFFF	#D3D3D3	70
4188	#FFFFFF	#D3D3D3	223
4192	#FFFFFF	#D3D3D3	145
4194	#F2AAC4	#757575	181
4195	#F8C9D9	#969696	76
4196	#F5BACE	#858585	5
4197	#F5BACE	#858585	5
4198	#F5BACE	#858585	5
4199	#F5BACE	#858585	5
4200	#F5BACE	#858585	5
4201	#F5BACE	#858585	5
4202	#F5BACE	#858585	5
4203	#F5BACE	#858585	5
4204	#F5BACE	#858585	5
4205	#FFFFFF	#D3D3D3	9
4206	#F8C9D9	#969696	76
4207	#FFFFFF	#D3D3D3	124
4208	#FFFFFF	#D3D3D3	124
4209	#FFFFFF	#D3D3D3	124
4210	#FFFFFF	#D3D3D3	124
4211	#FFFFFF	#D3D3D3	124
4212	#FFFFFF	#D3D3D3	232
4213	#FFFFFF	#D3D3D3	124
4214	#FFFFFF	#D3D3D3	124
4215	#FFFFFF	#D3D3D3	124
4216	#FFFFFF	#D3D3D3	33
4217	#F8C9D9	#969696	76
4218	#FFFFFF	#D3D3D3	33
4219	#FFFFFF	#D3D3D3	33
4220	#FFFFFF	#D3D3D3	33
4221	#FFFFFF	#D3D3D3	33
4222	#FFFFFF	#D3D3D3	70
4223	#FFFFFF	#D3D3D3	70
4224	#FFFFFF	#D3D3D3	70
4225	#FFFFFF	#D3D3D3	70
4226	#FFFFFF	#D3D3D3	70
4227	#FFFFFF	#D3D3D3	70
4228	#F8C9D9	#969696	76
4229	#FFFFFF	#D3D3D3	70
4230	#FFFFFF	#D3D3D3	148
4231	#FFFFFF	#D3D3D3	70
4232	#FFFFFF	#D3D3D3	70
4233	#FFFFFF	#D3D3D3	70
4234	#FFFFFF	#D3D3D3	70
4235	#FFFFFF	#D3D3D3	70
4236	#FFFFFF	#D3D3D3	70
4237	#FFFFFF	#D3D3D3	70
4238	#FFFFFF	#D3D3D3	145
4240	#FFFFFF	#D3D3D3	145
4242	#FFFFFF	#D3D3D3	180
4244	#F2AAC4	#757575	181
4245	#CD1076	#000000	90
4246	#F5BACE	#858585	5
4247	#F5BACE	#858585	5
4248	#F5BACE	#858585	5
4249	#F5BACE	#858585	5
4250	#F5BACE	#858585	5
4251	#F5BACE	#858585	5
4252	#F5BACE	#858585	5
4253	#F5BACE	#858585	5
4254	#F5BACE	#858585	5
4255	#FFFFFF	#D3D3D3	9
4256	#F8C9D9	#969696	76
4257	#FFFFFF	#D3D3D3	9
4258	#FFFFFF	#D3D3D3	124
4259	#FFFFFF	#D3D3D3	124
4260	#FFFFFF	#D3D3D3	9
4261	#FFFFFF	#D3D3D3	124
4262	#FFFFFF	#D3D3D3	124
4263	#FFFFFF	#D3D3D3	124
4264	#FFFFFF	#D3D3D3	124
4265	#FFFFFF	#D3D3D3	124
4266	#FFFFFF	#D3D3D3	53
4267	#F8C9D9	#969696	76
4268	#FFFFFF	#D3D3D3	33
4269	#FFFFFF	#D3D3D3	33
4270	#FFFFFF	#D3D3D3	33
4271	#FFFFFF	#D3D3D3	33
4272	#FFFFFF	#D3D3D3	70
4273	#FFFFFF	#D3D3D3	70
4274	#FFFFFF	#D3D3D3	70
4275	#FFFFFF	#D3D3D3	70
4276	#FFFFFF	#D3D3D3	70
4277	#FFFFFF	#D3D3D3	70
4278	#F8C9D9	#969696	76
4279	#FFFFFF	#D3D3D3	70
4280	#FFFFFF	#D3D3D3	148
4281	#FFFFFF	#D3D3D3	148
4282	#FFFFFF	#D3D3D3	70
4283	#FFFFFF	#D3D3D3	70
4284	#FFFFFF	#D3D3D3	70
4285	#FFFFFF	#D3D3D3	70
4286	#FFFFFF	#D3D3D3	70
4287	#FFFFFF	#D3D3D3	70
4288	#FFFFFF	#D3D3D3	70
4289	#FFFFFF	#D3D3D3	145
4293	#FFFFFF	#D3D3D3	223
4295	#CD1076	#000000	90
4296	#CD1076	#000000	90
4297	#F5BACE	#858585	5
4298	#F5BACE	#858585	5
4299	#F5BACE	#858585	5
4300	#F5BACE	#858585	5
4301	#F5BACE	#858585	5
4302	#F5BACE	#858585	5
4303	#FFFFFF	#D3D3D3	9
4304	#F5BACE	#858585	5
4305	#F5BACE	#858585	5
4306	#FFFFFF	#D3D3D3	9
4307	#F8C9D9	#969696	76
4308	#FFFFFF	#D3D3D3	9
4309	#FFFFFF	#D3D3D3	124
4310	#FFFFFF	#D3D3D3	9
4311	#FFFFFF	#D3D3D3	9
4312	#FFFFFF	#D3D3D3	124
4313	#FFFFFF	#D3D3D3	124
4314	#FFFFFF	#D3D3D3	124
4315	#FFFFFF	#D3D3D3	124
4316	#FFFFFF	#D3D3D3	53
4317	#FFFFFF	#D3D3D3	33
4318	#F8C9D9	#969696	76
4319	#FFFFFF	#D3D3D3	33
4320	#FFFFFF	#D3D3D3	33
4321	#FFFFFF	#D3D3D3	33
4322	#FFFFFF	#D3D3D3	70
4323	#FFFFFF	#D3D3D3	70
4324	#FFFFFF	#D3D3D3	70
4325	#FFFFFF	#D3D3D3	70
4326	#FFFFFF	#D3D3D3	70
4327	#FFFFFF	#D3D3D3	70
4328	#FFFFFF	#D3D3D3	148
4329	#FFFFFF	#D3D3D3	145
4330	#FFFFFF	#D3D3D3	148
4331	#FFFFFF	#D3D3D3	148
4332	#FFFFFF	#D3D3D3	148
4333	#FFFFFF	#D3D3D3	70
4334	#FFFFFF	#D3D3D3	70
4335	#FFFFFF	#D3D3D3	70
4336	#FFFFFF	#D3D3D3	70
4337	#FFFFFF	#D3D3D3	70
4338	#FFFFFF	#D3D3D3	70
4342	#FFFFFF	#D3D3D3	223
4343	#FCE3EB	#B3B3B3	117
4345	#CD1076	#000000	90
4346	#CD1076	#000000	90
4347	#FCE3EB	#B3B3B3	117
4348	#F5BACE	#858585	5
4349	#F5BACE	#858585	5
4350	#F5BACE	#858585	5
4351	#F5BACE	#858585	5
4352	#F5BACE	#858585	5
4353	#FFFFFF	#D3D3D3	9
4354	#FFFFFF	#D3D3D3	9
4355	#F5BACE	#858585	5
4356	#F5BACE	#858585	5
4357	#F8C9D9	#969696	76
4358	#FFFFFF	#D3D3D3	9
4359	#FFFFFF	#D3D3D3	9
4360	#FFFFFF	#D3D3D3	9
4361	#FFFFFF	#D3D3D3	9
4362	#FFFFFF	#D3D3D3	9
4363	#FFFFFF	#D3D3D3	124
4364	#FFFFFF	#D3D3D3	124
4365	#FFFFFF	#D3D3D3	124
4366	#FFFFFF	#D3D3D3	53
4367	#FFFFFF	#D3D3D3	53
4368	#F8C9D9	#969696	76
4369	#FFFFFF	#D3D3D3	33
4370	#FFFFFF	#D3D3D3	53
4371	#FFFFFF	#D3D3D3	33
4372	#FFFFFF	#D3D3D3	70
4373	#FFFFFF	#D3D3D3	70
4374	#FFFFFF	#D3D3D3	70
4375	#FFFFFF	#D3D3D3	70
4376	#FFFFFF	#D3D3D3	70
4377	#FFFFFF	#D3D3D3	70
4378	#FFFFFF	#D3D3D3	148
4379	#FFFFFF	#D3D3D3	145
4380	#FFFFFF	#D3D3D3	148
4381	#FFFFFF	#D3D3D3	148
4382	#FFFFFF	#D3D3D3	148
4383	#FFFFFF	#D3D3D3	70
4384	#FFFFFF	#D3D3D3	70
4385	#FFFFFF	#D3D3D3	70
4386	#FFFFFF	#D3D3D3	70
4387	#FFFFFF	#D3D3D3	70
4388	#FFFFFF	#D3D3D3	70
4389	#FFFFFF	#D3D3D3	70
4391	#FFFFFF	#D3D3D3	145
4392	#FFFFFF	#D3D3D3	145
4393	#FFFFFF	#D3D3D3	223
4394	#FCE3EB	#B3B3B3	117
4396	#CD1076	#000000	90
4397	#F8C9D9	#969696	76
4398	#FCE3EB	#B3B3B3	117
4399	#F5BACE	#858585	5
4400	#F5BACE	#858585	5
4401	#F5BACE	#858585	5
4402	#F5BACE	#858585	5
4403	#FFFFFF	#D3D3D3	9
4404	#FFFFFF	#D3D3D3	9
4405	#FFFFFF	#D3D3D3	9
4406	#F5BACE	#858585	5
4407	#F5BACE	#858585	5
4408	#F8C9D9	#969696	76
4409	#FFFFFF	#D3D3D3	9
4410	#FFFFFF	#D3D3D3	9
4411	#FFFFFF	#D3D3D3	9
4412	#FFFFFF	#D3D3D3	9
4413	#FFFFFF	#D3D3D3	124
4414	#FFFFFF	#D3D3D3	124
4415	#FFFFFF	#D3D3D3	124
4416	#FFFFFF	#D3D3D3	53
4417	#FFFFFF	#D3D3D3	53
4418	#FFFFFF	#D3D3D3	53
4419	#FFFFFF	#D3D3D3	145
4420	#FFFFFF	#D3D3D3	53
4421	#FFFFFF	#D3D3D3	53
4422	#FFFFFF	#D3D3D3	33
4423	#FFFFFF	#D3D3D3	70
4424	#FFFFFF	#D3D3D3	70
4425	#FFFFFF	#D3D3D3	70
4426	#FFFFFF	#D3D3D3	70
4427	#FFFFFF	#D3D3D3	70
4428	#FFFFFF	#D3D3D3	148
4429	#FFFFFF	#D3D3D3	148
4431	#FFFFFF	#D3D3D3	148
4432	#FFFFFF	#D3D3D3	148
4433	#FFFFFF	#D3D3D3	148
4434	#FFFFFF	#D3D3D3	70
4435	#FFFFFF	#D3D3D3	70
4436	#FFFFFF	#D3D3D3	70
4437	#FFFFFF	#D3D3D3	70
4438	#FFFFFF	#D3D3D3	70
4439	#FFFFFF	#D3D3D3	70
4440	#FFFFFF	#D3D3D3	145
4442	#FFFFFF	#D3D3D3	223
4443	#FCE3EB	#B3B3B3	117
4444	#FCE3EB	#B3B3B3	117
4446	#CD1076	#000000	90
4447	#CD1076	#000000	90
4448	#FCE3EB	#B3B3B3	117
4449	#F5BACE	#858585	5
4450	#F5BACE	#858585	5
4451	#F5BACE	#858585	5
4452	#F5BACE	#858585	5
4453	#FFFFFF	#D3D3D3	9
4454	#FFFFFF	#D3D3D3	9
4455	#FFFFFF	#D3D3D3	9
4456	#FFFFFF	#D3D3D3	9
4457	#F5BACE	#858585	5
4458	#F8C9D9	#969696	76
4459	#F5BACE	#858585	5
4460	#FFFFFF	#D3D3D3	9
4461	#FFFFFF	#D3D3D3	9
4462	#FFFFFF	#D3D3D3	9
4463	#FFFFFF	#D3D3D3	124
4464	#FFFFFF	#D3D3D3	124
4465	#FFFFFF	#D3D3D3	124
4466	#FFFFFF	#D3D3D3	124
4467	#FFFFFF	#D3D3D3	53
4468	#FFFFFF	#D3D3D3	53
4469	#FFFFFF	#D3D3D3	145
4470	#FFFFFF	#D3D3D3	53
4471	#FFFFFF	#D3D3D3	53
4472	#FFFFFF	#D3D3D3	53
4473	#FFFFFF	#D3D3D3	33
4474	#FFFFFF	#D3D3D3	70
4475	#FFFFFF	#D3D3D3	70
4476	#FFFFFF	#D3D3D3	70
4477	#FFFFFF	#D3D3D3	70
4478	#FFFFFF	#D3D3D3	148
4479	#FFFFFF	#D3D3D3	148
4481	#FFFFFF	#D3D3D3	148
4482	#FFFFFF	#D3D3D3	148
4483	#FFFFFF	#D3D3D3	148
4484	#FFFFFF	#D3D3D3	70
4485	#FFFFFF	#D3D3D3	70
4486	#FFFFFF	#D3D3D3	70
4487	#FFFFFF	#D3D3D3	70
4488	#FFFFFF	#D3D3D3	70
4489	#FFFFFF	#D3D3D3	70
4490	#FFFFFF	#D3D3D3	70
4491	#FFFFFF	#D3D3D3	145
4493	#FFFFFF	#D3D3D3	223
4494	#FCE3EB	#B3B3B3	117
4495	#FCE3EB	#B3B3B3	117
4497	#CD1076	#000000	90
4498	#CD1076	#000000	90
4499	#F5BACE	#858585	5
4500	#F5BACE	#858585	5
4501	#F5BACE	#858585	5
4502	#F5BACE	#858585	5
4503	#F5BACE	#858585	5
4504	#FFFFFF	#D3D3D3	9
4505	#FFFFFF	#D3D3D3	9
4506	#FFFFFF	#D3D3D3	9
4507	#FFFFFF	#D3D3D3	9
4508	#F5BACE	#858585	5
4509	#FFFFFF	#D3D3D3	145
4510	#FFFFFF	#D3D3D3	9
4511	#FFFFFF	#D3D3D3	9
4512	#FFFFFF	#D3D3D3	9
4513	#FFFFFF	#D3D3D3	124
4514	#FFFFFF	#D3D3D3	124
4515	#FFFFFF	#D3D3D3	124
4516	#FFFFFF	#D3D3D3	124
4517	#FFFFFF	#D3D3D3	124
4518	#FFFFFF	#D3D3D3	53
4519	#FFFFFF	#D3D3D3	53
4521	#FFFFFF	#D3D3D3	53
4522	#FFFFFF	#D3D3D3	53
4523	#FFFFFF	#D3D3D3	53
4524	#FFFFFF	#D3D3D3	70
4525	#FFFFFF	#D3D3D3	70
4526	#FFFFFF	#D3D3D3	70
4527	#FFFFFF	#D3D3D3	70
4528	#FFFFFF	#D3D3D3	148
4529	#FFFFFF	#D3D3D3	148
4530	#FFFFFF	#D3D3D3	148
4531	#FFFFFF	#D3D3D3	145
4532	#FFFFFF	#D3D3D3	148
4533	#FFFFFF	#D3D3D3	148
4534	#FFFFFF	#D3D3D3	70
4535	#FFFFFF	#D3D3D3	70
4536	#FFFFFF	#D3D3D3	70
4537	#FFFFFF	#D3D3D3	70
4538	#FFFFFF	#D3D3D3	70
4539	#FFFFFF	#D3D3D3	70
4540	#FFFFFF	#D3D3D3	70
4542	#FCE3EB	#B3B3B3	117
4543	#FCE3EB	#B3B3B3	117
4544	#FCE3EB	#B3B3B3	117
4545	#FCE3EB	#B3B3B3	117
4547	#FFFFFF	#D3D3D3	20
4548	#FFFFFF	#D3D3D3	20
4549	#FFFFFF	#D3D3D3	157
4550	#FFFFFF	#D3D3D3	180
4555	#FFFFFF	#D3D3D3	145
4556	#FFFFFF	#D3D3D3	13
4557	#FFFFFF	#D3D3D3	145
4558	#FFFFFF	#D3D3D3	13
4559	#FEF4F7	#C7C7C7	209
4560	#FFFFFF	#D3D3D3	33
4561	#FFFFFF	#D3D3D3	33
4562	#FFFFFF	#D3D3D3	33
4563	#FFFFFF	#D3D3D3	33
4564	#FFFFFF	#D3D3D3	33
4565	#FFFFFF	#D3D3D3	33
4566	#FFFFFF	#D3D3D3	33
4567	#FFFFFF	#D3D3D3	33
4568	#FFFFFF	#D3D3D3	33
4569	#FFFFFF	#D3D3D3	33
4570	#FFFFFF	#D3D3D3	121
4571	#FFFFFF	#D3D3D3	33
4572	#FFFFFF	#D3D3D3	33
4573	#FFFFFF	#D3D3D3	33
4574	#FFFFFF	#D3D3D3	33
4575	#FFFFFF	#D3D3D3	33
4576	#FFFFFF	#D3D3D3	33
4577	#FFFFFF	#D3D3D3	33
4578	#FFFFFF	#D3D3D3	70
4579	#FFFFFF	#D3D3D3	70
4580	#FFFFFF	#D3D3D3	33
4581	#FFFFFF	#D3D3D3	121
4582	#FFFFFF	#D3D3D3	33
4583	#FFFFFF	#D3D3D3	70
4584	#FFFFFF	#D3D3D3	70
4585	#FFFFFF	#D3D3D3	70
4586	#FFFFFF	#D3D3D3	70
4587	#FFFFFF	#D3D3D3	70
4588	#FFFFFF	#D3D3D3	70
4589	#FFFFFF	#D3D3D3	70
4590	#FFFFFF	#D3D3D3	70
4591	#FFFFFF	#D3D3D3	70
4592	#FFFFFF	#D3D3D3	121
4593	#FFFFFF	#D3D3D3	121
4594	#FFFFFF	#D3D3D3	157
4595	#FFFFFF	#D3D3D3	157
4596	#FFFFFF	#D3D3D3	157
4598	#FFFFFF	#D3D3D3	20
4599	#FFFFFF	#D3D3D3	20
4600	#FFFFFF	#D3D3D3	180
4601	#FFFFFF	#D3D3D3	180
4606	#FFFFFF	#D3D3D3	145
4607	#FFFFFF	#D3D3D3	145
4608	#FFFFFF	#D3D3D3	13
4609	#FFFFFF	#D3D3D3	13
4610	#FFFFFF	#D3D3D3	121
4611	#FFFFFF	#D3D3D3	33
4612	#FFFFFF	#D3D3D3	33
4613	#FFFFFF	#D3D3D3	33
4614	#FFFFFF	#D3D3D3	33
4615	#FFFFFF	#D3D3D3	33
4616	#FFFFFF	#D3D3D3	33
4617	#FFFFFF	#D3D3D3	33
4618	#FFFFFF	#D3D3D3	33
4619	#FFFFFF	#D3D3D3	33
4620	#FFFFFF	#D3D3D3	33
4621	#FFFFFF	#D3D3D3	121
4622	#FFFFFF	#D3D3D3	33
4623	#FFFFFF	#D3D3D3	33
4624	#FFFFFF	#D3D3D3	33
4625	#FFFFFF	#D3D3D3	33
4626	#FFFFFF	#D3D3D3	33
4627	#FFFFFF	#D3D3D3	33
4628	#FFFFFF	#D3D3D3	33
4629	#FFFFFF	#D3D3D3	70
4630	#FFFFFF	#D3D3D3	70
4631	#FFFFFF	#D3D3D3	33
4632	#FFFFFF	#D3D3D3	121
4633	#FFFFFF	#D3D3D3	33
4634	#FFFFFF	#D3D3D3	70
4635	#FFFFFF	#D3D3D3	70
4636	#FFFFFF	#D3D3D3	70
4637	#FFFFFF	#D3D3D3	70
4638	#FFFFFF	#D3D3D3	70
4639	#FFFFFF	#D3D3D3	70
4640	#FFFFFF	#D3D3D3	70
4641	#FFFFFF	#D3D3D3	70
4642	#FFFFFF	#D3D3D3	121
4643	#FFFFFF	#D3D3D3	157
4644	#FFFFFF	#D3D3D3	157
4645	#FFFFFF	#D3D3D3	157
4646	#FFFFFF	#D3D3D3	157
4648	#FFFFFF	#D3D3D3	20
4649	#FFFFFF	#D3D3D3	20
4650	#FFFFFF	#D3D3D3	157
4651	#FFFFFF	#D3D3D3	180
4652	#FFFFFF	#D3D3D3	180
4657	#FFFFFF	#D3D3D3	145
4658	#FFFFFF	#D3D3D3	13
4659	#FFFFFF	#D3D3D3	13
4660	#FFFFFF	#D3D3D3	121
4661	#FFFFFF	#D3D3D3	13
4662	#FFFFFF	#D3D3D3	33
4663	#FFFFFF	#D3D3D3	33
4664	#FFFFFF	#D3D3D3	33
4665	#FFFFFF	#D3D3D3	33
4666	#FFFFFF	#D3D3D3	33
4667	#FFFFFF	#D3D3D3	33
4668	#FFFFFF	#D3D3D3	33
4669	#FFFFFF	#D3D3D3	33
4670	#FFFFFF	#D3D3D3	33
4671	#FFFFFF	#D3D3D3	121
4672	#FFFFFF	#D3D3D3	33
4673	#FFFFFF	#D3D3D3	33
4674	#FFFFFF	#D3D3D3	33
4675	#FFFFFF	#D3D3D3	33
4676	#FFFFFF	#D3D3D3	33
4677	#FFFFFF	#D3D3D3	33
4678	#FFFFFF	#D3D3D3	33
4679	#FFFFFF	#D3D3D3	33
4680	#FFFFFF	#D3D3D3	70
4681	#FFFFFF	#D3D3D3	70
4682	#FFFFFF	#D3D3D3	121
4683	#FFFFFF	#D3D3D3	33
4684	#FFFFFF	#D3D3D3	70
4685	#FFFFFF	#D3D3D3	70
4686	#FFFFFF	#D3D3D3	70
4687	#FFFFFF	#D3D3D3	70
4688	#FFFFFF	#D3D3D3	70
4689	#FFFFFF	#D3D3D3	70
4690	#FFFFFF	#D3D3D3	70
4691	#FFFFFF	#D3D3D3	70
4692	#FFFFFF	#D3D3D3	70
4693	#FFFFFF	#D3D3D3	121
4694	#FFFFFF	#D3D3D3	157
4695	#FFFFFF	#D3D3D3	157
4696	#FFFFFF	#D3D3D3	157
4697	#FFFFFF	#D3D3D3	157
4699	#FFFFFF	#D3D3D3	20
4700	#FFFFFF	#D3D3D3	121
4701	#FFFFFF	#D3D3D3	157
4702	#FFFFFF	#D3D3D3	180
4703	#FFFFFF	#D3D3D3	13
4708	#FFFFFF	#D3D3D3	145
4709	#FFFFFF	#D3D3D3	13
4710	#FFFFFF	#D3D3D3	13
4711	#FFFFFF	#D3D3D3	121
4712	#FFFFFF	#D3D3D3	13
4713	#FFFFFF	#D3D3D3	33
4714	#FFFFFF	#D3D3D3	33
4715	#FFFFFF	#D3D3D3	33
4716	#FFFFFF	#D3D3D3	33
4717	#FFFFFF	#D3D3D3	33
4718	#FFFFFF	#D3D3D3	33
4719	#FFFFFF	#D3D3D3	33
4720	#FFFFFF	#D3D3D3	33
4721	#FFFFFF	#D3D3D3	33
4722	#FFFFFF	#D3D3D3	121
4723	#FFFFFF	#D3D3D3	33
4724	#FFFFFF	#D3D3D3	33
4725	#FFFFFF	#D3D3D3	33
4726	#FFFFFF	#D3D3D3	33
4727	#FFFFFF	#D3D3D3	33
4728	#FFFFFF	#D3D3D3	33
4729	#FFFFFF	#D3D3D3	33
4730	#FFFFFF	#D3D3D3	33
4731	#FFFFFF	#D3D3D3	70
4732	#FFFFFF	#D3D3D3	70
4733	#FFFFFF	#D3D3D3	121
4734	#FFFFFF	#D3D3D3	70
4735	#FFFFFF	#D3D3D3	70
4736	#FFFFFF	#D3D3D3	70
4737	#FFFFFF	#D3D3D3	70
4738	#FFFFFF	#D3D3D3	70
4739	#FFFFFF	#D3D3D3	70
4740	#FFFFFF	#D3D3D3	70
4741	#FFFFFF	#D3D3D3	70
4742	#FFFFFF	#D3D3D3	70
4743	#FFFFFF	#D3D3D3	121
4744	#FFFFFF	#D3D3D3	157
4745	#FFFFFF	#D3D3D3	157
4746	#FFFFFF	#D3D3D3	121
4747	#FFFFFF	#D3D3D3	157
4749	#FFFFFF	#D3D3D3	20
4750	#FFFFFF	#D3D3D3	121
4751	#FFFFFF	#D3D3D3	157
4752	#FFFFFF	#D3D3D3	180
4753	#FFFFFF	#D3D3D3	13
4754	#FFFFFF	#D3D3D3	145
4759	#FFFFFF	#D3D3D3	145
4760	#FFFFFF	#D3D3D3	13
4761	#FFFFFF	#D3D3D3	121
4762	#FFFFFF	#D3D3D3	13
4763	#FFFFFF	#D3D3D3	13
4764	#FFFFFF	#D3D3D3	33
4765	#FFFFFF	#D3D3D3	33
4766	#FFFFFF	#D3D3D3	33
4767	#FFFFFF	#D3D3D3	33
4768	#FFFFFF	#D3D3D3	33
4769	#FFFFFF	#D3D3D3	33
4770	#FFFFFF	#D3D3D3	33
4771	#FFFFFF	#D3D3D3	33
4772	#FFFFFF	#D3D3D3	121
4773	#FFFFFF	#D3D3D3	33
4774	#FFFFFF	#D3D3D3	33
4775	#FFFFFF	#D3D3D3	33
4776	#FFFFFF	#D3D3D3	33
4777	#FFFFFF	#D3D3D3	33
4778	#FFFFFF	#D3D3D3	33
4779	#FFFFFF	#D3D3D3	33
4780	#FFFFFF	#D3D3D3	33
4781	#FFFFFF	#D3D3D3	33
4782	#FFFFFF	#D3D3D3	70
4783	#FFFFFF	#D3D3D3	121
4784	#FFFFFF	#D3D3D3	70
4785	#FFFFFF	#D3D3D3	70
4786	#FFFFFF	#D3D3D3	70
4787	#FFFFFF	#D3D3D3	70
4788	#FFFFFF	#D3D3D3	70
4789	#FFFFFF	#D3D3D3	70
4790	#FFFFFF	#D3D3D3	70
4791	#FFFFFF	#D3D3D3	70
4792	#FFFFFF	#D3D3D3	70
4793	#FFFFFF	#D3D3D3	70
4794	#FFFFFF	#D3D3D3	121
4795	#FFFFFF	#D3D3D3	121
4796	#FFFFFF	#D3D3D3	157
4797	#FFFFFF	#D3D3D3	121
4798	#FFFFFF	#D3D3D3	121
4800	#FFFFFF	#D3D3D3	20
4801	#FFFFFF	#D3D3D3	121
4802	#FFFFFF	#D3D3D3	180
4803	#FFFFFF	#D3D3D3	13
4804	#FFFFFF	#D3D3D3	13
4805	#FFFFFF	#D3D3D3	145
4810	#FFFFFF	#D3D3D3	145
4811	#FFFFFF	#D3D3D3	13
4812	#FFFFFF	#D3D3D3	121
4813	#FFFFFF	#D3D3D3	13
4814	#FFFFFF	#D3D3D3	33
4815	#FFFFFF	#D3D3D3	33
4816	#FFFFFF	#D3D3D3	33
4817	#FFFFFF	#D3D3D3	33
4818	#FFFFFF	#D3D3D3	33
4819	#FFFFFF	#D3D3D3	33
4820	#FFFFFF	#D3D3D3	33
4821	#FFFFFF	#D3D3D3	33
4822	#FFFFFF	#D3D3D3	33
4823	#FFFFFF	#D3D3D3	121
4824	#FFFFFF	#D3D3D3	33
4825	#FFFFFF	#D3D3D3	33
4826	#FFFFFF	#D3D3D3	33
4827	#FFFFFF	#D3D3D3	33
4828	#FFFFFF	#D3D3D3	33
4829	#FFFFFF	#D3D3D3	33
4830	#FFFFFF	#D3D3D3	33
4831	#FFFFFF	#D3D3D3	33
4832	#FFFFFF	#D3D3D3	33
4833	#FFFFFF	#D3D3D3	33
4834	#FFFFFF	#D3D3D3	121
4835	#FFFFFF	#D3D3D3	70
4836	#FFFFFF	#D3D3D3	70
4837	#FFFFFF	#D3D3D3	70
4838	#FFFFFF	#D3D3D3	70
4839	#FFFFFF	#D3D3D3	70
4840	#FFFFFF	#D3D3D3	70
4841	#FFFFFF	#D3D3D3	70
4842	#FFFFFF	#D3D3D3	70
4843	#FFFFFF	#D3D3D3	70
4844	#FFFFFF	#D3D3D3	121
4845	#FFFFFF	#D3D3D3	121
4846	#FFFFFF	#D3D3D3	121
4847	#FFFFFF	#D3D3D3	121
4848	#FFFFFF	#D3D3D3	121
4850	#FFFFFF	#D3D3D3	176
4851	#FFFFFF	#D3D3D3	20
4852	#FFFFFF	#D3D3D3	180
4853	#FFFFFF	#D3D3D3	13
4854	#FFFFFF	#D3D3D3	13
4855	#FFFFFF	#D3D3D3	145
4856	#FFFFFF	#D3D3D3	145
4861	#FFFFFF	#D3D3D3	13
4862	#FFFFFF	#D3D3D3	121
4863	#FFFFFF	#D3D3D3	13
4864	#FFFFFF	#D3D3D3	33
4865	#FFFFFF	#D3D3D3	33
4866	#FFFFFF	#D3D3D3	33
4867	#FFFFFF	#D3D3D3	33
4868	#FFFFFF	#D3D3D3	33
4869	#FFFFFF	#D3D3D3	33
4870	#FFFFFF	#D3D3D3	33
4871	#FFFFFF	#D3D3D3	33
4872	#FFFFFF	#D3D3D3	33
4873	#FFFFFF	#D3D3D3	121
4874	#FFFFFF	#D3D3D3	33
4875	#FFFFFF	#D3D3D3	33
4876	#FFFFFF	#D3D3D3	33
4877	#FFFFFF	#D3D3D3	33
4878	#FFFFFF	#D3D3D3	33
4879	#FFFFFF	#D3D3D3	33
4880	#FFFFFF	#D3D3D3	33
4881	#FFFFFF	#D3D3D3	33
4882	#FFFFFF	#D3D3D3	33
4883	#FFFFFF	#D3D3D3	33
4884	#FFFFFF	#D3D3D3	121
4885	#FFFFFF	#D3D3D3	33
4886	#FFFFFF	#D3D3D3	33
4887	#FFFFFF	#D3D3D3	70
4888	#FFFFFF	#D3D3D3	70
4889	#FFFFFF	#D3D3D3	70
4890	#FFFFFF	#D3D3D3	70
4891	#FFFFFF	#D3D3D3	70
4892	#FFFFFF	#D3D3D3	70
4893	#FFFFFF	#D3D3D3	70
4894	#FFFFFF	#D3D3D3	70
4895	#FFFFFF	#D3D3D3	121
4896	#FFFFFF	#D3D3D3	121
4897	#FFFFFF	#D3D3D3	121
4898	#FFFFFF	#D3D3D3	121
4899	#FFFFFF	#D3D3D3	121
4901	#FFFFFF	#D3D3D3	176
4902	#FFFFFF	#D3D3D3	20
4903	#FFFFFF	#D3D3D3	13
4904	#FFFFFF	#D3D3D3	13
4905	#FFFFFF	#D3D3D3	13
4906	#FFFFFF	#D3D3D3	145
4910	#FFFFFF	#D3D3D3	145
4912	#FFFFFF	#D3D3D3	13
4913	#FFFFFF	#D3D3D3	121
4914	#FFFFFF	#D3D3D3	33
4915	#FFFFFF	#D3D3D3	33
4916	#FFFFFF	#D3D3D3	33
4917	#FFFFFF	#D3D3D3	33
4918	#FFFFFF	#D3D3D3	33
4919	#FFFFFF	#D3D3D3	33
4920	#FFFFFF	#D3D3D3	33
4921	#FFFFFF	#D3D3D3	33
4922	#FFFFFF	#D3D3D3	33
4923	#FFFFFF	#D3D3D3	33
4924	#FFFFFF	#D3D3D3	121
4925	#FFFFFF	#D3D3D3	33
4926	#FFFFFF	#D3D3D3	33
4927	#FFFFFF	#D3D3D3	33
4928	#FFFFFF	#D3D3D3	33
4929	#FFFFFF	#D3D3D3	33
4930	#FFFFFF	#D3D3D3	33
4931	#FFFFFF	#D3D3D3	33
4932	#FFFFFF	#D3D3D3	33
4933	#FFFFFF	#D3D3D3	33
4934	#FFFFFF	#D3D3D3	33
4935	#FFFFFF	#D3D3D3	121
4936	#FFFFFF	#D3D3D3	33
4937	#FFFFFF	#D3D3D3	70
4938	#FFFFFF	#D3D3D3	70
4939	#FFFFFF	#D3D3D3	70
4940	#FFFFFF	#D3D3D3	70
4941	#FFFFFF	#D3D3D3	70
4942	#FFFFFF	#D3D3D3	70
4943	#FFFFFF	#D3D3D3	70
4944	#FFFFFF	#D3D3D3	70
4945	#FFFFFF	#D3D3D3	121
4946	#FFFFFF	#D3D3D3	121
4947	#FFFFFF	#D3D3D3	121
4948	#FFFFFF	#D3D3D3	121
4949	#FFFFFF	#D3D3D3	180
4951	#FFFFFF	#D3D3D3	176
4952	#FFFFFF	#D3D3D3	176
4953	#FFFFFF	#D3D3D3	13
4954	#FFFFFF	#D3D3D3	13
4955	#FFFFFF	#D3D3D3	13
4956	#FFFFFF	#D3D3D3	145
4957	#FFFFFF	#D3D3D3	145
4958	#FFFFFF	#D3D3D3	145
4963	#FFFFFF	#D3D3D3	20
4964	#FFFFFF	#D3D3D3	30
4965	#FFFFFF	#D3D3D3	33
4966	#FFFFFF	#D3D3D3	33
4967	#FFFFFF	#D3D3D3	33
4968	#FFFFFF	#D3D3D3	33
4969	#FFFFFF	#D3D3D3	33
4970	#FFFFFF	#D3D3D3	33
4971	#FFFFFF	#D3D3D3	33
4972	#FFFFFF	#D3D3D3	33
4973	#FFFFFF	#D3D3D3	33
4974	#FFFFFF	#D3D3D3	121
4975	#FFFFFF	#D3D3D3	33
4976	#FFFFFF	#D3D3D3	33
4977	#FFFFFF	#D3D3D3	33
4978	#FFFFFF	#D3D3D3	33
4979	#FFFFFF	#D3D3D3	33
4980	#FFFFFF	#D3D3D3	33
4981	#FFFFFF	#D3D3D3	33
4982	#FFFFFF	#D3D3D3	33
4983	#FFFFFF	#D3D3D3	33
4984	#FFFFFF	#D3D3D3	33
4985	#FFFFFF	#D3D3D3	121
4986	#FFFFFF	#D3D3D3	33
4987	#FFFFFF	#D3D3D3	70
4988	#FFFFFF	#D3D3D3	70
4989	#FFFFFF	#D3D3D3	70
4990	#FFFFFF	#D3D3D3	70
4991	#FFFFFF	#D3D3D3	70
4992	#FFFFFF	#D3D3D3	70
4993	#FFFFFF	#D3D3D3	70
4994	#FFFFFF	#D3D3D3	70
4995	#FFFFFF	#D3D3D3	70
4996	#FFFFFF	#D3D3D3	121
4997	#FFFFFF	#D3D3D3	121
4998	#FFFFFF	#D3D3D3	121
4999	#FFFFFF	#D3D3D3	121
5000	#FFFFFF	#D3D3D3	180
5002	#FFFFFF	#D3D3D3	176
5003	#FFFFFF	#D3D3D3	176
5004	#FFFFFF	#D3D3D3	13
5005	#FFFFFF	#D3D3D3	13
5006	#FFFFFF	#D3D3D3	145
5007	#FFFFFF	#D3D3D3	145
5008	#FFFFFF	#D3D3D3	13
5009	#FFFFFF	#D3D3D3	145
5012	#FFFFFF	#D3D3D3	145
5014	#FFFFFF	#D3D3D3	20
5015	#FFFFFF	#D3D3D3	30
5016	#FFFFFF	#D3D3D3	33
5017	#FFFFFF	#D3D3D3	33
5018	#FFFFFF	#D3D3D3	33
5019	#FFFFFF	#D3D3D3	33
5020	#FFFFFF	#D3D3D3	33
5021	#FFFFFF	#D3D3D3	33
5022	#FFFFFF	#D3D3D3	33
5023	#FFFFFF	#D3D3D3	33
5024	#FFFFFF	#D3D3D3	33
5025	#FFFFFF	#D3D3D3	121
5026	#FFFFFF	#D3D3D3	33
5027	#FFFFFF	#D3D3D3	33
5028	#FFFFFF	#D3D3D3	33
5029	#FFFFFF	#D3D3D3	33
5030	#FFFFFF	#D3D3D3	33
5031	#FFFFFF	#D3D3D3	33
5032	#FFFFFF	#D3D3D3	33
5033	#FFFFFF	#D3D3D3	33
5034	#FFFFFF	#D3D3D3	33
5035	#FFFFFF	#D3D3D3	33
5036	#FFFFFF	#D3D3D3	121
5037	#FFFFFF	#D3D3D3	33
5038	#FFFFFF	#D3D3D3	70
5039	#FFFFFF	#D3D3D3	70
5040	#FFFFFF	#D3D3D3	70
5041	#FFFFFF	#D3D3D3	70
5042	#FFFFFF	#D3D3D3	70
5043	#FFFFFF	#D3D3D3	70
5044	#FFFFFF	#D3D3D3	70
5045	#FFFFFF	#D3D3D3	70
5046	#FFFFFF	#D3D3D3	121
5047	#FFFFFF	#D3D3D3	121
5048	#FFFFFF	#D3D3D3	121
5049	#FFFFFF	#D3D3D3	121
5050	#FFFFFF	#D3D3D3	180
5052	#FFFFFF	#D3D3D3	176
5053	#FFFFFF	#D3D3D3	176
5054	#FFFFFF	#D3D3D3	180
5055	#FFFFFF	#D3D3D3	13
5056	#FFFFFF	#D3D3D3	13
5057	#FFFFFF	#D3D3D3	13
5058	#FFFFFF	#D3D3D3	13
5059	#FFFFFF	#D3D3D3	145
5060	#FFFFFF	#D3D3D3	145
5064	#FFFFFF	#D3D3D3	20
5066	#FFFFFF	#D3D3D3	30
5067	#FFFFFF	#D3D3D3	33
5068	#FFFFFF	#D3D3D3	33
5069	#FFFFFF	#D3D3D3	33
5070	#FFFFFF	#D3D3D3	33
5071	#FFFFFF	#D3D3D3	33
5072	#FFFFFF	#D3D3D3	33
5073	#FFFFFF	#D3D3D3	33
5074	#FFFFFF	#D3D3D3	33
5075	#FFFFFF	#D3D3D3	20
5076	#FFFFFF	#D3D3D3	33
5077	#FFFFFF	#D3D3D3	33
5078	#FFFFFF	#D3D3D3	33
5079	#FFFFFF	#D3D3D3	33
5080	#FFFFFF	#D3D3D3	33
5081	#FFFFFF	#D3D3D3	33
5082	#FFFFFF	#D3D3D3	33
5083	#FFFFFF	#D3D3D3	33
5084	#FFFFFF	#D3D3D3	33
5085	#FFFFFF	#D3D3D3	33
5086	#FFFFFF	#D3D3D3	121
5087	#FFFFFF	#D3D3D3	33
5088	#FFFFFF	#D3D3D3	70
5089	#FFFFFF	#D3D3D3	70
5090	#FFFFFF	#D3D3D3	70
5091	#FFFFFF	#D3D3D3	70
5092	#FFFFFF	#D3D3D3	70
5093	#FFFFFF	#D3D3D3	70
5094	#FFFFFF	#D3D3D3	70
5095	#FFFFFF	#D3D3D3	70
5096	#FFFFFF	#D3D3D3	70
5097	#FFFFFF	#D3D3D3	121
5098	#FFFFFF	#D3D3D3	121
5099	#FFFFFF	#D3D3D3	121
5100	#FFFFFF	#D3D3D3	121
5101	#FFFFFF	#D3D3D3	180
