group	fill	colour	clickSelects
2	#F7C5D6	#929292	204
3	#FEF5F8	#C8C8C8	22
4	#FFFFFF	#D3D3D3	32
5	#FFFFFF	#D3D3D3	32
6	#FFFFFF	#D3D3D3	32
7	#FFFFFF	#D3D3D3	32
8	#FFFFFF	#D3D3D3	165
9	#FFFFFF	#D3D3D3	165
10	#FFFFFF	#D3D3D3	104
11	#FFFFFF	#D3D3D3	104
12	#FFFFFF	#D3D3D3	104
13	#FFFFFF	#D3D3D3	104
14	#FCE4EB	#B3B3B3	154
15	#FFFFFF	#D3D3D3	104
16	#FFFFFF	#D3D3D3	104
17	#FFFFFF	#D3D3D3	104
18	#FFFFFF	#D3D3D3	60
19	#FFFFFF	#D3D3D3	60
20	#FFFFFF	#D3D3D3	1
21	#FFFFFF	#D3D3D3	1
22	#FFFFFF	#D3D3D3	1
23	#FFFFFF	#D3D3D3	60
24	#FFFFFF	#D3D3D3	60
25	#FCE4EB	#B3B3B3	154
26	#FFFFFF	#D3D3D3	60
27	#FFFFFF	#D3D3D3	65
28	#FFFFFF	#D3D3D3	113
29	#FFFFFF	#D3D3D3	113
30	#FFFFFF	#D3D3D3	113
31	#FFFFFF	#D3D3D3	65
32	#FFFFFF	#D3D3D3	64
33	#FFFFFF	#D3D3D3	113
34	#FFFFFF	#D3D3D3	113
35	#FFFFFF	#D3D3D3	113
36	#FCE4EB	#B3B3B3	154
37	#FFFFFF	#D3D3D3	113
38	#FFFFFF	#D3D3D3	113
39	#FFFFFF	#D3D3D3	113
40	#FFFFFF	#D3D3D3	64
41	#FFFFFF	#D3D3D3	64
42	#FFFFFF	#D3D3D3	64
43	#FFFFFF	#D3D3D3	64
44	#FFFFFF	#D3D3D3	64
45	#FFFFFF	#D3D3D3	64
46	#FCE4EB	#B3B3B3	154
47	#FCE4EB	#B3B3B3	154
48	#FCE4EB	#B3B3B3	154
49	#FFFFFF	#D3D3D3	32
50	#FFFFFF	#D3D3D3	32
52	#F7C5D6	#929292	204
53	#FEF5F8	#C8C8C8	22
54	#FFFFFF	#D3D3D3	32
55	#FFFFFF	#D3D3D3	32
56	#FFFFFF	#D3D3D3	32
57	#FFFFFF	#D3D3D3	32
58	#FFFFFF	#D3D3D3	32
59	#FFFFFF	#D3D3D3	165
60	#FFFFFF	#D3D3D3	165
61	#FFFFFF	#D3D3D3	104
62	#FFFFFF	#D3D3D3	104
63	#FFFFFF	#D3D3D3	104
64	#FEF5F8	#C8C8C8	22
65	#FFFFFF	#D3D3D3	104
66	#FFFFFF	#D3D3D3	104
67	#FFFFFF	#D3D3D3	104
68	#FFFFFF	#D3D3D3	104
69	#FFFFFF	#D3D3D3	60
70	#FFFFFF	#D3D3D3	1
71	#FFFFFF	#D3D3D3	1
72	#FFFFFF	#D3D3D3	60
73	#FFFFFF	#D3D3D3	60
74	#FFFFFF	#D3D3D3	60
75	#FCE4EB	#B3B3B3	154
76	#FFFFFF	#D3D3D3	60
77	#FFFFFF	#D3D3D3	65
78	#FFFFFF	#D3D3D3	113
79	#FFFFFF	#D3D3D3	113
80	#FFFFFF	#D3D3D3	113
81	#FFFFFF	#D3D3D3	113
82	#FFFFFF	#D3D3D3	113
83	#FFFFFF	#D3D3D3	113
84	#FFFFFF	#D3D3D3	113
85	#FFFFFF	#D3D3D3	113
86	#FCE4EB	#B3B3B3	154
87	#FFFFFF	#D3D3D3	113
88	#FFFFFF	#D3D3D3	113
89	#FFFFFF	#D3D3D3	113
90	#FFFFFF	#D3D3D3	64
91	#FFFFFF	#D3D3D3	64
92	#FFFFFF	#D3D3D3	64
93	#FFFFFF	#D3D3D3	64
94	#FFFFFF	#D3D3D3	64
95	#FFFFFF	#D3D3D3	64
96	#FFFFFF	#D3D3D3	64
97	#FEF5F8	#C8C8C8	22
98	#FCE4EB	#B3B3B3	154
99	#FCE4EB	#B3B3B3	154
100	#FFFFFF	#D3D3D3	32
101	#FFFFFF	#D3D3D3	32
103	#F7C5D6	#929292	204
104	#FEF5F8	#C8C8C8	22
105	#FFFFFF	#D3D3D3	32
106	#FFFFFF	#D3D3D3	32
107	#FFFFFF	#D3D3D3	32
108	#FFFFFF	#D3D3D3	32
109	#FFFFFF	#D3D3D3	32
110	#FFFFFF	#D3D3D3	165
111	#FFFFFF	#D3D3D3	165
112	#FFFFFF	#D3D3D3	104
113	#FFFFFF	#D3D3D3	104
114	#FFFFFF	#D3D3D3	104
115	#FEF5F8	#C8C8C8	22
116	#FFFFFF	#D3D3D3	104
117	#FFFFFF	#D3D3D3	104
118	#FFFFFF	#D3D3D3	104
119	#FFFFFF	#D3D3D3	104
120	#FFFFFF	#D3D3D3	60
121	#FFFFFF	#D3D3D3	1
122	#FFFFFF	#D3D3D3	60
123	#FFFFFF	#D3D3D3	60
124	#FFFFFF	#D3D3D3	60
125	#FFFFFF	#D3D3D3	60
126	#FCE4EB	#B3B3B3	154
127	#FFFFFF	#D3D3D3	65
128	#FFFFFF	#D3D3D3	113
129	#FFFFFF	#D3D3D3	113
130	#FFFFFF	#D3D3D3	113
131	#FFFFFF	#D3D3D3	113
132	#FFFFFF	#D3D3D3	113
133	#FFFFFF	#D3D3D3	113
134	#FFFFFF	#D3D3D3	113
135	#FFFFFF	#D3D3D3	113
136	#FFFFFF	#D3D3D3	64
137	#FEF5F8	#C8C8C8	22
138	#FFFFFF	#D3D3D3	113
139	#FFFFFF	#D3D3D3	64
140	#FFFFFF	#D3D3D3	64
141	#FFFFFF	#D3D3D3	64
142	#FFFFFF	#D3D3D3	64
143	#FFFFFF	#D3D3D3	64
144	#FFFFFF	#D3D3D3	64
145	#FFFFFF	#D3D3D3	64
146	#FFFFFF	#D3D3D3	64
147	#FEF5F8	#C8C8C8	22
148	#FCE4EB	#B3B3B3	154
149	#FFFFFF	#D3D3D3	32
150	#FFFFFF	#D3D3D3	32
151	#FFFFFF	#D3D3D3	32
153	#FFFFFF	#D3D3D3	50
154	#FFFFFF	#D3D3D3	50
155	#FFFFFF	#D3D3D3	32
156	#FFFFFF	#D3D3D3	32
157	#FFFFFF	#D3D3D3	165
158	#FFFFFF	#D3D3D3	165
159	#FFFFFF	#D3D3D3	165
160	#FFFFFF	#D3D3D3	165
161	#FFFFFF	#D3D3D3	165
162	#FFFFFF	#D3D3D3	165
163	#FFFFFF	#D3D3D3	165
164	#FFFFFF	#D3D3D3	60
165	#FEF5F8	#C8C8C8	22
166	#FFFFFF	#D3D3D3	60
167	#FFFFFF	#D3D3D3	60
168	#FFFFFF	#D3D3D3	127
169	#FFFFFF	#D3D3D3	127
170	#FFFFFF	#D3D3D3	77
171	#FFFFFF	#D3D3D3	77
172	#FFFFFF	#D3D3D3	77
173	#FFFFFF	#D3D3D3	77
174	#FFFFFF	#D3D3D3	220
175	#FFFFFF	#D3D3D3	220
176	#FFFFFF	#D3D3D3	32
177	#FFFFFF	#D3D3D3	220
178	#FFFFFF	#D3D3D3	220
179	#FFFFFF	#D3D3D3	220
180	#FFFFFF	#D3D3D3	220
181	#FFFFFF	#D3D3D3	113
182	#FFFFFF	#D3D3D3	113
183	#FFFFFF	#D3D3D3	113
184	#FFFFFF	#D3D3D3	113
185	#FFFFFF	#D3D3D3	113
186	#FFFFFF	#D3D3D3	113
187	#FFFFFF	#D3D3D3	32
188	#FFFFFF	#D3D3D3	113
189	#FFFFFF	#D3D3D3	113
190	#FFFFFF	#D3D3D3	113
191	#FFFFFF	#D3D3D3	113
192	#FFFFFF	#D3D3D3	113
193	#FFFFFF	#D3D3D3	64
194	#FFFFFF	#D3D3D3	64
195	#FFFFFF	#D3D3D3	64
196	#FFFFFF	#D3D3D3	118
197	#FFFFFF	#D3D3D3	118
198	#FFFFFF	#D3D3D3	32
199	#FFFFFF	#D3D3D3	32
200	#FFFFFF	#D3D3D3	32
201	#FFFFFF	#D3D3D3	32
202	#FFFFFF	#D3D3D3	32
204	#FFFFFF	#D3D3D3	50
205	#FFFFFF	#D3D3D3	50
206	#FFFFFF	#D3D3D3	32
207	#FFFFFF	#D3D3D3	32
208	#FFFFFF	#D3D3D3	165
209	#FFFFFF	#D3D3D3	165
210	#FFFFFF	#D3D3D3	165
211	#FFFFFF	#D3D3D3	165
212	#FFFFFF	#D3D3D3	165
213	#FFFFFF	#D3D3D3	165
214	#FFFFFF	#D3D3D3	60
215	#FFFFFF	#D3D3D3	60
216	#FEF5F8	#C8C8C8	22
217	#FFFFFF	#D3D3D3	60
218	#FFFFFF	#D3D3D3	127
219	#FFFFFF	#D3D3D3	127
220	#FFFFFF	#D3D3D3	222
221	#FFFFFF	#D3D3D3	77
222	#FFFFFF	#D3D3D3	77
223	#FFFFFF	#D3D3D3	77
224	#FFFFFF	#D3D3D3	220
225	#FFFFFF	#D3D3D3	220
226	#FFFFFF	#D3D3D3	220
227	#FFFFFF	#D3D3D3	32
228	#FFFFFF	#D3D3D3	220
229	#FFFFFF	#D3D3D3	220
230	#FFFFFF	#D3D3D3	220
231	#FFFFFF	#D3D3D3	220
232	#FFFFFF	#D3D3D3	113
233	#FFFFFF	#D3D3D3	113
234	#FFFFFF	#D3D3D3	113
235	#FFFFFF	#D3D3D3	113
236	#FFFFFF	#D3D3D3	113
237	#FFFFFF	#D3D3D3	113
238	#FFFFFF	#D3D3D3	32
239	#FFFFFF	#D3D3D3	113
240	#FFFFFF	#D3D3D3	113
241	#FFFFFF	#D3D3D3	113
242	#FFFFFF	#D3D3D3	113
243	#FFFFFF	#D3D3D3	64
244	#FFFFFF	#D3D3D3	64
245	#FFFFFF	#D3D3D3	64
246	#FFFFFF	#D3D3D3	118
247	#FFFFFF	#D3D3D3	118
248	#FFFFFF	#D3D3D3	32
249	#FFFFFF	#D3D3D3	32
250	#FFFFFF	#D3D3D3	32
251	#FFFFFF	#D3D3D3	32
252	#FFFFFF	#D3D3D3	32
254	#FFFFFF	#D3D3D3	50
255	#FFFFFF	#D3D3D3	50
256	#FFFFFF	#D3D3D3	32
257	#FFFFFF	#D3D3D3	32
258	#FFFFFF	#D3D3D3	32
259	#FFFFFF	#D3D3D3	165
260	#FFFFFF	#D3D3D3	165
261	#FFFFFF	#D3D3D3	165
262	#FFFFFF	#D3D3D3	165
263	#FFFFFF	#D3D3D3	165
264	#FFFFFF	#D3D3D3	60
265	#FFFFFF	#D3D3D3	60
266	#FEF5F8	#C8C8C8	22
267	#FFFFFF	#D3D3D3	60
268	#FFFFFF	#D3D3D3	127
269	#FFFFFF	#D3D3D3	127
270	#FFFFFF	#D3D3D3	222
271	#FFFFFF	#D3D3D3	222
272	#FFFFFF	#D3D3D3	77
273	#FFFFFF	#D3D3D3	77
274	#FFFFFF	#D3D3D3	220
275	#FFFFFF	#D3D3D3	220
276	#FFFFFF	#D3D3D3	220
277	#FEF5F8	#C8C8C8	22
278	#FFFFFF	#D3D3D3	220
279	#FFFFFF	#D3D3D3	220
280	#FFFFFF	#D3D3D3	220
281	#FFFFFF	#D3D3D3	220
282	#FFFFFF	#D3D3D3	220
283	#FFFFFF	#D3D3D3	113
284	#FFFFFF	#D3D3D3	113
285	#FFFFFF	#D3D3D3	113
286	#FFFFFF	#D3D3D3	113
287	#FFFFFF	#D3D3D3	113
288	#FFFFFF	#D3D3D3	32
289	#FFFFFF	#D3D3D3	113
290	#FFFFFF	#D3D3D3	113
291	#FFFFFF	#D3D3D3	113
292	#FFFFFF	#D3D3D3	113
293	#FFFFFF	#D3D3D3	64
294	#FFFFFF	#D3D3D3	64
295	#FFFFFF	#D3D3D3	64
296	#FFFFFF	#D3D3D3	118
297	#FFFFFF	#D3D3D3	118
298	#FFFFFF	#D3D3D3	118
299	#FFFFFF	#D3D3D3	32
300	#FFFFFF	#D3D3D3	32
301	#FFFFFF	#D3D3D3	32
302	#FFFFFF	#D3D3D3	32
303	#FFFFFF	#D3D3D3	32
305	#FFFFFF	#D3D3D3	50
306	#FFFFFF	#D3D3D3	50
307	#FFFFFF	#D3D3D3	32
308	#FFFFFF	#D3D3D3	32
309	#FFFFFF	#D3D3D3	32
310	#FFFFFF	#D3D3D3	165
311	#FFFFFF	#D3D3D3	165
312	#FFFFFF	#D3D3D3	165
313	#FFFFFF	#D3D3D3	60
314	#FFFFFF	#D3D3D3	60
315	#FFFFFF	#D3D3D3	60
316	#FFFFFF	#D3D3D3	60
317	#FEF5F8	#C8C8C8	22
318	#FFFFFF	#D3D3D3	127
319	#FFFFFF	#D3D3D3	127
320	#FFFFFF	#D3D3D3	222
321	#FFFFFF	#D3D3D3	222
322	#FFFFFF	#D3D3D3	222
323	#FFFFFF	#D3D3D3	77
324	#FFFFFF	#D3D3D3	77
325	#FFFFFF	#D3D3D3	220
326	#FFFFFF	#D3D3D3	220
327	#FFFFFF	#D3D3D3	220
328	#FEF5F8	#C8C8C8	22
329	#FFFFFF	#D3D3D3	220
330	#FFFFFF	#D3D3D3	220
331	#FFFFFF	#D3D3D3	220
332	#FFFFFF	#D3D3D3	220
333	#FFFFFF	#D3D3D3	220
334	#FFFFFF	#D3D3D3	113
335	#FFFFFF	#D3D3D3	113
336	#FFFFFF	#D3D3D3	113
337	#FFFFFF	#D3D3D3	113
338	#FFFFFF	#D3D3D3	113
339	#FFFFFF	#D3D3D3	32
340	#FFFFFF	#D3D3D3	113
341	#FFFFFF	#D3D3D3	113
342	#FFFFFF	#D3D3D3	113
343	#FFFFFF	#D3D3D3	64
344	#FFFFFF	#D3D3D3	118
345	#FFFFFF	#D3D3D3	118
346	#FFFFFF	#D3D3D3	118
347	#FFFFFF	#D3D3D3	118
348	#FFFFFF	#D3D3D3	118
349	#FFFFFF	#D3D3D3	32
350	#FFFFFF	#D3D3D3	32
351	#FFFFFF	#D3D3D3	32
352	#FFFFFF	#D3D3D3	32
353	#FFFFFF	#D3D3D3	32
355	#FFFFFF	#D3D3D3	50
356	#FFFFFF	#D3D3D3	50
357	#FFFFFF	#D3D3D3	32
358	#FFFFFF	#D3D3D3	32
359	#FFFFFF	#D3D3D3	32
360	#FFFFFF	#D3D3D3	32
361	#FFFFFF	#D3D3D3	165
362	#FFFFFF	#D3D3D3	32
363	#FFFFFF	#D3D3D3	165
364	#FFFFFF	#D3D3D3	60
365	#FFFFFF	#D3D3D3	60
366	#FFFFFF	#D3D3D3	60
367	#FEF5F8	#C8C8C8	22
368	#FFFFFF	#D3D3D3	127
369	#FFFFFF	#D3D3D3	127
370	#FFFFFF	#D3D3D3	222
371	#FFFFFF	#D3D3D3	222
372	#FFFFFF	#D3D3D3	222
373	#FFFFFF	#D3D3D3	77
374	#FFFFFF	#D3D3D3	77
375	#FFFFFF	#D3D3D3	77
376	#FFFFFF	#D3D3D3	220
377	#FFFFFF	#D3D3D3	220
378	#FEF5F8	#C8C8C8	22
379	#FFFFFF	#D3D3D3	220
380	#FFFFFF	#D3D3D3	220
381	#FFFFFF	#D3D3D3	220
382	#FFFFFF	#D3D3D3	220
383	#FFFFFF	#D3D3D3	220
384	#FFFFFF	#D3D3D3	220
385	#FFFFFF	#D3D3D3	113
386	#FFFFFF	#D3D3D3	113
387	#FFFFFF	#D3D3D3	113
388	#FFFFFF	#D3D3D3	113
389	#FFFFFF	#D3D3D3	32
390	#FFFFFF	#D3D3D3	113
391	#FFFFFF	#D3D3D3	113
392	#FFFFFF	#D3D3D3	113
393	#FFFFFF	#D3D3D3	64
394	#FFFFFF	#D3D3D3	118
395	#FFFFFF	#D3D3D3	118
396	#FFFFFF	#D3D3D3	118
397	#FFFFFF	#D3D3D3	118
398	#FFFFFF	#D3D3D3	118
399	#FFFFFF	#D3D3D3	118
400	#FFFFFF	#D3D3D3	32
401	#FFFFFF	#D3D3D3	32
402	#FFFFFF	#D3D3D3	32
403	#FFFFFF	#D3D3D3	32
404	#FFFFFF	#D3D3D3	32
406	#FFFFFF	#D3D3D3	50
407	#FFFFFF	#D3D3D3	50
408	#FFFFFF	#D3D3D3	32
409	#FFFFFF	#D3D3D3	32
410	#FFFFFF	#D3D3D3	32
411	#FFFFFF	#D3D3D3	32
412	#FFFFFF	#D3D3D3	32
413	#FFFFFF	#D3D3D3	165
414	#FFFFFF	#D3D3D3	60
415	#FFFFFF	#D3D3D3	60
416	#FFFFFF	#D3D3D3	60
417	#FFFFFF	#D3D3D3	127
418	#FEF5F8	#C8C8C8	22
419	#FFFFFF	#D3D3D3	127
420	#FFFFFF	#D3D3D3	222
421	#FFFFFF	#D3D3D3	222
422	#FFFFFF	#D3D3D3	222
423	#FFFFFF	#D3D3D3	77
424	#FFFFFF	#D3D3D3	77
425	#FFFFFF	#D3D3D3	77
426	#FFFFFF	#D3D3D3	77
427	#FFFFFF	#D3D3D3	220
428	#FFFFFF	#D3D3D3	220
429	#FEF5F8	#C8C8C8	22
430	#FFFFFF	#D3D3D3	220
431	#FFFFFF	#D3D3D3	220
432	#FFFFFF	#D3D3D3	220
433	#FFFFFF	#D3D3D3	220
434	#FFFFFF	#D3D3D3	220
435	#FFFFFF	#D3D3D3	113
436	#FFFFFF	#D3D3D3	113
437	#FFFFFF	#D3D3D3	113
438	#FFFFFF	#D3D3D3	113
439	#FFFFFF	#D3D3D3	113
440	#FFFFFF	#D3D3D3	32
441	#FFFFFF	#D3D3D3	113
442	#FFFFFF	#D3D3D3	113
443	#FFFFFF	#D3D3D3	64
444	#FFFFFF	#D3D3D3	64
445	#FFFFFF	#D3D3D3	118
446	#FFFFFF	#D3D3D3	118
447	#FFFFFF	#D3D3D3	118
448	#FFFFFF	#D3D3D3	118
449	#FFFFFF	#D3D3D3	118
450	#FFFFFF	#D3D3D3	32
451	#FFFFFF	#D3D3D3	32
452	#FFFFFF	#D3D3D3	32
453	#FFFFFF	#D3D3D3	32
454	#FFFFFF	#D3D3D3	32
456	#FFFFFF	#D3D3D3	50
457	#FFFFFF	#D3D3D3	50
458	#FFFFFF	#D3D3D3	32
459	#FFFFFF	#D3D3D3	32
460	#FFFFFF	#D3D3D3	32
461	#FFFFFF	#D3D3D3	32
462	#FFFFFF	#D3D3D3	32
463	#FFFFFF	#D3D3D3	165
464	#FFFFFF	#D3D3D3	165
465	#FFFFFF	#D3D3D3	60
466	#FFFFFF	#D3D3D3	60
467	#FFFFFF	#D3D3D3	127
468	#FFFFFF	#D3D3D3	50
469	#FFFFFF	#D3D3D3	127
470	#FFFFFF	#D3D3D3	222
471	#FFFFFF	#D3D3D3	222
472	#FFFFFF	#D3D3D3	222
473	#FFFFFF	#D3D3D3	77
474	#FFFFFF	#D3D3D3	77
475	#FFFFFF	#D3D3D3	77
476	#FFFFFF	#D3D3D3	77
477	#FFFFFF	#D3D3D3	77
478	#FFFFFF	#D3D3D3	220
479	#FEF5F8	#C8C8C8	22
480	#FFFFFF	#D3D3D3	220
481	#FFFFFF	#D3D3D3	220
482	#FFFFFF	#D3D3D3	220
483	#FFFFFF	#D3D3D3	220
484	#FFFFFF	#D3D3D3	220
485	#FFFFFF	#D3D3D3	113
486	#FFFFFF	#D3D3D3	113
487	#FFFFFF	#D3D3D3	113
488	#FFFFFF	#D3D3D3	113
489	#FFFFFF	#D3D3D3	113
490	#FEF5F8	#C8C8C8	22
491	#FFFFFF	#D3D3D3	113
492	#FFFFFF	#D3D3D3	113
493	#FFFFFF	#D3D3D3	64
494	#FFFFFF	#D3D3D3	118
495	#FFFFFF	#D3D3D3	118
496	#FFFFFF	#D3D3D3	118
497	#FFFFFF	#D3D3D3	39
498	#FFFFFF	#D3D3D3	39
499	#FFFFFF	#D3D3D3	118
500	#FFFFFF	#D3D3D3	145
501	#FFFFFF	#D3D3D3	32
502	#FFFFFF	#D3D3D3	32
503	#FFFFFF	#D3D3D3	32
504	#FFFFFF	#D3D3D3	32
505	#FFFFFF	#D3D3D3	32
507	#FFFFFF	#D3D3D3	50
508	#FFFFFF	#D3D3D3	50
509	#FFFFFF	#D3D3D3	32
510	#FFFFFF	#D3D3D3	32
511	#FFFFFF	#D3D3D3	32
512	#FFFFFF	#D3D3D3	165
513	#FFFFFF	#D3D3D3	165
514	#FFFFFF	#D3D3D3	165
515	#FFFFFF	#D3D3D3	165
516	#FFFFFF	#D3D3D3	60
517	#FFFFFF	#D3D3D3	127
518	#FFFFFF	#D3D3D3	127
519	#FEF5F8	#C8C8C8	22
520	#FFFFFF	#D3D3D3	222
521	#FFFFFF	#D3D3D3	222
522	#FFFFFF	#D3D3D3	222
523	#FFFFFF	#D3D3D3	77
524	#FFFFFF	#D3D3D3	77
525	#FFFFFF	#D3D3D3	77
526	#FFFFFF	#D3D3D3	77
527	#FFFFFF	#D3D3D3	77
528	#FFFFFF	#D3D3D3	77
529	#FFFFFF	#D3D3D3	220
530	#FEF5F8	#C8C8C8	22
531	#FFFFFF	#D3D3D3	220
532	#FFFFFF	#D3D3D3	220
533	#FFFFFF	#D3D3D3	220
534	#FFFFFF	#D3D3D3	220
535	#FFFFFF	#D3D3D3	113
536	#FFFFFF	#D3D3D3	113
537	#FFFFFF	#D3D3D3	113
538	#FFFFFF	#D3D3D3	113
539	#FFFFFF	#D3D3D3	113
540	#FFFFFF	#D3D3D3	113
541	#FFFFFF	#D3D3D3	32
542	#FFFFFF	#D3D3D3	113
543	#FFFFFF	#D3D3D3	64
544	#FFFFFF	#D3D3D3	118
545	#FFFFFF	#D3D3D3	118
546	#FFFFFF	#D3D3D3	118
547	#FFFFFF	#D3D3D3	39
548	#FFFFFF	#D3D3D3	39
549	#FFFFFF	#D3D3D3	39
551	#FFFFFF	#D3D3D3	32
552	#FFFFFF	#D3D3D3	32
553	#FFFFFF	#D3D3D3	32
554	#FFFFFF	#D3D3D3	32
555	#FFFFFF	#D3D3D3	32
557	#FFFFFF	#D3D3D3	50
558	#FFFFFF	#D3D3D3	50
559	#FFFFFF	#D3D3D3	32
560	#FFFFFF	#D3D3D3	32
561	#FFFFFF	#D3D3D3	32
562	#FFFFFF	#D3D3D3	32
563	#FFFFFF	#D3D3D3	165
564	#FFFFFF	#D3D3D3	73
565	#FFFFFF	#D3D3D3	165
566	#FFFFFF	#D3D3D3	165
567	#FFFFFF	#D3D3D3	127
568	#FFFFFF	#D3D3D3	127
569	#FEF5F8	#C8C8C8	22
570	#FFFFFF	#D3D3D3	222
571	#FFFFFF	#D3D3D3	222
572	#FFFFFF	#D3D3D3	222
573	#FFFFFF	#D3D3D3	227
574	#FFFFFF	#D3D3D3	77
575	#FFFFFF	#D3D3D3	77
576	#FFFFFF	#D3D3D3	77
577	#FFFFFF	#D3D3D3	77
578	#FFFFFF	#D3D3D3	77
579	#FFFFFF	#D3D3D3	77
580	#FEF5F8	#C8C8C8	22
581	#FFFFFF	#D3D3D3	220
582	#FFFFFF	#D3D3D3	220
583	#FFFFFF	#D3D3D3	220
584	#FFFFFF	#D3D3D3	220
585	#FFFFFF	#D3D3D3	113
586	#FFFFFF	#D3D3D3	113
587	#FFFFFF	#D3D3D3	113
588	#FFFFFF	#D3D3D3	64
589	#FFFFFF	#D3D3D3	113
590	#FFFFFF	#D3D3D3	113
591	#FFFFFF	#D3D3D3	32
592	#FFFFFF	#D3D3D3	113
593	#FFFFFF	#D3D3D3	64
594	#FFFFFF	#D3D3D3	118
595	#FFFFFF	#D3D3D3	118
596	#FFFFFF	#D3D3D3	39
597	#FFFFFF	#D3D3D3	39
598	#FFFFFF	#D3D3D3	39
599	#FFFFFF	#D3D3D3	39
602	#FFFFFF	#D3D3D3	32
603	#FFFFFF	#D3D3D3	32
604	#FFFFFF	#D3D3D3	32
605	#FFFFFF	#D3D3D3	32
606	#FFFFFF	#D3D3D3	32
608	#FFFFFF	#D3D3D3	50
609	#FEF5F8	#C8C8C8	22
610	#FFFFFF	#D3D3D3	32
611	#FFFFFF	#D3D3D3	32
612	#FFFFFF	#D3D3D3	32
613	#FFFFFF	#D3D3D3	165
614	#FFFFFF	#D3D3D3	73
615	#FFFFFF	#D3D3D3	73
616	#FFFFFF	#D3D3D3	165
617	#FFFFFF	#D3D3D3	127
618	#FFFFFF	#D3D3D3	127
619	#FFFFFF	#D3D3D3	127
620	#FEF5F8	#C8C8C8	22
621	#FFFFFF	#D3D3D3	222
622	#FFFFFF	#D3D3D3	222
623	#FFFFFF	#D3D3D3	227
624	#FFFFFF	#D3D3D3	77
625	#FFFFFF	#D3D3D3	77
626	#FFFFFF	#D3D3D3	77
627	#FFFFFF	#D3D3D3	77
628	#FFFFFF	#D3D3D3	227
629	#FFFFFF	#D3D3D3	77
630	#FFFFFF	#D3D3D3	77
631	#FEF5F8	#C8C8C8	22
632	#FFFFFF	#D3D3D3	220
633	#FFFFFF	#D3D3D3	220
634	#FFFFFF	#D3D3D3	220
635	#FFFFFF	#D3D3D3	113
636	#FFFFFF	#D3D3D3	113
637	#FFFFFF	#D3D3D3	113
638	#FFFFFF	#D3D3D3	64
639	#FFFFFF	#D3D3D3	64
640	#FFFFFF	#D3D3D3	113
641	#FFFFFF	#D3D3D3	113
642	#FFFFFF	#D3D3D3	32
643	#FFFFFF	#D3D3D3	64
644	#FFFFFF	#D3D3D3	64
645	#FFFFFF	#D3D3D3	118
646	#FFFFFF	#D3D3D3	39
647	#FFFFFF	#D3D3D3	39
648	#FFFFFF	#D3D3D3	39
649	#FFFFFF	#D3D3D3	39
652	#FFFFFF	#D3D3D3	32
653	#FFFFFF	#D3D3D3	32
654	#FFFFFF	#D3D3D3	32
655	#FFFFFF	#D3D3D3	32
656	#FFFFFF	#D3D3D3	32
658	#FFFFFF	#D3D3D3	50
659	#FEF5F8	#C8C8C8	22
660	#FFFFFF	#D3D3D3	32
661	#FFFFFF	#D3D3D3	32
662	#FFFFFF	#D3D3D3	73
663	#FFFFFF	#D3D3D3	165
664	#FFFFFF	#D3D3D3	73
665	#FFFFFF	#D3D3D3	73
666	#FFFFFF	#D3D3D3	73
667	#FFFFFF	#D3D3D3	127
668	#FFFFFF	#D3D3D3	222
669	#FFFFFF	#D3D3D3	222
670	#FEF5F8	#C8C8C8	22
671	#FFFFFF	#D3D3D3	222
672	#FFFFFF	#D3D3D3	222
673	#FFFFFF	#D3D3D3	227
674	#FFFFFF	#D3D3D3	77
675	#FFFFFF	#D3D3D3	77
676	#FFFFFF	#D3D3D3	227
677	#FFFFFF	#D3D3D3	227
678	#FFFFFF	#D3D3D3	227
679	#FFFFFF	#D3D3D3	227
680	#FFFFFF	#D3D3D3	227
681	#FEF5F8	#C8C8C8	22
682	#FFFFFF	#D3D3D3	77
683	#FFFFFF	#D3D3D3	220
684	#FFFFFF	#D3D3D3	220
685	#FFFFFF	#D3D3D3	113
686	#FFFFFF	#D3D3D3	113
687	#FFFFFF	#D3D3D3	113
688	#FFFFFF	#D3D3D3	64
689	#FFFFFF	#D3D3D3	64
690	#FFFFFF	#D3D3D3	64
691	#FFFFFF	#D3D3D3	113
692	#FEF5F8	#C8C8C8	22
693	#FFFFFF	#D3D3D3	64
694	#FFFFFF	#D3D3D3	64
695	#FFFFFF	#D3D3D3	64
696	#FFFFFF	#D3D3D3	39
697	#FFFFFF	#D3D3D3	39
698	#FFFFFF	#D3D3D3	39
699	#FFFFFF	#D3D3D3	39
703	#FFFFFF	#D3D3D3	32
704	#FFFFFF	#D3D3D3	32
705	#FFFFFF	#D3D3D3	32
706	#FFFFFF	#D3D3D3	32
707	#FFFFFF	#D3D3D3	32
709	#FFFFFF	#D3D3D3	50
710	#FEF5F8	#C8C8C8	22
711	#FFFFFF	#D3D3D3	32
712	#FFFFFF	#D3D3D3	73
713	#FFFFFF	#D3D3D3	73
714	#FFFFFF	#D3D3D3	73
715	#FFFFFF	#D3D3D3	73
716	#FFFFFF	#D3D3D3	73
717	#FFFFFF	#D3D3D3	127
718	#FFFFFF	#D3D3D3	222
719	#FFFFFF	#D3D3D3	222
720	#FFFFFF	#D3D3D3	222
721	#FEF5F8	#C8C8C8	22
722	#FFFFFF	#D3D3D3	222
723	#FFFFFF	#D3D3D3	227
724	#FFFFFF	#D3D3D3	227
725	#FFFFFF	#D3D3D3	227
726	#FFFFFF	#D3D3D3	77
727	#FFFFFF	#D3D3D3	227
728	#FFFFFF	#D3D3D3	227
729	#FFFFFF	#D3D3D3	227
730	#FFFFFF	#D3D3D3	227
731	#FFFFFF	#D3D3D3	227
732	#FEF5F8	#C8C8C8	22
733	#FFFFFF	#D3D3D3	77
734	#FFFFFF	#D3D3D3	220
735	#FFFFFF	#D3D3D3	113
736	#FFFFFF	#D3D3D3	77
737	#FFFFFF	#D3D3D3	113
738	#FFFFFF	#D3D3D3	64
739	#FFFFFF	#D3D3D3	64
740	#FFFFFF	#D3D3D3	64
741	#FFFFFF	#D3D3D3	64
742	#FFFFFF	#D3D3D3	64
743	#FFFFFF	#D3D3D3	32
744	#FFFFFF	#D3D3D3	64
745	#FFFFFF	#D3D3D3	64
746	#FFFFFF	#D3D3D3	30
747	#FFFFFF	#D3D3D3	39
748	#FFFFFF	#D3D3D3	39
749	#FFFFFF	#D3D3D3	39
753	#FFFFFF	#D3D3D3	32
754	#FFFFFF	#D3D3D3	32
755	#FFFFFF	#D3D3D3	32
756	#FFFFFF	#D3D3D3	32
757	#FFFFFF	#D3D3D3	32
759	#FFFFFF	#D3D3D3	50
760	#FEF5F8	#C8C8C8	22
761	#FFFFFF	#D3D3D3	32
762	#FFFFFF	#D3D3D3	73
763	#FFFFFF	#D3D3D3	73
764	#FFFFFF	#D3D3D3	73
765	#FFFFFF	#D3D3D3	73
766	#FFFFFF	#D3D3D3	73
767	#FFFFFF	#D3D3D3	127
768	#FFFFFF	#D3D3D3	222
769	#FFFFFF	#D3D3D3	222
770	#FFFFFF	#D3D3D3	222
771	#FEF5F8	#C8C8C8	22
772	#FFFFFF	#D3D3D3	222
773	#FFFFFF	#D3D3D3	227
774	#FFFFFF	#D3D3D3	227
775	#FFFFFF	#D3D3D3	227
776	#FFFFFF	#D3D3D3	227
777	#FFFFFF	#D3D3D3	227
778	#FFFFFF	#D3D3D3	227
779	#FFFFFF	#D3D3D3	227
780	#FFFFFF	#D3D3D3	227
781	#FFFFFF	#D3D3D3	227
782	#FEF5F8	#C8C8C8	22
783	#FFFFFF	#D3D3D3	227
784	#FFFFFF	#D3D3D3	77
785	#FFFFFF	#D3D3D3	113
786	#FFFFFF	#D3D3D3	77
787	#FFFFFF	#D3D3D3	113
788	#FFFFFF	#D3D3D3	64
789	#FFFFFF	#D3D3D3	64
790	#FFFFFF	#D3D3D3	64
791	#FFFFFF	#D3D3D3	64
792	#FFFFFF	#D3D3D3	64
793	#FEF5F8	#C8C8C8	22
794	#FFFFFF	#D3D3D3	64
795	#FFFFFF	#D3D3D3	64
796	#FFFFFF	#D3D3D3	30
797	#FFFFFF	#D3D3D3	39
798	#FFFFFF	#D3D3D3	39
799	#FFFFFF	#D3D3D3	39
804	#FFFFFF	#D3D3D3	32
805	#FFFFFF	#D3D3D3	32
806	#FFFFFF	#D3D3D3	32
807	#FFFFFF	#D3D3D3	32
808	#FFFFFF	#D3D3D3	32
810	#FFFFFF	#D3D3D3	50
811	#FEF5F8	#C8C8C8	22
812	#FFFFFF	#D3D3D3	32
813	#FFFFFF	#D3D3D3	73
814	#FFFFFF	#D3D3D3	73
815	#FFFFFF	#D3D3D3	73
816	#FFFFFF	#D3D3D3	73
817	#FFFFFF	#D3D3D3	127
818	#FFFFFF	#D3D3D3	222
819	#FFFFFF	#D3D3D3	222
820	#FFFFFF	#D3D3D3	222
821	#FFFFFF	#D3D3D3	222
822	#FEF5F8	#C8C8C8	22
823	#FFFFFF	#D3D3D3	227
824	#FFFFFF	#D3D3D3	227
825	#FFFFFF	#D3D3D3	227
826	#FFFFFF	#D3D3D3	227
827	#FFFFFF	#D3D3D3	227
828	#FFFFFF	#D3D3D3	227
829	#FFFFFF	#D3D3D3	227
830	#FFFFFF	#D3D3D3	227
831	#FFFFFF	#D3D3D3	227
832	#FFFFFF	#D3D3D3	227
833	#FEF5F8	#C8C8C8	22
834	#FFFFFF	#D3D3D3	227
835	#FFFFFF	#D3D3D3	77
836	#FFFFFF	#D3D3D3	77
837	#FFFFFF	#D3D3D3	113
838	#FFFFFF	#D3D3D3	64
839	#FFFFFF	#D3D3D3	64
840	#FFFFFF	#D3D3D3	64
841	#FFFFFF	#D3D3D3	64
842	#FFFFFF	#D3D3D3	30
843	#FFFFFF	#D3D3D3	30
844	#FFFFFF	#D3D3D3	32
845	#FFFFFF	#D3D3D3	64
846	#FFFFFF	#D3D3D3	30
847	#FFFFFF	#D3D3D3	30
848	#FFFFFF	#D3D3D3	39
849	#FFFFFF	#D3D3D3	39
854	#FFFFFF	#D3D3D3	32
855	#FFFFFF	#D3D3D3	32
856	#FFFFFF	#D3D3D3	32
857	#FFFFFF	#D3D3D3	32
858	#FFFFFF	#D3D3D3	32
860	#FFFFFF	#D3D3D3	50
861	#FEF5F8	#C8C8C8	22
862	#FFFFFF	#D3D3D3	32
863	#FFFFFF	#D3D3D3	73
864	#FFFFFF	#D3D3D3	73
865	#FFFFFF	#D3D3D3	73
866	#FFFFFF	#D3D3D3	73
867	#FFFFFF	#D3D3D3	127
868	#FFFFFF	#D3D3D3	222
869	#FFFFFF	#D3D3D3	222
870	#FFFFFF	#D3D3D3	222
871	#FFFFFF	#D3D3D3	222
872	#FEF5F8	#C8C8C8	22
873	#FFFFFF	#D3D3D3	77
874	#FFFFFF	#D3D3D3	227
875	#FFFFFF	#D3D3D3	227
876	#FFFFFF	#D3D3D3	227
877	#FFFFFF	#D3D3D3	227
878	#FFFFFF	#D3D3D3	227
879	#FFFFFF	#D3D3D3	227
880	#FFFFFF	#D3D3D3	227
881	#FFFFFF	#D3D3D3	227
882	#FFFFFF	#D3D3D3	227
883	#FEF5F8	#C8C8C8	22
884	#FFFFFF	#D3D3D3	227
885	#FFFFFF	#D3D3D3	77
886	#FFFFFF	#D3D3D3	77
887	#FFFFFF	#D3D3D3	77
888	#FFFFFF	#D3D3D3	113
889	#FFFFFF	#D3D3D3	64
890	#FFFFFF	#D3D3D3	64
891	#FFFFFF	#D3D3D3	64
892	#FFFFFF	#D3D3D3	30
893	#FFFFFF	#D3D3D3	30
894	#FFFFFF	#D3D3D3	32
895	#FFFFFF	#D3D3D3	30
896	#FFFFFF	#D3D3D3	30
897	#FFFFFF	#D3D3D3	30
898	#FFFFFF	#D3D3D3	39
899	#FFFFFF	#D3D3D3	39
904	#FFFFFF	#D3D3D3	39
905	#FFFFFF	#D3D3D3	32
906	#FFFFFF	#D3D3D3	32
907	#FFFFFF	#D3D3D3	32
908	#FFFFFF	#D3D3D3	32
909	#FFFFFF	#D3D3D3	32
911	#FFFFFF	#D3D3D3	50
912	#FEF5F8	#C8C8C8	22
913	#FFFFFF	#D3D3D3	73
914	#FFFFFF	#D3D3D3	73
915	#FFFFFF	#D3D3D3	73
916	#FFFFFF	#D3D3D3	73
917	#FFFFFF	#D3D3D3	127
918	#FFFFFF	#D3D3D3	222
919	#FFFFFF	#D3D3D3	222
920	#FFFFFF	#D3D3D3	222
921	#FFFFFF	#D3D3D3	222
922	#FFFFFF	#D3D3D3	77
923	#FEF5F8	#C8C8C8	22
924	#FFFFFF	#D3D3D3	227
925	#FFFFFF	#D3D3D3	227
926	#FFFFFF	#D3D3D3	227
927	#FFFFFF	#D3D3D3	227
928	#FFFFFF	#D3D3D3	227
929	#FFFFFF	#D3D3D3	227
930	#FFFFFF	#D3D3D3	227
931	#FFFFFF	#D3D3D3	227
932	#FFFFFF	#D3D3D3	227
933	#FFFFFF	#D3D3D3	227
934	#FEF5F8	#C8C8C8	22
935	#FFFFFF	#D3D3D3	227
936	#FFFFFF	#D3D3D3	77
937	#FFFFFF	#D3D3D3	77
938	#FFFFFF	#D3D3D3	77
939	#FFFFFF	#D3D3D3	113
940	#FFFFFF	#D3D3D3	64
941	#FFFFFF	#D3D3D3	64
942	#FFFFFF	#D3D3D3	30
943	#FFFFFF	#D3D3D3	30
944	#FFFFFF	#D3D3D3	39
945	#FFFFFF	#D3D3D3	32
946	#FFFFFF	#D3D3D3	30
947	#FFFFFF	#D3D3D3	30
948	#FFFFFF	#D3D3D3	30
949	#FFFFFF	#D3D3D3	39
950	#FFFFFF	#D3D3D3	145
954	#FFFFFF	#D3D3D3	39
955	#FFFFFF	#D3D3D3	32
956	#FFFFFF	#D3D3D3	32
957	#FFFFFF	#D3D3D3	32
958	#FFFFFF	#D3D3D3	32
959	#FFFFFF	#D3D3D3	32
961	#FFFFFF	#D3D3D3	50
962	#FFFFFF	#D3D3D3	50
963	#FFFFFF	#D3D3D3	73
964	#FFFFFF	#D3D3D3	73
965	#FFFFFF	#D3D3D3	73
966	#FFFFFF	#D3D3D3	73
967	#FFFFFF	#D3D3D3	127
968	#FFFFFF	#D3D3D3	127
969	#FFFFFF	#D3D3D3	222
970	#FFFFFF	#D3D3D3	222
971	#FFFFFF	#D3D3D3	222
972	#FFFFFF	#D3D3D3	77
973	#FEF5F8	#C8C8C8	22
974	#FFFFFF	#D3D3D3	227
975	#FFFFFF	#D3D3D3	227
976	#FFFFFF	#D3D3D3	227
977	#FFFFFF	#D3D3D3	227
978	#FFFFFF	#D3D3D3	227
979	#FFFFFF	#D3D3D3	227
980	#FFFFFF	#D3D3D3	227
981	#FFFFFF	#D3D3D3	227
982	#FFFFFF	#D3D3D3	227
983	#FFFFFF	#D3D3D3	227
984	#FEF5F8	#C8C8C8	22
985	#FFFFFF	#D3D3D3	227
986	#FFFFFF	#D3D3D3	227
987	#FFFFFF	#D3D3D3	77
988	#FFFFFF	#D3D3D3	77
989	#FFFFFF	#D3D3D3	113
990	#FFFFFF	#D3D3D3	113
991	#FFFFFF	#D3D3D3	64
992	#FFFFFF	#D3D3D3	30
993	#FFFFFF	#D3D3D3	30
994	#FFFFFF	#D3D3D3	30
995	#FEF5F8	#C8C8C8	22
996	#FFFFFF	#D3D3D3	39
997	#FFFFFF	#D3D3D3	39
998	#FFFFFF	#D3D3D3	39
999	#FFFFFF	#D3D3D3	39
1004	#FFFFFF	#D3D3D3	39
1005	#FFFFFF	#D3D3D3	178
1006	#FFFFFF	#D3D3D3	32
1007	#FFFFFF	#D3D3D3	32
1008	#FFFFFF	#D3D3D3	32
1009	#FFFFFF	#D3D3D3	32
1010	#FFFFFF	#D3D3D3	73
1012	#FFFFFF	#D3D3D3	50
1013	#FFFFFF	#D3D3D3	50
1014	#FFFFFF	#D3D3D3	73
1015	#FFFFFF	#D3D3D3	73
1016	#FFFFFF	#D3D3D3	73
1017	#FFFFFF	#D3D3D3	127
1018	#FFFFFF	#D3D3D3	127
1019	#FFFFFF	#D3D3D3	127
1020	#FFFFFF	#D3D3D3	222
1021	#FFFFFF	#D3D3D3	222
1022	#FFFFFF	#D3D3D3	77
1023	#FFFFFF	#D3D3D3	77
1024	#FEF5F8	#C8C8C8	22
1025	#FFFFFF	#D3D3D3	227
1026	#FFFFFF	#D3D3D3	227
1027	#FFFFFF	#D3D3D3	227
1028	#FFFFFF	#D3D3D3	227
1029	#FFFFFF	#D3D3D3	227
1030	#FFFFFF	#D3D3D3	227
1031	#FFFFFF	#D3D3D3	227
1032	#FFFFFF	#D3D3D3	227
1033	#FFFFFF	#D3D3D3	227
1034	#FFFFFF	#D3D3D3	227
1035	#FEF5F8	#C8C8C8	22
1036	#FFFFFF	#D3D3D3	227
1037	#FFFFFF	#D3D3D3	227
1038	#FFFFFF	#D3D3D3	77
1039	#FFFFFF	#D3D3D3	113
1040	#FFFFFF	#D3D3D3	113
1041	#FFFFFF	#D3D3D3	113
1042	#FFFFFF	#D3D3D3	30
1043	#FFFFFF	#D3D3D3	39
1044	#FFFFFF	#D3D3D3	30
1045	#FFFFFF	#D3D3D3	39
1046	#FFFFFF	#D3D3D3	32
1047	#FFFFFF	#D3D3D3	39
1048	#FFFFFF	#D3D3D3	39
1049	#FFFFFF	#D3D3D3	39
1052	#FFFFFF	#D3D3D3	145
1054	#FFFFFF	#D3D3D3	39
1055	#FFFFFF	#D3D3D3	178
1056	#FFFFFF	#D3D3D3	32
1057	#FFFFFF	#D3D3D3	32
1058	#FFFFFF	#D3D3D3	32
1059	#FFFFFF	#D3D3D3	73
1060	#FFFFFF	#D3D3D3	73
1062	#FFFFFF	#D3D3D3	50
1063	#FFFFFF	#D3D3D3	50
1064	#FFFFFF	#D3D3D3	73
1065	#FFFFFF	#D3D3D3	73
1066	#FFFFFF	#D3D3D3	73
1067	#FFFFFF	#D3D3D3	127
1068	#FFFFFF	#D3D3D3	127
1069	#FFFFFF	#D3D3D3	127
1070	#FFFFFF	#D3D3D3	127
1071	#FFFFFF	#D3D3D3	222
1072	#FFFFFF	#D3D3D3	77
1073	#FFFFFF	#D3D3D3	77
1074	#FFFFFF	#D3D3D3	50
1075	#FFFFFF	#D3D3D3	77
1076	#FFFFFF	#D3D3D3	227
1077	#FFFFFF	#D3D3D3	227
1078	#FFFFFF	#D3D3D3	227
1079	#FFFFFF	#D3D3D3	227
1080	#FFFFFF	#D3D3D3	227
1081	#FFFFFF	#D3D3D3	227
1082	#FFFFFF	#D3D3D3	227
1083	#FFFFFF	#D3D3D3	227
1084	#FFFFFF	#D3D3D3	227
1085	#FEF5F8	#C8C8C8	22
1086	#FFFFFF	#D3D3D3	227
1087	#FFFFFF	#D3D3D3	227
1088	#FFFFFF	#D3D3D3	227
1089	#FFFFFF	#D3D3D3	77
1090	#FFFFFF	#D3D3D3	77
1091	#FFFFFF	#D3D3D3	113
1092	#FFFFFF	#D3D3D3	30
1093	#FFFFFF	#D3D3D3	39
1094	#FFFFFF	#D3D3D3	39
1095	#FFFFFF	#D3D3D3	39
1096	#FEF5F8	#C8C8C8	22
1097	#FFFFFF	#D3D3D3	39
1098	#FFFFFF	#D3D3D3	39
1099	#FFFFFF	#D3D3D3	39
1104	#FFFFFF	#D3D3D3	39
1105	#FFFFFF	#D3D3D3	178
1106	#FFFFFF	#D3D3D3	178
1107	#FFFFFF	#D3D3D3	32
1108	#FFFFFF	#D3D3D3	32
1109	#FFFFFF	#D3D3D3	32
1110	#FFFFFF	#D3D3D3	32
1111	#FFFFFF	#D3D3D3	73
1113	#FFFFFF	#D3D3D3	50
1114	#FFFFFF	#D3D3D3	50
1115	#FFFFFF	#D3D3D3	73
1116	#FFFFFF	#D3D3D3	73
1117	#FFFFFF	#D3D3D3	127
1118	#FFFFFF	#D3D3D3	210
1119	#FFFFFF	#D3D3D3	127
1120	#FFFFFF	#D3D3D3	127
1121	#FFFFFF	#D3D3D3	127
1122	#FFFFFF	#D3D3D3	77
1123	#FFFFFF	#D3D3D3	77
1124	#FFFFFF	#D3D3D3	77
1125	#FFFFFF	#D3D3D3	50
1126	#FFFFFF	#D3D3D3	77
1127	#FFFFFF	#D3D3D3	227
1128	#FFFFFF	#D3D3D3	227
1129	#FFFFFF	#D3D3D3	227
1130	#FFFFFF	#D3D3D3	227
1131	#FFFFFF	#D3D3D3	227
1132	#FFFFFF	#D3D3D3	227
1133	#FFFFFF	#D3D3D3	227
1134	#FFFFFF	#D3D3D3	227
1135	#FFFFFF	#D3D3D3	227
1136	#FEF5F8	#C8C8C8	22
1137	#FFFFFF	#D3D3D3	227
1138	#FFFFFF	#D3D3D3	227
1139	#FFFFFF	#D3D3D3	77
1140	#FFFFFF	#D3D3D3	77
1141	#FFFFFF	#D3D3D3	77
1142	#FFFFFF	#D3D3D3	30
1143	#FFFFFF	#D3D3D3	30
1144	#FFFFFF	#D3D3D3	39
1145	#FFFFFF	#D3D3D3	39
1146	#FFFFFF	#D3D3D3	39
1147	#FEF5F8	#C8C8C8	22
1148	#FFFFFF	#D3D3D3	39
1149	#FFFFFF	#D3D3D3	39
1150	#FFFFFF	#D3D3D3	145
1154	#FFFFFF	#D3D3D3	39
1155	#FFFFFF	#D3D3D3	178
1156	#FFFFFF	#D3D3D3	178
1157	#FFFFFF	#D3D3D3	32
1158	#FFFFFF	#D3D3D3	32
1159	#FFFFFF	#D3D3D3	32
1160	#FFFFFF	#D3D3D3	73
1161	#FFFFFF	#D3D3D3	73
1163	#F7C5D6	#929292	204
1164	#FEF5F8	#C8C8C8	22
1165	#FFFFFF	#D3D3D3	32
1166	#FFFFFF	#D3D3D3	32
1167	#FFFFFF	#D3D3D3	32
1168	#FFFFFF	#D3D3D3	32
1169	#FFFFFF	#D3D3D3	32
1170	#FFFFFF	#D3D3D3	32
1171	#FFFFFF	#D3D3D3	165
1172	#FFFFFF	#D3D3D3	165
1173	#FFFFFF	#D3D3D3	104
1174	#FFFFFF	#D3D3D3	104
1175	#FEF5F8	#C8C8C8	22
1176	#FFFFFF	#D3D3D3	104
1177	#FFFFFF	#D3D3D3	104
1178	#FFFFFF	#D3D3D3	104
1179	#FFFFFF	#D3D3D3	104
1180	#FFFFFF	#D3D3D3	104
1181	#FFFFFF	#D3D3D3	60
1182	#FFFFFF	#D3D3D3	1
1183	#FFFFFF	#D3D3D3	60
1184	#FFFFFF	#D3D3D3	60
1185	#FFFFFF	#D3D3D3	60
1186	#FEF5F8	#C8C8C8	22
1187	#FFFFFF	#D3D3D3	65
1188	#FFFFFF	#D3D3D3	113
1189	#FFFFFF	#D3D3D3	113
1190	#FFFFFF	#D3D3D3	113
1191	#FFFFFF	#D3D3D3	113
1192	#FFFFFF	#D3D3D3	113
1193	#FFFFFF	#D3D3D3	113
1194	#FFFFFF	#D3D3D3	113
1195	#FFFFFF	#D3D3D3	113
1196	#FFFFFF	#D3D3D3	64
1197	#FEF5F8	#C8C8C8	22
1198	#FFFFFF	#D3D3D3	64
1199	#FFFFFF	#D3D3D3	64
1200	#FFFFFF	#D3D3D3	64
1201	#FFFFFF	#D3D3D3	64
1202	#FFFFFF	#D3D3D3	64
1203	#FFFFFF	#D3D3D3	64
1204	#FFFFFF	#D3D3D3	64
1205	#FFFFFF	#D3D3D3	64
1206	#FFFFFF	#D3D3D3	64
1207	#FFFFFF	#D3D3D3	64
1208	#FEF5F8	#C8C8C8	22
1209	#FEF5F8	#C8C8C8	22
1210	#FCE4EB	#B3B3B3	154
1211	#FFFFFF	#D3D3D3	32
1212	#FFFFFF	#D3D3D3	32
1214	#FEF5F8	#C8C8C8	22
1215	#FEF5F8	#C8C8C8	22
1216	#FFFFFF	#D3D3D3	32
1217	#FFFFFF	#D3D3D3	32
1218	#FFFFFF	#D3D3D3	32
1219	#FFFFFF	#D3D3D3	32
1220	#FFFFFF	#D3D3D3	32
1221	#FFFFFF	#D3D3D3	165
1222	#FFFFFF	#D3D3D3	165
1223	#FFFFFF	#D3D3D3	165
1224	#FFFFFF	#D3D3D3	165
1225	#FFFFFF	#D3D3D3	165
1226	#FEF5F8	#C8C8C8	22
1227	#FFFFFF	#D3D3D3	104
1228	#FFFFFF	#D3D3D3	104
1229	#FFFFFF	#D3D3D3	104
1230	#FFFFFF	#D3D3D3	104
1231	#FFFFFF	#D3D3D3	60
1232	#FFFFFF	#D3D3D3	1
1233	#FFFFFF	#D3D3D3	60
1234	#FFFFFF	#D3D3D3	60
1235	#FFFFFF	#D3D3D3	60
1236	#FFFFFF	#D3D3D3	65
1237	#FEF5F8	#C8C8C8	22
1238	#FFFFFF	#D3D3D3	113
1239	#FFFFFF	#D3D3D3	113
1240	#FFFFFF	#D3D3D3	113
1241	#FFFFFF	#D3D3D3	113
1242	#FFFFFF	#D3D3D3	113
1243	#FFFFFF	#D3D3D3	113
1244	#FFFFFF	#D3D3D3	113
1245	#FFFFFF	#D3D3D3	113
1246	#FFFFFF	#D3D3D3	64
1247	#FFFFFF	#D3D3D3	64
1248	#FEF5F8	#C8C8C8	22
1249	#FFFFFF	#D3D3D3	64
1250	#FFFFFF	#D3D3D3	64
1251	#FFFFFF	#D3D3D3	64
1252	#FFFFFF	#D3D3D3	64
1253	#FFFFFF	#D3D3D3	64
1254	#FFFFFF	#D3D3D3	64
1255	#FFFFFF	#D3D3D3	64
1256	#FFFFFF	#D3D3D3	64
1257	#FFFFFF	#D3D3D3	64
1258	#FEF5F8	#C8C8C8	22
1259	#FCE4EB	#B3B3B3	154
1260	#FCE4EB	#B3B3B3	154
1261	#FFFFFF	#D3D3D3	32
1262	#FFFFFF	#D3D3D3	32
1264	#FFFFFF	#D3D3D3	50
1265	#FFFFFF	#D3D3D3	50
1266	#FFFFFF	#D3D3D3	73
1267	#FFFFFF	#D3D3D3	73
1268	#FFFFFF	#D3D3D3	127
1269	#FFFFFF	#D3D3D3	210
1270	#FFFFFF	#D3D3D3	210
1271	#FFFFFF	#D3D3D3	127
1272	#FFFFFF	#D3D3D3	127
1273	#FFFFFF	#D3D3D3	77
1274	#FFFFFF	#D3D3D3	77
1275	#FFFFFF	#D3D3D3	77
1276	#FFFFFF	#D3D3D3	50
1277	#FFFFFF	#D3D3D3	77
1278	#FFFFFF	#D3D3D3	77
1279	#FFFFFF	#D3D3D3	227
1280	#FFFFFF	#D3D3D3	227
1281	#FFFFFF	#D3D3D3	227
1282	#FFFFFF	#D3D3D3	227
1283	#FFFFFF	#D3D3D3	227
1284	#FFFFFF	#D3D3D3	227
1285	#FFFFFF	#D3D3D3	227
1286	#FFFFFF	#D3D3D3	227
1287	#FEF5F8	#C8C8C8	22
1288	#FFFFFF	#D3D3D3	227
1289	#FFFFFF	#D3D3D3	227
1290	#FFFFFF	#D3D3D3	77
1291	#FFFFFF	#D3D3D3	77
1292	#FFFFFF	#D3D3D3	77
1293	#FFFFFF	#D3D3D3	225
1294	#FFFFFF	#D3D3D3	30
1295	#FFFFFF	#D3D3D3	30
1296	#FFFFFF	#D3D3D3	39
1297	#FFFFFF	#D3D3D3	39
1298	#FEF5F8	#C8C8C8	22
1299	#FFFFFF	#D3D3D3	39
1300	#FFFFFF	#D3D3D3	39
1305	#FFFFFF	#D3D3D3	39
1306	#FFFFFF	#D3D3D3	7
1307	#FFFFFF	#D3D3D3	178
1308	#FFFFFF	#D3D3D3	178
1309	#FEF5F8	#C8C8C8	22
1310	#FFFFFF	#D3D3D3	32
1311	#FFFFFF	#D3D3D3	32
1312	#FFFFFF	#D3D3D3	73
1313	#FFFFFF	#D3D3D3	73
1315	#FFFFFF	#D3D3D3	50
1316	#FFFFFF	#D3D3D3	50
1317	#FFFFFF	#D3D3D3	73
1318	#FFFFFF	#D3D3D3	127
1319	#FFFFFF	#D3D3D3	210
1320	#FFFFFF	#D3D3D3	210
1321	#FFFFFF	#D3D3D3	210
1322	#FFFFFF	#D3D3D3	127
1323	#FFFFFF	#D3D3D3	77
1324	#FFFFFF	#D3D3D3	77
1325	#FFFFFF	#D3D3D3	77
1326	#FFFFFF	#D3D3D3	77
1327	#FEF5F8	#C8C8C8	22
1328	#FFFFFF	#D3D3D3	227
1329	#FFFFFF	#D3D3D3	227
1330	#FFFFFF	#D3D3D3	227
1331	#FFFFFF	#D3D3D3	227
1332	#FFFFFF	#D3D3D3	227
1333	#FFFFFF	#D3D3D3	227
1334	#FFFFFF	#D3D3D3	227
1335	#FFFFFF	#D3D3D3	227
1336	#FFFFFF	#D3D3D3	227
1337	#FFFFFF	#D3D3D3	227
1338	#FEF5F8	#C8C8C8	22
1339	#FFFFFF	#D3D3D3	227
1340	#FFFFFF	#D3D3D3	77
1341	#FFFFFF	#D3D3D3	77
1342	#FFFFFF	#D3D3D3	77
1343	#FFFFFF	#D3D3D3	225
1344	#FFFFFF	#D3D3D3	225
1345	#FFFFFF	#D3D3D3	30
1346	#FFFFFF	#D3D3D3	30
1347	#FFFFFF	#D3D3D3	39
1348	#FFFFFF	#D3D3D3	39
1349	#FEF5F8	#C8C8C8	22
1350	#FFFFFF	#D3D3D3	39
1355	#FFFFFF	#D3D3D3	39
1356	#FFFFFF	#D3D3D3	7
1357	#FFFFFF	#D3D3D3	7
1358	#FFFFFF	#D3D3D3	178
1359	#FEF5F8	#C8C8C8	22
1360	#FFFFFF	#D3D3D3	32
1361	#FFFFFF	#D3D3D3	73
1362	#FFFFFF	#D3D3D3	73
1363	#FFFFFF	#D3D3D3	73
1365	#FFFFFF	#D3D3D3	50
1366	#FFFFFF	#D3D3D3	50
1367	#FFFFFF	#D3D3D3	73
1368	#FFFFFF	#D3D3D3	127
1369	#FFFFFF	#D3D3D3	127
1370	#FFFFFF	#D3D3D3	210
1371	#FFFFFF	#D3D3D3	210
1372	#FFFFFF	#D3D3D3	210
1373	#FFFFFF	#D3D3D3	77
1374	#FFFFFF	#D3D3D3	77
1375	#FFFFFF	#D3D3D3	77
1376	#FFFFFF	#D3D3D3	227
1377	#FEF5F8	#C8C8C8	22
1378	#FFFFFF	#D3D3D3	227
1379	#FFFFFF	#D3D3D3	227
1380	#FFFFFF	#D3D3D3	227
1381	#FFFFFF	#D3D3D3	227
1382	#FFFFFF	#D3D3D3	227
1383	#FFFFFF	#D3D3D3	227
1384	#FFFFFF	#D3D3D3	227
1385	#FFFFFF	#D3D3D3	227
1386	#FFFFFF	#D3D3D3	227
1387	#FFFFFF	#D3D3D3	227
1388	#FEF5F8	#C8C8C8	22
1389	#FFFFFF	#D3D3D3	227
1390	#FFFFFF	#D3D3D3	77
1391	#FFFFFF	#D3D3D3	77
1392	#FFFFFF	#D3D3D3	77
1393	#FFFFFF	#D3D3D3	225
1394	#FFFFFF	#D3D3D3	225
1395	#FFFFFF	#D3D3D3	225
1396	#FFFFFF	#D3D3D3	30
1397	#FFFFFF	#D3D3D3	30
1398	#FFFFFF	#D3D3D3	39
1399	#FEF5F8	#C8C8C8	22
1400	#FFFFFF	#D3D3D3	39
1405	#FFFFFF	#D3D3D3	39
1406	#FFFFFF	#D3D3D3	7
1407	#FFFFFF	#D3D3D3	7
1408	#FFFFFF	#D3D3D3	7
1409	#FFFFFF	#D3D3D3	7
1410	#FEF5F8	#C8C8C8	22
1411	#FFFFFF	#D3D3D3	32
1412	#FFFFFF	#D3D3D3	32
1413	#FFFFFF	#D3D3D3	73
1414	#FFFFFF	#D3D3D3	73
1416	#FFFFFF	#D3D3D3	50
1417	#FFFFFF	#D3D3D3	50
1418	#FFFFFF	#D3D3D3	127
1419	#FFFFFF	#D3D3D3	127
1420	#FFFFFF	#D3D3D3	127
1421	#FFFFFF	#D3D3D3	210
1422	#FFFFFF	#D3D3D3	210
1423	#FFFFFF	#D3D3D3	77
1424	#FFFFFF	#D3D3D3	77
1425	#FFFFFF	#D3D3D3	77
1426	#FFFFFF	#D3D3D3	77
1427	#FFFFFF	#D3D3D3	227
1428	#FEF5F8	#C8C8C8	22
1429	#FFFFFF	#D3D3D3	227
1430	#FFFFFF	#D3D3D3	227
1431	#FFFFFF	#D3D3D3	227
1432	#FFFFFF	#D3D3D3	227
1433	#FFFFFF	#D3D3D3	227
1434	#FFFFFF	#D3D3D3	227
1435	#FFFFFF	#D3D3D3	227
1436	#FFFFFF	#D3D3D3	227
1437	#FFFFFF	#D3D3D3	227
1438	#FFFFFF	#D3D3D3	227
1439	#FEF5F8	#C8C8C8	22
1440	#FFFFFF	#D3D3D3	77
1441	#FFFFFF	#D3D3D3	77
1442	#FFFFFF	#D3D3D3	77
1443	#FFFFFF	#D3D3D3	225
1444	#FFFFFF	#D3D3D3	225
1445	#FFFFFF	#D3D3D3	225
1446	#FFFFFF	#D3D3D3	30
1447	#FFFFFF	#D3D3D3	30
1448	#FFFFFF	#D3D3D3	39
1449	#FFFFFF	#D3D3D3	39
1450	#FEF5F8	#C8C8C8	22
1455	#FFFFFF	#D3D3D3	39
1456	#FFFFFF	#D3D3D3	7
1457	#FFFFFF	#D3D3D3	7
1458	#FFFFFF	#D3D3D3	7
1459	#FFFFFF	#D3D3D3	7
1460	#FFFFFF	#D3D3D3	32
1461	#FFFFFF	#D3D3D3	32
1462	#FFFFFF	#D3D3D3	73
1463	#FFFFFF	#D3D3D3	73
1464	#FFFFFF	#D3D3D3	73
1466	#FFFFFF	#D3D3D3	50
1467	#FFFFFF	#D3D3D3	50
1468	#FFFFFF	#D3D3D3	127
1469	#FFFFFF	#D3D3D3	127
1470	#FFFFFF	#D3D3D3	127
1471	#FFFFFF	#D3D3D3	210
1472	#FFFFFF	#D3D3D3	210
1473	#FFFFFF	#D3D3D3	77
1474	#FFFFFF	#D3D3D3	77
1475	#FFFFFF	#D3D3D3	77
1476	#FFFFFF	#D3D3D3	77
1477	#FFFFFF	#D3D3D3	227
1478	#FEF5F8	#C8C8C8	22
1479	#FFFFFF	#D3D3D3	227
1480	#FFFFFF	#D3D3D3	227
1481	#FFFFFF	#D3D3D3	227
1482	#FFFFFF	#D3D3D3	227
1483	#FFFFFF	#D3D3D3	227
1484	#FFFFFF	#D3D3D3	227
1485	#FFFFFF	#D3D3D3	227
1486	#FFFFFF	#D3D3D3	227
1487	#FFFFFF	#D3D3D3	227
1488	#FFFFFF	#D3D3D3	227
1489	#FEF5F8	#C8C8C8	22
1490	#FFFFFF	#D3D3D3	227
1491	#FFFFFF	#D3D3D3	77
1492	#FFFFFF	#D3D3D3	77
1493	#FFFFFF	#D3D3D3	225
1494	#FFFFFF	#D3D3D3	225
1495	#FFFFFF	#D3D3D3	225
1496	#FFFFFF	#D3D3D3	30
1497	#FFFFFF	#D3D3D3	30
1498	#FFFFFF	#D3D3D3	39
1499	#FFFFFF	#D3D3D3	39
1500	#FEF5F8	#C8C8C8	22
1505	#FFFFFF	#D3D3D3	39
1506	#FFFFFF	#D3D3D3	7
1507	#FFFFFF	#D3D3D3	7
1508	#FFFFFF	#D3D3D3	7
1509	#FFFFFF	#D3D3D3	7
1510	#FFFFFF	#D3D3D3	7
1511	#FEF5F8	#C8C8C8	22
1512	#FFFFFF	#D3D3D3	32
1513	#FFFFFF	#D3D3D3	73
1514	#FFFFFF	#D3D3D3	73
1515	#FFFFFF	#D3D3D3	73
1517	#FFFFFF	#D3D3D3	50
1518	#FFFFFF	#D3D3D3	50
1519	#FFFFFF	#D3D3D3	127
1520	#FFFFFF	#D3D3D3	210
1521	#FFFFFF	#D3D3D3	210
1522	#FFFFFF	#D3D3D3	210
1523	#FFFFFF	#D3D3D3	77
1524	#FFFFFF	#D3D3D3	77
1525	#FFFFFF	#D3D3D3	77
1526	#FFFFFF	#D3D3D3	77
1527	#FFFFFF	#D3D3D3	227
1528	#FFFFFF	#D3D3D3	227
1529	#FEF5F8	#C8C8C8	22
1530	#FFFFFF	#D3D3D3	227
1531	#FFFFFF	#D3D3D3	227
1532	#FFFFFF	#D3D3D3	227
1533	#FFFFFF	#D3D3D3	227
1534	#FFFFFF	#D3D3D3	227
1535	#FFFFFF	#D3D3D3	227
1536	#FFFFFF	#D3D3D3	227
1537	#FFFFFF	#D3D3D3	227
1538	#FFFFFF	#D3D3D3	227
1539	#FFFFFF	#D3D3D3	77
1540	#FEF5F8	#C8C8C8	22
1541	#FFFFFF	#D3D3D3	77
1542	#FFFFFF	#D3D3D3	77
1543	#FFFFFF	#D3D3D3	225
1544	#FFFFFF	#D3D3D3	225
1545	#FFFFFF	#D3D3D3	225
1546	#FFFFFF	#D3D3D3	30
1547	#FFFFFF	#D3D3D3	30
1548	#FFFFFF	#D3D3D3	30
1549	#FFFFFF	#D3D3D3	39
1551	#FEF5F8	#C8C8C8	22
1555	#FFFFFF	#D3D3D3	39
1556	#FFFFFF	#D3D3D3	39
1557	#FFFFFF	#D3D3D3	7
1558	#FFFFFF	#D3D3D3	7
1559	#FFFFFF	#D3D3D3	7
1560	#FFFFFF	#D3D3D3	7
1561	#FFFFFF	#D3D3D3	32
1562	#FFFFFF	#D3D3D3	73
1563	#FFFFFF	#D3D3D3	73
1564	#FFFFFF	#D3D3D3	73
1565	#FFFFFF	#D3D3D3	127
1567	#FFFFFF	#D3D3D3	50
1568	#FFFFFF	#D3D3D3	50
1569	#FFFFFF	#D3D3D3	210
1570	#FFFFFF	#D3D3D3	210
1571	#FFFFFF	#D3D3D3	210
1572	#FFFFFF	#D3D3D3	210
1573	#FFFFFF	#D3D3D3	77
1574	#FFFFFF	#D3D3D3	77
1575	#FFFFFF	#D3D3D3	77
1576	#FFFFFF	#D3D3D3	77
1577	#FFFFFF	#D3D3D3	227
1578	#FFFFFF	#D3D3D3	227
1579	#FEF5F8	#C8C8C8	22
1580	#FFFFFF	#D3D3D3	227
1581	#FFFFFF	#D3D3D3	227
1582	#FFFFFF	#D3D3D3	227
1583	#FFFFFF	#D3D3D3	227
1584	#FFFFFF	#D3D3D3	227
1585	#FFFFFF	#D3D3D3	227
1586	#FFFFFF	#D3D3D3	227
1587	#FFFFFF	#D3D3D3	227
1588	#FFFFFF	#D3D3D3	227
1589	#FFFFFF	#D3D3D3	77
1590	#FEF5F8	#C8C8C8	22
1591	#FFFFFF	#D3D3D3	77
1592	#FFFFFF	#D3D3D3	77
1593	#FFFFFF	#D3D3D3	225
1594	#FFFFFF	#D3D3D3	225
1595	#FFFFFF	#D3D3D3	225
1596	#FFFFFF	#D3D3D3	30
1597	#FFFFFF	#D3D3D3	30
1598	#FFFFFF	#D3D3D3	30
1599	#FFFFFF	#D3D3D3	30
1601	#FEF5F8	#C8C8C8	22
1605	#FFFFFF	#D3D3D3	39
1606	#FFFFFF	#D3D3D3	39
1607	#FFFFFF	#D3D3D3	39
1608	#FFFFFF	#D3D3D3	39
1609	#FFFFFF	#D3D3D3	7
1610	#FFFFFF	#D3D3D3	7
1611	#FFFFFF	#D3D3D3	7
1612	#FFFFFF	#D3D3D3	32
1613	#FFFFFF	#D3D3D3	73
1614	#FFFFFF	#D3D3D3	73
1615	#FFFFFF	#D3D3D3	73
1616	#FFFFFF	#D3D3D3	127
1618	#FFFFFF	#D3D3D3	50
1619	#FFFFFF	#D3D3D3	50
1620	#FFFFFF	#D3D3D3	210
1621	#FFFFFF	#D3D3D3	210
1622	#FFFFFF	#D3D3D3	210
1623	#FFFFFF	#D3D3D3	77
1624	#FFFFFF	#D3D3D3	32
1625	#FFFFFF	#D3D3D3	77
1626	#FFFFFF	#D3D3D3	77
1627	#FFFFFF	#D3D3D3	77
1628	#FFFFFF	#D3D3D3	77
1629	#FFFFFF	#D3D3D3	227
1630	#FEF5F8	#C8C8C8	22
1631	#FFFFFF	#D3D3D3	227
1632	#FFFFFF	#D3D3D3	227
1633	#FFFFFF	#D3D3D3	227
1634	#FFFFFF	#D3D3D3	227
1635	#FFFFFF	#D3D3D3	227
1636	#FFFFFF	#D3D3D3	227
1637	#FFFFFF	#D3D3D3	227
1638	#FFFFFF	#D3D3D3	227
1639	#FFFFFF	#D3D3D3	77
1640	#FFFFFF	#D3D3D3	77
1641	#FEF5F8	#C8C8C8	22
1642	#FFFFFF	#D3D3D3	77
1643	#FFFFFF	#D3D3D3	225
1644	#FFFFFF	#D3D3D3	225
1645	#FFFFFF	#D3D3D3	225
1646	#FFFFFF	#D3D3D3	30
1647	#FFFFFF	#D3D3D3	30
1648	#FFFFFF	#D3D3D3	30
1649	#FFFFFF	#D3D3D3	30
1652	#FFFFFF	#D3D3D3	32
1655	#FFFFFF	#D3D3D3	39
1656	#FFFFFF	#D3D3D3	39
1657	#FFFFFF	#D3D3D3	39
1658	#FFFFFF	#D3D3D3	39
1659	#FFFFFF	#D3D3D3	7
1660	#FFFFFF	#D3D3D3	7
1661	#FFFFFF	#D3D3D3	7
1662	#FFFFFF	#D3D3D3	73
1663	#FFFFFF	#D3D3D3	73
1664	#FFFFFF	#D3D3D3	73
1665	#FFFFFF	#D3D3D3	127
1666	#FFFFFF	#D3D3D3	210
1668	#FFFFFF	#D3D3D3	50
1669	#FFFFFF	#D3D3D3	50
1670	#FFFFFF	#D3D3D3	210
1671	#FFFFFF	#D3D3D3	210
1672	#FFFFFF	#D3D3D3	210
1673	#FFFFFF	#D3D3D3	77
1674	#FFFFFF	#D3D3D3	32
1675	#FFFFFF	#D3D3D3	32
1676	#FFFFFF	#D3D3D3	77
1677	#FFFFFF	#D3D3D3	77
1678	#FFFFFF	#D3D3D3	77
1679	#FFFFFF	#D3D3D3	227
1680	#FFFFFF	#D3D3D3	50
1681	#FFFFFF	#D3D3D3	77
1682	#FFFFFF	#D3D3D3	77
1683	#FFFFFF	#D3D3D3	227
1684	#FFFFFF	#D3D3D3	227
1685	#FFFFFF	#D3D3D3	227
1686	#FFFFFF	#D3D3D3	227
1687	#FFFFFF	#D3D3D3	227
1688	#FFFFFF	#D3D3D3	227
1689	#FFFFFF	#D3D3D3	77
1690	#FFFFFF	#D3D3D3	77
1691	#FEF5F8	#C8C8C8	22
1692	#FFFFFF	#D3D3D3	77
1693	#FFFFFF	#D3D3D3	225
1694	#FFFFFF	#D3D3D3	225
1695	#FFFFFF	#D3D3D3	30
1696	#FFFFFF	#D3D3D3	30
1697	#FFFFFF	#D3D3D3	30
1698	#FFFFFF	#D3D3D3	30
1699	#FFFFFF	#D3D3D3	30
1702	#FFFFFF	#D3D3D3	32
1704	#FFFFFF	#D3D3D3	145
1705	#FFFFFF	#D3D3D3	39
1706	#FFFFFF	#D3D3D3	39
1707	#FFFFFF	#D3D3D3	39
1708	#FFFFFF	#D3D3D3	39
1709	#FFFFFF	#D3D3D3	7
1710	#FFFFFF	#D3D3D3	7
1711	#FFFFFF	#D3D3D3	7
1712	#FFFFFF	#D3D3D3	7
1713	#FFFFFF	#D3D3D3	73
1714	#FFFFFF	#D3D3D3	73
1715	#FFFFFF	#D3D3D3	73
1716	#FFFFFF	#D3D3D3	127
1717	#FFFFFF	#D3D3D3	127
1719	#FFFFFF	#D3D3D3	50
1720	#FFFFFF	#D3D3D3	50
1721	#FFFFFF	#D3D3D3	210
1722	#FFFFFF	#D3D3D3	210
1723	#FFFFFF	#D3D3D3	77
1724	#FFFFFF	#D3D3D3	32
1725	#FFFFFF	#D3D3D3	32
1726	#FFFFFF	#D3D3D3	32
1727	#FFFFFF	#D3D3D3	77
1728	#FFFFFF	#D3D3D3	77
1729	#FFFFFF	#D3D3D3	77
1730	#FFFFFF	#D3D3D3	227
1731	#FEF5F8	#C8C8C8	22
1732	#FFFFFF	#D3D3D3	77
1733	#FFFFFF	#D3D3D3	77
1734	#FFFFFF	#D3D3D3	227
1735	#FFFFFF	#D3D3D3	227
1736	#FFFFFF	#D3D3D3	227
1737	#FFFFFF	#D3D3D3	227
1738	#FFFFFF	#D3D3D3	227
1739	#FFFFFF	#D3D3D3	227
1740	#FFFFFF	#D3D3D3	77
1741	#FFFFFF	#D3D3D3	77
1742	#FFFFFF	#D3D3D3	32
1743	#FFFFFF	#D3D3D3	225
1744	#FFFFFF	#D3D3D3	225
1745	#FFFFFF	#D3D3D3	30
1746	#FFFFFF	#D3D3D3	30
1747	#FFFFFF	#D3D3D3	30
1748	#FFFFFF	#D3D3D3	30
1749	#FFFFFF	#D3D3D3	30
1753	#FFFFFF	#D3D3D3	73
1755	#FFFFFF	#D3D3D3	39
1756	#FFFFFF	#D3D3D3	39
1757	#FFFFFF	#D3D3D3	39
1758	#FFFFFF	#D3D3D3	39
1759	#FFFFFF	#D3D3D3	7
1760	#FFFFFF	#D3D3D3	7
1761	#FFFFFF	#D3D3D3	7
1762	#FFFFFF	#D3D3D3	7
1763	#FFFFFF	#D3D3D3	73
1764	#FFFFFF	#D3D3D3	73
1765	#FFFFFF	#D3D3D3	127
1766	#FFFFFF	#D3D3D3	127
1767	#FFFFFF	#D3D3D3	210
1769	#FFFFFF	#D3D3D3	50
1770	#FFFFFF	#D3D3D3	50
1771	#FFFFFF	#D3D3D3	210
1772	#FFFFFF	#D3D3D3	210
1773	#FFFFFF	#D3D3D3	77
1774	#FFFFFF	#D3D3D3	32
1775	#FFFFFF	#D3D3D3	32
1776	#FFFFFF	#D3D3D3	32
1777	#FFFFFF	#D3D3D3	77
1778	#FFFFFF	#D3D3D3	77
1779	#FFFFFF	#D3D3D3	227
1780	#FFFFFF	#D3D3D3	227
1781	#FEF5F8	#C8C8C8	22
1782	#FFFFFF	#D3D3D3	77
1783	#FFFFFF	#D3D3D3	77
1784	#FFFFFF	#D3D3D3	77
1785	#FFFFFF	#D3D3D3	227
1786	#FFFFFF	#D3D3D3	227
1787	#FFFFFF	#D3D3D3	227
1788	#FFFFFF	#D3D3D3	227
1789	#FFFFFF	#D3D3D3	77
1790	#FFFFFF	#D3D3D3	77
1791	#FFFFFF	#D3D3D3	77
1792	#FFFFFF	#D3D3D3	32
1793	#FFFFFF	#D3D3D3	225
1794	#FFFFFF	#D3D3D3	30
1795	#FFFFFF	#D3D3D3	30
1796	#FFFFFF	#D3D3D3	30
1797	#FFFFFF	#D3D3D3	30
1798	#FFFFFF	#D3D3D3	30
1799	#FFFFFF	#D3D3D3	30
1800	#FFFFFF	#D3D3D3	145
1803	#FFFFFF	#D3D3D3	32
1805	#FFFFFF	#D3D3D3	39
1806	#FFFFFF	#D3D3D3	7
1807	#FFFFFF	#D3D3D3	39
1808	#FFFFFF	#D3D3D3	39
1809	#FFFFFF	#D3D3D3	7
1810	#FFFFFF	#D3D3D3	7
1811	#FFFFFF	#D3D3D3	7
1812	#FFFFFF	#D3D3D3	7
1813	#FFFFFF	#D3D3D3	15
1814	#FFFFFF	#D3D3D3	73
1815	#FFFFFF	#D3D3D3	73
1816	#FFFFFF	#D3D3D3	127
1817	#FFFFFF	#D3D3D3	127
1818	#FFFFFF	#D3D3D3	210
1820	#FFFFFF	#D3D3D3	50
1821	#FEF5F8	#C8C8C8	22
1822	#FFFFFF	#D3D3D3	210
1823	#FFFFFF	#D3D3D3	32
1824	#FFFFFF	#D3D3D3	32
1825	#FFFFFF	#D3D3D3	32
1826	#FFFFFF	#D3D3D3	32
1827	#FFFFFF	#D3D3D3	77
1828	#FFFFFF	#D3D3D3	77
1829	#FFFFFF	#D3D3D3	77
1830	#FFFFFF	#D3D3D3	227
1831	#FFFFFF	#D3D3D3	77
1832	#FFFFFF	#D3D3D3	32
1833	#FFFFFF	#D3D3D3	77
1834	#FFFFFF	#D3D3D3	77
1835	#FFFFFF	#D3D3D3	227
1836	#FFFFFF	#D3D3D3	227
1837	#FFFFFF	#D3D3D3	227
1838	#FFFFFF	#D3D3D3	227
1839	#FFFFFF	#D3D3D3	77
1840	#FFFFFF	#D3D3D3	77
1841	#FFFFFF	#D3D3D3	77
1842	#FFFFFF	#D3D3D3	225
1843	#FFFFFF	#D3D3D3	32
1844	#FFFFFF	#D3D3D3	225
1845	#FFFFFF	#D3D3D3	30
1846	#FFFFFF	#D3D3D3	30
1847	#FFFFFF	#D3D3D3	30
1848	#FFFFFF	#D3D3D3	30
1849	#FFFFFF	#D3D3D3	30
1852	#FFFFFF	#D3D3D3	145
1854	#FFFFFF	#D3D3D3	32
1855	#FFFFFF	#D3D3D3	30
1856	#FFFFFF	#D3D3D3	7
1857	#FFFFFF	#D3D3D3	7
1858	#FFFFFF	#D3D3D3	39
1859	#FFFFFF	#D3D3D3	7
1860	#FFFFFF	#D3D3D3	7
1861	#FFFFFF	#D3D3D3	7
1862	#FFFFFF	#D3D3D3	7
1863	#FFFFFF	#D3D3D3	94
1864	#FFFFFF	#D3D3D3	73
1865	#FFFFFF	#D3D3D3	127
1866	#FFFFFF	#D3D3D3	127
1867	#FFFFFF	#D3D3D3	210
1868	#FFFFFF	#D3D3D3	210
1870	#FFFFFF	#D3D3D3	50
1871	#FEF5F8	#C8C8C8	22
1872	#FFFFFF	#D3D3D3	210
1873	#FFFFFF	#D3D3D3	32
1874	#FFFFFF	#D3D3D3	32
1875	#FFFFFF	#D3D3D3	32
1876	#FFFFFF	#D3D3D3	32
1877	#FFFFFF	#D3D3D3	32
1878	#FFFFFF	#D3D3D3	77
1879	#FFFFFF	#D3D3D3	77
1880	#FFFFFF	#D3D3D3	227
1881	#FFFFFF	#D3D3D3	227
1882	#FFFFFF	#D3D3D3	32
1883	#FFFFFF	#D3D3D3	77
1884	#FFFFFF	#D3D3D3	77
1885	#FFFFFF	#D3D3D3	227
1886	#FFFFFF	#D3D3D3	227
1887	#FFFFFF	#D3D3D3	227
1888	#FFFFFF	#D3D3D3	227
1889	#FFFFFF	#D3D3D3	77
1890	#FFFFFF	#D3D3D3	77
1891	#FFFFFF	#D3D3D3	77
1892	#FFFFFF	#D3D3D3	225
1893	#FFFFFF	#D3D3D3	32
1894	#FFFFFF	#D3D3D3	225
1895	#FFFFFF	#D3D3D3	30
1896	#FFFFFF	#D3D3D3	30
1897	#FFFFFF	#D3D3D3	30
1898	#FFFFFF	#D3D3D3	30
1899	#FFFFFF	#D3D3D3	30
1904	#FFFFFF	#D3D3D3	32
1905	#FFFFFF	#D3D3D3	30
1906	#FFFFFF	#D3D3D3	7
1907	#FFFFFF	#D3D3D3	7
1908	#FFFFFF	#D3D3D3	7
1909	#FFFFFF	#D3D3D3	7
1910	#FFFFFF	#D3D3D3	7
1911	#FFFFFF	#D3D3D3	7
1912	#FFFFFF	#D3D3D3	7
1913	#FFFFFF	#D3D3D3	94
1914	#FFFFFF	#D3D3D3	94
1915	#FFFFFF	#D3D3D3	73
1916	#FFFFFF	#D3D3D3	127
1917	#FFFFFF	#D3D3D3	127
1918	#FFFFFF	#D3D3D3	210
1919	#FFFFFF	#D3D3D3	210
1921	#FEF5F8	#C8C8C8	22
1922	#FFFFFF	#D3D3D3	32
1923	#FFFFFF	#D3D3D3	32
1924	#FFFFFF	#D3D3D3	32
1925	#FFFFFF	#D3D3D3	32
1926	#FFFFFF	#D3D3D3	32
1927	#FFFFFF	#D3D3D3	32
1928	#FFFFFF	#D3D3D3	32
1929	#FFFFFF	#D3D3D3	77
1930	#FFFFFF	#D3D3D3	77
1931	#FFFFFF	#D3D3D3	227
1932	#FFFFFF	#D3D3D3	227
1933	#FFFFFF	#D3D3D3	32
1934	#FFFFFF	#D3D3D3	77
1935	#FFFFFF	#D3D3D3	227
1936	#FFFFFF	#D3D3D3	227
1937	#FFFFFF	#D3D3D3	227
1938	#FFFFFF	#D3D3D3	227
1939	#FFFFFF	#D3D3D3	77
1940	#FFFFFF	#D3D3D3	77
1941	#FFFFFF	#D3D3D3	77
1942	#FFFFFF	#D3D3D3	225
1943	#FFFFFF	#D3D3D3	225
1944	#FFFFFF	#D3D3D3	73
1945	#FFFFFF	#D3D3D3	30
1946	#FFFFFF	#D3D3D3	30
1947	#FFFFFF	#D3D3D3	30
1948	#FFFFFF	#D3D3D3	30
1949	#FFFFFF	#D3D3D3	30
1950	#FFFFFF	#D3D3D3	145
1954	#FFFFFF	#D3D3D3	30
1955	#FFFFFF	#D3D3D3	73
1956	#FFFFFF	#D3D3D3	7
1957	#FFFFFF	#D3D3D3	7
1958	#FFFFFF	#D3D3D3	7
1959	#FFFFFF	#D3D3D3	7
1960	#FFFFFF	#D3D3D3	7
1961	#FFFFFF	#D3D3D3	7
1962	#FFFFFF	#D3D3D3	7
1963	#FFFFFF	#D3D3D3	94
1964	#FFFFFF	#D3D3D3	94
1965	#FFFFFF	#D3D3D3	127
1966	#FFFFFF	#D3D3D3	127
1967	#FFFFFF	#D3D3D3	210
1968	#FFFFFF	#D3D3D3	210
1969	#FFFFFF	#D3D3D3	210
1971	#FFFFFF	#D3D3D3	97
1972	#FFFFFF	#D3D3D3	32
1973	#FFFFFF	#D3D3D3	32
1974	#FFFFFF	#D3D3D3	32
1975	#FFFFFF	#D3D3D3	32
1976	#FFFFFF	#D3D3D3	32
1977	#FFFFFF	#D3D3D3	32
1978	#FFFFFF	#D3D3D3	32
1979	#FFFFFF	#D3D3D3	77
1980	#FFFFFF	#D3D3D3	77
1981	#FFFFFF	#D3D3D3	77
1982	#FFFFFF	#D3D3D3	227
1983	#FFFFFF	#D3D3D3	32
1984	#FFFFFF	#D3D3D3	227
1985	#FFFFFF	#D3D3D3	77
1986	#FFFFFF	#D3D3D3	227
1987	#FFFFFF	#D3D3D3	227
1988	#FFFFFF	#D3D3D3	227
1989	#FFFFFF	#D3D3D3	77
1990	#FFFFFF	#D3D3D3	77
1991	#FFFFFF	#D3D3D3	77
1992	#FFFFFF	#D3D3D3	225
1993	#FFFFFF	#D3D3D3	225
1994	#FFFFFF	#D3D3D3	73
1995	#FFFFFF	#D3D3D3	30
1996	#FFFFFF	#D3D3D3	30
1997	#FFFFFF	#D3D3D3	30
1998	#FFFFFF	#D3D3D3	30
1999	#FFFFFF	#D3D3D3	30
2004	#FFFFFF	#D3D3D3	30
2005	#FFFFFF	#D3D3D3	73
2006	#FFFFFF	#D3D3D3	7
2007	#FFFFFF	#D3D3D3	7
2008	#FFFFFF	#D3D3D3	7
2009	#FFFFFF	#D3D3D3	7
2010	#FFFFFF	#D3D3D3	7
2011	#FFFFFF	#D3D3D3	7
2012	#FFFFFF	#D3D3D3	7
2013	#FFFFFF	#D3D3D3	94
2014	#FFFFFF	#D3D3D3	94
2015	#FFFFFF	#D3D3D3	94
2016	#FFFFFF	#D3D3D3	127
2017	#FFFFFF	#D3D3D3	210
2018	#FFFFFF	#D3D3D3	210
2019	#FFFFFF	#D3D3D3	210
2020	#FFFFFF	#D3D3D3	210
2022	#FFFFFF	#D3D3D3	97
2023	#FFFFFF	#D3D3D3	32
2024	#FFFFFF	#D3D3D3	32
2025	#FFFFFF	#D3D3D3	32
2026	#FFFFFF	#D3D3D3	32
2027	#FFFFFF	#D3D3D3	32
2028	#FFFFFF	#D3D3D3	32
2029	#FFFFFF	#D3D3D3	32
2030	#FFFFFF	#D3D3D3	77
2031	#FFFFFF	#D3D3D3	77
2032	#FFFFFF	#D3D3D3	77
2033	#FFFFFF	#D3D3D3	227
2034	#FFFFFF	#D3D3D3	73
2035	#FFFFFF	#D3D3D3	77
2036	#FFFFFF	#D3D3D3	77
2037	#FFFFFF	#D3D3D3	227
2038	#FFFFFF	#D3D3D3	227
2039	#FFFFFF	#D3D3D3	77
2040	#FFFFFF	#D3D3D3	77
2041	#FFFFFF	#D3D3D3	77
2042	#FFFFFF	#D3D3D3	225
2043	#FFFFFF	#D3D3D3	225
2044	#FFFFFF	#D3D3D3	30
2045	#FFFFFF	#D3D3D3	73
2046	#FFFFFF	#D3D3D3	30
2047	#FFFFFF	#D3D3D3	30
2048	#FFFFFF	#D3D3D3	30
2049	#FFFFFF	#D3D3D3	30
2054	#FFFFFF	#D3D3D3	30
2055	#FFFFFF	#D3D3D3	7
2056	#FFFFFF	#D3D3D3	127
2057	#FFFFFF	#D3D3D3	7
2058	#FFFFFF	#D3D3D3	7
2059	#FFFFFF	#D3D3D3	7
2060	#FFFFFF	#D3D3D3	7
2061	#FFFFFF	#D3D3D3	7
2062	#FFFFFF	#D3D3D3	7
2063	#FFFFFF	#D3D3D3	94
2064	#FFFFFF	#D3D3D3	94
2065	#FFFFFF	#D3D3D3	94
2066	#FFFFFF	#D3D3D3	210
2067	#FFFFFF	#D3D3D3	210
2068	#FFFFFF	#D3D3D3	210
2069	#FFFFFF	#D3D3D3	210
2070	#FFFFFF	#D3D3D3	32
2072	#FFFFFF	#D3D3D3	97
2073	#FFFFFF	#D3D3D3	32
2074	#FFFFFF	#D3D3D3	32
2075	#FFFFFF	#D3D3D3	32
2076	#FFFFFF	#D3D3D3	32
2077	#FFFFFF	#D3D3D3	32
2078	#FFFFFF	#D3D3D3	32
2079	#FFFFFF	#D3D3D3	32
2080	#FFFFFF	#D3D3D3	77
2081	#FFFFFF	#D3D3D3	77
2082	#FFFFFF	#D3D3D3	77
2083	#FFFFFF	#D3D3D3	77
2084	#FFFFFF	#D3D3D3	32
2085	#FFFFFF	#D3D3D3	77
2086	#FFFFFF	#D3D3D3	77
2087	#FFFFFF	#D3D3D3	77
2088	#FFFFFF	#D3D3D3	227
2089	#FFFFFF	#D3D3D3	77
2090	#FFFFFF	#D3D3D3	77
2091	#FFFFFF	#D3D3D3	77
2092	#FFFFFF	#D3D3D3	225
2093	#FFFFFF	#D3D3D3	225
2094	#FFFFFF	#D3D3D3	225
2095	#FFFFFF	#D3D3D3	73
2096	#FFFFFF	#D3D3D3	30
2097	#FFFFFF	#D3D3D3	30
2098	#FFFFFF	#D3D3D3	30
2099	#FFFFFF	#D3D3D3	30
2104	#FFFFFF	#D3D3D3	30
2105	#FFFFFF	#D3D3D3	7
2106	#FFFFFF	#D3D3D3	127
2107	#FFFFFF	#D3D3D3	7
2108	#FFFFFF	#D3D3D3	7
2109	#FFFFFF	#D3D3D3	7
2110	#FFFFFF	#D3D3D3	7
2111	#FFFFFF	#D3D3D3	7
2112	#FFFFFF	#D3D3D3	7
2113	#FFFFFF	#D3D3D3	94
2114	#FFFFFF	#D3D3D3	94
2115	#FFFFFF	#D3D3D3	94
2116	#FFFFFF	#D3D3D3	94
2117	#FFFFFF	#D3D3D3	127
2118	#FFFFFF	#D3D3D3	210
2119	#FFFFFF	#D3D3D3	210
2120	#FFFFFF	#D3D3D3	210
2121	#FFFFFF	#D3D3D3	32
2123	#FFFFFF	#D3D3D3	97
2124	#FFFFFF	#D3D3D3	32
2125	#FFFFFF	#D3D3D3	32
2126	#FFFFFF	#D3D3D3	32
2127	#FFFFFF	#D3D3D3	32
2128	#FFFFFF	#D3D3D3	32
2129	#FFFFFF	#D3D3D3	32
2130	#FFFFFF	#D3D3D3	77
2131	#FFFFFF	#D3D3D3	77
2132	#FFFFFF	#D3D3D3	77
2133	#FFFFFF	#D3D3D3	77
2134	#FFFFFF	#D3D3D3	77
2135	#FFFFFF	#D3D3D3	73
2136	#FFFFFF	#D3D3D3	77
2137	#FFFFFF	#D3D3D3	77
2138	#FFFFFF	#D3D3D3	77
2139	#FFFFFF	#D3D3D3	77
2140	#FFFFFF	#D3D3D3	77
2141	#FFFFFF	#D3D3D3	77
2142	#FFFFFF	#D3D3D3	225
2143	#FFFFFF	#D3D3D3	225
2144	#FFFFFF	#D3D3D3	225
2145	#FFFFFF	#D3D3D3	30
2146	#FFFFFF	#D3D3D3	127
2147	#FFFFFF	#D3D3D3	30
2148	#FFFFFF	#D3D3D3	30
2149	#FFFFFF	#D3D3D3	30
2150	#FFFFFF	#D3D3D3	145
2151	#FFFFFF	#D3D3D3	145
2154	#FFFFFF	#D3D3D3	30
2155	#FFFFFF	#D3D3D3	7
2156	#FFFFFF	#D3D3D3	7
2157	#FFFFFF	#D3D3D3	127
2158	#FFFFFF	#D3D3D3	7
2159	#FFFFFF	#D3D3D3	7
2160	#FFFFFF	#D3D3D3	7
2161	#FFFFFF	#D3D3D3	7
2162	#FFFFFF	#D3D3D3	7
2163	#FFFFFF	#D3D3D3	94
2164	#FFFFFF	#D3D3D3	94
2165	#FFFFFF	#D3D3D3	94
2166	#FFFFFF	#D3D3D3	94
2167	#FFFFFF	#D3D3D3	210
2168	#FFFFFF	#D3D3D3	210
2169	#FFFFFF	#D3D3D3	210
2170	#FFFFFF	#D3D3D3	32
2171	#FFFFFF	#D3D3D3	32
2173	#FFFFFF	#D3D3D3	97
2174	#FFFFFF	#D3D3D3	32
2175	#FFFFFF	#D3D3D3	32
2176	#FFFFFF	#D3D3D3	32
2177	#FFFFFF	#D3D3D3	32
2178	#FFFFFF	#D3D3D3	32
2179	#FFFFFF	#D3D3D3	32
2180	#FFFFFF	#D3D3D3	77
2181	#FFFFFF	#D3D3D3	77
2182	#FFFFFF	#D3D3D3	77
2183	#FFFFFF	#D3D3D3	77
2184	#FFFFFF	#D3D3D3	77
2185	#FFFFFF	#D3D3D3	32
2186	#FFFFFF	#D3D3D3	77
2187	#FFFFFF	#D3D3D3	77
2188	#FFFFFF	#D3D3D3	77
2189	#FFFFFF	#D3D3D3	77
2190	#FFFFFF	#D3D3D3	77
2191	#FFFFFF	#D3D3D3	77
2192	#FFFFFF	#D3D3D3	225
2193	#FFFFFF	#D3D3D3	225
2194	#FFFFFF	#D3D3D3	225
2195	#FFFFFF	#D3D3D3	30
2196	#FFFFFF	#D3D3D3	127
2197	#FFFFFF	#D3D3D3	30
2198	#FFFFFF	#D3D3D3	30
2199	#FFFFFF	#D3D3D3	30
2204	#FFFFFF	#D3D3D3	30
2205	#FFFFFF	#D3D3D3	7
2206	#FFFFFF	#D3D3D3	7
2207	#FFFFFF	#D3D3D3	127
2208	#FFFFFF	#D3D3D3	7
2209	#FFFFFF	#D3D3D3	7
2210	#FFFFFF	#D3D3D3	7
2211	#FFFFFF	#D3D3D3	7
2212	#FFFFFF	#D3D3D3	7
2213	#FFFFFF	#D3D3D3	94
2214	#FFFFFF	#D3D3D3	94
2215	#FFFFFF	#D3D3D3	94
2216	#FFFFFF	#D3D3D3	94
2217	#FFFFFF	#D3D3D3	94
2218	#FFFFFF	#D3D3D3	210
2219	#FFFFFF	#D3D3D3	210
2220	#FFFFFF	#D3D3D3	210
2221	#FFFFFF	#D3D3D3	32
2222	#FFFFFF	#D3D3D3	32
2224	#FFFFFF	#D3D3D3	32
2225	#FFFFFF	#D3D3D3	32
2226	#FFFFFF	#D3D3D3	32
2227	#FFFFFF	#D3D3D3	32
2228	#FFFFFF	#D3D3D3	32
2229	#FFFFFF	#D3D3D3	32
2230	#FFFFFF	#D3D3D3	32
2231	#FFFFFF	#D3D3D3	77
2232	#FFFFFF	#D3D3D3	77
2233	#FFFFFF	#D3D3D3	77
2234	#FFFFFF	#D3D3D3	77
2235	#FFFFFF	#D3D3D3	77
2236	#FFFFFF	#D3D3D3	32
2237	#FFFFFF	#D3D3D3	77
2238	#FFFFFF	#D3D3D3	77
2239	#FFFFFF	#D3D3D3	77
2240	#FFFFFF	#D3D3D3	77
2241	#FFFFFF	#D3D3D3	77
2242	#FFFFFF	#D3D3D3	225
2243	#FFFFFF	#D3D3D3	225
2244	#FFFFFF	#D3D3D3	225
2245	#FFFFFF	#D3D3D3	30
2246	#FFFFFF	#D3D3D3	30
2247	#FFFFFF	#D3D3D3	127
2248	#FFFFFF	#D3D3D3	30
2249	#FFFFFF	#D3D3D3	30
2254	#FFFFFF	#D3D3D3	30
2255	#FFFFFF	#D3D3D3	7
2256	#FFFFFF	#D3D3D3	7
2257	#FFFFFF	#D3D3D3	7
2258	#FFFFFF	#D3D3D3	127
2259	#FFFFFF	#D3D3D3	7
2260	#FFFFFF	#D3D3D3	7
2261	#FFFFFF	#D3D3D3	7
2262	#FFFFFF	#D3D3D3	7
2263	#FFFFFF	#D3D3D3	7
2264	#FFFFFF	#D3D3D3	94
2265	#FFFFFF	#D3D3D3	94
2266	#FFFFFF	#D3D3D3	94
2267	#FFFFFF	#D3D3D3	94
2268	#FFFFFF	#D3D3D3	210
2269	#FFFFFF	#D3D3D3	210
2270	#FFFFFF	#D3D3D3	32
2271	#FFFFFF	#D3D3D3	32
2272	#FFFFFF	#D3D3D3	32
2274	#FFFFFF	#D3D3D3	50
2275	#FEF5F8	#C8C8C8	22
2276	#FFFFFF	#D3D3D3	32
2277	#FFFFFF	#D3D3D3	32
2278	#FFFFFF	#D3D3D3	32
2279	#FFFFFF	#D3D3D3	32
2280	#FFFFFF	#D3D3D3	165
2281	#FFFFFF	#D3D3D3	165
2282	#FFFFFF	#D3D3D3	165
2283	#FFFFFF	#D3D3D3	165
2284	#FFFFFF	#D3D3D3	165
2285	#FFFFFF	#D3D3D3	165
2286	#FEF5F8	#C8C8C8	22
2287	#FFFFFF	#D3D3D3	104
2288	#FFFFFF	#D3D3D3	104
2289	#FFFFFF	#D3D3D3	104
2290	#FFFFFF	#D3D3D3	104
2291	#FFFFFF	#D3D3D3	60
2292	#FFFFFF	#D3D3D3	60
2293	#FFFFFF	#D3D3D3	60
2294	#FFFFFF	#D3D3D3	60
2295	#FFFFFF	#D3D3D3	60
2296	#FFFFFF	#D3D3D3	65
2297	#FEF5F8	#C8C8C8	22
2298	#FFFFFF	#D3D3D3	65
2299	#FFFFFF	#D3D3D3	113
2300	#FFFFFF	#D3D3D3	113
2301	#FFFFFF	#D3D3D3	113
2302	#FFFFFF	#D3D3D3	113
2303	#FFFFFF	#D3D3D3	113
2304	#FFFFFF	#D3D3D3	113
2305	#FFFFFF	#D3D3D3	113
2306	#FFFFFF	#D3D3D3	113
2307	#FFFFFF	#D3D3D3	64
2308	#FEF5F8	#C8C8C8	22
2309	#FFFFFF	#D3D3D3	64
2310	#FFFFFF	#D3D3D3	64
2311	#FFFFFF	#D3D3D3	113
2312	#FFFFFF	#D3D3D3	113
2313	#FFFFFF	#D3D3D3	64
2314	#FFFFFF	#D3D3D3	113
2315	#FFFFFF	#D3D3D3	113
2316	#FFFFFF	#D3D3D3	64
2317	#FFFFFF	#D3D3D3	64
2318	#FFFFFF	#D3D3D3	64
2319	#FEF5F8	#C8C8C8	22
2320	#FCE4EB	#B3B3B3	154
2321	#FFFFFF	#D3D3D3	32
2322	#FFFFFF	#D3D3D3	32
2323	#FFFFFF	#D3D3D3	32
2325	#FFFFFF	#D3D3D3	50
2326	#FEF5F8	#C8C8C8	22
2327	#FFFFFF	#D3D3D3	32
2328	#FFFFFF	#D3D3D3	32
2329	#FFFFFF	#D3D3D3	32
2330	#FFFFFF	#D3D3D3	165
2331	#FFFFFF	#D3D3D3	165
2332	#FFFFFF	#D3D3D3	165
2333	#FFFFFF	#D3D3D3	165
2334	#FFFFFF	#D3D3D3	165
2335	#FFFFFF	#D3D3D3	165
2336	#FFFFFF	#D3D3D3	104
2337	#FEF5F8	#C8C8C8	22
2338	#FFFFFF	#D3D3D3	104
2339	#FFFFFF	#D3D3D3	104
2340	#FFFFFF	#D3D3D3	104
2341	#FFFFFF	#D3D3D3	60
2342	#FFFFFF	#D3D3D3	60
2343	#FFFFFF	#D3D3D3	60
2344	#FFFFFF	#D3D3D3	60
2345	#FFFFFF	#D3D3D3	60
2346	#FFFFFF	#D3D3D3	65
2347	#FFFFFF	#D3D3D3	65
2348	#FEF5F8	#C8C8C8	22
2349	#FFFFFF	#D3D3D3	113
2350	#FFFFFF	#D3D3D3	113
2351	#FFFFFF	#D3D3D3	113
2352	#FFFFFF	#D3D3D3	113
2353	#FFFFFF	#D3D3D3	113
2354	#FFFFFF	#D3D3D3	113
2355	#FFFFFF	#D3D3D3	113
2356	#FFFFFF	#D3D3D3	113
2357	#FFFFFF	#D3D3D3	113
2358	#FFFFFF	#D3D3D3	64
2359	#FEF5F8	#C8C8C8	22
2360	#FFFFFF	#D3D3D3	113
2361	#FFFFFF	#D3D3D3	113
2362	#FFFFFF	#D3D3D3	113
2363	#FFFFFF	#D3D3D3	64
2364	#FFFFFF	#D3D3D3	64
2365	#FFFFFF	#D3D3D3	113
2366	#FFFFFF	#D3D3D3	113
2367	#FFFFFF	#D3D3D3	64
2368	#FFFFFF	#D3D3D3	64
2369	#FCE4EB	#B3B3B3	154
2370	#FFFFFF	#D3D3D3	32
2371	#FFFFFF	#D3D3D3	32
2372	#FFFFFF	#D3D3D3	32
2373	#FFFFFF	#D3D3D3	32
2375	#FFFFFF	#D3D3D3	3
2376	#FFFFFF	#D3D3D3	32
2377	#FFFFFF	#D3D3D3	32
2378	#FFFFFF	#D3D3D3	32
2379	#FFFFFF	#D3D3D3	32
2380	#FFFFFF	#D3D3D3	32
2381	#FFFFFF	#D3D3D3	32
2382	#FFFFFF	#D3D3D3	32
2383	#FFFFFF	#D3D3D3	77
2384	#FFFFFF	#D3D3D3	77
2385	#FFFFFF	#D3D3D3	77
2386	#FFFFFF	#D3D3D3	77
2387	#FFFFFF	#D3D3D3	32
2388	#FFFFFF	#D3D3D3	77
2389	#FFFFFF	#D3D3D3	77
2390	#FFFFFF	#D3D3D3	77
2391	#FFFFFF	#D3D3D3	77
2392	#FFFFFF	#D3D3D3	77
2393	#FFFFFF	#D3D3D3	225
2394	#FFFFFF	#D3D3D3	225
2395	#FFFFFF	#D3D3D3	225
2396	#FFFFFF	#D3D3D3	30
2397	#FFFFFF	#D3D3D3	30
2398	#FFFFFF	#D3D3D3	32
2399	#FFFFFF	#D3D3D3	30
2400	#FFFFFF	#D3D3D3	30
2401	#FFFFFF	#D3D3D3	145
2405	#FFFFFF	#D3D3D3	30
2406	#FFFFFF	#D3D3D3	7
2407	#FFFFFF	#D3D3D3	7
2408	#FFFFFF	#D3D3D3	7
2409	#FFFFFF	#D3D3D3	210
2410	#FFFFFF	#D3D3D3	7
2411	#FFFFFF	#D3D3D3	7
2412	#FFFFFF	#D3D3D3	7
2413	#FFFFFF	#D3D3D3	7
2414	#FFFFFF	#D3D3D3	7
2415	#FFFFFF	#D3D3D3	7
2416	#FFFFFF	#D3D3D3	94
2417	#FFFFFF	#D3D3D3	94
2418	#FFFFFF	#D3D3D3	94
2419	#FFFFFF	#D3D3D3	94
2420	#FFFFFF	#D3D3D3	210
2421	#FFFFFF	#D3D3D3	210
2422	#FFFFFF	#D3D3D3	32
2423	#FFFFFF	#D3D3D3	32
2424	#FFFFFF	#D3D3D3	32
2426	#FFFFFF	#D3D3D3	3
2427	#FFFFFF	#D3D3D3	32
2428	#FFFFFF	#D3D3D3	32
2429	#FFFFFF	#D3D3D3	32
2430	#FFFFFF	#D3D3D3	32
2431	#FFFFFF	#D3D3D3	32
2432	#FFFFFF	#D3D3D3	32
2433	#FFFFFF	#D3D3D3	32
2434	#FFFFFF	#D3D3D3	77
2435	#FFFFFF	#D3D3D3	77
2436	#FFFFFF	#D3D3D3	77
2437	#FFFFFF	#D3D3D3	77
2438	#FFFFFF	#D3D3D3	32
2439	#FFFFFF	#D3D3D3	77
2440	#FFFFFF	#D3D3D3	77
2441	#FFFFFF	#D3D3D3	77
2442	#FFFFFF	#D3D3D3	77
2443	#FFFFFF	#D3D3D3	225
2444	#FFFFFF	#D3D3D3	225
2445	#FFFFFF	#D3D3D3	225
2446	#FFFFFF	#D3D3D3	156
2447	#FFFFFF	#D3D3D3	30
2448	#FFFFFF	#D3D3D3	30
2449	#FFFFFF	#D3D3D3	32
2450	#FFFFFF	#D3D3D3	30
2455	#FFFFFF	#D3D3D3	30
2456	#FFFFFF	#D3D3D3	7
2457	#FFFFFF	#D3D3D3	7
2458	#FFFFFF	#D3D3D3	7
2459	#FFFFFF	#D3D3D3	7
2460	#FFFFFF	#D3D3D3	210
2461	#FFFFFF	#D3D3D3	7
2462	#FFFFFF	#D3D3D3	7
2463	#FFFFFF	#D3D3D3	7
2464	#FFFFFF	#D3D3D3	7
2465	#FFFFFF	#D3D3D3	7
2466	#FFFFFF	#D3D3D3	7
2467	#FFFFFF	#D3D3D3	94
2468	#FFFFFF	#D3D3D3	94
2469	#FFFFFF	#D3D3D3	94
2470	#FFFFFF	#D3D3D3	210
2471	#FFFFFF	#D3D3D3	32
2472	#FFFFFF	#D3D3D3	32
2473	#FFFFFF	#D3D3D3	32
2474	#FFFFFF	#D3D3D3	32
2476	#FFFFFF	#D3D3D3	3
2477	#FFFFFF	#D3D3D3	3
2478	#FFFFFF	#D3D3D3	32
2479	#FFFFFF	#D3D3D3	32
2480	#FFFFFF	#D3D3D3	32
2481	#FFFFFF	#D3D3D3	32
2482	#FFFFFF	#D3D3D3	32
2483	#FFFFFF	#D3D3D3	32
2484	#FFFFFF	#D3D3D3	32
2485	#FFFFFF	#D3D3D3	77
2486	#FFFFFF	#D3D3D3	77
2487	#FFFFFF	#D3D3D3	77
2488	#FFFFFF	#D3D3D3	32
2489	#FFFFFF	#D3D3D3	77
2490	#FFFFFF	#D3D3D3	77
2491	#FFFFFF	#D3D3D3	77
2492	#FFFFFF	#D3D3D3	77
2493	#FFFFFF	#D3D3D3	225
2494	#FFFFFF	#D3D3D3	225
2495	#FFFFFF	#D3D3D3	225
2496	#FFFFFF	#D3D3D3	156
2497	#FFFFFF	#D3D3D3	156
2498	#FFFFFF	#D3D3D3	30
2499	#FFFFFF	#D3D3D3	32
2500	#FFFFFF	#D3D3D3	30
2501	#FFFFFF	#D3D3D3	145
2505	#FFFFFF	#D3D3D3	30
2506	#FFFFFF	#D3D3D3	7
2507	#FFFFFF	#D3D3D3	7
2508	#FFFFFF	#D3D3D3	7
2509	#FFFFFF	#D3D3D3	7
2510	#FFFFFF	#D3D3D3	32
2511	#FFFFFF	#D3D3D3	7
2512	#FFFFFF	#D3D3D3	7
2513	#FFFFFF	#D3D3D3	7
2514	#FFFFFF	#D3D3D3	7
2515	#FFFFFF	#D3D3D3	7
2516	#FFFFFF	#D3D3D3	7
2517	#FFFFFF	#D3D3D3	7
2518	#FFFFFF	#D3D3D3	94
2519	#FFFFFF	#D3D3D3	94
2520	#FFFFFF	#D3D3D3	94
2521	#FFFFFF	#D3D3D3	210
2522	#FFFFFF	#D3D3D3	32
2523	#FFFFFF	#D3D3D3	32
2524	#FFFFFF	#D3D3D3	32
2525	#FFFFFF	#D3D3D3	32
2527	#FFFFFF	#D3D3D3	3
2528	#FFFFFF	#D3D3D3	3
2529	#FFFFFF	#D3D3D3	32
2530	#FFFFFF	#D3D3D3	32
2531	#FFFFFF	#D3D3D3	32
2532	#FFFFFF	#D3D3D3	32
2533	#FFFFFF	#D3D3D3	32
2534	#FFFFFF	#D3D3D3	32
2535	#FFFFFF	#D3D3D3	77
2536	#FFFFFF	#D3D3D3	77
2537	#FFFFFF	#D3D3D3	77
2538	#FFFFFF	#D3D3D3	77
2539	#FFFFFF	#D3D3D3	32
2540	#FFFFFF	#D3D3D3	77
2541	#FFFFFF	#D3D3D3	77
2542	#FFFFFF	#D3D3D3	77
2543	#FFFFFF	#D3D3D3	225
2544	#FFFFFF	#D3D3D3	225
2545	#FFFFFF	#D3D3D3	225
2546	#FFFFFF	#D3D3D3	156
2547	#FFFFFF	#D3D3D3	156
2548	#FFFFFF	#D3D3D3	30
2549	#FFFFFF	#D3D3D3	30
2550	#FFFFFF	#D3D3D3	32
2555	#FFFFFF	#D3D3D3	30
2556	#FFFFFF	#D3D3D3	7
2557	#FFFFFF	#D3D3D3	7
2558	#FFFFFF	#D3D3D3	7
2559	#FFFFFF	#D3D3D3	7
2560	#FFFFFF	#D3D3D3	7
2561	#FFFFFF	#D3D3D3	32
2562	#FFFFFF	#D3D3D3	7
2563	#FFFFFF	#D3D3D3	7
2564	#FFFFFF	#D3D3D3	7
2565	#FFFFFF	#D3D3D3	7
2566	#FFFFFF	#D3D3D3	7
2567	#FFFFFF	#D3D3D3	7
2568	#FFFFFF	#D3D3D3	7
2569	#FFFFFF	#D3D3D3	94
2570	#FFFFFF	#D3D3D3	15
2571	#FFFFFF	#D3D3D3	32
2572	#FFFFFF	#D3D3D3	32
2573	#FFFFFF	#D3D3D3	32
2574	#FFFFFF	#D3D3D3	32
2575	#FFFFFF	#D3D3D3	32
2577	#FFFFFF	#D3D3D3	3
2578	#FFFFFF	#D3D3D3	3
2579	#FFFFFF	#D3D3D3	32
2580	#FFFFFF	#D3D3D3	32
2581	#FFFFFF	#D3D3D3	32
2582	#FFFFFF	#D3D3D3	32
2583	#FFFFFF	#D3D3D3	32
2584	#FFFFFF	#D3D3D3	32
2585	#FFFFFF	#D3D3D3	77
2586	#FFFFFF	#D3D3D3	77
2587	#FFFFFF	#D3D3D3	77
2588	#FFFFFF	#D3D3D3	77
2589	#FFFFFF	#D3D3D3	3
2590	#FFFFFF	#D3D3D3	77
2591	#FFFFFF	#D3D3D3	77
2592	#FFFFFF	#D3D3D3	77
2593	#FFFFFF	#D3D3D3	77
2594	#FFFFFF	#D3D3D3	225
2595	#FFFFFF	#D3D3D3	225
2596	#FFFFFF	#D3D3D3	156
2597	#FFFFFF	#D3D3D3	156
2598	#FFFFFF	#D3D3D3	156
2599	#FFFFFF	#D3D3D3	30
2600	#FFFFFF	#D3D3D3	32
2605	#FFFFFF	#D3D3D3	30
2606	#FFFFFF	#D3D3D3	7
2607	#FFFFFF	#D3D3D3	7
2608	#FFFFFF	#D3D3D3	7
2609	#FFFFFF	#D3D3D3	7
2610	#FFFFFF	#D3D3D3	7
2611	#FFFFFF	#D3D3D3	32
2612	#FFFFFF	#D3D3D3	7
2613	#FFFFFF	#D3D3D3	7
2614	#FFFFFF	#D3D3D3	7
2615	#FFFFFF	#D3D3D3	7
2616	#FFFFFF	#D3D3D3	7
2617	#FFFFFF	#D3D3D3	7
2618	#FFFFFF	#D3D3D3	7
2619	#FFFFFF	#D3D3D3	7
2620	#FFFFFF	#D3D3D3	15
2621	#FFFFFF	#D3D3D3	15
2622	#FFFFFF	#D3D3D3	32
2623	#FFFFFF	#D3D3D3	32
2624	#FFFFFF	#D3D3D3	32
2625	#FFFFFF	#D3D3D3	32
2626	#FFFFFF	#D3D3D3	32
2628	#FFFFFF	#D3D3D3	3
2629	#FFFFFF	#D3D3D3	3
2630	#FFFFFF	#D3D3D3	32
2631	#FFFFFF	#D3D3D3	32
2632	#FFFFFF	#D3D3D3	32
2633	#FFFFFF	#D3D3D3	32
2634	#FFFFFF	#D3D3D3	32
2635	#FFFFFF	#D3D3D3	77
2636	#FFFFFF	#D3D3D3	77
2637	#FFFFFF	#D3D3D3	77
2638	#FFFFFF	#D3D3D3	77
2639	#FFFFFF	#D3D3D3	77
2640	#FFFFFF	#D3D3D3	3
2641	#FFFFFF	#D3D3D3	77
2642	#FFFFFF	#D3D3D3	77
2643	#FFFFFF	#D3D3D3	77
2644	#FFFFFF	#D3D3D3	77
2645	#FFFFFF	#D3D3D3	225
2646	#FFFFFF	#D3D3D3	156
2647	#FFFFFF	#D3D3D3	156
2648	#FFFFFF	#D3D3D3	30
2649	#FFFFFF	#D3D3D3	30
2651	#FFFFFF	#D3D3D3	32
2653	#FFFFFF	#D3D3D3	145
2655	#FFFFFF	#D3D3D3	30
2656	#FFFFFF	#D3D3D3	7
2657	#FFFFFF	#D3D3D3	7
2658	#FFFFFF	#D3D3D3	7
2659	#FFFFFF	#D3D3D3	7
2660	#FFFFFF	#D3D3D3	7
2661	#FFFFFF	#D3D3D3	7
2662	#FFFFFF	#D3D3D3	32
2663	#FFFFFF	#D3D3D3	7
2664	#FFFFFF	#D3D3D3	7
2665	#FFFFFF	#D3D3D3	7
2666	#FFFFFF	#D3D3D3	7
2667	#FFFFFF	#D3D3D3	7
2668	#FFFFFF	#D3D3D3	7
2669	#FFFFFF	#D3D3D3	7
2670	#FFFFFF	#D3D3D3	7
2671	#FFFFFF	#D3D3D3	15
2672	#FFFFFF	#D3D3D3	112
2673	#FFFFFF	#D3D3D3	32
2674	#FFFFFF	#D3D3D3	32
2675	#FFFFFF	#D3D3D3	32
2676	#FFFFFF	#D3D3D3	32
2678	#FFFFFF	#D3D3D3	3
2679	#FFFFFF	#D3D3D3	3
2680	#FFFFFF	#D3D3D3	32
2681	#FFFFFF	#D3D3D3	32
2682	#FFFFFF	#D3D3D3	32
2683	#FFFFFF	#D3D3D3	32
2684	#FFFFFF	#D3D3D3	32
2685	#FFFFFF	#D3D3D3	77
2686	#FFFFFF	#D3D3D3	77
2687	#FFFFFF	#D3D3D3	77
2688	#FFFFFF	#D3D3D3	77
2689	#FFFFFF	#D3D3D3	77
2690	#FFFFFF	#D3D3D3	3
2691	#FFFFFF	#D3D3D3	77
2692	#FFFFFF	#D3D3D3	77
2693	#FFFFFF	#D3D3D3	77
2694	#FFFFFF	#D3D3D3	77
2695	#FFFFFF	#D3D3D3	77
2696	#FFFFFF	#D3D3D3	156
2697	#FFFFFF	#D3D3D3	156
2698	#FFFFFF	#D3D3D3	30
2699	#FFFFFF	#D3D3D3	30
2700	#FFFFFF	#D3D3D3	145
2701	#FFFFFF	#D3D3D3	32
2705	#FFFFFF	#D3D3D3	30
2706	#FFFFFF	#D3D3D3	7
2707	#FFFFFF	#D3D3D3	7
2708	#FFFFFF	#D3D3D3	7
2709	#FFFFFF	#D3D3D3	7
2710	#FFFFFF	#D3D3D3	7
2711	#FFFFFF	#D3D3D3	7
2712	#FFFFFF	#D3D3D3	32
2713	#FFFFFF	#D3D3D3	7
2714	#FFFFFF	#D3D3D3	7
2715	#FFFFFF	#D3D3D3	7
2716	#FFFFFF	#D3D3D3	7
2717	#FFFFFF	#D3D3D3	7
2718	#FFFFFF	#D3D3D3	7
2719	#FFFFFF	#D3D3D3	7
2720	#FFFFFF	#D3D3D3	7
2721	#FFFFFF	#D3D3D3	7
2722	#FFFFFF	#D3D3D3	15
2723	#FFFFFF	#D3D3D3	112
2724	#FFFFFF	#D3D3D3	112
2725	#FFFFFF	#D3D3D3	32
2726	#FFFFFF	#D3D3D3	32
2727	#FFFFFF	#D3D3D3	32
2729	#FFFFFF	#D3D3D3	3
2730	#FFFFFF	#D3D3D3	3
2731	#FFFFFF	#D3D3D3	32
2732	#FFFFFF	#D3D3D3	32
2733	#FFFFFF	#D3D3D3	32
2734	#FFFFFF	#D3D3D3	32
2735	#FFFFFF	#D3D3D3	77
2736	#FFFFFF	#D3D3D3	77
2737	#FFFFFF	#D3D3D3	77
2738	#FFFFFF	#D3D3D3	77
2739	#FFFFFF	#D3D3D3	77
2740	#FFFFFF	#D3D3D3	77
2741	#FFFFFF	#D3D3D3	32
2742	#FFFFFF	#D3D3D3	77
2743	#FFFFFF	#D3D3D3	230
2744	#FFFFFF	#D3D3D3	77
2745	#FFFFFF	#D3D3D3	77
2746	#FFFFFF	#D3D3D3	156
2747	#FFFFFF	#D3D3D3	156
2748	#FFFFFF	#D3D3D3	30
2749	#FFFFFF	#D3D3D3	30
2750	#FFFFFF	#D3D3D3	145
2752	#FFFFFF	#D3D3D3	32
2755	#FFFFFF	#D3D3D3	30
2756	#FFFFFF	#D3D3D3	7
2757	#FFFFFF	#D3D3D3	7
2758	#FFFFFF	#D3D3D3	7
2759	#FFFFFF	#D3D3D3	7
2760	#FFFFFF	#D3D3D3	7
2761	#FFFFFF	#D3D3D3	7
2762	#FFFFFF	#D3D3D3	7
2763	#FFFFFF	#D3D3D3	112
2764	#FFFFFF	#D3D3D3	7
2765	#FFFFFF	#D3D3D3	7
2766	#FFFFFF	#D3D3D3	7
2767	#FFFFFF	#D3D3D3	7
2768	#FFFFFF	#D3D3D3	7
2769	#FFFFFF	#D3D3D3	7
2770	#FFFFFF	#D3D3D3	7
2771	#FFFFFF	#D3D3D3	7
2772	#FFFFFF	#D3D3D3	7
2773	#FFFFFF	#D3D3D3	112
2774	#FFFFFF	#D3D3D3	112
2775	#FFFFFF	#D3D3D3	32
2776	#FFFFFF	#D3D3D3	32
2777	#FFFFFF	#D3D3D3	32
2779	#FFFFFF	#D3D3D3	3
2780	#FFFFFF	#D3D3D3	3
2781	#FFFFFF	#D3D3D3	32
2782	#FFFFFF	#D3D3D3	32
2783	#FFFFFF	#D3D3D3	32
2784	#FFFFFF	#D3D3D3	32
2785	#FFFFFF	#D3D3D3	77
2786	#FFFFFF	#D3D3D3	77
2787	#FFFFFF	#D3D3D3	77
2788	#FFFFFF	#D3D3D3	77
2789	#FFFFFF	#D3D3D3	77
2790	#FFFFFF	#D3D3D3	77
2791	#FFFFFF	#D3D3D3	32
2792	#FFFFFF	#D3D3D3	77
2793	#FFFFFF	#D3D3D3	230
2794	#FFFFFF	#D3D3D3	77
2795	#FFFFFF	#D3D3D3	230
2796	#FFFFFF	#D3D3D3	156
2797	#FFFFFF	#D3D3D3	156
2798	#FFFFFF	#D3D3D3	30
2799	#FFFFFF	#D3D3D3	30
2802	#FFFFFF	#D3D3D3	32
2805	#FFFFFF	#D3D3D3	30
2806	#FFFFFF	#D3D3D3	7
2807	#FFFFFF	#D3D3D3	7
2808	#FFFFFF	#D3D3D3	7
2809	#FFFFFF	#D3D3D3	7
2810	#FFFFFF	#D3D3D3	7
2811	#FFFFFF	#D3D3D3	7
2812	#FFFFFF	#D3D3D3	7
2813	#FFFFFF	#D3D3D3	112
2814	#FFFFFF	#D3D3D3	7
2815	#FFFFFF	#D3D3D3	7
2816	#FFFFFF	#D3D3D3	7
2817	#FFFFFF	#D3D3D3	7
2818	#FFFFFF	#D3D3D3	7
2819	#FFFFFF	#D3D3D3	7
2820	#FFFFFF	#D3D3D3	7
2821	#FFFFFF	#D3D3D3	7
2822	#FFFFFF	#D3D3D3	7
2823	#FFFFFF	#D3D3D3	7
2824	#FFFFFF	#D3D3D3	112
2825	#FFFFFF	#D3D3D3	112
2826	#FFFFFF	#D3D3D3	32
2827	#FFFFFF	#D3D3D3	32
2828	#FFFFFF	#D3D3D3	32
2830	#FFFFFF	#D3D3D3	3
2831	#FFFFFF	#D3D3D3	3
2832	#FFFFFF	#D3D3D3	32
2833	#FFFFFF	#D3D3D3	32
2834	#FFFFFF	#D3D3D3	32
2835	#FFFFFF	#D3D3D3	77
2836	#FFFFFF	#D3D3D3	77
2837	#FFFFFF	#D3D3D3	77
2838	#FFFFFF	#D3D3D3	77
2839	#FFFFFF	#D3D3D3	77
2840	#FFFFFF	#D3D3D3	77
2841	#FFFFFF	#D3D3D3	77
2842	#FFFFFF	#D3D3D3	32
2843	#FFFFFF	#D3D3D3	230
2844	#FFFFFF	#D3D3D3	230
2845	#FFFFFF	#D3D3D3	230
2846	#FFFFFF	#D3D3D3	156
2847	#FFFFFF	#D3D3D3	156
2848	#FFFFFF	#D3D3D3	30
2849	#FFFFFF	#D3D3D3	30
2850	#FFFFFF	#D3D3D3	145
2853	#FFFFFF	#D3D3D3	112
2855	#FFFFFF	#D3D3D3	30
2856	#FFFFFF	#D3D3D3	7
2857	#FFFFFF	#D3D3D3	7
2858	#FFFFFF	#D3D3D3	7
2859	#FFFFFF	#D3D3D3	7
2860	#FFFFFF	#D3D3D3	7
2861	#FFFFFF	#D3D3D3	7
2862	#FFFFFF	#D3D3D3	7
2863	#FFFFFF	#D3D3D3	7
2864	#FFFFFF	#D3D3D3	112
2865	#FFFFFF	#D3D3D3	70
2866	#FFFFFF	#D3D3D3	7
2867	#FFFFFF	#D3D3D3	7
2868	#FFFFFF	#D3D3D3	70
2869	#FFFFFF	#D3D3D3	7
2870	#FFFFFF	#D3D3D3	7
2871	#FFFFFF	#D3D3D3	7
2872	#FFFFFF	#D3D3D3	7
2873	#FFFFFF	#D3D3D3	7
2874	#FFFFFF	#D3D3D3	112
2875	#FFFFFF	#D3D3D3	112
2876	#FFFFFF	#D3D3D3	32
2877	#FFFFFF	#D3D3D3	32
2878	#FFFFFF	#D3D3D3	32
2880	#FFFFFF	#D3D3D3	3
2881	#FFFFFF	#D3D3D3	3
2882	#FFFFFF	#D3D3D3	32
2883	#FFFFFF	#D3D3D3	32
2884	#FFFFFF	#D3D3D3	32
2885	#FFFFFF	#D3D3D3	77
2886	#FFFFFF	#D3D3D3	77
2887	#FFFFFF	#D3D3D3	77
2888	#FFFFFF	#D3D3D3	77
2889	#FFFFFF	#D3D3D3	77
2890	#FFFFFF	#D3D3D3	77
2891	#FFFFFF	#D3D3D3	77
2892	#FFFFFF	#D3D3D3	32
2893	#FFFFFF	#D3D3D3	230
2894	#FFFFFF	#D3D3D3	230
2895	#FFFFFF	#D3D3D3	230
2896	#FFFFFF	#D3D3D3	156
2897	#FFFFFF	#D3D3D3	156
2898	#FFFFFF	#D3D3D3	156
2899	#FFFFFF	#D3D3D3	30
2903	#FFFFFF	#D3D3D3	171
2905	#FFFFFF	#D3D3D3	30
2906	#FFFFFF	#D3D3D3	7
2907	#FFFFFF	#D3D3D3	7
2908	#FFFFFF	#D3D3D3	7
2909	#FFFFFF	#D3D3D3	7
2910	#FFFFFF	#D3D3D3	7
2911	#FFFFFF	#D3D3D3	7
2912	#FFFFFF	#D3D3D3	7
2913	#FFFFFF	#D3D3D3	7
2914	#FFFFFF	#D3D3D3	112
2915	#FFFFFF	#D3D3D3	7
2916	#FFFFFF	#D3D3D3	70
2917	#FFFFFF	#D3D3D3	70
2918	#FFFFFF	#D3D3D3	70
2919	#FFFFFF	#D3D3D3	7
2920	#FFFFFF	#D3D3D3	7
2921	#FFFFFF	#D3D3D3	7
2922	#FFFFFF	#D3D3D3	7
2923	#FFFFFF	#D3D3D3	7
2924	#FFFFFF	#D3D3D3	7
2925	#FFFFFF	#D3D3D3	112
2926	#FFFFFF	#D3D3D3	112
2927	#FFFFFF	#D3D3D3	112
2928	#FFFFFF	#D3D3D3	32
2929	#FFFFFF	#D3D3D3	32
2931	#FFFFFF	#D3D3D3	3
2932	#FFFFFF	#D3D3D3	32
2933	#FFFFFF	#D3D3D3	32
2934	#FFFFFF	#D3D3D3	32
2935	#FFFFFF	#D3D3D3	77
2936	#FFFFFF	#D3D3D3	77
2937	#FFFFFF	#D3D3D3	77
2938	#FFFFFF	#D3D3D3	77
2939	#FFFFFF	#D3D3D3	77
2940	#FFFFFF	#D3D3D3	77
2941	#FFFFFF	#D3D3D3	77
2942	#FFFFFF	#D3D3D3	230
2943	#FFFFFF	#D3D3D3	171
2944	#FFFFFF	#D3D3D3	230
2945	#FFFFFF	#D3D3D3	230
2946	#FFFFFF	#D3D3D3	156
2947	#FFFFFF	#D3D3D3	156
2948	#FFFFFF	#D3D3D3	156
2949	#FFFFFF	#D3D3D3	156
2954	#FFFFFF	#D3D3D3	171
2955	#FFFFFF	#D3D3D3	30
2956	#FFFFFF	#D3D3D3	7
2957	#FFFFFF	#D3D3D3	7
2958	#FFFFFF	#D3D3D3	7
2959	#FFFFFF	#D3D3D3	7
2960	#FFFFFF	#D3D3D3	7
2961	#FFFFFF	#D3D3D3	7
2962	#FFFFFF	#D3D3D3	7
2963	#FFFFFF	#D3D3D3	70
2964	#FFFFFF	#D3D3D3	70
2965	#FFFFFF	#D3D3D3	112
2966	#FFFFFF	#D3D3D3	70
2967	#FFFFFF	#D3D3D3	70
2968	#FFFFFF	#D3D3D3	70
2969	#FFFFFF	#D3D3D3	70
2970	#FFFFFF	#D3D3D3	7
2971	#FFFFFF	#D3D3D3	7
2972	#FFFFFF	#D3D3D3	7
2973	#FFFFFF	#D3D3D3	7
2974	#FFFFFF	#D3D3D3	7
2975	#FFFFFF	#D3D3D3	112
2976	#FFFFFF	#D3D3D3	112
2977	#FFFFFF	#D3D3D3	112
2978	#FFFFFF	#D3D3D3	32
2979	#FFFFFF	#D3D3D3	32
2981	#FFFFFF	#D3D3D3	3
2982	#FFFFFF	#D3D3D3	32
2983	#FFFFFF	#D3D3D3	32
2984	#FFFFFF	#D3D3D3	32
2985	#FFFFFF	#D3D3D3	77
2986	#FFFFFF	#D3D3D3	77
2987	#FFFFFF	#D3D3D3	77
2988	#FFFFFF	#D3D3D3	77
2989	#FFFFFF	#D3D3D3	77
2990	#FFFFFF	#D3D3D3	77
2991	#FFFFFF	#D3D3D3	77
2992	#FFFFFF	#D3D3D3	230
2993	#FFFFFF	#D3D3D3	85
2994	#FFFFFF	#D3D3D3	230
2995	#FFFFFF	#D3D3D3	230
2996	#FFFFFF	#D3D3D3	156
2997	#FFFFFF	#D3D3D3	156
2998	#FFFFFF	#D3D3D3	30
2999	#FFFFFF	#D3D3D3	156
3000	#FFFFFF	#D3D3D3	145
3003	#FFFFFF	#D3D3D3	145
3004	#FFFFFF	#D3D3D3	171
3005	#FFFFFF	#D3D3D3	30
3006	#FFFFFF	#D3D3D3	7
3007	#FFFFFF	#D3D3D3	7
3008	#FFFFFF	#D3D3D3	7
3009	#FFFFFF	#D3D3D3	7
3010	#FFFFFF	#D3D3D3	7
3011	#FFFFFF	#D3D3D3	7
3012	#FFFFFF	#D3D3D3	7
3013	#FFFFFF	#D3D3D3	70
3014	#FFFFFF	#D3D3D3	70
3015	#FFFFFF	#D3D3D3	171
3016	#FFFFFF	#D3D3D3	70
3017	#FFFFFF	#D3D3D3	70
3018	#FFFFFF	#D3D3D3	70
3019	#FFFFFF	#D3D3D3	7
3020	#FFFFFF	#D3D3D3	7
3021	#FFFFFF	#D3D3D3	7
3022	#FFFFFF	#D3D3D3	7
3023	#FFFFFF	#D3D3D3	7
3024	#FFFFFF	#D3D3D3	7
3025	#FFFFFF	#D3D3D3	7
3026	#FFFFFF	#D3D3D3	112
3027	#FFFFFF	#D3D3D3	112
3028	#FFFFFF	#D3D3D3	112
3029	#FFFFFF	#D3D3D3	112
3030	#FFFFFF	#D3D3D3	112
3032	#FFFFFF	#D3D3D3	32
3033	#FFFFFF	#D3D3D3	85
3034	#FFFFFF	#D3D3D3	32
3035	#FFFFFF	#D3D3D3	77
3036	#FFFFFF	#D3D3D3	77
3037	#FFFFFF	#D3D3D3	77
3038	#FFFFFF	#D3D3D3	77
3039	#FFFFFF	#D3D3D3	77
3040	#FFFFFF	#D3D3D3	77
3041	#FFFFFF	#D3D3D3	77
3042	#FFFFFF	#D3D3D3	230
3043	#FFFFFF	#D3D3D3	230
3044	#FFFFFF	#D3D3D3	85
3045	#FFFFFF	#D3D3D3	230
3046	#FFFFFF	#D3D3D3	156
3047	#FFFFFF	#D3D3D3	156
3048	#FFFFFF	#D3D3D3	30
3049	#FFFFFF	#D3D3D3	30
3050	#FFFFFF	#D3D3D3	145
3054	#FFFFFF	#D3D3D3	30
3055	#FFFFFF	#D3D3D3	171
3056	#FFFFFF	#D3D3D3	7
3057	#FFFFFF	#D3D3D3	7
3058	#FFFFFF	#D3D3D3	7
3059	#FFFFFF	#D3D3D3	7
3060	#FFFFFF	#D3D3D3	7
3061	#FFFFFF	#D3D3D3	7
3062	#FFFFFF	#D3D3D3	7
3063	#FFFFFF	#D3D3D3	70
3064	#FFFFFF	#D3D3D3	70
3065	#FFFFFF	#D3D3D3	70
3066	#FFFFFF	#D3D3D3	171
3067	#FFFFFF	#D3D3D3	70
3068	#FFFFFF	#D3D3D3	70
3069	#FFFFFF	#D3D3D3	70
3070	#FFFFFF	#D3D3D3	7
3071	#FFFFFF	#D3D3D3	7
3072	#FFFFFF	#D3D3D3	7
3073	#FFFFFF	#D3D3D3	7
3074	#FFFFFF	#D3D3D3	7
3075	#FFFFFF	#D3D3D3	7
3076	#FFFFFF	#D3D3D3	112
3077	#FFFFFF	#D3D3D3	112
3078	#FFFFFF	#D3D3D3	112
3079	#FFFFFF	#D3D3D3	112
3080	#FFFFFF	#D3D3D3	112
3082	#FFFFFF	#D3D3D3	176
3083	#FFFFFF	#D3D3D3	85
3084	#FFFFFF	#D3D3D3	112
3085	#FFFFFF	#D3D3D3	32
3086	#FFFFFF	#D3D3D3	77
3087	#FFFFFF	#D3D3D3	77
3088	#FFFFFF	#D3D3D3	77
3089	#FFFFFF	#D3D3D3	77
3090	#FFFFFF	#D3D3D3	77
3091	#FFFFFF	#D3D3D3	77
3092	#FFFFFF	#D3D3D3	230
3093	#FFFFFF	#D3D3D3	230
3094	#FFFFFF	#D3D3D3	85
3095	#FFFFFF	#D3D3D3	230
3096	#FFFFFF	#D3D3D3	156
3097	#FFFFFF	#D3D3D3	156
3098	#FFFFFF	#D3D3D3	30
3099	#FFFFFF	#D3D3D3	30
3104	#FFFFFF	#D3D3D3	30
3105	#FFFFFF	#D3D3D3	85
3106	#FFFFFF	#D3D3D3	7
3107	#FFFFFF	#D3D3D3	7
3108	#FFFFFF	#D3D3D3	7
3109	#FFFFFF	#D3D3D3	7
3110	#FFFFFF	#D3D3D3	7
3111	#FFFFFF	#D3D3D3	7
3112	#FFFFFF	#D3D3D3	7
3113	#FFFFFF	#D3D3D3	70
3114	#FFFFFF	#D3D3D3	70
3115	#FFFFFF	#D3D3D3	70
3116	#FFFFFF	#D3D3D3	171
3117	#FFFFFF	#D3D3D3	70
3118	#FFFFFF	#D3D3D3	70
3119	#FFFFFF	#D3D3D3	70
3120	#FFFFFF	#D3D3D3	7
3121	#FFFFFF	#D3D3D3	7
3122	#FFFFFF	#D3D3D3	7
3123	#FFFFFF	#D3D3D3	7
3124	#FFFFFF	#D3D3D3	7
3125	#FFFFFF	#D3D3D3	7
3126	#FFFFFF	#D3D3D3	7
3127	#FFFFFF	#D3D3D3	171
3128	#FFFFFF	#D3D3D3	112
3129	#FFFFFF	#D3D3D3	112
3130	#FFFFFF	#D3D3D3	112
3131	#FFFFFF	#D3D3D3	112
3133	#FFFFFF	#D3D3D3	176
3134	#FFFFFF	#D3D3D3	85
3135	#FFFFFF	#D3D3D3	32
3136	#FFFFFF	#D3D3D3	77
3137	#FFFFFF	#D3D3D3	77
3138	#FFFFFF	#D3D3D3	77
3139	#FFFFFF	#D3D3D3	77
3140	#FFFFFF	#D3D3D3	77
3141	#FFFFFF	#D3D3D3	77
3142	#FFFFFF	#D3D3D3	230
3143	#FFFFFF	#D3D3D3	230
3144	#FFFFFF	#D3D3D3	230
3145	#FFFFFF	#D3D3D3	85
3146	#FFFFFF	#D3D3D3	156
3147	#FFFFFF	#D3D3D3	156
3148	#FFFFFF	#D3D3D3	156
3149	#FFFFFF	#D3D3D3	30
3150	#FFFFFF	#D3D3D3	145
3154	#FFFFFF	#D3D3D3	30
3155	#FFFFFF	#D3D3D3	7
3156	#FFFFFF	#D3D3D3	85
3157	#FFFFFF	#D3D3D3	7
3158	#FFFFFF	#D3D3D3	7
3159	#FFFFFF	#D3D3D3	7
3160	#FFFFFF	#D3D3D3	7
3161	#FFFFFF	#D3D3D3	7
3162	#FFFFFF	#D3D3D3	7
3163	#FFFFFF	#D3D3D3	7
3164	#FFFFFF	#D3D3D3	70
3165	#FFFFFF	#D3D3D3	70
3166	#FFFFFF	#D3D3D3	70
3167	#FFFFFF	#D3D3D3	171
3168	#FFFFFF	#D3D3D3	70
3169	#FFFFFF	#D3D3D3	70
3170	#FFFFFF	#D3D3D3	70
3171	#FFFFFF	#D3D3D3	7
3172	#FFFFFF	#D3D3D3	7
3173	#FFFFFF	#D3D3D3	7
3174	#FFFFFF	#D3D3D3	7
3175	#FFFFFF	#D3D3D3	7
3176	#FFFFFF	#D3D3D3	7
3177	#FFFFFF	#D3D3D3	171
3178	#FFFFFF	#D3D3D3	112
3179	#FFFFFF	#D3D3D3	112
3180	#FFFFFF	#D3D3D3	112
3181	#FFFFFF	#D3D3D3	112
3183	#FFFFFF	#D3D3D3	176
3184	#FFFFFF	#D3D3D3	105
3185	#FFFFFF	#D3D3D3	32
3186	#FFFFFF	#D3D3D3	32
3187	#FFFFFF	#D3D3D3	77
3188	#FFFFFF	#D3D3D3	77
3189	#FFFFFF	#D3D3D3	77
3190	#FFFFFF	#D3D3D3	77
3191	#FFFFFF	#D3D3D3	77
3192	#FFFFFF	#D3D3D3	230
3193	#FFFFFF	#D3D3D3	230
3194	#FFFFFF	#D3D3D3	230
3195	#FFFFFF	#D3D3D3	85
3196	#FFFFFF	#D3D3D3	156
3197	#FFFFFF	#D3D3D3	156
3198	#FFFFFF	#D3D3D3	156
3199	#FFFFFF	#D3D3D3	30
3201	#FFFFFF	#D3D3D3	145
3204	#FFFFFF	#D3D3D3	30
3205	#FFFFFF	#D3D3D3	33
3206	#FFFFFF	#D3D3D3	85
3207	#FFFFFF	#D3D3D3	7
3208	#FFFFFF	#D3D3D3	7
3209	#FFFFFF	#D3D3D3	33
3210	#FFFFFF	#D3D3D3	7
3211	#FFFFFF	#D3D3D3	7
3212	#FFFFFF	#D3D3D3	7
3213	#FFFFFF	#D3D3D3	70
3214	#FFFFFF	#D3D3D3	70
3215	#FFFFFF	#D3D3D3	70
3216	#FFFFFF	#D3D3D3	70
3217	#FFFFFF	#D3D3D3	85
3218	#FFFFFF	#D3D3D3	70
3219	#FFFFFF	#D3D3D3	70
3220	#FFFFFF	#D3D3D3	70
3221	#FFFFFF	#D3D3D3	70
3222	#FFFFFF	#D3D3D3	7
3223	#FFFFFF	#D3D3D3	7
3224	#FFFFFF	#D3D3D3	7
3225	#FFFFFF	#D3D3D3	7
3226	#FFFFFF	#D3D3D3	7
3227	#FFFFFF	#D3D3D3	7
3228	#FFFFFF	#D3D3D3	171
3229	#FFFFFF	#D3D3D3	171
3230	#FFFFFF	#D3D3D3	112
3231	#FFFFFF	#D3D3D3	112
3232	#FFFFFF	#D3D3D3	112
3234	#FFFFFF	#D3D3D3	176
3235	#FFFFFF	#D3D3D3	105
3236	#FFFFFF	#D3D3D3	32
3237	#FFFFFF	#D3D3D3	32
3238	#FFFFFF	#D3D3D3	77
3239	#FFFFFF	#D3D3D3	77
3240	#FFFFFF	#D3D3D3	77
3241	#FFFFFF	#D3D3D3	77
3242	#FFFFFF	#D3D3D3	230
3243	#FFFFFF	#D3D3D3	230
3244	#FFFFFF	#D3D3D3	230
3245	#FFFFFF	#D3D3D3	156
3246	#FFFFFF	#D3D3D3	85
3247	#FFFFFF	#D3D3D3	156
3248	#FFFFFF	#D3D3D3	156
3249	#FFFFFF	#D3D3D3	30
3250	#FFFFFF	#D3D3D3	145
3254	#FFFFFF	#D3D3D3	30
3255	#FFFFFF	#D3D3D3	33
3256	#FFFFFF	#D3D3D3	33
3257	#FFFFFF	#D3D3D3	85
3258	#FFFFFF	#D3D3D3	7
3259	#FFFFFF	#D3D3D3	33
3260	#FFFFFF	#D3D3D3	33
3261	#FFFFFF	#D3D3D3	7
3262	#FFFFFF	#D3D3D3	7
3263	#FFFFFF	#D3D3D3	7
3264	#FFFFFF	#D3D3D3	70
3265	#FFFFFF	#D3D3D3	70
3266	#FFFFFF	#D3D3D3	70
3267	#FFFFFF	#D3D3D3	70
3268	#FFFFFF	#D3D3D3	85
3269	#FFFFFF	#D3D3D3	70
3270	#FFFFFF	#D3D3D3	70
3271	#FFFFFF	#D3D3D3	70
3272	#FFFFFF	#D3D3D3	70
3273	#FFFFFF	#D3D3D3	7
3274	#FFFFFF	#D3D3D3	7
3275	#FFFFFF	#D3D3D3	7
3276	#FFFFFF	#D3D3D3	7
3277	#FFFFFF	#D3D3D3	7
3278	#FFFFFF	#D3D3D3	171
3279	#FFFFFF	#D3D3D3	171
3280	#FFFFFF	#D3D3D3	112
3281	#FFFFFF	#D3D3D3	112
3282	#FFFFFF	#D3D3D3	32
3284	#FFFFFF	#D3D3D3	176
3285	#FFFFFF	#D3D3D3	105
3286	#FFFFFF	#D3D3D3	32
3287	#FFFFFF	#D3D3D3	32
3288	#FFFFFF	#D3D3D3	77
3289	#FFFFFF	#D3D3D3	77
3290	#FFFFFF	#D3D3D3	77
3291	#FFFFFF	#D3D3D3	77
3292	#FFFFFF	#D3D3D3	230
3293	#FFFFFF	#D3D3D3	230
3294	#FFFFFF	#D3D3D3	230
3295	#FFFFFF	#D3D3D3	156
3296	#FFFFFF	#D3D3D3	105
3297	#FFFFFF	#D3D3D3	156
3298	#FFFFFF	#D3D3D3	30
3299	#FFFFFF	#D3D3D3	156
3303	#FFFFFF	#D3D3D3	145
3304	#FFFFFF	#D3D3D3	30
3305	#FFFFFF	#D3D3D3	33
3306	#FFFFFF	#D3D3D3	33
3307	#FFFFFF	#D3D3D3	85
3308	#FFFFFF	#D3D3D3	33
3309	#FFFFFF	#D3D3D3	33
3310	#FFFFFF	#D3D3D3	33
3311	#FFFFFF	#D3D3D3	33
3312	#FFFFFF	#D3D3D3	7
3313	#FFFFFF	#D3D3D3	7
3314	#FFFFFF	#D3D3D3	7
3315	#FFFFFF	#D3D3D3	70
3316	#FFFFFF	#D3D3D3	70
3317	#FFFFFF	#D3D3D3	70
3318	#FFFFFF	#D3D3D3	85
3319	#FFFFFF	#D3D3D3	70
3320	#FFFFFF	#D3D3D3	70
3321	#FFFFFF	#D3D3D3	70
3322	#FFFFFF	#D3D3D3	70
3323	#FFFFFF	#D3D3D3	7
3324	#FFFFFF	#D3D3D3	70
3325	#FFFFFF	#D3D3D3	70
3326	#FFFFFF	#D3D3D3	7
3327	#FFFFFF	#D3D3D3	7
3328	#FFFFFF	#D3D3D3	7
3329	#FFFFFF	#D3D3D3	85
3330	#FFFFFF	#D3D3D3	171
3331	#FFFFFF	#D3D3D3	171
3332	#FFFFFF	#D3D3D3	112
3333	#FFFFFF	#D3D3D3	32
3335	#FFFFFF	#D3D3D3	176
3336	#FFFFFF	#D3D3D3	105
3337	#FFFFFF	#D3D3D3	32
3338	#FFFFFF	#D3D3D3	77
3339	#FFFFFF	#D3D3D3	77
3340	#FFFFFF	#D3D3D3	77
3341	#FFFFFF	#D3D3D3	77
3342	#FFFFFF	#D3D3D3	230
3343	#FFFFFF	#D3D3D3	230
3344	#FFFFFF	#D3D3D3	230
3345	#FFFFFF	#D3D3D3	156
3346	#FFFFFF	#D3D3D3	156
3347	#FFFFFF	#D3D3D3	105
3348	#FFFFFF	#D3D3D3	30
3349	#FFFFFF	#D3D3D3	30
3350	#FFFFFF	#D3D3D3	145
3352	#FFFFFF	#D3D3D3	145
3354	#FFFFFF	#D3D3D3	30
3355	#FFFFFF	#D3D3D3	33
3356	#FFFFFF	#D3D3D3	33
3357	#FFFFFF	#D3D3D3	33
3358	#FFFFFF	#D3D3D3	85
3359	#FFFFFF	#D3D3D3	33
3360	#FFFFFF	#D3D3D3	33
3361	#FFFFFF	#D3D3D3	33
3362	#FFFFFF	#D3D3D3	33
3363	#FFFFFF	#D3D3D3	7
3364	#FFFFFF	#D3D3D3	7
3365	#FFFFFF	#D3D3D3	7
3366	#FFFFFF	#D3D3D3	70
3367	#FFFFFF	#D3D3D3	70
3368	#FFFFFF	#D3D3D3	70
3369	#FFFFFF	#D3D3D3	85
3370	#FFFFFF	#D3D3D3	70
3371	#FFFFFF	#D3D3D3	70
3372	#FFFFFF	#D3D3D3	70
3373	#FFFFFF	#D3D3D3	70
3374	#FFFFFF	#D3D3D3	7
3375	#FFFFFF	#D3D3D3	70
3376	#FFFFFF	#D3D3D3	7
3377	#FFFFFF	#D3D3D3	7
3378	#FFFFFF	#D3D3D3	7
3379	#FFFFFF	#D3D3D3	85
3380	#FFFFFF	#D3D3D3	171
3381	#FFFFFF	#D3D3D3	171
3382	#FFFFFF	#D3D3D3	32
3383	#FFFFFF	#D3D3D3	32
3385	#FFFFFF	#D3D3D3	50
3386	#FFFFFF	#D3D3D3	50
3387	#FFFFFF	#D3D3D3	32
3388	#FFFFFF	#D3D3D3	32
3389	#FFFFFF	#D3D3D3	32
3390	#FFFFFF	#D3D3D3	32
3391	#FFFFFF	#D3D3D3	165
3392	#FFFFFF	#D3D3D3	165
3393	#FFFFFF	#D3D3D3	165
3394	#FFFFFF	#D3D3D3	165
3395	#FFFFFF	#D3D3D3	165
3396	#FFFFFF	#D3D3D3	165
3397	#FEF5F8	#C8C8C8	22
3398	#FFFFFF	#D3D3D3	104
3399	#FFFFFF	#D3D3D3	104
3400	#FFFFFF	#D3D3D3	104
3401	#FFFFFF	#D3D3D3	60
3402	#FFFFFF	#D3D3D3	60
3403	#FFFFFF	#D3D3D3	60
3404	#FFFFFF	#D3D3D3	194
3405	#FFFFFF	#D3D3D3	60
3406	#FFFFFF	#D3D3D3	65
3407	#FFFFFF	#D3D3D3	65
3408	#FEF5F8	#C8C8C8	22
3409	#FFFFFF	#D3D3D3	65
3410	#FFFFFF	#D3D3D3	113
3411	#FFFFFF	#D3D3D3	113
3412	#FFFFFF	#D3D3D3	113
3413	#FFFFFF	#D3D3D3	113
3414	#FFFFFF	#D3D3D3	113
3415	#FFFFFF	#D3D3D3	113
3416	#FFFFFF	#D3D3D3	113
3417	#FFFFFF	#D3D3D3	113
3418	#FFFFFF	#D3D3D3	113
3419	#FEF5F8	#C8C8C8	22
3420	#FFFFFF	#D3D3D3	113
3421	#FFFFFF	#D3D3D3	113
3422	#FFFFFF	#D3D3D3	113
3423	#FFFFFF	#D3D3D3	113
3424	#FFFFFF	#D3D3D3	64
3425	#FFFFFF	#D3D3D3	64
3426	#FFFFFF	#D3D3D3	113
3427	#FFFFFF	#D3D3D3	113
3428	#FFFFFF	#D3D3D3	113
3429	#FFFFFF	#D3D3D3	64
3430	#FEF5F8	#C8C8C8	22
3431	#FFFFFF	#D3D3D3	32
3432	#FFFFFF	#D3D3D3	32
3433	#FFFFFF	#D3D3D3	32
3434	#FFFFFF	#D3D3D3	32
3436	#FFFFFF	#D3D3D3	50
3437	#FEF5F8	#C8C8C8	22
3438	#FFFFFF	#D3D3D3	32
3439	#FFFFFF	#D3D3D3	32
3440	#FFFFFF	#D3D3D3	32
3441	#FFFFFF	#D3D3D3	32
3442	#FFFFFF	#D3D3D3	165
3443	#FFFFFF	#D3D3D3	165
3444	#FFFFFF	#D3D3D3	165
3445	#FFFFFF	#D3D3D3	165
3446	#FFFFFF	#D3D3D3	165
3447	#FFFFFF	#D3D3D3	165
3448	#FEF5F8	#C8C8C8	22
3449	#FFFFFF	#D3D3D3	104
3450	#FFFFFF	#D3D3D3	104
3451	#FFFFFF	#D3D3D3	60
3452	#FFFFFF	#D3D3D3	60
3453	#FFFFFF	#D3D3D3	60
3454	#FFFFFF	#D3D3D3	194
3455	#FFFFFF	#D3D3D3	194
3456	#FFFFFF	#D3D3D3	65
3457	#FFFFFF	#D3D3D3	65
3458	#FFFFFF	#D3D3D3	65
3459	#FEF5F8	#C8C8C8	22
3460	#FFFFFF	#D3D3D3	65
3461	#FFFFFF	#D3D3D3	113
3462	#FFFFFF	#D3D3D3	113
3463	#FFFFFF	#D3D3D3	113
3464	#FFFFFF	#D3D3D3	113
3465	#FFFFFF	#D3D3D3	113
3466	#FFFFFF	#D3D3D3	113
3467	#FFFFFF	#D3D3D3	113
3468	#FFFFFF	#D3D3D3	113
3469	#FFFFFF	#D3D3D3	113
3470	#FEF5F8	#C8C8C8	22
3471	#FFFFFF	#D3D3D3	113
3472	#FFFFFF	#D3D3D3	113
3473	#FFFFFF	#D3D3D3	113
3474	#FFFFFF	#D3D3D3	64
3475	#FFFFFF	#D3D3D3	64
3476	#FFFFFF	#D3D3D3	64
3477	#FFFFFF	#D3D3D3	113
3478	#FFFFFF	#D3D3D3	113
3479	#FFFFFF	#D3D3D3	113
3480	#FFFFFF	#D3D3D3	32
3481	#FFFFFF	#D3D3D3	32
3482	#FFFFFF	#D3D3D3	32
3483	#FFFFFF	#D3D3D3	32
3484	#FFFFFF	#D3D3D3	32
3486	#FFFFFF	#D3D3D3	176
3487	#FFFFFF	#D3D3D3	176
3488	#FFFFFF	#D3D3D3	32
3489	#FFFFFF	#D3D3D3	230
3490	#FFFFFF	#D3D3D3	77
3491	#FFFFFF	#D3D3D3	77
3492	#FFFFFF	#D3D3D3	77
3493	#FFFFFF	#D3D3D3	230
3494	#FFFFFF	#D3D3D3	230
3495	#FFFFFF	#D3D3D3	230
3496	#FFFFFF	#D3D3D3	156
3497	#FFFFFF	#D3D3D3	156
3498	#FFFFFF	#D3D3D3	105
3499	#FFFFFF	#D3D3D3	30
3500	#FFFFFF	#D3D3D3	30
3501	#FFFFFF	#D3D3D3	145
3505	#FFFFFF	#D3D3D3	30
3506	#FFFFFF	#D3D3D3	33
3507	#FFFFFF	#D3D3D3	33
3508	#FFFFFF	#D3D3D3	33
3509	#FFFFFF	#D3D3D3	105
3510	#FFFFFF	#D3D3D3	33
3511	#FFFFFF	#D3D3D3	33
3512	#FFFFFF	#D3D3D3	33
3513	#FFFFFF	#D3D3D3	33
3514	#FFFFFF	#D3D3D3	70
3515	#FFFFFF	#D3D3D3	7
3516	#FFFFFF	#D3D3D3	7
3517	#FFFFFF	#D3D3D3	7
3518	#FFFFFF	#D3D3D3	70
3519	#FFFFFF	#D3D3D3	70
3520	#FFFFFF	#D3D3D3	85
3521	#FFFFFF	#D3D3D3	70
3522	#FFFFFF	#D3D3D3	70
3523	#FFFFFF	#D3D3D3	70
3524	#FFFFFF	#D3D3D3	70
3525	#FFFFFF	#D3D3D3	70
3526	#FFFFFF	#D3D3D3	70
3527	#FFFFFF	#D3D3D3	7
3528	#FFFFFF	#D3D3D3	70
3529	#FFFFFF	#D3D3D3	7
3530	#FFFFFF	#D3D3D3	7
3531	#FFFFFF	#D3D3D3	85
3532	#FFFFFF	#D3D3D3	85
3533	#FFFFFF	#D3D3D3	171
3534	#FFFFFF	#D3D3D3	85
3535	#FFFFFF	#D3D3D3	32
3537	#FFFFFF	#D3D3D3	176
3538	#FFFFFF	#D3D3D3	20
3539	#FFFFFF	#D3D3D3	230
3540	#FFFFFF	#D3D3D3	230
3541	#FFFFFF	#D3D3D3	77
3542	#FFFFFF	#D3D3D3	230
3543	#FFFFFF	#D3D3D3	230
3544	#FFFFFF	#D3D3D3	230
3545	#FFFFFF	#D3D3D3	230
3546	#FFFFFF	#D3D3D3	156
3547	#FFFFFF	#D3D3D3	156
3548	#FFFFFF	#D3D3D3	30
3549	#FFFFFF	#D3D3D3	105
3550	#FFFFFF	#D3D3D3	30
3551	#FFFFFF	#D3D3D3	145
3554	#FFFFFF	#D3D3D3	145
3555	#FFFFFF	#D3D3D3	30
3556	#FFFFFF	#D3D3D3	33
3557	#FFFFFF	#D3D3D3	33
3558	#FFFFFF	#D3D3D3	33
3559	#FFFFFF	#D3D3D3	33
3560	#FFFFFF	#D3D3D3	105
3561	#FFFFFF	#D3D3D3	33
3562	#FFFFFF	#D3D3D3	33
3563	#FFFFFF	#D3D3D3	33
3564	#FFFFFF	#D3D3D3	70
3565	#FFFFFF	#D3D3D3	70
3566	#FFFFFF	#D3D3D3	7
3567	#FFFFFF	#D3D3D3	7
3568	#FFFFFF	#D3D3D3	7
3569	#FFFFFF	#D3D3D3	70
3570	#FFFFFF	#D3D3D3	70
3571	#FFFFFF	#D3D3D3	85
3572	#FFFFFF	#D3D3D3	70
3573	#FFFFFF	#D3D3D3	70
3574	#FFFFFF	#D3D3D3	70
3575	#FFFFFF	#D3D3D3	70
3576	#FFFFFF	#D3D3D3	70
3577	#FFFFFF	#D3D3D3	70
3578	#FFFFFF	#D3D3D3	70
3579	#FFFFFF	#D3D3D3	70
3580	#FFFFFF	#D3D3D3	7
3581	#FFFFFF	#D3D3D3	85
3582	#FFFFFF	#D3D3D3	85
3583	#FFFFFF	#D3D3D3	85
3584	#FFFFFF	#D3D3D3	85
3585	#FFFFFF	#D3D3D3	32
3587	#FFFFFF	#D3D3D3	176
3588	#FFFFFF	#D3D3D3	20
3589	#FFFFFF	#D3D3D3	230
3590	#FFFFFF	#D3D3D3	230
3591	#FFFFFF	#D3D3D3	230
3592	#FFFFFF	#D3D3D3	230
3593	#FFFFFF	#D3D3D3	230
3594	#FFFFFF	#D3D3D3	230
3595	#FFFFFF	#D3D3D3	230
3596	#FFFFFF	#D3D3D3	156
3597	#FFFFFF	#D3D3D3	156
3598	#FFFFFF	#D3D3D3	30
3599	#FFFFFF	#D3D3D3	105
3600	#FFFFFF	#D3D3D3	30
3601	#FFFFFF	#D3D3D3	145
3605	#FFFFFF	#D3D3D3	30
3606	#FFFFFF	#D3D3D3	33
3607	#FFFFFF	#D3D3D3	33
3608	#FFFFFF	#D3D3D3	33
3609	#FFFFFF	#D3D3D3	33
3610	#FFFFFF	#D3D3D3	105
3611	#FFFFFF	#D3D3D3	33
3612	#FFFFFF	#D3D3D3	33
3613	#FFFFFF	#D3D3D3	33
3614	#FFFFFF	#D3D3D3	70
3615	#FFFFFF	#D3D3D3	70
3616	#FFFFFF	#D3D3D3	70
3617	#FFFFFF	#D3D3D3	7
3618	#FFFFFF	#D3D3D3	7
3619	#FFFFFF	#D3D3D3	7
3620	#FFFFFF	#D3D3D3	70
3621	#FFFFFF	#D3D3D3	105
3622	#FFFFFF	#D3D3D3	70
3623	#FFFFFF	#D3D3D3	70
3624	#FFFFFF	#D3D3D3	70
3625	#FFFFFF	#D3D3D3	70
3626	#FFFFFF	#D3D3D3	70
3627	#FFFFFF	#D3D3D3	70
3628	#FFFFFF	#D3D3D3	70
3629	#FFFFFF	#D3D3D3	70
3630	#FFFFFF	#D3D3D3	70
3631	#FFFFFF	#D3D3D3	70
3632	#FFFFFF	#D3D3D3	85
3633	#FFFFFF	#D3D3D3	85
3634	#FFFFFF	#D3D3D3	85
3635	#FFFFFF	#D3D3D3	121
3636	#FFFFFF	#D3D3D3	85
3638	#FFFFFF	#D3D3D3	176
3639	#FFFFFF	#D3D3D3	20
3640	#FFFFFF	#D3D3D3	230
3641	#FFFFFF	#D3D3D3	230
3642	#FFFFFF	#D3D3D3	230
3643	#FFFFFF	#D3D3D3	13
3644	#FFFFFF	#D3D3D3	13
3645	#FFFFFF	#D3D3D3	230
3646	#FFFFFF	#D3D3D3	156
3647	#FFFFFF	#D3D3D3	156
3648	#FFFFFF	#D3D3D3	30
3649	#FFFFFF	#D3D3D3	30
3650	#FFFFFF	#D3D3D3	20
3653	#FFFFFF	#D3D3D3	145
3655	#FFFFFF	#D3D3D3	30
3656	#FFFFFF	#D3D3D3	33
3657	#FFFFFF	#D3D3D3	33
3658	#FFFFFF	#D3D3D3	33
3659	#FFFFFF	#D3D3D3	33
3660	#FFFFFF	#D3D3D3	33
3661	#FFFFFF	#D3D3D3	105
3662	#FFFFFF	#D3D3D3	33
3663	#FFFFFF	#D3D3D3	33
3664	#FFFFFF	#D3D3D3	33
3665	#FFFFFF	#D3D3D3	70
3666	#FFFFFF	#D3D3D3	70
3667	#FFFFFF	#D3D3D3	70
3668	#FFFFFF	#D3D3D3	7
3669	#FFFFFF	#D3D3D3	7
3670	#FFFFFF	#D3D3D3	70
3671	#FFFFFF	#D3D3D3	70
3672	#FFFFFF	#D3D3D3	105
3673	#FFFFFF	#D3D3D3	70
3674	#FFFFFF	#D3D3D3	70
3675	#FFFFFF	#D3D3D3	70
3676	#FFFFFF	#D3D3D3	70
3677	#FFFFFF	#D3D3D3	70
3678	#FFFFFF	#D3D3D3	70
3679	#FFFFFF	#D3D3D3	70
3680	#FFFFFF	#D3D3D3	70
3681	#FFFFFF	#D3D3D3	70
3682	#FFFFFF	#D3D3D3	85
3683	#FFFFFF	#D3D3D3	121
3684	#FFFFFF	#D3D3D3	121
3685	#FFFFFF	#D3D3D3	85
3686	#FFFFFF	#D3D3D3	180
3688	#FFFFFF	#D3D3D3	176
3689	#FFFFFF	#D3D3D3	20
3690	#FFFFFF	#D3D3D3	13
3691	#FFFFFF	#D3D3D3	230
3692	#FFFFFF	#D3D3D3	230
3693	#FFFFFF	#D3D3D3	13
3694	#FFFFFF	#D3D3D3	13
3695	#FFFFFF	#D3D3D3	13
3696	#FFFFFF	#D3D3D3	156
3697	#FFFFFF	#D3D3D3	156
3698	#FFFFFF	#D3D3D3	30
3699	#FFFFFF	#D3D3D3	30
3700	#FFFFFF	#D3D3D3	20
3705	#FFFFFF	#D3D3D3	30
3706	#FFFFFF	#D3D3D3	33
3707	#FFFFFF	#D3D3D3	33
3708	#FFFFFF	#D3D3D3	33
3709	#FFFFFF	#D3D3D3	33
3710	#FFFFFF	#D3D3D3	33
3711	#FFFFFF	#D3D3D3	20
3712	#FFFFFF	#D3D3D3	33
3713	#FFFFFF	#D3D3D3	33
3714	#FFFFFF	#D3D3D3	33
3715	#FFFFFF	#D3D3D3	33
3716	#FFFFFF	#D3D3D3	70
3717	#FFFFFF	#D3D3D3	70
3718	#FFFFFF	#D3D3D3	70
3719	#FFFFFF	#D3D3D3	70
3720	#FFFFFF	#D3D3D3	70
3721	#FFFFFF	#D3D3D3	70
3722	#FFFFFF	#D3D3D3	105
3723	#FFFFFF	#D3D3D3	70
3724	#FFFFFF	#D3D3D3	70
3725	#FFFFFF	#D3D3D3	70
3726	#FFFFFF	#D3D3D3	70
3727	#FFFFFF	#D3D3D3	70
3728	#FFFFFF	#D3D3D3	70
3729	#FFFFFF	#D3D3D3	70
3730	#FFFFFF	#D3D3D3	70
3731	#FFFFFF	#D3D3D3	70
3732	#FFFFFF	#D3D3D3	70
3733	#FFFFFF	#D3D3D3	105
3734	#FFFFFF	#D3D3D3	121
3735	#FFFFFF	#D3D3D3	121
3736	#FFFFFF	#D3D3D3	121
3737	#FFFFFF	#D3D3D3	180
3739	#FFFFFF	#D3D3D3	176
3740	#FFFFFF	#D3D3D3	20
3741	#FFFFFF	#D3D3D3	13
3742	#FFFFFF	#D3D3D3	230
3743	#FFFFFF	#D3D3D3	13
3744	#FFFFFF	#D3D3D3	13
3745	#FFFFFF	#D3D3D3	13
3746	#FFFFFF	#D3D3D3	13
3747	#FFFFFF	#D3D3D3	156
3748	#FFFFFF	#D3D3D3	30
3749	#FFFFFF	#D3D3D3	30
3751	#FFFFFF	#D3D3D3	20
3755	#FFFFFF	#D3D3D3	30
3756	#FFFFFF	#D3D3D3	33
3757	#FFFFFF	#D3D3D3	33
3758	#FFFFFF	#D3D3D3	33
3759	#FFFFFF	#D3D3D3	33
3760	#FFFFFF	#D3D3D3	33
3761	#FFFFFF	#D3D3D3	33
3762	#FFFFFF	#D3D3D3	20
3763	#FFFFFF	#D3D3D3	33
3764	#FFFFFF	#D3D3D3	33
3765	#FFFFFF	#D3D3D3	33
3766	#FFFFFF	#D3D3D3	70
3767	#FFFFFF	#D3D3D3	70
3768	#FFFFFF	#D3D3D3	70
3769	#FFFFFF	#D3D3D3	70
3770	#FFFFFF	#D3D3D3	70
3771	#FFFFFF	#D3D3D3	70
3772	#FFFFFF	#D3D3D3	70
3773	#FFFFFF	#D3D3D3	105
3774	#FFFFFF	#D3D3D3	70
3775	#FFFFFF	#D3D3D3	70
3776	#FFFFFF	#D3D3D3	70
3777	#FFFFFF	#D3D3D3	70
3778	#FFFFFF	#D3D3D3	70
3779	#FFFFFF	#D3D3D3	70
3780	#FFFFFF	#D3D3D3	70
3781	#FFFFFF	#D3D3D3	70
3782	#FFFFFF	#D3D3D3	70
3783	#FFFFFF	#D3D3D3	105
3784	#FFFFFF	#D3D3D3	121
3785	#FFFFFF	#D3D3D3	121
3786	#FFFFFF	#D3D3D3	121
3787	#FFFFFF	#D3D3D3	180
3789	#FFFFFF	#D3D3D3	176
3790	#FFFFFF	#D3D3D3	20
3791	#FFFFFF	#D3D3D3	180
3792	#FFFFFF	#D3D3D3	13
3793	#FFFFFF	#D3D3D3	13
3794	#FFFFFF	#D3D3D3	13
3795	#FFFFFF	#D3D3D3	13
3796	#FFFFFF	#D3D3D3	13
3797	#FFFFFF	#D3D3D3	13
3798	#FFFFFF	#D3D3D3	30
3799	#FFFFFF	#D3D3D3	30
3800	#FFFFFF	#D3D3D3	145
3801	#FFFFFF	#D3D3D3	20
3805	#FFFFFF	#D3D3D3	30
3806	#FFFFFF	#D3D3D3	33
3807	#FFFFFF	#D3D3D3	33
3808	#FFFFFF	#D3D3D3	33
3809	#FFFFFF	#D3D3D3	33
3810	#FFFFFF	#D3D3D3	33
3811	#FFFFFF	#D3D3D3	33
3812	#FFFFFF	#D3D3D3	20
3813	#FFFFFF	#D3D3D3	33
3814	#FFFFFF	#D3D3D3	33
3815	#FFFFFF	#D3D3D3	33
3816	#FFFFFF	#D3D3D3	33
3817	#FFFFFF	#D3D3D3	33
3818	#FFFFFF	#D3D3D3	70
3819	#FFFFFF	#D3D3D3	70
3820	#FFFFFF	#D3D3D3	33
3821	#FFFFFF	#D3D3D3	70
3822	#FFFFFF	#D3D3D3	70
3823	#FFFFFF	#D3D3D3	20
3824	#FFFFFF	#D3D3D3	70
3825	#FFFFFF	#D3D3D3	70
3826	#FFFFFF	#D3D3D3	70
3827	#FFFFFF	#D3D3D3	70
3828	#FFFFFF	#D3D3D3	70
3829	#FFFFFF	#D3D3D3	70
3830	#FFFFFF	#D3D3D3	70
3831	#FFFFFF	#D3D3D3	70
3832	#FFFFFF	#D3D3D3	70
3833	#FFFFFF	#D3D3D3	70
3834	#FFFFFF	#D3D3D3	105
3835	#FFFFFF	#D3D3D3	121
3836	#FFFFFF	#D3D3D3	121
3837	#FFFFFF	#D3D3D3	121
3838	#FFFFFF	#D3D3D3	180
3840	#FFFFFF	#D3D3D3	176
3841	#FFFFFF	#D3D3D3	20
3842	#FFFFFF	#D3D3D3	13
3843	#FFFFFF	#D3D3D3	13
3844	#FFFFFF	#D3D3D3	13
3845	#FFFFFF	#D3D3D3	13
3846	#FFFFFF	#D3D3D3	13
3847	#FFFFFF	#D3D3D3	13
3848	#FFFFFF	#D3D3D3	13
3849	#FFFFFF	#D3D3D3	30
3850	#FFFFFF	#D3D3D3	145
3852	#FFFFFF	#D3D3D3	20
3855	#FFFFFF	#D3D3D3	30
3856	#FFFFFF	#D3D3D3	33
3857	#FFFFFF	#D3D3D3	33
3858	#FFFFFF	#D3D3D3	33
3859	#FFFFFF	#D3D3D3	33
3860	#FFFFFF	#D3D3D3	33
3861	#FFFFFF	#D3D3D3	33
3862	#FFFFFF	#D3D3D3	33
3863	#FFFFFF	#D3D3D3	20
3864	#FFFFFF	#D3D3D3	33
3865	#FFFFFF	#D3D3D3	33
3866	#FFFFFF	#D3D3D3	33
3867	#FFFFFF	#D3D3D3	33
3868	#FFFFFF	#D3D3D3	33
3869	#FFFFFF	#D3D3D3	70
3870	#FFFFFF	#D3D3D3	33
3871	#FFFFFF	#D3D3D3	33
3872	#FFFFFF	#D3D3D3	70
3873	#FFFFFF	#D3D3D3	70
3874	#FFFFFF	#D3D3D3	105
3875	#FFFFFF	#D3D3D3	33
3876	#FFFFFF	#D3D3D3	70
3877	#FFFFFF	#D3D3D3	70
3878	#FFFFFF	#D3D3D3	70
3879	#FFFFFF	#D3D3D3	70
3880	#FFFFFF	#D3D3D3	70
3881	#FFFFFF	#D3D3D3	70
3882	#FFFFFF	#D3D3D3	70
3883	#FFFFFF	#D3D3D3	70
3884	#FFFFFF	#D3D3D3	121
3885	#FFFFFF	#D3D3D3	121
3886	#FFFFFF	#D3D3D3	121
3887	#FFFFFF	#D3D3D3	121
3888	#FFFFFF	#D3D3D3	180
3890	#FFFFFF	#D3D3D3	176
3891	#FFFFFF	#D3D3D3	20
3892	#FFFFFF	#D3D3D3	180
3893	#FFFFFF	#D3D3D3	13
3894	#FFFFFF	#D3D3D3	13
3895	#FFFFFF	#D3D3D3	13
3896	#FFFFFF	#D3D3D3	13
3897	#FFFFFF	#D3D3D3	13
3898	#FFFFFF	#D3D3D3	13
3899	#FFFFFF	#D3D3D3	13
3902	#FFFFFF	#D3D3D3	20
3905	#FFFFFF	#D3D3D3	30
3906	#FFFFFF	#D3D3D3	33
3907	#FFFFFF	#D3D3D3	33
3908	#FFFFFF	#D3D3D3	33
3909	#FFFFFF	#D3D3D3	33
3910	#FFFFFF	#D3D3D3	33
3911	#FFFFFF	#D3D3D3	33
3912	#FFFFFF	#D3D3D3	33
3913	#FFFFFF	#D3D3D3	20
3914	#FFFFFF	#D3D3D3	33
3915	#FFFFFF	#D3D3D3	33
3916	#FFFFFF	#D3D3D3	33
3917	#FFFFFF	#D3D3D3	33
3918	#FFFFFF	#D3D3D3	33
3919	#FFFFFF	#D3D3D3	33
3920	#FFFFFF	#D3D3D3	33
3921	#FFFFFF	#D3D3D3	33
3922	#FFFFFF	#D3D3D3	33
3923	#FFFFFF	#D3D3D3	70
3924	#FFFFFF	#D3D3D3	105
3925	#FFFFFF	#D3D3D3	33
3926	#FFFFFF	#D3D3D3	33
3927	#FFFFFF	#D3D3D3	70
3928	#FFFFFF	#D3D3D3	70
3929	#FFFFFF	#D3D3D3	70
3930	#FFFFFF	#D3D3D3	70
3931	#FFFFFF	#D3D3D3	70
3932	#FFFFFF	#D3D3D3	70
3933	#FFFFFF	#D3D3D3	70
3934	#FFFFFF	#D3D3D3	70
3935	#FFFFFF	#D3D3D3	121
3936	#FFFFFF	#D3D3D3	121
3937	#FFFFFF	#D3D3D3	121
3938	#FFFFFF	#D3D3D3	121
3939	#FFFFFF	#D3D3D3	121
3941	#FFFFFF	#D3D3D3	176
3942	#FFFFFF	#D3D3D3	20
3943	#FFFFFF	#D3D3D3	13
3944	#FFFFFF	#D3D3D3	13
3945	#FFFFFF	#D3D3D3	13
3946	#FFFFFF	#D3D3D3	13
3947	#FFFFFF	#D3D3D3	145
3948	#FFFFFF	#D3D3D3	13
3949	#FFFFFF	#D3D3D3	13
3953	#FFFFFF	#D3D3D3	20
3955	#FFFFFF	#D3D3D3	30
3956	#FFFFFF	#D3D3D3	33
3957	#FFFFFF	#D3D3D3	33
3958	#FFFFFF	#D3D3D3	33
3959	#FFFFFF	#D3D3D3	33
3960	#FFFFFF	#D3D3D3	33
3961	#FFFFFF	#D3D3D3	33
3962	#FFFFFF	#D3D3D3	33
3963	#FFFFFF	#D3D3D3	33
3964	#FFFFFF	#D3D3D3	20
3965	#FFFFFF	#D3D3D3	33
3966	#FFFFFF	#D3D3D3	33
3967	#FFFFFF	#D3D3D3	33
3968	#FFFFFF	#D3D3D3	33
3969	#FFFFFF	#D3D3D3	33
3970	#FFFFFF	#D3D3D3	33
3971	#FFFFFF	#D3D3D3	33
3972	#FFFFFF	#D3D3D3	33
3973	#FFFFFF	#D3D3D3	33
3974	#FFFFFF	#D3D3D3	33
3975	#FFFFFF	#D3D3D3	121
3976	#FFFFFF	#D3D3D3	33
3977	#FFFFFF	#D3D3D3	70
3978	#FFFFFF	#D3D3D3	70
3979	#FFFFFF	#D3D3D3	70
3980	#FFFFFF	#D3D3D3	70
3981	#FFFFFF	#D3D3D3	70
3982	#FFFFFF	#D3D3D3	70
3983	#FFFFFF	#D3D3D3	70
3984	#FFFFFF	#D3D3D3	70
3985	#FFFFFF	#D3D3D3	121
3986	#FFFFFF	#D3D3D3	121
3987	#FFFFFF	#D3D3D3	121
3988	#FFFFFF	#D3D3D3	121
3989	#FFFFFF	#D3D3D3	180
4042	#FFFFFF	#D3D3D3	50
4043	#FEF5F8	#C8C8C8	22
4044	#FFFFFF	#D3D3D3	32
4045	#FFFFFF	#D3D3D3	32
4046	#FFFFFF	#D3D3D3	32
4047	#FFFFFF	#D3D3D3	32
4048	#FFFFFF	#D3D3D3	165
4049	#FFFFFF	#D3D3D3	165
4050	#FFFFFF	#D3D3D3	165
4051	#FFFFFF	#D3D3D3	165
4052	#FFFFFF	#D3D3D3	165
4053	#FFFFFF	#D3D3D3	165
4054	#FEF5F8	#C8C8C8	22
4055	#FFFFFF	#D3D3D3	165
4056	#FFFFFF	#D3D3D3	104
4057	#FFFFFF	#D3D3D3	60
4058	#FFFFFF	#D3D3D3	60
4059	#FFFFFF	#D3D3D3	60
4060	#FFFFFF	#D3D3D3	194
4061	#FFFFFF	#D3D3D3	194
4062	#FFFFFF	#D3D3D3	60
4063	#FFFFFF	#D3D3D3	65
4064	#FFFFFF	#D3D3D3	113
4065	#FEF5F8	#C8C8C8	22
4066	#FFFFFF	#D3D3D3	65
4067	#FFFFFF	#D3D3D3	65
4068	#FFFFFF	#D3D3D3	113
4069	#FFFFFF	#D3D3D3	113
4070	#FFFFFF	#D3D3D3	113
4071	#FFFFFF	#D3D3D3	113
4072	#FFFFFF	#D3D3D3	113
4073	#FFFFFF	#D3D3D3	113
4074	#FFFFFF	#D3D3D3	113
4075	#FFFFFF	#D3D3D3	113
4076	#FEF5F8	#C8C8C8	22
4077	#FFFFFF	#D3D3D3	113
4078	#FFFFFF	#D3D3D3	113
4079	#FFFFFF	#D3D3D3	113
4080	#FFFFFF	#D3D3D3	64
4081	#FFFFFF	#D3D3D3	64
4082	#FFFFFF	#D3D3D3	64
4083	#FFFFFF	#D3D3D3	64
4084	#FFFFFF	#D3D3D3	113
4085	#FFFFFF	#D3D3D3	113
4086	#FFFFFF	#D3D3D3	113
4087	#FFFFFF	#D3D3D3	32
4088	#FFFFFF	#D3D3D3	32
4089	#FFFFFF	#D3D3D3	32
4090	#FFFFFF	#D3D3D3	32
4091	#FFFFFF	#D3D3D3	32
4093	#FFFFFF	#D3D3D3	50
4094	#FEF5F8	#C8C8C8	22
4095	#FFFFFF	#D3D3D3	32
4096	#FFFFFF	#D3D3D3	32
4097	#FFFFFF	#D3D3D3	32
4098	#FFFFFF	#D3D3D3	165
4099	#FFFFFF	#D3D3D3	165
4100	#FFFFFF	#D3D3D3	165
4101	#FFFFFF	#D3D3D3	165
4102	#FFFFFF	#D3D3D3	165
4103	#FFFFFF	#D3D3D3	165
4104	#FFFFFF	#D3D3D3	165
4105	#FEF5F8	#C8C8C8	22
4106	#FFFFFF	#D3D3D3	165
4107	#FFFFFF	#D3D3D3	165
4108	#FFFFFF	#D3D3D3	60
4109	#FFFFFF	#D3D3D3	60
4110	#FFFFFF	#D3D3D3	194
4111	#FFFFFF	#D3D3D3	194
4112	#FFFFFF	#D3D3D3	60
4113	#FFFFFF	#D3D3D3	77
4114	#FFFFFF	#D3D3D3	113
4115	#FFFFFF	#D3D3D3	113
4116	#FEF5F8	#C8C8C8	22
4117	#FFFFFF	#D3D3D3	65
4118	#FFFFFF	#D3D3D3	113
4119	#FFFFFF	#D3D3D3	113
4120	#FFFFFF	#D3D3D3	113
4121	#FFFFFF	#D3D3D3	113
4122	#FFFFFF	#D3D3D3	113
4123	#FFFFFF	#D3D3D3	113
4124	#FFFFFF	#D3D3D3	113
4125	#FFFFFF	#D3D3D3	113
4126	#FFFFFF	#D3D3D3	113
4127	#FFFFFF	#D3D3D3	32
4128	#FFFFFF	#D3D3D3	113
4129	#FFFFFF	#D3D3D3	113
4130	#FFFFFF	#D3D3D3	64
4131	#FFFFFF	#D3D3D3	64
4132	#FFFFFF	#D3D3D3	64
4133	#FFFFFF	#D3D3D3	64
4134	#FFFFFF	#D3D3D3	113
4135	#FFFFFF	#D3D3D3	113
4136	#FFFFFF	#D3D3D3	113
4137	#FFFFFF	#D3D3D3	32
4138	#FFFFFF	#D3D3D3	32
4139	#FFFFFF	#D3D3D3	32
4140	#FFFFFF	#D3D3D3	32
4141	#FFFFFF	#D3D3D3	32
4143	#FFFFFF	#D3D3D3	50
4144	#FEF5F8	#C8C8C8	22
4145	#FFFFFF	#D3D3D3	32
4146	#FFFFFF	#D3D3D3	32
4147	#FFFFFF	#D3D3D3	32
4148	#FFFFFF	#D3D3D3	165
4149	#FFFFFF	#D3D3D3	165
4150	#FFFFFF	#D3D3D3	165
4151	#FFFFFF	#D3D3D3	165
4152	#FFFFFF	#D3D3D3	165
4153	#FFFFFF	#D3D3D3	165
4154	#FFFFFF	#D3D3D3	165
4155	#FEF5F8	#C8C8C8	22
4156	#FFFFFF	#D3D3D3	165
4157	#FFFFFF	#D3D3D3	165
4158	#FFFFFF	#D3D3D3	165
4159	#FFFFFF	#D3D3D3	60
4160	#FFFFFF	#D3D3D3	194
4161	#FFFFFF	#D3D3D3	194
4162	#FFFFFF	#D3D3D3	60
4163	#FFFFFF	#D3D3D3	77
4164	#FFFFFF	#D3D3D3	77
4165	#FFFFFF	#D3D3D3	113
4166	#FEF5F8	#C8C8C8	22
4167	#FFFFFF	#D3D3D3	113
4168	#FFFFFF	#D3D3D3	113
4169	#FFFFFF	#D3D3D3	113
4170	#FFFFFF	#D3D3D3	113
4171	#FFFFFF	#D3D3D3	113
4172	#FFFFFF	#D3D3D3	113
4173	#FFFFFF	#D3D3D3	113
4174	#FFFFFF	#D3D3D3	113
4175	#FFFFFF	#D3D3D3	113
4176	#FFFFFF	#D3D3D3	113
4177	#FFFFFF	#D3D3D3	32
4178	#FFFFFF	#D3D3D3	113
4179	#FFFFFF	#D3D3D3	113
4180	#FFFFFF	#D3D3D3	64
4181	#FFFFFF	#D3D3D3	64
4182	#FFFFFF	#D3D3D3	64
4183	#FFFFFF	#D3D3D3	64
4184	#FFFFFF	#D3D3D3	113
4185	#FFFFFF	#D3D3D3	113
4186	#FFFFFF	#D3D3D3	113
4187	#FFFFFF	#D3D3D3	64
4188	#FFFFFF	#D3D3D3	32
4189	#FFFFFF	#D3D3D3	32
4190	#FFFFFF	#D3D3D3	32
4191	#FFFFFF	#D3D3D3	32
4192	#FFFFFF	#D3D3D3	165
4194	#FFFFFF	#D3D3D3	50
4195	#FEF5F8	#C8C8C8	22
4196	#FFFFFF	#D3D3D3	32
4197	#FFFFFF	#D3D3D3	32
4198	#FFFFFF	#D3D3D3	32
4199	#FFFFFF	#D3D3D3	165
4200	#FFFFFF	#D3D3D3	165
4201	#FFFFFF	#D3D3D3	165
4202	#FFFFFF	#D3D3D3	165
4203	#FFFFFF	#D3D3D3	165
4204	#FFFFFF	#D3D3D3	165
4205	#FFFFFF	#D3D3D3	165
4206	#FEF5F8	#C8C8C8	22
4207	#FFFFFF	#D3D3D3	165
4208	#FFFFFF	#D3D3D3	165
4209	#FFFFFF	#D3D3D3	60
4210	#FFFFFF	#D3D3D3	194
4211	#FFFFFF	#D3D3D3	194
4212	#FFFFFF	#D3D3D3	60
4213	#FFFFFF	#D3D3D3	77
4214	#FFFFFF	#D3D3D3	77
4215	#FFFFFF	#D3D3D3	77
4216	#FFFFFF	#D3D3D3	113
4217	#FEF5F8	#C8C8C8	22
4218	#FFFFFF	#D3D3D3	113
4219	#FFFFFF	#D3D3D3	113
4220	#FFFFFF	#D3D3D3	113
4221	#FFFFFF	#D3D3D3	113
4222	#FFFFFF	#D3D3D3	113
4223	#FFFFFF	#D3D3D3	113
4224	#FFFFFF	#D3D3D3	113
4225	#FFFFFF	#D3D3D3	113
4226	#FFFFFF	#D3D3D3	113
4227	#FFFFFF	#D3D3D3	113
4228	#FFFFFF	#D3D3D3	32
4229	#FFFFFF	#D3D3D3	113
4230	#FFFFFF	#D3D3D3	113
4231	#FFFFFF	#D3D3D3	64
4232	#FFFFFF	#D3D3D3	64
4233	#FFFFFF	#D3D3D3	64
4234	#FFFFFF	#D3D3D3	113
4235	#FFFFFF	#D3D3D3	113
4236	#FFFFFF	#D3D3D3	113
4237	#FFFFFF	#D3D3D3	64
4238	#FFFFFF	#D3D3D3	32
4239	#FFFFFF	#D3D3D3	32
4240	#FFFFFF	#D3D3D3	32
4241	#FFFFFF	#D3D3D3	165
4242	#FFFFFF	#D3D3D3	165
4244	#FFFFFF	#D3D3D3	50
4245	#FEF5F8	#C8C8C8	22
4246	#FFFFFF	#D3D3D3	165
4247	#FFFFFF	#D3D3D3	165
4248	#FFFFFF	#D3D3D3	32
4249	#FFFFFF	#D3D3D3	165
4250	#FFFFFF	#D3D3D3	165
4251	#FFFFFF	#D3D3D3	165
4252	#FFFFFF	#D3D3D3	165
4253	#FFFFFF	#D3D3D3	165
4254	#FFFFFF	#D3D3D3	165
4255	#FFFFFF	#D3D3D3	165
4256	#FEF5F8	#C8C8C8	22
4257	#FFFFFF	#D3D3D3	165
4258	#FFFFFF	#D3D3D3	165
4259	#FFFFFF	#D3D3D3	60
4260	#FFFFFF	#D3D3D3	194
4261	#FFFFFF	#D3D3D3	194
4262	#FFFFFF	#D3D3D3	60
4263	#FFFFFF	#D3D3D3	77
4264	#FFFFFF	#D3D3D3	77
4265	#FFFFFF	#D3D3D3	77
4266	#FFFFFF	#D3D3D3	113
4267	#FEF5F8	#C8C8C8	22
4268	#FFFFFF	#D3D3D3	113
4269	#FFFFFF	#D3D3D3	113
4270	#FFFFFF	#D3D3D3	113
4271	#FFFFFF	#D3D3D3	113
4272	#FFFFFF	#D3D3D3	113
4273	#FFFFFF	#D3D3D3	113
4274	#FFFFFF	#D3D3D3	113
4275	#FFFFFF	#D3D3D3	113
4276	#FFFFFF	#D3D3D3	113
4277	#FFFFFF	#D3D3D3	113
4278	#FEF5F8	#C8C8C8	22
4279	#FFFFFF	#D3D3D3	113
4280	#FFFFFF	#D3D3D3	113
4281	#FFFFFF	#D3D3D3	113
4282	#FFFFFF	#D3D3D3	64
4283	#FFFFFF	#D3D3D3	64
4284	#FFFFFF	#D3D3D3	113
4285	#FFFFFF	#D3D3D3	113
4286	#FFFFFF	#D3D3D3	113
4287	#FFFFFF	#D3D3D3	64
4288	#FFFFFF	#D3D3D3	64
4289	#FFFFFF	#D3D3D3	32
4290	#FFFFFF	#D3D3D3	32
4291	#FFFFFF	#D3D3D3	32
4292	#FFFFFF	#D3D3D3	32
4293	#FFFFFF	#D3D3D3	165
4295	#FFFFFF	#D3D3D3	50
4296	#FEF5F8	#C8C8C8	22
4297	#FFFFFF	#D3D3D3	165
4298	#FFFFFF	#D3D3D3	32
4299	#FFFFFF	#D3D3D3	165
4300	#FFFFFF	#D3D3D3	165
4301	#FFFFFF	#D3D3D3	165
4302	#FFFFFF	#D3D3D3	165
4303	#FFFFFF	#D3D3D3	165
4304	#FFFFFF	#D3D3D3	165
4305	#FFFFFF	#D3D3D3	165
4306	#FFFFFF	#D3D3D3	165
4307	#FEF5F8	#C8C8C8	22
4308	#FFFFFF	#D3D3D3	60
4309	#FFFFFF	#D3D3D3	60
4310	#FFFFFF	#D3D3D3	60
4311	#FFFFFF	#D3D3D3	194
4312	#FFFFFF	#D3D3D3	60
4313	#FFFFFF	#D3D3D3	77
4314	#FFFFFF	#D3D3D3	77
4315	#FFFFFF	#D3D3D3	77
4316	#FFFFFF	#D3D3D3	113
4317	#FFFFFF	#D3D3D3	113
4318	#FEF5F8	#C8C8C8	22
4319	#FFFFFF	#D3D3D3	220
4320	#FFFFFF	#D3D3D3	113
4321	#FFFFFF	#D3D3D3	113
4322	#FFFFFF	#D3D3D3	113
4323	#FFFFFF	#D3D3D3	113
4324	#FFFFFF	#D3D3D3	113
4325	#FFFFFF	#D3D3D3	113
4326	#FFFFFF	#D3D3D3	113
4327	#FFFFFF	#D3D3D3	113
4328	#FFFFFF	#D3D3D3	113
4329	#FFFFFF	#D3D3D3	32
4330	#FFFFFF	#D3D3D3	113
4331	#FFFFFF	#D3D3D3	113
4332	#FFFFFF	#D3D3D3	113
4333	#FFFFFF	#D3D3D3	64
4334	#FFFFFF	#D3D3D3	113
4335	#FFFFFF	#D3D3D3	113
4336	#FFFFFF	#D3D3D3	113
4337	#FFFFFF	#D3D3D3	64
4338	#FFFFFF	#D3D3D3	64
4339	#FFFFFF	#D3D3D3	32
4340	#FFFFFF	#D3D3D3	32
4341	#FFFFFF	#D3D3D3	32
4342	#FFFFFF	#D3D3D3	32
4343	#FFFFFF	#D3D3D3	165
4345	#FFFFFF	#D3D3D3	50
4346	#FEF5F8	#C8C8C8	22
4347	#FFFFFF	#D3D3D3	165
4348	#FFFFFF	#D3D3D3	165
4349	#FFFFFF	#D3D3D3	165
4350	#FFFFFF	#D3D3D3	165
4351	#FFFFFF	#D3D3D3	165
4352	#FFFFFF	#D3D3D3	165
4353	#FFFFFF	#D3D3D3	165
4354	#FFFFFF	#D3D3D3	165
4355	#FFFFFF	#D3D3D3	165
4356	#FFFFFF	#D3D3D3	165
4357	#FEF5F8	#C8C8C8	22
4358	#FFFFFF	#D3D3D3	60
4359	#FFFFFF	#D3D3D3	60
4360	#FFFFFF	#D3D3D3	60
4361	#FFFFFF	#D3D3D3	60
4362	#FFFFFF	#D3D3D3	60
4363	#FFFFFF	#D3D3D3	77
4364	#FFFFFF	#D3D3D3	77
4365	#FFFFFF	#D3D3D3	77
4366	#FFFFFF	#D3D3D3	113
4367	#FFFFFF	#D3D3D3	113
4368	#FEF5F8	#C8C8C8	22
4369	#FFFFFF	#D3D3D3	220
4370	#FFFFFF	#D3D3D3	220
4371	#FFFFFF	#D3D3D3	113
4372	#FFFFFF	#D3D3D3	113
4373	#FFFFFF	#D3D3D3	113
4374	#FFFFFF	#D3D3D3	113
4375	#FFFFFF	#D3D3D3	113
4376	#FFFFFF	#D3D3D3	113
4377	#FFFFFF	#D3D3D3	113
4378	#FFFFFF	#D3D3D3	113
4379	#FFFFFF	#D3D3D3	32
4380	#FFFFFF	#D3D3D3	113
4381	#FFFFFF	#D3D3D3	113
4382	#FFFFFF	#D3D3D3	113
4383	#FFFFFF	#D3D3D3	113
4384	#FFFFFF	#D3D3D3	113
4385	#FFFFFF	#D3D3D3	113
4386	#FFFFFF	#D3D3D3	113
4387	#FFFFFF	#D3D3D3	64
4388	#FFFFFF	#D3D3D3	64
4389	#FFFFFF	#D3D3D3	64
4390	#FFFFFF	#D3D3D3	32
4391	#FFFFFF	#D3D3D3	32
4392	#FFFFFF	#D3D3D3	32
4393	#FFFFFF	#D3D3D3	32
4394	#FFFFFF	#D3D3D3	32
4396	#FFFFFF	#D3D3D3	50
4397	#FEF5F8	#C8C8C8	22
4398	#FFFFFF	#D3D3D3	165
4399	#FFFFFF	#D3D3D3	165
4400	#FFFFFF	#D3D3D3	165
4401	#FFFFFF	#D3D3D3	165
4402	#FFFFFF	#D3D3D3	165
4403	#FFFFFF	#D3D3D3	165
4404	#FFFFFF	#D3D3D3	165
4405	#FFFFFF	#D3D3D3	165
4406	#FFFFFF	#D3D3D3	165
4407	#FFFFFF	#D3D3D3	60
4408	#FEF5F8	#C8C8C8	22
4409	#FFFFFF	#D3D3D3	60
4410	#FFFFFF	#D3D3D3	60
4411	#FFFFFF	#D3D3D3	60
4412	#FFFFFF	#D3D3D3	60
4413	#FFFFFF	#D3D3D3	77
4414	#FFFFFF	#D3D3D3	77
4415	#FFFFFF	#D3D3D3	77
4416	#FFFFFF	#D3D3D3	113
4417	#FFFFFF	#D3D3D3	113
4418	#FFFFFF	#D3D3D3	220
4419	#FFFFFF	#D3D3D3	32
4420	#FFFFFF	#D3D3D3	220
4421	#FFFFFF	#D3D3D3	220
4422	#FFFFFF	#D3D3D3	113
4423	#FFFFFF	#D3D3D3	113
4424	#FFFFFF	#D3D3D3	113
4425	#FFFFFF	#D3D3D3	113
4426	#FFFFFF	#D3D3D3	113
4427	#FFFFFF	#D3D3D3	113
4428	#FFFFFF	#D3D3D3	113
4429	#FFFFFF	#D3D3D3	113
4430	#FFFFFF	#D3D3D3	32
4431	#FFFFFF	#D3D3D3	113
4432	#FFFFFF	#D3D3D3	113
4433	#FFFFFF	#D3D3D3	113
4434	#FFFFFF	#D3D3D3	113
4435	#FFFFFF	#D3D3D3	113
4436	#FFFFFF	#D3D3D3	113
4437	#FFFFFF	#D3D3D3	64
4438	#FFFFFF	#D3D3D3	64
4439	#FFFFFF	#D3D3D3	64
4440	#FFFFFF	#D3D3D3	32
4441	#FFFFFF	#D3D3D3	32
4442	#FFFFFF	#D3D3D3	32
4443	#FFFFFF	#D3D3D3	32
4444	#FFFFFF	#D3D3D3	32
4446	#FFFFFF	#D3D3D3	50
4447	#FFFFFF	#D3D3D3	50
4448	#FFFFFF	#D3D3D3	32
4449	#FFFFFF	#D3D3D3	165
4450	#FFFFFF	#D3D3D3	165
4451	#FFFFFF	#D3D3D3	165
4452	#FFFFFF	#D3D3D3	165
4453	#FFFFFF	#D3D3D3	165
4454	#FFFFFF	#D3D3D3	165
4455	#FFFFFF	#D3D3D3	165
4456	#FFFFFF	#D3D3D3	165
4457	#FFFFFF	#D3D3D3	165
4458	#FEF5F8	#C8C8C8	22
4459	#FFFFFF	#D3D3D3	60
4460	#FFFFFF	#D3D3D3	60
4461	#FFFFFF	#D3D3D3	60
4462	#FFFFFF	#D3D3D3	60
4463	#FFFFFF	#D3D3D3	77
4464	#FFFFFF	#D3D3D3	77
4465	#FFFFFF	#D3D3D3	77
4466	#FFFFFF	#D3D3D3	113
4467	#FFFFFF	#D3D3D3	113
4468	#FFFFFF	#D3D3D3	220
4469	#FFFFFF	#D3D3D3	32
4470	#FFFFFF	#D3D3D3	220
4471	#FFFFFF	#D3D3D3	220
4472	#FFFFFF	#D3D3D3	220
4473	#FFFFFF	#D3D3D3	113
4474	#FFFFFF	#D3D3D3	113
4475	#FFFFFF	#D3D3D3	113
4476	#FFFFFF	#D3D3D3	113
4477	#FFFFFF	#D3D3D3	113
4478	#FFFFFF	#D3D3D3	113
4479	#FFFFFF	#D3D3D3	113
4480	#FFFFFF	#D3D3D3	32
4481	#FFFFFF	#D3D3D3	113
4482	#FFFFFF	#D3D3D3	113
4483	#FFFFFF	#D3D3D3	113
4484	#FFFFFF	#D3D3D3	113
4485	#FFFFFF	#D3D3D3	113
4486	#FFFFFF	#D3D3D3	113
4487	#FFFFFF	#D3D3D3	64
4488	#FFFFFF	#D3D3D3	64
4489	#FFFFFF	#D3D3D3	64
4490	#FFFFFF	#D3D3D3	118
4491	#FFFFFF	#D3D3D3	32
4492	#FFFFFF	#D3D3D3	32
4493	#FFFFFF	#D3D3D3	32
4494	#FFFFFF	#D3D3D3	32
4495	#FFFFFF	#D3D3D3	32
4497	#FFFFFF	#D3D3D3	50
4498	#FFFFFF	#D3D3D3	50
4499	#FFFFFF	#D3D3D3	32
4500	#FFFFFF	#D3D3D3	165
4501	#FFFFFF	#D3D3D3	165
4502	#FFFFFF	#D3D3D3	165
4503	#FFFFFF	#D3D3D3	165
4504	#FFFFFF	#D3D3D3	165
4505	#FFFFFF	#D3D3D3	165
4506	#FFFFFF	#D3D3D3	165
4507	#FFFFFF	#D3D3D3	165
4508	#FFFFFF	#D3D3D3	60
4509	#FEF5F8	#C8C8C8	22
4510	#FFFFFF	#D3D3D3	60
4511	#FFFFFF	#D3D3D3	60
4512	#FFFFFF	#D3D3D3	127
4513	#FFFFFF	#D3D3D3	60
4514	#FFFFFF	#D3D3D3	77
4515	#FFFFFF	#D3D3D3	77
4516	#FFFFFF	#D3D3D3	77
4517	#FFFFFF	#D3D3D3	113
4518	#FFFFFF	#D3D3D3	220
4519	#FFFFFF	#D3D3D3	220
4520	#FFFFFF	#D3D3D3	32
4521	#FFFFFF	#D3D3D3	220
4522	#FFFFFF	#D3D3D3	220
4523	#FFFFFF	#D3D3D3	220
4524	#FFFFFF	#D3D3D3	113
4525	#FFFFFF	#D3D3D3	113
4526	#FFFFFF	#D3D3D3	113
4527	#FFFFFF	#D3D3D3	113
4528	#FFFFFF	#D3D3D3	113
4529	#FFFFFF	#D3D3D3	113
4530	#FFFFFF	#D3D3D3	113
4531	#FFFFFF	#D3D3D3	32
4532	#FFFFFF	#D3D3D3	113
4533	#FFFFFF	#D3D3D3	113
4534	#FFFFFF	#D3D3D3	113
4535	#FFFFFF	#D3D3D3	113
4536	#FFFFFF	#D3D3D3	113
4537	#FFFFFF	#D3D3D3	64
4538	#FFFFFF	#D3D3D3	64
4539	#FFFFFF	#D3D3D3	64
4540	#FFFFFF	#D3D3D3	118
4541	#FFFFFF	#D3D3D3	32
4542	#FFFFFF	#D3D3D3	32
4543	#FFFFFF	#D3D3D3	32
4544	#FFFFFF	#D3D3D3	32
4545	#FFFFFF	#D3D3D3	32
4547	#F7C5D6	#929292	204
4548	#F7C5D6	#929292	204
4549	#FFFFFF	#D3D3D3	32
4550	#FFFFFF	#D3D3D3	32
4551	#FFFFFF	#D3D3D3	32
4552	#FFFFFF	#D3D3D3	32
4553	#FFFFFF	#D3D3D3	165
4554	#FFFFFF	#D3D3D3	165
4555	#FFFFFF	#D3D3D3	104
4556	#FFFFFF	#D3D3D3	104
4557	#FFFFFF	#D3D3D3	104
4558	#FFFFFF	#D3D3D3	104
4559	#FEF5F8	#C8C8C8	22
4560	#FFFFFF	#D3D3D3	104
4561	#FFFFFF	#D3D3D3	104
4562	#FFFFFF	#D3D3D3	104
4563	#FFFFFF	#D3D3D3	60
4564	#FFFFFF	#D3D3D3	60
4565	#FFFFFF	#D3D3D3	1
4566	#FFFFFF	#D3D3D3	1
4567	#FFFFFF	#D3D3D3	1
4568	#FFFFFF	#D3D3D3	1
4569	#FFFFFF	#D3D3D3	60
4570	#FCE4EB	#B3B3B3	154
4571	#FFFFFF	#D3D3D3	60
4572	#FFFFFF	#D3D3D3	60
4573	#FFFFFF	#D3D3D3	65
4574	#FFFFFF	#D3D3D3	113
4575	#FFFFFF	#D3D3D3	113
4576	#FFFFFF	#D3D3D3	65
4577	#FFFFFF	#D3D3D3	65
4578	#FFFFFF	#D3D3D3	64
4579	#FFFFFF	#D3D3D3	113
4580	#FFFFFF	#D3D3D3	113
4581	#FCE4EB	#B3B3B3	154
4582	#FFFFFF	#D3D3D3	113
4583	#FFFFFF	#D3D3D3	113
4584	#FFFFFF	#D3D3D3	113
4585	#FFFFFF	#D3D3D3	64
4586	#FFFFFF	#D3D3D3	64
4587	#FFFFFF	#D3D3D3	64
4588	#FFFFFF	#D3D3D3	64
4589	#FFFFFF	#D3D3D3	64
4590	#FFFFFF	#D3D3D3	64
4591	#FFFFFF	#D3D3D3	64
4592	#FCE4EB	#B3B3B3	154
4593	#FCE4EB	#B3B3B3	154
4594	#FCE4EB	#B3B3B3	154
4595	#FCE4EB	#B3B3B3	154
4596	#FFFFFF	#D3D3D3	32
4598	#F7C5D6	#929292	204
4599	#FEF5F8	#C8C8C8	22
4600	#FFFFFF	#D3D3D3	32
4601	#FFFFFF	#D3D3D3	32
4602	#FFFFFF	#D3D3D3	32
4603	#FFFFFF	#D3D3D3	165
4604	#FFFFFF	#D3D3D3	165
4605	#FFFFFF	#D3D3D3	104
4606	#FFFFFF	#D3D3D3	104
4607	#FFFFFF	#D3D3D3	104
4608	#FFFFFF	#D3D3D3	104
4609	#FFFFFF	#D3D3D3	104
4610	#FEF5F8	#C8C8C8	22
4611	#FFFFFF	#D3D3D3	104
4612	#FFFFFF	#D3D3D3	104
4613	#FFFFFF	#D3D3D3	60
4614	#FFFFFF	#D3D3D3	60
4615	#FFFFFF	#D3D3D3	1
4616	#FFFFFF	#D3D3D3	1
4617	#FFFFFF	#D3D3D3	1
4618	#FFFFFF	#D3D3D3	1
4619	#FFFFFF	#D3D3D3	1
4620	#FFFFFF	#D3D3D3	60
4621	#FCE4EB	#B3B3B3	154
4622	#FFFFFF	#D3D3D3	60
4623	#FFFFFF	#D3D3D3	60
4624	#FFFFFF	#D3D3D3	65
4625	#FFFFFF	#D3D3D3	113
4626	#FFFFFF	#D3D3D3	65
4627	#FFFFFF	#D3D3D3	65
4628	#FFFFFF	#D3D3D3	65
4629	#FFFFFF	#D3D3D3	64
4630	#FFFFFF	#D3D3D3	113
4631	#FFFFFF	#D3D3D3	113
4632	#FCE4EB	#B3B3B3	154
4633	#FFFFFF	#D3D3D3	113
4634	#FFFFFF	#D3D3D3	113
4635	#FFFFFF	#D3D3D3	113
4636	#FFFFFF	#D3D3D3	64
4637	#FFFFFF	#D3D3D3	64
4638	#FFFFFF	#D3D3D3	64
4639	#FFFFFF	#D3D3D3	64
4640	#FFFFFF	#D3D3D3	64
4641	#FFFFFF	#D3D3D3	64
4642	#FCE4EB	#B3B3B3	154
4643	#FCE4EB	#B3B3B3	154
4644	#FCE4EB	#B3B3B3	154
4645	#FFFFFF	#D3D3D3	32
4646	#FFFFFF	#D3D3D3	32
4648	#F7C5D6	#929292	204
4649	#FEF5F8	#C8C8C8	22
4650	#FFFFFF	#D3D3D3	32
4651	#FFFFFF	#D3D3D3	32
4652	#FFFFFF	#D3D3D3	32
4653	#FFFFFF	#D3D3D3	165
4654	#FFFFFF	#D3D3D3	165
4655	#FFFFFF	#D3D3D3	104
4656	#FFFFFF	#D3D3D3	104
4657	#FFFFFF	#D3D3D3	104
4658	#FFFFFF	#D3D3D3	104
4659	#FFFFFF	#D3D3D3	104
4660	#FEF5F8	#C8C8C8	22
4661	#FFFFFF	#D3D3D3	104
4662	#FFFFFF	#D3D3D3	104
4663	#FFFFFF	#D3D3D3	60
4664	#FFFFFF	#D3D3D3	60
4665	#FFFFFF	#D3D3D3	1
4666	#FFFFFF	#D3D3D3	1
4667	#FFFFFF	#D3D3D3	1
4668	#FFFFFF	#D3D3D3	60
4669	#FFFFFF	#D3D3D3	1
4670	#FFFFFF	#D3D3D3	1
4671	#FEF5F8	#C8C8C8	22
4672	#FFFFFF	#D3D3D3	60
4673	#FFFFFF	#D3D3D3	60
4674	#FFFFFF	#D3D3D3	60
4675	#FFFFFF	#D3D3D3	65
4676	#FFFFFF	#D3D3D3	65
4677	#FFFFFF	#D3D3D3	65
4678	#FFFFFF	#D3D3D3	65
4679	#FFFFFF	#D3D3D3	65
4680	#FFFFFF	#D3D3D3	64
4681	#FFFFFF	#D3D3D3	113
4682	#FCE4EB	#B3B3B3	154
4683	#FFFFFF	#D3D3D3	113
4684	#FFFFFF	#D3D3D3	64
4685	#FFFFFF	#D3D3D3	113
4686	#FFFFFF	#D3D3D3	64
4687	#FFFFFF	#D3D3D3	64
4688	#FFFFFF	#D3D3D3	64
4689	#FFFFFF	#D3D3D3	64
4690	#FFFFFF	#D3D3D3	64
4691	#FFFFFF	#D3D3D3	64
4692	#FFFFFF	#D3D3D3	64
4693	#FCE4EB	#B3B3B3	154
4694	#FCE4EB	#B3B3B3	154
4695	#FCE4EB	#B3B3B3	154
4696	#FFFFFF	#D3D3D3	32
4697	#FFFFFF	#D3D3D3	32
4699	#F7C5D6	#929292	204
4700	#FEF5F8	#C8C8C8	22
4701	#FFFFFF	#D3D3D3	32
4702	#FFFFFF	#D3D3D3	32
4703	#FFFFFF	#D3D3D3	165
4704	#FFFFFF	#D3D3D3	165
4705	#FFFFFF	#D3D3D3	104
4706	#FFFFFF	#D3D3D3	104
4707	#FFFFFF	#D3D3D3	104
4708	#FFFFFF	#D3D3D3	104
4709	#FFFFFF	#D3D3D3	104
4710	#FFFFFF	#D3D3D3	104
4711	#FEF5F8	#C8C8C8	22
4712	#FFFFFF	#D3D3D3	104
4713	#FFFFFF	#D3D3D3	60
4714	#FFFFFF	#D3D3D3	60
4715	#FFFFFF	#D3D3D3	60
4716	#FFFFFF	#D3D3D3	1
4717	#FFFFFF	#D3D3D3	1
4718	#FFFFFF	#D3D3D3	60
4719	#FFFFFF	#D3D3D3	60
4720	#FFFFFF	#D3D3D3	1
4721	#FFFFFF	#D3D3D3	1
4722	#FCE4EB	#B3B3B3	154
4723	#FFFFFF	#D3D3D3	60
4724	#FFFFFF	#D3D3D3	60
4725	#FFFFFF	#D3D3D3	60
4726	#FFFFFF	#D3D3D3	65
4727	#FFFFFF	#D3D3D3	65
4728	#FFFFFF	#D3D3D3	65
4729	#FFFFFF	#D3D3D3	65
4730	#FFFFFF	#D3D3D3	65
4731	#FFFFFF	#D3D3D3	64
4732	#FFFFFF	#D3D3D3	113
4733	#FCE4EB	#B3B3B3	154
4734	#FFFFFF	#D3D3D3	64
4735	#FFFFFF	#D3D3D3	64
4736	#FFFFFF	#D3D3D3	64
4737	#FFFFFF	#D3D3D3	64
4738	#FFFFFF	#D3D3D3	64
4739	#FFFFFF	#D3D3D3	64
4740	#FFFFFF	#D3D3D3	64
4741	#FFFFFF	#D3D3D3	64
4742	#FFFFFF	#D3D3D3	64
4743	#FCE4EB	#B3B3B3	154
4744	#FCE4EB	#B3B3B3	154
4745	#FCE4EB	#B3B3B3	154
4746	#FFFFFF	#D3D3D3	32
4747	#FFFFFF	#D3D3D3	32
4749	#F7C5D6	#929292	204
4750	#FEF5F8	#C8C8C8	22
4751	#FFFFFF	#D3D3D3	32
4752	#FFFFFF	#D3D3D3	32
4753	#FFFFFF	#D3D3D3	165
4754	#FFFFFF	#D3D3D3	165
4755	#FFFFFF	#D3D3D3	104
4756	#FFFFFF	#D3D3D3	104
4757	#FFFFFF	#D3D3D3	104
4758	#FFFFFF	#D3D3D3	104
4759	#FFFFFF	#D3D3D3	104
4760	#FFFFFF	#D3D3D3	104
4761	#FEF5F8	#C8C8C8	22
4762	#FFFFFF	#D3D3D3	104
4763	#FFFFFF	#D3D3D3	60
4764	#FFFFFF	#D3D3D3	60
4765	#FFFFFF	#D3D3D3	60
4766	#FFFFFF	#D3D3D3	60
4767	#FFFFFF	#D3D3D3	60
4768	#FFFFFF	#D3D3D3	60
4769	#FFFFFF	#D3D3D3	60
4770	#FFFFFF	#D3D3D3	60
4771	#FFFFFF	#D3D3D3	1
4772	#FEF5F8	#C8C8C8	22
4773	#FFFFFF	#D3D3D3	1
4774	#FFFFFF	#D3D3D3	60
4775	#FFFFFF	#D3D3D3	60
4776	#FFFFFF	#D3D3D3	58
4777	#FFFFFF	#D3D3D3	65
4778	#FFFFFF	#D3D3D3	65
4779	#FFFFFF	#D3D3D3	65
4780	#FFFFFF	#D3D3D3	65
4781	#FFFFFF	#D3D3D3	64
4782	#FFFFFF	#D3D3D3	64
4783	#FCE4EB	#B3B3B3	154
4784	#FFFFFF	#D3D3D3	64
4785	#FFFFFF	#D3D3D3	64
4786	#FFFFFF	#D3D3D3	64
4787	#FFFFFF	#D3D3D3	64
4788	#FFFFFF	#D3D3D3	64
4789	#FFFFFF	#D3D3D3	64
4790	#FFFFFF	#D3D3D3	64
4791	#FFFFFF	#D3D3D3	64
4792	#FFFFFF	#D3D3D3	64
4793	#FFFFFF	#D3D3D3	64
4794	#FCE4EB	#B3B3B3	154
4795	#FCE4EB	#B3B3B3	154
4796	#FFFFFF	#D3D3D3	32
4797	#FFFFFF	#D3D3D3	32
4798	#FFFFFF	#D3D3D3	32
4800	#F7C5D6	#929292	204
4801	#FEF5F8	#C8C8C8	22
4802	#FFFFFF	#D3D3D3	32
4803	#FFFFFF	#D3D3D3	165
4804	#FFFFFF	#D3D3D3	165
4805	#FFFFFF	#D3D3D3	104
4806	#FFFFFF	#D3D3D3	104
4807	#FFFFFF	#D3D3D3	104
4808	#FFFFFF	#D3D3D3	104
4809	#FFFFFF	#D3D3D3	104
4810	#FFFFFF	#D3D3D3	104
4811	#FFFFFF	#D3D3D3	104
4812	#FEF5F8	#C8C8C8	22
4813	#FFFFFF	#D3D3D3	60
4814	#FFFFFF	#D3D3D3	60
4815	#FFFFFF	#D3D3D3	60
4816	#FFFFFF	#D3D3D3	60
4817	#FFFFFF	#D3D3D3	60
4818	#FFFFFF	#D3D3D3	60
4819	#FFFFFF	#D3D3D3	60
4820	#FFFFFF	#D3D3D3	60
4821	#FFFFFF	#D3D3D3	60
4822	#FFFFFF	#D3D3D3	1
4823	#FEF5F8	#C8C8C8	22
4824	#FFFFFF	#D3D3D3	1
4825	#FFFFFF	#D3D3D3	60
4826	#FFFFFF	#D3D3D3	58
4827	#FFFFFF	#D3D3D3	65
4828	#FFFFFF	#D3D3D3	65
4829	#FFFFFF	#D3D3D3	65
4830	#FFFFFF	#D3D3D3	65
4831	#FFFFFF	#D3D3D3	64
4832	#FFFFFF	#D3D3D3	64
4833	#FFFFFF	#D3D3D3	64
4834	#FCE4EB	#B3B3B3	154
4835	#FFFFFF	#D3D3D3	64
4836	#FFFFFF	#D3D3D3	64
4837	#FFFFFF	#D3D3D3	64
4838	#FFFFFF	#D3D3D3	64
4839	#FFFFFF	#D3D3D3	64
4840	#FFFFFF	#D3D3D3	64
4841	#FFFFFF	#D3D3D3	64
4842	#FFFFFF	#D3D3D3	64
4843	#FFFFFF	#D3D3D3	64
4844	#FCE4EB	#B3B3B3	154
4845	#FFFFFF	#D3D3D3	32
4846	#FFFFFF	#D3D3D3	32
4847	#FFFFFF	#D3D3D3	32
4848	#FFFFFF	#D3D3D3	32
4850	#F7C5D6	#929292	204
4851	#F7C5D6	#929292	204
4852	#FFFFFF	#D3D3D3	32
4853	#FFFFFF	#D3D3D3	32
4854	#FFFFFF	#D3D3D3	165
4855	#FFFFFF	#D3D3D3	104
4856	#FFFFFF	#D3D3D3	104
4857	#FFFFFF	#D3D3D3	104
4858	#FFFFFF	#D3D3D3	104
4859	#FFFFFF	#D3D3D3	104
4860	#FFFFFF	#D3D3D3	104
4861	#FFFFFF	#D3D3D3	104
4862	#FEF5F8	#C8C8C8	22
4863	#FFFFFF	#D3D3D3	60
4864	#FFFFFF	#D3D3D3	60
4865	#FFFFFF	#D3D3D3	24
4866	#FFFFFF	#D3D3D3	24
4867	#FFFFFF	#D3D3D3	60
4868	#FFFFFF	#D3D3D3	60
4869	#FFFFFF	#D3D3D3	60
4870	#FFFFFF	#D3D3D3	60
4871	#FFFFFF	#D3D3D3	60
4872	#FFFFFF	#D3D3D3	60
4873	#FEF5F8	#C8C8C8	22
4874	#FFFFFF	#D3D3D3	1
4875	#FFFFFF	#D3D3D3	60
4876	#FFFFFF	#D3D3D3	58
4877	#FFFFFF	#D3D3D3	65
4878	#FFFFFF	#D3D3D3	65
4879	#FFFFFF	#D3D3D3	65
4880	#FFFFFF	#D3D3D3	65
4881	#FFFFFF	#D3D3D3	65
4882	#FFFFFF	#D3D3D3	64
4883	#FFFFFF	#D3D3D3	64
4884	#FCE4EB	#B3B3B3	154
4885	#FFFFFF	#D3D3D3	64
4886	#FFFFFF	#D3D3D3	64
4887	#FFFFFF	#D3D3D3	64
4888	#FFFFFF	#D3D3D3	64
4889	#FFFFFF	#D3D3D3	64
4890	#FFFFFF	#D3D3D3	64
4891	#FFFFFF	#D3D3D3	64
4892	#FFFFFF	#D3D3D3	64
4893	#FFFFFF	#D3D3D3	64
4894	#FFFFFF	#D3D3D3	64
4895	#FCE4EB	#B3B3B3	154
4896	#FFFFFF	#D3D3D3	32
4897	#FFFFFF	#D3D3D3	32
4898	#FFFFFF	#D3D3D3	32
4899	#FFFFFF	#D3D3D3	32
4901	#F7C5D6	#929292	204
4902	#FEF5F8	#C8C8C8	22
4903	#FFFFFF	#D3D3D3	32
4904	#FFFFFF	#D3D3D3	165
4905	#FFFFFF	#D3D3D3	104
4906	#FFFFFF	#D3D3D3	104
4907	#FFFFFF	#D3D3D3	104
4908	#FFFFFF	#D3D3D3	104
4909	#FFFFFF	#D3D3D3	104
4910	#FFFFFF	#D3D3D3	104
4911	#FFFFFF	#D3D3D3	104
4912	#FFFFFF	#D3D3D3	60
4913	#FEF5F8	#C8C8C8	22
4914	#FFFFFF	#D3D3D3	60
4915	#FFFFFF	#D3D3D3	24
4916	#FFFFFF	#D3D3D3	24
4917	#FFFFFF	#D3D3D3	60
4918	#FFFFFF	#D3D3D3	60
4919	#FFFFFF	#D3D3D3	60
4920	#FFFFFF	#D3D3D3	60
4921	#FFFFFF	#D3D3D3	60
4922	#FFFFFF	#D3D3D3	60
4923	#FFFFFF	#D3D3D3	60
4924	#FCE4EB	#B3B3B3	154
4925	#FFFFFF	#D3D3D3	1
4926	#FFFFFF	#D3D3D3	60
4927	#FFFFFF	#D3D3D3	58
4928	#FFFFFF	#D3D3D3	65
4929	#FFFFFF	#D3D3D3	65
4930	#FFFFFF	#D3D3D3	65
4931	#FFFFFF	#D3D3D3	65
4932	#FFFFFF	#D3D3D3	64
4933	#FFFFFF	#D3D3D3	64
4934	#FFFFFF	#D3D3D3	65
4935	#FCE4EB	#B3B3B3	154
4936	#FFFFFF	#D3D3D3	64
4937	#FFFFFF	#D3D3D3	64
4938	#FFFFFF	#D3D3D3	64
4939	#FFFFFF	#D3D3D3	64
4940	#FFFFFF	#D3D3D3	64
4941	#FFFFFF	#D3D3D3	64
4942	#FFFFFF	#D3D3D3	64
4943	#FFFFFF	#D3D3D3	64
4944	#FFFFFF	#D3D3D3	64
4945	#FCE4EB	#B3B3B3	154
4946	#FFFFFF	#D3D3D3	32
4947	#FFFFFF	#D3D3D3	32
4948	#FFFFFF	#D3D3D3	32
4949	#FFFFFF	#D3D3D3	32
4951	#F7C5D6	#929292	204
4952	#FEF5F8	#C8C8C8	22
4953	#FFFFFF	#D3D3D3	32
4954	#FFFFFF	#D3D3D3	165
4955	#FFFFFF	#D3D3D3	165
4956	#FFFFFF	#D3D3D3	104
4957	#FFFFFF	#D3D3D3	104
4958	#FFFFFF	#D3D3D3	104
4959	#FFFFFF	#D3D3D3	104
4960	#FFFFFF	#D3D3D3	104
4961	#FFFFFF	#D3D3D3	104
4962	#FFFFFF	#D3D3D3	60
4963	#FEF5F8	#C8C8C8	22
4964	#FFFFFF	#D3D3D3	60
4965	#FFFFFF	#D3D3D3	24
4966	#FFFFFF	#D3D3D3	24
4967	#FFFFFF	#D3D3D3	24
4968	#FFFFFF	#D3D3D3	60
4969	#FFFFFF	#D3D3D3	60
4970	#FFFFFF	#D3D3D3	60
4971	#FFFFFF	#D3D3D3	60
4972	#FFFFFF	#D3D3D3	60
4973	#FFFFFF	#D3D3D3	60
4974	#FEF5F8	#C8C8C8	22
4975	#FFFFFF	#D3D3D3	1
4976	#FFFFFF	#D3D3D3	60
4977	#FFFFFF	#D3D3D3	58
4978	#FFFFFF	#D3D3D3	58
4979	#FFFFFF	#D3D3D3	58
4980	#FFFFFF	#D3D3D3	58
4981	#FFFFFF	#D3D3D3	65
4982	#FFFFFF	#D3D3D3	65
4983	#FFFFFF	#D3D3D3	64
4984	#FFFFFF	#D3D3D3	64
4985	#FCE4EB	#B3B3B3	154
4986	#FFFFFF	#D3D3D3	65
4987	#FFFFFF	#D3D3D3	64
4988	#FFFFFF	#D3D3D3	64
4989	#FFFFFF	#D3D3D3	64
4990	#FFFFFF	#D3D3D3	64
4991	#FFFFFF	#D3D3D3	64
4992	#FFFFFF	#D3D3D3	64
4993	#FFFFFF	#D3D3D3	62
4994	#FFFFFF	#D3D3D3	64
4995	#FFFFFF	#D3D3D3	64
4996	#FCE4EB	#B3B3B3	154
4997	#FCE4EB	#B3B3B3	154
4998	#FFFFFF	#D3D3D3	32
4999	#FFFFFF	#D3D3D3	32
5000	#FFFFFF	#D3D3D3	32
5002	#F7C5D6	#929292	204
5003	#FEF5F8	#C8C8C8	22
5004	#FFFFFF	#D3D3D3	165
5005	#FFFFFF	#D3D3D3	165
5006	#FFFFFF	#D3D3D3	165
5007	#FFFFFF	#D3D3D3	104
5008	#FFFFFF	#D3D3D3	104
5009	#FFFFFF	#D3D3D3	104
5010	#FFFFFF	#D3D3D3	104
5011	#FFFFFF	#D3D3D3	104
5012	#FFFFFF	#D3D3D3	60
5013	#FFFFFF	#D3D3D3	60
5014	#FEF5F8	#C8C8C8	22
5015	#FFFFFF	#D3D3D3	24
5016	#FFFFFF	#D3D3D3	24
5017	#FFFFFF	#D3D3D3	24
5018	#FFFFFF	#D3D3D3	60
5019	#FFFFFF	#D3D3D3	60
5020	#FFFFFF	#D3D3D3	60
5021	#FFFFFF	#D3D3D3	60
5022	#FFFFFF	#D3D3D3	60
5023	#FFFFFF	#D3D3D3	60
5024	#FFFFFF	#D3D3D3	1
5025	#FEF5F8	#C8C8C8	22
5026	#FFFFFF	#D3D3D3	1
5027	#FFFFFF	#D3D3D3	58
5028	#FFFFFF	#D3D3D3	58
5029	#FFFFFF	#D3D3D3	58
5030	#FFFFFF	#D3D3D3	58
5031	#FFFFFF	#D3D3D3	58
5032	#FFFFFF	#D3D3D3	65
5033	#FFFFFF	#D3D3D3	65
5034	#FFFFFF	#D3D3D3	64
5035	#FFFFFF	#D3D3D3	65
5036	#FCE4EB	#B3B3B3	154
5037	#FFFFFF	#D3D3D3	65
5038	#FFFFFF	#D3D3D3	64
5039	#FFFFFF	#D3D3D3	64
5040	#FFFFFF	#D3D3D3	64
5041	#FFFFFF	#D3D3D3	64
5042	#FFFFFF	#D3D3D3	64
5043	#FFFFFF	#D3D3D3	62
5044	#FFFFFF	#D3D3D3	62
5045	#FFFFFF	#D3D3D3	64
5046	#FCE4EB	#B3B3B3	154
5047	#FFFFFF	#D3D3D3	32
5048	#FFFFFF	#D3D3D3	32
5049	#FFFFFF	#D3D3D3	32
5050	#FFFFFF	#D3D3D3	165
