group	fill	colour	clickSelects
1	#FFFFFF	#D3D3D3	70
2	#FFFFFF	#D3D3D3	70
3	#FFFFFF	#D3D3D3	70
4	#FFFFFF	#D3D3D3	70
5	#FFFFFF	#D3D3D3	70
6	#FFFFFF	#D3D3D3	70
7	#FFFFFF	#D3D3D3	70
8	#FFFFFF	#D3D3D3	70
9	#FFFFFF	#D3D3D3	70
10	#FFFFFF	#D3D3D3	70
11	#FFFFFF	#D3D3D3	45
12	#FFFFFF	#D3D3D3	45
13	#FFFFFF	#D3D3D3	45
14	#FFFFFF	#D3D3D3	70
15	#FFFFFF	#D3D3D3	57
16	#FFFFFF	#D3D3D3	70
17	#FFFFFF	#D3D3D3	70
18	#FFFFFF	#D3D3D3	57
19	#FFFFFF	#D3D3D3	57
20	#FFFFFF	#D3D3D3	57
21	#FFFFFF	#D3D3D3	57
22	#FFFFFF	#D3D3D3	57
23	#FFFFFF	#D3D3D3	57
24	#FFFFFF	#D3D3D3	57
25	#FFFFFF	#D3D3D3	70
26	#FFFFFF	#D3D3D3	57
27	#FFFFFF	#D3D3D3	57
28	#FFFFFF	#D3D3D3	57
29	#FFFFFF	#D3D3D3	57
30	#FFFFFF	#D3D3D3	57
31	#FFFFFF	#D3D3D3	6
32	#FFFFFF	#D3D3D3	6
33	#FFFFFF	#D3D3D3	6
34	#FFFFFF	#D3D3D3	57
35	#FFFFFF	#D3D3D3	57
36	#FFFFFF	#D3D3D3	70
37	#FFFFFF	#D3D3D3	57
38	#FFFFFF	#D3D3D3	57
39	#FFFFFF	#D3D3D3	6
40	#FFFFFF	#D3D3D3	6
41	#FFFFFF	#D3D3D3	57
42	#FFFFFF	#D3D3D3	6
43	#FFFFFF	#D3D3D3	57
44	#FFFFFF	#D3D3D3	57
45	#FFFFFF	#D3D3D3	57
46	#FFFFFF	#D3D3D3	34
47	#FFFFFF	#D3D3D3	34
48	#FFFFFF	#D3D3D3	34
49	#FFFFFF	#D3D3D3	34
50	#FFFFFF	#D3D3D3	34
52	#FFFFFF	#D3D3D3	70
53	#FFFFFF	#D3D3D3	70
54	#FFFFFF	#D3D3D3	34
55	#FFFFFF	#D3D3D3	70
56	#FFFFFF	#D3D3D3	70
57	#FFFFFF	#D3D3D3	70
58	#FFFFFF	#D3D3D3	70
59	#FFFFFF	#D3D3D3	70
60	#FFFFFF	#D3D3D3	70
61	#FFFFFF	#D3D3D3	45
62	#FFFFFF	#D3D3D3	45
63	#FFFFFF	#D3D3D3	45
64	#FFFFFF	#D3D3D3	70
65	#FFFFFF	#D3D3D3	57
66	#FFFFFF	#D3D3D3	70
67	#FFFFFF	#D3D3D3	70
68	#FFFFFF	#D3D3D3	70
69	#FFFFFF	#D3D3D3	57
70	#FFFFFF	#D3D3D3	57
71	#FFFFFF	#D3D3D3	57
72	#FFFFFF	#D3D3D3	57
73	#FFFFFF	#D3D3D3	57
74	#FFFFFF	#D3D3D3	57
75	#FFFFFF	#D3D3D3	70
76	#FFFFFF	#D3D3D3	57
77	#FFFFFF	#D3D3D3	57
78	#FFFFFF	#D3D3D3	57
79	#FFFFFF	#D3D3D3	57
80	#FFFFFF	#D3D3D3	57
81	#FFFFFF	#D3D3D3	57
82	#FFFFFF	#D3D3D3	6
83	#FFFFFF	#D3D3D3	6
84	#FFFFFF	#D3D3D3	6
85	#FFFFFF	#D3D3D3	57
86	#FFFFFF	#D3D3D3	70
87	#FFFFFF	#D3D3D3	57
88	#FFFFFF	#D3D3D3	57
89	#FFFFFF	#D3D3D3	6
90	#FFFFFF	#D3D3D3	6
91	#FFFFFF	#D3D3D3	6
92	#FFFFFF	#D3D3D3	6
93	#FFFFFF	#D3D3D3	6
94	#FFFFFF	#D3D3D3	57
95	#FFFFFF	#D3D3D3	57
97	#FFFFFF	#D3D3D3	70
98	#FFFFFF	#D3D3D3	34
99	#FFFFFF	#D3D3D3	34
100	#FFFFFF	#D3D3D3	34
101	#FFFFFF	#D3D3D3	34
102	#FFFFFF	#D3D3D3	70
103	#FFFFFF	#D3D3D3	70
104	#FFFFFF	#D3D3D3	70
105	#FFFFFF	#D3D3D3	34
106	#FFFFFF	#D3D3D3	70
107	#FFFFFF	#D3D3D3	70
108	#FFFFFF	#D3D3D3	70
109	#FFFFFF	#D3D3D3	70
110	#FFFFFF	#D3D3D3	70
111	#FFFFFF	#D3D3D3	70
112	#FFFFFF	#D3D3D3	45
113	#FFFFFF	#D3D3D3	45
114	#FFFFFF	#D3D3D3	57
115	#FFFFFF	#D3D3D3	70
116	#FFFFFF	#D3D3D3	70
117	#FFFFFF	#D3D3D3	70
118	#FFFFFF	#D3D3D3	70
119	#FFFFFF	#D3D3D3	70
120	#FFFFFF	#D3D3D3	57
121	#FFFFFF	#D3D3D3	57
122	#FFFFFF	#D3D3D3	57
123	#FFFFFF	#D3D3D3	57
124	#FFFFFF	#D3D3D3	57
125	#FFFFFF	#D3D3D3	57
126	#FFFFFF	#D3D3D3	70
127	#FFFFFF	#D3D3D3	57
128	#FFFFFF	#D3D3D3	57
129	#FFFFFF	#D3D3D3	57
130	#FFFFFF	#D3D3D3	57
131	#FFFFFF	#D3D3D3	57
132	#FFFFFF	#D3D3D3	57
133	#FFFFFF	#D3D3D3	6
134	#FFFFFF	#D3D3D3	6
135	#FFFFFF	#D3D3D3	6
136	#FFFFFF	#D3D3D3	57
137	#FFFFFF	#D3D3D3	70
138	#FFFFFF	#D3D3D3	57
139	#FFFFFF	#D3D3D3	6
140	#FFFFFF	#D3D3D3	6
141	#FFFFFF	#D3D3D3	6
142	#FFFFFF	#D3D3D3	6
143	#FFFFFF	#D3D3D3	6
144	#FFFFFF	#D3D3D3	6
145	#FFFFFF	#D3D3D3	57
146	#FFFFFF	#D3D3D3	57
147	#FFFFFF	#D3D3D3	34
148	#FFFFFF	#D3D3D3	34
149	#FFFFFF	#D3D3D3	34
150	#FFFFFF	#D3D3D3	34
151	#FFFFFF	#D3D3D3	34
153	#FFFFFF	#D3D3D3	70
154	#FFFFFF	#D3D3D3	70
155	#FFFFFF	#D3D3D3	70
156	#FFFFFF	#D3D3D3	70
157	#FFFFFF	#D3D3D3	70
158	#FFFFFF	#D3D3D3	34
159	#FFFFFF	#D3D3D3	34
160	#FFFFFF	#D3D3D3	34
161	#FFFFFF	#D3D3D3	34
162	#FFFFFF	#D3D3D3	34
163	#FFFFFF	#D3D3D3	34
164	#FFFFFF	#D3D3D3	34
165	#FFFFFF	#D3D3D3	70
166	#FFFFFF	#D3D3D3	34
167	#FFFFFF	#D3D3D3	34
168	#FFFFFF	#D3D3D3	70
169	#FFFFFF	#D3D3D3	70
170	#FFFFFF	#D3D3D3	34
171	#FFFFFF	#D3D3D3	34
172	#FFFFFF	#D3D3D3	34
173	#FFFFFF	#D3D3D3	34
174	#FFFFFF	#D3D3D3	54
175	#FFFFFF	#D3D3D3	54
176	#FFFFFF	#D3D3D3	70
177	#FFFFFF	#D3D3D3	54
178	#FFFFFF	#D3D3D3	54
179	#FFFFFF	#D3D3D3	54
180	#FFFFFF	#D3D3D3	54
181	#FFFFFF	#D3D3D3	6
182	#FFFFFF	#D3D3D3	6
183	#FFFFFF	#D3D3D3	6
184	#FFFFFF	#D3D3D3	6
185	#FFFFFF	#D3D3D3	6
186	#FFFFFF	#D3D3D3	6
187	#FFFFFF	#D3D3D3	70
188	#FFFFFF	#D3D3D3	6
189	#FFFFFF	#D3D3D3	6
190	#FFFFFF	#D3D3D3	6
191	#FFFFFF	#D3D3D3	6
192	#FFFFFF	#D3D3D3	6
193	#FFFFFF	#D3D3D3	6
194	#FFFFFF	#D3D3D3	6
195	#FFFFFF	#D3D3D3	6
196	#FFFFFF	#D3D3D3	6
198	#FFFFFF	#D3D3D3	70
199	#FFFFFF	#D3D3D3	70
200	#FFFFFF	#D3D3D3	34
201	#FFFFFF	#D3D3D3	34
202	#FFFFFF	#D3D3D3	70
203	#FFFFFF	#D3D3D3	70
204	#FFFFFF	#D3D3D3	70
205	#FFFFFF	#D3D3D3	70
206	#FFFFFF	#D3D3D3	70
207	#FFFFFF	#D3D3D3	70
208	#FFFFFF	#D3D3D3	34
209	#FFFFFF	#D3D3D3	34
210	#FFFFFF	#D3D3D3	34
211	#FFFFFF	#D3D3D3	34
212	#FFFFFF	#D3D3D3	34
213	#FFFFFF	#D3D3D3	34
214	#FFFFFF	#D3D3D3	34
215	#FFFFFF	#D3D3D3	34
216	#FFFFFF	#D3D3D3	70
217	#FFFFFF	#D3D3D3	34
218	#FFFFFF	#D3D3D3	70
219	#FFFFFF	#D3D3D3	70
220	#FFFFFF	#D3D3D3	70
221	#FFFFFF	#D3D3D3	34
222	#FFFFFF	#D3D3D3	34
223	#FFFFFF	#D3D3D3	34
224	#FFFFFF	#D3D3D3	34
225	#FFFFFF	#D3D3D3	54
226	#FFFFFF	#D3D3D3	54
227	#FFFFFF	#D3D3D3	70
228	#FFFFFF	#D3D3D3	54
229	#FFFFFF	#D3D3D3	54
230	#FFFFFF	#D3D3D3	54
231	#FFFFFF	#D3D3D3	54
232	#FFFFFF	#D3D3D3	6
233	#FFFFFF	#D3D3D3	6
234	#FFFFFF	#D3D3D3	6
235	#FFFFFF	#D3D3D3	6
236	#FFFFFF	#D3D3D3	6
237	#FFFFFF	#D3D3D3	6
238	#FFFFFF	#D3D3D3	70
239	#FFFFFF	#D3D3D3	6
240	#FFFFFF	#D3D3D3	6
241	#FFFFFF	#D3D3D3	6
242	#FFFFFF	#D3D3D3	6
243	#FFFFFF	#D3D3D3	6
244	#FFFFFF	#D3D3D3	6
245	#FFFFFF	#D3D3D3	6
246	#FFFFFF	#D3D3D3	6
247	#FFFFFF	#D3D3D3	6
248	#FFFFFF	#D3D3D3	70
249	#FFFFFF	#D3D3D3	34
250	#FFFFFF	#D3D3D3	34
251	#FFFFFF	#D3D3D3	34
252	#FFFFFF	#D3D3D3	34
254	#FFFFFF	#D3D3D3	70
255	#FFFFFF	#D3D3D3	70
256	#FFFFFF	#D3D3D3	70
257	#FFFFFF	#D3D3D3	34
258	#FFFFFF	#D3D3D3	34
259	#FFFFFF	#D3D3D3	34
260	#FFFFFF	#D3D3D3	34
261	#FFFFFF	#D3D3D3	34
262	#FFFFFF	#D3D3D3	34
263	#FFFFFF	#D3D3D3	34
264	#FFFFFF	#D3D3D3	34
265	#FFFFFF	#D3D3D3	34
266	#FFFFFF	#D3D3D3	70
267	#FFFFFF	#D3D3D3	34
268	#FFFFFF	#D3D3D3	70
269	#FFFFFF	#D3D3D3	70
270	#FFFFFF	#D3D3D3	70
271	#FFFFFF	#D3D3D3	34
272	#FFFFFF	#D3D3D3	34
273	#FFFFFF	#D3D3D3	34
274	#FFFFFF	#D3D3D3	34
275	#FFFFFF	#D3D3D3	34
276	#FFFFFF	#D3D3D3	54
277	#FFFFFF	#D3D3D3	70
278	#FFFFFF	#D3D3D3	54
279	#FFFFFF	#D3D3D3	54
280	#FFFFFF	#D3D3D3	54
281	#FFFFFF	#D3D3D3	54
282	#FFFFFF	#D3D3D3	54
283	#FFFFFF	#D3D3D3	6
284	#FFFFFF	#D3D3D3	6
285	#FFFFFF	#D3D3D3	6
286	#FFFFFF	#D3D3D3	6
287	#FFFFFF	#D3D3D3	6
288	#FFFFFF	#D3D3D3	70
289	#FFFFFF	#D3D3D3	6
290	#FFFFFF	#D3D3D3	6
291	#FFFFFF	#D3D3D3	6
292	#FFFFFF	#D3D3D3	6
293	#FFFFFF	#D3D3D3	6
294	#FFFFFF	#D3D3D3	6
295	#FFFFFF	#D3D3D3	6
296	#FFFFFF	#D3D3D3	6
297	#FFFFFF	#D3D3D3	6
299	#FFFFFF	#D3D3D3	70
300	#FFFFFF	#D3D3D3	34
301	#FFFFFF	#D3D3D3	70
302	#FFFFFF	#D3D3D3	70
303	#FFFFFF	#D3D3D3	34
304	#FFFFFF	#D3D3D3	70
305	#FFFFFF	#D3D3D3	70
306	#FFFFFF	#D3D3D3	70
307	#FFFFFF	#D3D3D3	34
308	#FFFFFF	#D3D3D3	34
309	#FFFFFF	#D3D3D3	34
310	#FFFFFF	#D3D3D3	34
311	#FFFFFF	#D3D3D3	34
312	#FFFFFF	#D3D3D3	34
313	#FFFFFF	#D3D3D3	34
314	#FFFFFF	#D3D3D3	34
315	#FFFFFF	#D3D3D3	34
316	#FFFFFF	#D3D3D3	34
317	#FFFFFF	#D3D3D3	70
318	#FFFFFF	#D3D3D3	34
319	#FFFFFF	#D3D3D3	70
320	#FFFFFF	#D3D3D3	70
321	#FFFFFF	#D3D3D3	70
322	#FFFFFF	#D3D3D3	34
323	#FFFFFF	#D3D3D3	34
324	#FFFFFF	#D3D3D3	34
325	#FFFFFF	#D3D3D3	34
326	#FFFFFF	#D3D3D3	34
327	#FFFFFF	#D3D3D3	54
328	#FFFFFF	#D3D3D3	70
329	#FFFFFF	#D3D3D3	54
330	#FFFFFF	#D3D3D3	54
331	#FFFFFF	#D3D3D3	54
332	#FFFFFF	#D3D3D3	54
333	#FFFFFF	#D3D3D3	54
334	#FFFFFF	#D3D3D3	6
335	#FFFFFF	#D3D3D3	6
336	#FFFFFF	#D3D3D3	6
337	#FFFFFF	#D3D3D3	6
338	#FFFFFF	#D3D3D3	6
339	#FFFFFF	#D3D3D3	70
340	#FFFFFF	#D3D3D3	6
341	#FFFFFF	#D3D3D3	6
342	#FFFFFF	#D3D3D3	6
343	#FFFFFF	#D3D3D3	6
344	#FFFFFF	#D3D3D3	6
345	#FFFFFF	#D3D3D3	6
346	#FFFFFF	#D3D3D3	6
347	#FFFFFF	#D3D3D3	6
348	#FFFFFF	#D3D3D3	6
349	#FFFFFF	#D3D3D3	70
350	#FFFFFF	#D3D3D3	70
351	#FFFFFF	#D3D3D3	70
352	#FFFFFF	#D3D3D3	70
353	#FFFFFF	#D3D3D3	34
355	#FFFFFF	#D3D3D3	70
356	#FFFFFF	#D3D3D3	70
357	#FFFFFF	#D3D3D3	34
358	#FFFFFF	#D3D3D3	34
359	#FFFFFF	#D3D3D3	34
360	#FFFFFF	#D3D3D3	34
361	#FFFFFF	#D3D3D3	34
362	#FFFFFF	#D3D3D3	34
363	#FFFFFF	#D3D3D3	34
364	#FFFFFF	#D3D3D3	34
365	#FFFFFF	#D3D3D3	34
366	#FFFFFF	#D3D3D3	34
367	#FFFFFF	#D3D3D3	70
368	#FFFFFF	#D3D3D3	70
369	#FFFFFF	#D3D3D3	70
370	#FFFFFF	#D3D3D3	70
371	#FFFFFF	#D3D3D3	70
372	#FFFFFF	#D3D3D3	34
373	#FFFFFF	#D3D3D3	34
374	#FFFFFF	#D3D3D3	34
375	#FFFFFF	#D3D3D3	34
376	#FFFFFF	#D3D3D3	34
377	#FFFFFF	#D3D3D3	54
378	#FFFFFF	#D3D3D3	70
379	#FFFFFF	#D3D3D3	54
380	#FFFFFF	#D3D3D3	54
381	#FFFFFF	#D3D3D3	54
382	#FFFFFF	#D3D3D3	54
383	#FFFFFF	#D3D3D3	54
384	#FFFFFF	#D3D3D3	54
385	#FFFFFF	#D3D3D3	6
386	#FFFFFF	#D3D3D3	6
387	#FFFFFF	#D3D3D3	6
388	#FFFFFF	#D3D3D3	6
389	#FFFFFF	#D3D3D3	70
390	#FFFFFF	#D3D3D3	6
391	#FFFFFF	#D3D3D3	6
392	#FFFFFF	#D3D3D3	6
393	#FFFFFF	#D3D3D3	6
394	#FFFFFF	#D3D3D3	6
395	#FFFFFF	#D3D3D3	217
396	#FFFFFF	#D3D3D3	6
397	#FFFFFF	#D3D3D3	6
398	#FFFFFF	#D3D3D3	6
400	#FFFFFF	#D3D3D3	70
401	#FFFFFF	#D3D3D3	70
402	#FFFFFF	#D3D3D3	70
403	#FFFFFF	#D3D3D3	70
404	#FFFFFF	#D3D3D3	34
405	#FFFFFF	#D3D3D3	70
406	#FFFFFF	#D3D3D3	70
407	#FFFFFF	#D3D3D3	70
408	#FFFFFF	#D3D3D3	34
409	#FFFFFF	#D3D3D3	34
410	#FFFFFF	#D3D3D3	34
411	#FFFFFF	#D3D3D3	34
412	#FFFFFF	#D3D3D3	34
413	#FFFFFF	#D3D3D3	34
414	#FFFFFF	#D3D3D3	34
415	#FFFFFF	#D3D3D3	34
416	#FFFFFF	#D3D3D3	34
417	#FFFFFF	#D3D3D3	34
418	#FFFFFF	#D3D3D3	70
419	#FFFFFF	#D3D3D3	70
420	#FFFFFF	#D3D3D3	70
421	#FFFFFF	#D3D3D3	70
422	#FFFFFF	#D3D3D3	34
423	#FFFFFF	#D3D3D3	34
424	#FFFFFF	#D3D3D3	34
425	#FFFFFF	#D3D3D3	34
426	#FFFFFF	#D3D3D3	34
427	#FFFFFF	#D3D3D3	54
428	#FFFFFF	#D3D3D3	54
429	#FFFFFF	#D3D3D3	70
430	#FFFFFF	#D3D3D3	54
431	#FFFFFF	#D3D3D3	54
432	#FFFFFF	#D3D3D3	54
433	#FFFFFF	#D3D3D3	54
434	#FFFFFF	#D3D3D3	54
435	#FFFFFF	#D3D3D3	54
436	#FFFFFF	#D3D3D3	6
437	#FFFFFF	#D3D3D3	217
438	#FFFFFF	#D3D3D3	6
439	#FFFFFF	#D3D3D3	6
440	#FFFFFF	#D3D3D3	70
441	#FFFFFF	#D3D3D3	6
442	#FFFFFF	#D3D3D3	6
443	#FFFFFF	#D3D3D3	6
444	#FFFFFF	#D3D3D3	6
445	#FFFFFF	#D3D3D3	217
446	#FFFFFF	#D3D3D3	6
447	#FFFFFF	#D3D3D3	6
448	#FFFFFF	#D3D3D3	6
449	#FFFFFF	#D3D3D3	6
450	#FFFFFF	#D3D3D3	70
451	#FFFFFF	#D3D3D3	70
452	#FFFFFF	#D3D3D3	70
453	#FFFFFF	#D3D3D3	34
454	#FFFFFF	#D3D3D3	34
456	#FFFFFF	#D3D3D3	70
457	#FFFFFF	#D3D3D3	70
458	#FFFFFF	#D3D3D3	34
459	#FFFFFF	#D3D3D3	34
460	#FFFFFF	#D3D3D3	34
461	#FFFFFF	#D3D3D3	34
462	#FFFFFF	#D3D3D3	34
463	#FFFFFF	#D3D3D3	34
464	#FFFFFF	#D3D3D3	34
465	#FFFFFF	#D3D3D3	34
466	#FFFFFF	#D3D3D3	34
467	#FFFFFF	#D3D3D3	34
468	#FFFFFF	#D3D3D3	70
469	#FFFFFF	#D3D3D3	34
470	#FFFFFF	#D3D3D3	70
471	#FFFFFF	#D3D3D3	70
472	#FFFFFF	#D3D3D3	70
473	#FFFFFF	#D3D3D3	34
474	#FFFFFF	#D3D3D3	34
475	#FFFFFF	#D3D3D3	34
476	#FFFFFF	#D3D3D3	34
477	#FFFFFF	#D3D3D3	34
478	#FFFFFF	#D3D3D3	34
479	#FFFFFF	#D3D3D3	70
480	#FFFFFF	#D3D3D3	54
481	#FFFFFF	#D3D3D3	54
482	#FFFFFF	#D3D3D3	54
483	#FFFFFF	#D3D3D3	54
484	#FFFFFF	#D3D3D3	54
485	#FFFFFF	#D3D3D3	54
486	#FFFFFF	#D3D3D3	54
487	#FFFFFF	#D3D3D3	54
488	#FFFFFF	#D3D3D3	217
489	#FFFFFF	#D3D3D3	6
490	#FFFFFF	#D3D3D3	70
491	#FFFFFF	#D3D3D3	6
492	#FFFFFF	#D3D3D3	6
493	#FFFFFF	#D3D3D3	6
494	#FFFFFF	#D3D3D3	6
495	#FFFFFF	#D3D3D3	217
496	#FFFFFF	#D3D3D3	217
497	#FFFFFF	#D3D3D3	6
498	#FFFFFF	#D3D3D3	6
499	#FFFFFF	#D3D3D3	6
501	#FFFFFF	#D3D3D3	70
502	#FFFFFF	#D3D3D3	70
503	#FFFFFF	#D3D3D3	70
504	#FFFFFF	#D3D3D3	34
505	#FFFFFF	#D3D3D3	34
506	#FFFFFF	#D3D3D3	70
507	#FFFFFF	#D3D3D3	70
508	#FFFFFF	#D3D3D3	70
509	#FFFFFF	#D3D3D3	34
510	#FFFFFF	#D3D3D3	34
511	#FFFFFF	#D3D3D3	34
512	#FFFFFF	#D3D3D3	34
513	#FFFFFF	#D3D3D3	34
514	#FFFFFF	#D3D3D3	34
515	#FFFFFF	#D3D3D3	70
516	#FFFFFF	#D3D3D3	34
517	#FFFFFF	#D3D3D3	34
518	#FFFFFF	#D3D3D3	70
519	#FFFFFF	#D3D3D3	70
520	#FFFFFF	#D3D3D3	70
521	#FFFFFF	#D3D3D3	70
522	#FFFFFF	#D3D3D3	34
523	#FFFFFF	#D3D3D3	70
524	#FFFFFF	#D3D3D3	34
525	#FFFFFF	#D3D3D3	34
526	#FFFFFF	#D3D3D3	34
527	#FFFFFF	#D3D3D3	34
528	#FFFFFF	#D3D3D3	34
529	#FFFFFF	#D3D3D3	54
530	#FFFFFF	#D3D3D3	70
531	#FFFFFF	#D3D3D3	54
532	#FFFFFF	#D3D3D3	34
533	#FFFFFF	#D3D3D3	54
534	#FFFFFF	#D3D3D3	54
535	#FFFFFF	#D3D3D3	54
536	#FFFFFF	#D3D3D3	54
537	#FFFFFF	#D3D3D3	54
538	#FFFFFF	#D3D3D3	54
539	#FFFFFF	#D3D3D3	217
540	#FFFFFF	#D3D3D3	217
541	#FFFFFF	#D3D3D3	70
542	#FFFFFF	#D3D3D3	217
543	#FFFFFF	#D3D3D3	6
544	#FFFFFF	#D3D3D3	6
545	#FFFFFF	#D3D3D3	217
546	#FFFFFF	#D3D3D3	217
547	#FFFFFF	#D3D3D3	6
548	#FFFFFF	#D3D3D3	6
549	#FFFFFF	#D3D3D3	6
550	#FFFFFF	#D3D3D3	6
551	#FFFFFF	#D3D3D3	70
552	#FFFFFF	#D3D3D3	70
553	#FFFFFF	#D3D3D3	70
554	#FFFFFF	#D3D3D3	34
555	#FFFFFF	#D3D3D3	34
557	#FFFFFF	#D3D3D3	70
558	#FFFFFF	#D3D3D3	70
559	#FFFFFF	#D3D3D3	34
560	#FFFFFF	#D3D3D3	34
561	#FFFFFF	#D3D3D3	34
562	#FFFFFF	#D3D3D3	34
563	#FFFFFF	#D3D3D3	34
564	#FFFFFF	#D3D3D3	34
565	#FFFFFF	#D3D3D3	70
566	#FFFFFF	#D3D3D3	70
567	#FFFFFF	#D3D3D3	34
568	#FFFFFF	#D3D3D3	70
569	#FFFFFF	#D3D3D3	70
570	#FFFFFF	#D3D3D3	70
571	#FFFFFF	#D3D3D3	70
572	#FFFFFF	#D3D3D3	70
573	#FFFFFF	#D3D3D3	34
574	#FFFFFF	#D3D3D3	70
575	#FFFFFF	#D3D3D3	34
576	#FFFFFF	#D3D3D3	34
577	#FFFFFF	#D3D3D3	34
578	#FFFFFF	#D3D3D3	34
579	#FFFFFF	#D3D3D3	34
580	#FFFFFF	#D3D3D3	70
581	#FFFFFF	#D3D3D3	54
582	#FFFFFF	#D3D3D3	34
583	#FFFFFF	#D3D3D3	34
584	#FFFFFF	#D3D3D3	34
585	#FFFFFF	#D3D3D3	54
586	#FFFFFF	#D3D3D3	54
587	#FFFFFF	#D3D3D3	54
588	#FFFFFF	#D3D3D3	54
589	#FFFFFF	#D3D3D3	54
590	#FFFFFF	#D3D3D3	217
591	#FFFFFF	#D3D3D3	70
592	#FFFFFF	#D3D3D3	217
593	#FFFFFF	#D3D3D3	217
594	#FFFFFF	#D3D3D3	6
595	#FFFFFF	#D3D3D3	217
596	#FFFFFF	#D3D3D3	6
597	#FFFFFF	#D3D3D3	6
598	#FFFFFF	#D3D3D3	6
599	#FFFFFF	#D3D3D3	6
600	#FFFFFF	#D3D3D3	6
602	#FFFFFF	#D3D3D3	70
603	#FFFFFF	#D3D3D3	70
604	#FFFFFF	#D3D3D3	70
605	#FFFFFF	#D3D3D3	70
606	#FFFFFF	#D3D3D3	34
607	#FFFFFF	#D3D3D3	159
608	#FFFFFF	#D3D3D3	70
609	#FFFFFF	#D3D3D3	70
610	#FFFFFF	#D3D3D3	34
611	#FFFFFF	#D3D3D3	34
612	#FFFFFF	#D3D3D3	34
613	#FFFFFF	#D3D3D3	34
614	#FFFFFF	#D3D3D3	34
615	#FFFFFF	#D3D3D3	34
616	#FFFFFF	#D3D3D3	70
617	#FFFFFF	#D3D3D3	70
618	#FFFFFF	#D3D3D3	70
619	#FFFFFF	#D3D3D3	70
620	#FFFFFF	#D3D3D3	70
621	#FFFFFF	#D3D3D3	70
622	#FFFFFF	#D3D3D3	34
623	#FFFFFF	#D3D3D3	34
624	#FFFFFF	#D3D3D3	34
625	#FFFFFF	#D3D3D3	70
626	#FFFFFF	#D3D3D3	34
627	#FFFFFF	#D3D3D3	34
628	#FFFFFF	#D3D3D3	34
629	#FFFFFF	#D3D3D3	34
630	#FFFFFF	#D3D3D3	34
631	#FFFFFF	#D3D3D3	70
632	#FFFFFF	#D3D3D3	34
633	#FFFFFF	#D3D3D3	34
634	#FFFFFF	#D3D3D3	34
635	#FFFFFF	#D3D3D3	34
636	#FFFFFF	#D3D3D3	54
637	#FFFFFF	#D3D3D3	54
638	#FFFFFF	#D3D3D3	54
639	#FFFFFF	#D3D3D3	54
640	#FFFFFF	#D3D3D3	54
641	#FFFFFF	#D3D3D3	217
642	#FFFFFF	#D3D3D3	70
643	#FFFFFF	#D3D3D3	217
644	#FFFFFF	#D3D3D3	217
645	#FFFFFF	#D3D3D3	217
646	#FFFFFF	#D3D3D3	6
647	#FFFFFF	#D3D3D3	6
648	#FFFFFF	#D3D3D3	6
649	#FFFFFF	#D3D3D3	6
650	#FFFFFF	#D3D3D3	6
651	#FFFFFF	#D3D3D3	6
652	#FFFFFF	#D3D3D3	70
653	#FFFFFF	#D3D3D3	70
654	#FFFFFF	#D3D3D3	70
655	#FFFFFF	#D3D3D3	70
656	#FFFFFF	#D3D3D3	34
658	#FFFFFF	#D3D3D3	70
659	#FFFFFF	#D3D3D3	70
660	#FFFFFF	#D3D3D3	34
661	#FFFFFF	#D3D3D3	34
662	#FFFFFF	#D3D3D3	34
663	#FFFFFF	#D3D3D3	34
664	#FFFFFF	#D3D3D3	34
665	#FFFFFF	#D3D3D3	34
666	#FFFFFF	#D3D3D3	34
667	#FFFFFF	#D3D3D3	70
668	#FFFFFF	#D3D3D3	70
669	#FFFFFF	#D3D3D3	70
670	#FFFFFF	#D3D3D3	70
671	#FFFFFF	#D3D3D3	34
672	#FFFFFF	#D3D3D3	70
673	#FFFFFF	#D3D3D3	34
674	#FFFFFF	#D3D3D3	34
675	#FFFFFF	#D3D3D3	34
676	#FFFFFF	#D3D3D3	70
677	#FFFFFF	#D3D3D3	34
678	#FFFFFF	#D3D3D3	34
679	#FFFFFF	#D3D3D3	34
680	#FFFFFF	#D3D3D3	34
681	#FFFFFF	#D3D3D3	70
682	#FFFFFF	#D3D3D3	34
683	#FFFFFF	#D3D3D3	34
684	#FFFFFF	#D3D3D3	34
685	#FFFFFF	#D3D3D3	34
686	#FFFFFF	#D3D3D3	54
687	#FFFFFF	#D3D3D3	54
688	#FFFFFF	#D3D3D3	54
689	#FFFFFF	#D3D3D3	54
690	#FFFFFF	#D3D3D3	54
691	#FFFFFF	#D3D3D3	54
692	#FFFFFF	#D3D3D3	70
693	#FFFFFF	#D3D3D3	217
694	#FFFFFF	#D3D3D3	217
695	#FFFFFF	#D3D3D3	217
696	#FFFFFF	#D3D3D3	6
697	#FFFFFF	#D3D3D3	6
698	#FFFFFF	#D3D3D3	6
699	#FFFFFF	#D3D3D3	6
700	#FFFFFF	#D3D3D3	6
701	#FFFFFF	#D3D3D3	6
703	#FFFFFF	#D3D3D3	70
704	#FFFFFF	#D3D3D3	70
705	#FFFFFF	#D3D3D3	70
706	#FFFFFF	#D3D3D3	34
707	#FFFFFF	#D3D3D3	34
708	#FFFFFF	#D3D3D3	70
709	#FFFFFF	#D3D3D3	70
710	#FFFFFF	#D3D3D3	70
711	#FFFFFF	#D3D3D3	34
712	#FFFFFF	#D3D3D3	34
713	#FFFFFF	#D3D3D3	34
714	#FFFFFF	#D3D3D3	34
715	#FFFFFF	#D3D3D3	34
716	#FFFFFF	#D3D3D3	34
717	#FFFFFF	#D3D3D3	34
718	#FFFFFF	#D3D3D3	70
719	#FFFFFF	#D3D3D3	70
720	#FFFFFF	#D3D3D3	70
721	#FFFFFF	#D3D3D3	70
722	#FFFFFF	#D3D3D3	34
723	#FFFFFF	#D3D3D3	34
724	#FFFFFF	#D3D3D3	34
725	#FFFFFF	#D3D3D3	34
726	#FFFFFF	#D3D3D3	34
727	#FFFFFF	#D3D3D3	34
728	#FFFFFF	#D3D3D3	34
729	#FFFFFF	#D3D3D3	34
730	#FFFFFF	#D3D3D3	34
731	#FFFFFF	#D3D3D3	34
732	#FFFFFF	#D3D3D3	70
733	#FFFFFF	#D3D3D3	34
734	#FFFFFF	#D3D3D3	34
735	#FFFFFF	#D3D3D3	34
736	#FFFFFF	#D3D3D3	34
737	#FFFFFF	#D3D3D3	54
738	#FFFFFF	#D3D3D3	54
739	#FFFFFF	#D3D3D3	54
740	#FFFFFF	#D3D3D3	54
741	#FFFFFF	#D3D3D3	54
742	#FFFFFF	#D3D3D3	217
743	#FFFFFF	#D3D3D3	70
744	#FFFFFF	#D3D3D3	217
745	#FFFFFF	#D3D3D3	217
746	#FFFFFF	#D3D3D3	217
747	#FFFFFF	#D3D3D3	6
748	#FFFFFF	#D3D3D3	6
749	#FFFFFF	#D3D3D3	6
750	#FFFFFF	#D3D3D3	6
751	#FFFFFF	#D3D3D3	6
752	#FFFFFF	#D3D3D3	6
753	#FFFFFF	#D3D3D3	34
754	#FFFFFF	#D3D3D3	34
755	#FFFFFF	#D3D3D3	34
756	#FFFFFF	#D3D3D3	34
757	#FFFFFF	#D3D3D3	34
759	#FFFFFF	#D3D3D3	70
760	#FFFFFF	#D3D3D3	70
761	#FFFFFF	#D3D3D3	34
762	#FFFFFF	#D3D3D3	34
763	#FFFFFF	#D3D3D3	34
764	#FFFFFF	#D3D3D3	34
765	#FFFFFF	#D3D3D3	34
766	#FFFFFF	#D3D3D3	34
767	#FFFFFF	#D3D3D3	34
768	#FFFFFF	#D3D3D3	70
769	#FFFFFF	#D3D3D3	70
770	#FFFFFF	#D3D3D3	70
771	#FFFFFF	#D3D3D3	70
772	#FFFFFF	#D3D3D3	70
773	#FFFFFF	#D3D3D3	34
774	#FFFFFF	#D3D3D3	34
775	#FFFFFF	#D3D3D3	34
776	#FFFFFF	#D3D3D3	34
777	#FFFFFF	#D3D3D3	34
778	#FFFFFF	#D3D3D3	34
779	#FFFFFF	#D3D3D3	34
780	#FFFFFF	#D3D3D3	34
781	#FFFFFF	#D3D3D3	34
782	#FFFFFF	#D3D3D3	159
783	#FFFFFF	#D3D3D3	34
784	#FFFFFF	#D3D3D3	34
785	#FFFFFF	#D3D3D3	34
786	#FFFFFF	#D3D3D3	34
787	#FFFFFF	#D3D3D3	54
788	#FFFFFF	#D3D3D3	54
789	#FFFFFF	#D3D3D3	54
790	#FFFFFF	#D3D3D3	54
791	#FFFFFF	#D3D3D3	54
792	#FFFFFF	#D3D3D3	54
793	#FFFFFF	#D3D3D3	70
794	#FFFFFF	#D3D3D3	217
795	#FFFFFF	#D3D3D3	217
796	#FFFFFF	#D3D3D3	217
797	#FFFFFF	#D3D3D3	217
798	#FFFFFF	#D3D3D3	6
799	#FFFFFF	#D3D3D3	6
800	#FFFFFF	#D3D3D3	6
801	#FFFFFF	#D3D3D3	6
802	#FFFFFF	#D3D3D3	6
804	#FFFFFF	#D3D3D3	34
805	#FFFFFF	#D3D3D3	34
806	#FFFFFF	#D3D3D3	34
807	#FFFFFF	#D3D3D3	34
808	#FFFFFF	#D3D3D3	34
809	#FFFFFF	#D3D3D3	70
810	#FFFFFF	#D3D3D3	70
811	#FFFFFF	#D3D3D3	159
812	#FFFFFF	#D3D3D3	34
813	#FFFFFF	#D3D3D3	34
814	#FFFFFF	#D3D3D3	34
815	#FFFFFF	#D3D3D3	34
816	#FFFFFF	#D3D3D3	34
817	#FFFFFF	#D3D3D3	34
818	#FFFFFF	#D3D3D3	34
819	#FFFFFF	#D3D3D3	70
820	#FFFFFF	#D3D3D3	70
821	#FFFFFF	#D3D3D3	70
822	#FFFFFF	#D3D3D3	159
823	#FFFFFF	#D3D3D3	34
824	#FFFFFF	#D3D3D3	34
825	#FFFFFF	#D3D3D3	34
826	#FFFFFF	#D3D3D3	34
827	#FFFFFF	#D3D3D3	34
828	#FFFFFF	#D3D3D3	34
829	#FFFFFF	#D3D3D3	34
830	#FFFFFF	#D3D3D3	34
831	#FFFFFF	#D3D3D3	34
832	#FFFFFF	#D3D3D3	34
833	#FFFFFF	#D3D3D3	70
834	#FFFFFF	#D3D3D3	34
835	#FFFFFF	#D3D3D3	34
836	#FFFFFF	#D3D3D3	34
837	#FFFFFF	#D3D3D3	54
838	#FFFFFF	#D3D3D3	54
839	#FFFFFF	#D3D3D3	54
840	#FFFFFF	#D3D3D3	54
841	#FFFFFF	#D3D3D3	54
842	#FFFFFF	#D3D3D3	54
843	#FFFFFF	#D3D3D3	54
844	#FFFFFF	#D3D3D3	34
845	#FFFFFF	#D3D3D3	217
846	#FFFFFF	#D3D3D3	217
847	#FFFFFF	#D3D3D3	217
848	#FFFFFF	#D3D3D3	217
849	#FFFFFF	#D3D3D3	6
850	#FFFFFF	#D3D3D3	6
851	#FFFFFF	#D3D3D3	6
852	#FFFFFF	#D3D3D3	6
853	#FFFFFF	#D3D3D3	6
854	#FFFFFF	#D3D3D3	34
855	#FFFFFF	#D3D3D3	34
856	#FFFFFF	#D3D3D3	34
857	#FFFFFF	#D3D3D3	34
858	#FFFFFF	#D3D3D3	34
860	#FFFFFF	#D3D3D3	70
861	#FFFFFF	#D3D3D3	159
862	#FFFFFF	#D3D3D3	34
863	#FFFFFF	#D3D3D3	34
864	#FFFFFF	#D3D3D3	34
865	#FFFFFF	#D3D3D3	34
866	#FFFFFF	#D3D3D3	34
867	#FFFFFF	#D3D3D3	34
868	#FFFFFF	#D3D3D3	34
869	#FFFFFF	#D3D3D3	34
870	#FFFFFF	#D3D3D3	70
871	#FFFFFF	#D3D3D3	70
872	#FFFFFF	#D3D3D3	159
873	#FFFFFF	#D3D3D3	70
874	#FFFFFF	#D3D3D3	34
875	#FFFFFF	#D3D3D3	34
876	#FFFFFF	#D3D3D3	34
877	#FFFFFF	#D3D3D3	34
878	#FFFFFF	#D3D3D3	34
879	#FFFFFF	#D3D3D3	34
880	#FFFFFF	#D3D3D3	34
881	#FFFFFF	#D3D3D3	34
882	#FFFFFF	#D3D3D3	34
883	#FFFFFF	#D3D3D3	70
884	#FFFFFF	#D3D3D3	34
885	#FFFFFF	#D3D3D3	34
886	#FFFFFF	#D3D3D3	34
887	#FFFFFF	#D3D3D3	54
888	#FFFFFF	#D3D3D3	54
889	#FFFFFF	#D3D3D3	54
890	#FFFFFF	#D3D3D3	54
891	#FFFFFF	#D3D3D3	54
892	#FFFFFF	#D3D3D3	54
893	#FFFFFF	#D3D3D3	54
894	#FFFFFF	#D3D3D3	34
895	#FFFFFF	#D3D3D3	54
896	#FFFFFF	#D3D3D3	217
897	#FFFFFF	#D3D3D3	217
898	#FFFFFF	#D3D3D3	217
899	#FFFFFF	#D3D3D3	217
900	#FFFFFF	#D3D3D3	6
901	#FFFFFF	#D3D3D3	6
902	#FFFFFF	#D3D3D3	6
903	#FFFFFF	#D3D3D3	6
905	#FFFFFF	#D3D3D3	34
906	#FFFFFF	#D3D3D3	34
907	#FFFFFF	#D3D3D3	34
908	#FFFFFF	#D3D3D3	34
909	#FFFFFF	#D3D3D3	34
910	#FFFFFF	#D3D3D3	70
911	#FFFFFF	#D3D3D3	159
912	#FFFFFF	#D3D3D3	159
913	#FFFFFF	#D3D3D3	34
914	#FFFFFF	#D3D3D3	34
915	#FFFFFF	#D3D3D3	34
916	#FFFFFF	#D3D3D3	34
917	#FFFFFF	#D3D3D3	34
918	#FFFFFF	#D3D3D3	34
919	#FFFFFF	#D3D3D3	34
920	#FFFFFF	#D3D3D3	34
921	#FFFFFF	#D3D3D3	70
922	#FFFFFF	#D3D3D3	70
923	#FFFFFF	#D3D3D3	159
924	#FFFFFF	#D3D3D3	34
925	#FFFFFF	#D3D3D3	34
926	#FFFFFF	#D3D3D3	34
927	#FFFFFF	#D3D3D3	34
928	#FFFFFF	#D3D3D3	34
929	#FFFFFF	#D3D3D3	34
930	#FFFFFF	#D3D3D3	34
931	#FFFFFF	#D3D3D3	34
932	#FFFFFF	#D3D3D3	34
933	#FFFFFF	#D3D3D3	34
934	#FFFFFF	#D3D3D3	70
935	#FFFFFF	#D3D3D3	34
936	#FFFFFF	#D3D3D3	34
937	#FFFFFF	#D3D3D3	34
938	#FFFFFF	#D3D3D3	34
939	#FFFFFF	#D3D3D3	54
940	#FFFFFF	#D3D3D3	54
941	#FFFFFF	#D3D3D3	54
942	#FFFFFF	#D3D3D3	54
943	#FFFFFF	#D3D3D3	54
944	#FFFFFF	#D3D3D3	54
945	#FFFFFF	#D3D3D3	34
946	#FFFFFF	#D3D3D3	54
947	#FFFFFF	#D3D3D3	217
948	#FFFFFF	#D3D3D3	217
949	#FFFFFF	#D3D3D3	217
950	#FFFFFF	#D3D3D3	217
951	#FFFFFF	#D3D3D3	6
952	#FFFFFF	#D3D3D3	6
953	#FFFFFF	#D3D3D3	6
954	#FFFFFF	#D3D3D3	217
955	#FFFFFF	#D3D3D3	34
956	#FFFFFF	#D3D3D3	34
957	#FFFFFF	#D3D3D3	34
958	#FFFFFF	#D3D3D3	34
959	#FFFFFF	#D3D3D3	34
961	#FFFFFF	#D3D3D3	159
962	#FFFFFF	#D3D3D3	159
963	#FFFFFF	#D3D3D3	34
964	#FFFFFF	#D3D3D3	34
965	#FFFFFF	#D3D3D3	34
966	#FFFFFF	#D3D3D3	34
967	#FFFFFF	#D3D3D3	34
968	#FFFFFF	#D3D3D3	34
969	#FFFFFF	#D3D3D3	34
970	#FFFFFF	#D3D3D3	34
971	#FFFFFF	#D3D3D3	70
972	#FFFFFF	#D3D3D3	70
973	#FFFFFF	#D3D3D3	159
974	#FFFFFF	#D3D3D3	34
975	#FFFFFF	#D3D3D3	34
976	#FFFFFF	#D3D3D3	34
977	#FFFFFF	#D3D3D3	34
978	#FFFFFF	#D3D3D3	34
979	#FFFFFF	#D3D3D3	34
980	#FFFFFF	#D3D3D3	34
981	#FFFFFF	#D3D3D3	34
982	#FFFFFF	#D3D3D3	34
983	#FFFFFF	#D3D3D3	34
984	#FFFFFF	#D3D3D3	34
985	#FFFFFF	#D3D3D3	34
986	#FFFFFF	#D3D3D3	34
987	#FFFFFF	#D3D3D3	34
988	#FFFFFF	#D3D3D3	34
989	#FFFFFF	#D3D3D3	54
990	#FFFFFF	#D3D3D3	54
991	#FFFFFF	#D3D3D3	54
992	#FFFFFF	#D3D3D3	54
993	#FFFFFF	#D3D3D3	54
994	#FFFFFF	#D3D3D3	54
995	#FFFFFF	#D3D3D3	34
996	#FFFFFF	#D3D3D3	54
997	#FFFFFF	#D3D3D3	54
998	#FFFFFF	#D3D3D3	217
999	#FFFFFF	#D3D3D3	217
1000	#FFFFFF	#D3D3D3	217
1001	#FFFFFF	#D3D3D3	217
1002	#FFFFFF	#D3D3D3	6
1003	#FFFFFF	#D3D3D3	6
1004	#FFFFFF	#D3D3D3	217
1006	#FFFFFF	#D3D3D3	34
1007	#FFFFFF	#D3D3D3	34
1008	#FFFFFF	#D3D3D3	34
1009	#FFFFFF	#D3D3D3	34
1010	#FFFFFF	#D3D3D3	34
1011	#FFFFFF	#D3D3D3	159
1012	#FFFFFF	#D3D3D3	159
1013	#FFFFFF	#D3D3D3	159
1014	#FFFFFF	#D3D3D3	159
1015	#FFFFFF	#D3D3D3	159
1016	#FFFFFF	#D3D3D3	34
1017	#FFFFFF	#D3D3D3	34
1018	#FFFFFF	#D3D3D3	34
1019	#FFFFFF	#D3D3D3	159
1020	#FFFFFF	#D3D3D3	34
1021	#FFFFFF	#D3D3D3	70
1022	#FFFFFF	#D3D3D3	70
1023	#FFFFFF	#D3D3D3	34
1024	#FFFFFF	#D3D3D3	34
1025	#FFFFFF	#D3D3D3	34
1026	#FFFFFF	#D3D3D3	34
1027	#FFFFFF	#D3D3D3	34
1028	#FFFFFF	#D3D3D3	34
1029	#FFFFFF	#D3D3D3	34
1030	#FFFFFF	#D3D3D3	34
1031	#FFFFFF	#D3D3D3	34
1032	#FFFFFF	#D3D3D3	34
1033	#FFFFFF	#D3D3D3	34
1034	#FFFFFF	#D3D3D3	34
1035	#FFFFFF	#D3D3D3	34
1036	#FFFFFF	#D3D3D3	34
1037	#FFFFFF	#D3D3D3	34
1038	#FFFFFF	#D3D3D3	34
1039	#FFFFFF	#D3D3D3	34
1040	#FFFFFF	#D3D3D3	54
1041	#FFFFFF	#D3D3D3	54
1042	#FFFFFF	#D3D3D3	54
1043	#FFFFFF	#D3D3D3	54
1044	#FFFFFF	#D3D3D3	54
1045	#FFFFFF	#D3D3D3	54
1046	#FFFFFF	#D3D3D3	34
1047	#FFFFFF	#D3D3D3	54
1048	#FFFFFF	#D3D3D3	54
1049	#FFFFFF	#D3D3D3	217
1050	#FFFFFF	#D3D3D3	217
1051	#FFFFFF	#D3D3D3	217
1052	#FFFFFF	#D3D3D3	217
1053	#FFFFFF	#D3D3D3	6
1054	#FFFFFF	#D3D3D3	217
1055	#FFFFFF	#D3D3D3	217
1056	#FFFFFF	#D3D3D3	34
1057	#FFFFFF	#D3D3D3	34
1058	#FFFFFF	#D3D3D3	34
1059	#FFFFFF	#D3D3D3	34
1060	#FFFFFF	#D3D3D3	34
1062	#FFFFFF	#D3D3D3	159
1063	#FFFFFF	#D3D3D3	159
1064	#FFFFFF	#D3D3D3	34
1065	#FFFFFF	#D3D3D3	159
1066	#FFFFFF	#D3D3D3	34
1067	#FFFFFF	#D3D3D3	159
1068	#FFFFFF	#D3D3D3	34
1069	#FFFFFF	#D3D3D3	159
1070	#FFFFFF	#D3D3D3	34
1071	#FFFFFF	#D3D3D3	70
1072	#FFFFFF	#D3D3D3	70
1073	#FFFFFF	#D3D3D3	34
1074	#FFFFFF	#D3D3D3	34
1075	#FFFFFF	#D3D3D3	34
1076	#FFFFFF	#D3D3D3	34
1077	#FFFFFF	#D3D3D3	34
1078	#FFFFFF	#D3D3D3	34
1079	#FFFFFF	#D3D3D3	34
1080	#FFFFFF	#D3D3D3	34
1081	#FFFFFF	#D3D3D3	34
1082	#FFFFFF	#D3D3D3	34
1083	#FFFFFF	#D3D3D3	34
1084	#FFFFFF	#D3D3D3	34
1085	#FFFFFF	#D3D3D3	34
1086	#FFFFFF	#D3D3D3	34
1087	#FFFFFF	#D3D3D3	34
1088	#FFFFFF	#D3D3D3	34
1089	#FFFFFF	#D3D3D3	34
1090	#FFFFFF	#D3D3D3	34
1091	#FFFFFF	#D3D3D3	54
1092	#FFFFFF	#D3D3D3	54
1093	#FFFFFF	#D3D3D3	54
1094	#FFFFFF	#D3D3D3	54
1095	#FFFFFF	#D3D3D3	54
1096	#FFFFFF	#D3D3D3	34
1097	#FFFFFF	#D3D3D3	54
1098	#FFFFFF	#D3D3D3	54
1099	#FFFFFF	#D3D3D3	54
1100	#FFFFFF	#D3D3D3	54
1101	#FFFFFF	#D3D3D3	217
1102	#FFFFFF	#D3D3D3	217
1103	#FFFFFF	#D3D3D3	217
1104	#FFFFFF	#D3D3D3	217
1105	#FFFFFF	#D3D3D3	217
1107	#FFFFFF	#D3D3D3	34
1108	#FFFFFF	#D3D3D3	34
1109	#FFFFFF	#D3D3D3	34
1110	#FFFFFF	#D3D3D3	34
1111	#FFFFFF	#D3D3D3	34
1112	#FFFFFF	#D3D3D3	159
1113	#FFFFFF	#D3D3D3	159
1114	#FFFFFF	#D3D3D3	34
1115	#FFFFFF	#D3D3D3	34
1116	#FFFFFF	#D3D3D3	159
1117	#FFFFFF	#D3D3D3	159
1118	#FFFFFF	#D3D3D3	159
1119	#FFFFFF	#D3D3D3	159
1120	#FFFFFF	#D3D3D3	34
1121	#FFFFFF	#D3D3D3	34
1122	#FFFFFF	#D3D3D3	70
1123	#FFFFFF	#D3D3D3	70
1124	#FFFFFF	#D3D3D3	34
1125	#FFFFFF	#D3D3D3	34
1126	#FFFFFF	#D3D3D3	34
1127	#FFFFFF	#D3D3D3	34
1128	#FFFFFF	#D3D3D3	34
1129	#FFFFFF	#D3D3D3	34
1130	#FFFFFF	#D3D3D3	34
1131	#FFFFFF	#D3D3D3	34
1132	#FFFFFF	#D3D3D3	34
1133	#FFFFFF	#D3D3D3	34
1134	#FFFFFF	#D3D3D3	34
1135	#FFFFFF	#D3D3D3	34
1136	#FFFFFF	#D3D3D3	34
1137	#FFFFFF	#D3D3D3	34
1138	#FFFFFF	#D3D3D3	34
1139	#FFFFFF	#D3D3D3	34
1140	#FFFFFF	#D3D3D3	34
1141	#FFFFFF	#D3D3D3	34
1142	#FFFFFF	#D3D3D3	54
1143	#FFFFFF	#D3D3D3	54
1144	#FFFFFF	#D3D3D3	54
1145	#FFFFFF	#D3D3D3	54
1146	#FFFFFF	#D3D3D3	54
1147	#FFFFFF	#D3D3D3	34
1148	#FFFFFF	#D3D3D3	54
1149	#FFFFFF	#D3D3D3	54
1150	#FFFFFF	#D3D3D3	54
1151	#FFFFFF	#D3D3D3	54
1152	#FFFFFF	#D3D3D3	217
1153	#FFFFFF	#D3D3D3	217
1154	#FFFFFF	#D3D3D3	217
1155	#FFFFFF	#D3D3D3	217
1156	#FFFFFF	#D3D3D3	217
1157	#FFFFFF	#D3D3D3	34
1158	#FFFFFF	#D3D3D3	34
1159	#FFFFFF	#D3D3D3	34
1160	#FFFFFF	#D3D3D3	34
1161	#FFFFFF	#D3D3D3	34
1163	#FFFFFF	#D3D3D3	70
1164	#FFFFFF	#D3D3D3	70
1165	#FFFFFF	#D3D3D3	34
1166	#FFFFFF	#D3D3D3	34
1167	#FFFFFF	#D3D3D3	70
1168	#FFFFFF	#D3D3D3	70
1169	#FFFFFF	#D3D3D3	70
1170	#FFFFFF	#D3D3D3	70
1171	#FFFFFF	#D3D3D3	70
1172	#FFFFFF	#D3D3D3	70
1173	#FFFFFF	#D3D3D3	45
1174	#FFFFFF	#D3D3D3	57
1175	#FFFFFF	#D3D3D3	70
1176	#FFFFFF	#D3D3D3	70
1177	#FFFFFF	#D3D3D3	70
1178	#FFFFFF	#D3D3D3	70
1179	#FFFFFF	#D3D3D3	70
1180	#FFFFFF	#D3D3D3	70
1181	#FFFFFF	#D3D3D3	34
1182	#FFFFFF	#D3D3D3	57
1183	#FFFFFF	#D3D3D3	57
1184	#FFFFFF	#D3D3D3	57
1185	#FFFFFF	#D3D3D3	57
1186	#FFFFFF	#D3D3D3	70
1187	#FFFFFF	#D3D3D3	57
1188	#FFFFFF	#D3D3D3	57
1189	#FFFFFF	#D3D3D3	57
1190	#FFFFFF	#D3D3D3	57
1191	#FFFFFF	#D3D3D3	57
1192	#FFFFFF	#D3D3D3	57
1193	#FFFFFF	#D3D3D3	57
1194	#FFFFFF	#D3D3D3	6
1195	#FFFFFF	#D3D3D3	6
1196	#FFFFFF	#D3D3D3	6
1197	#FFFFFF	#D3D3D3	70
1198	#FFFFFF	#D3D3D3	6
1199	#FFFFFF	#D3D3D3	6
1200	#FFFFFF	#D3D3D3	6
1201	#FFFFFF	#D3D3D3	6
1202	#FFFFFF	#D3D3D3	6
1203	#FFFFFF	#D3D3D3	6
1204	#FFFFFF	#D3D3D3	6
1205	#FFFFFF	#D3D3D3	6
1206	#FFFFFF	#D3D3D3	57
1208	#FFFFFF	#D3D3D3	34
1209	#FFFFFF	#D3D3D3	34
1210	#FFFFFF	#D3D3D3	34
1211	#FFFFFF	#D3D3D3	34
1212	#FFFFFF	#D3D3D3	34
1213	#FFFFFF	#D3D3D3	70
1214	#FFFFFF	#D3D3D3	70
1215	#FFFFFF	#D3D3D3	70
1216	#FFFFFF	#D3D3D3	70
1217	#FFFFFF	#D3D3D3	70
1218	#FFFFFF	#D3D3D3	70
1219	#FFFFFF	#D3D3D3	70
1220	#FFFFFF	#D3D3D3	70
1221	#FFFFFF	#D3D3D3	70
1222	#FFFFFF	#D3D3D3	70
1223	#FFFFFF	#D3D3D3	70
1224	#FFFFFF	#D3D3D3	70
1225	#FFFFFF	#D3D3D3	70
1226	#FFFFFF	#D3D3D3	70
1227	#FFFFFF	#D3D3D3	70
1228	#FFFFFF	#D3D3D3	70
1229	#FFFFFF	#D3D3D3	70
1230	#FFFFFF	#D3D3D3	70
1231	#FFFFFF	#D3D3D3	70
1232	#FFFFFF	#D3D3D3	34
1233	#FFFFFF	#D3D3D3	57
1234	#FFFFFF	#D3D3D3	57
1235	#FFFFFF	#D3D3D3	57
1236	#FFFFFF	#D3D3D3	57
1237	#FFFFFF	#D3D3D3	34
1238	#FFFFFF	#D3D3D3	57
1239	#FFFFFF	#D3D3D3	57
1240	#FFFFFF	#D3D3D3	57
1241	#FFFFFF	#D3D3D3	57
1242	#FFFFFF	#D3D3D3	57
1243	#FFFFFF	#D3D3D3	6
1244	#FFFFFF	#D3D3D3	6
1245	#FFFFFF	#D3D3D3	6
1246	#FFFFFF	#D3D3D3	6
1247	#FFFFFF	#D3D3D3	6
1248	#FFFFFF	#D3D3D3	34
1249	#FFFFFF	#D3D3D3	6
1250	#FFFFFF	#D3D3D3	6
1251	#FFFFFF	#D3D3D3	6
1252	#FFFFFF	#D3D3D3	6
1253	#FFFFFF	#D3D3D3	6
1254	#FFFFFF	#D3D3D3	6
1255	#FFFFFF	#D3D3D3	6
1256	#FFFFFF	#D3D3D3	57
1257	#FFFFFF	#D3D3D3	57
1258	#FFFFFF	#D3D3D3	70
1259	#FFFFFF	#D3D3D3	34
1260	#FFFFFF	#D3D3D3	34
1261	#FFFFFF	#D3D3D3	34
1262	#FFFFFF	#D3D3D3	34
1264	#FFFFFF	#D3D3D3	159
1265	#FFFFFF	#D3D3D3	34
1266	#FFFFFF	#D3D3D3	34
1267	#FFFFFF	#D3D3D3	34
1268	#FFFFFF	#D3D3D3	159
1269	#FFFFFF	#D3D3D3	159
1270	#FFFFFF	#D3D3D3	159
1271	#FFFFFF	#D3D3D3	159
1272	#FFFFFF	#D3D3D3	34
1273	#FFFFFF	#D3D3D3	34
1274	#FFFFFF	#D3D3D3	70
1275	#FFFFFF	#D3D3D3	34
1276	#FFFFFF	#D3D3D3	34
1277	#FFFFFF	#D3D3D3	34
1278	#FFFFFF	#D3D3D3	34
1279	#FFFFFF	#D3D3D3	34
1280	#FFFFFF	#D3D3D3	34
1281	#FFFFFF	#D3D3D3	34
1282	#FFFFFF	#D3D3D3	34
1283	#FFFFFF	#D3D3D3	34
1284	#FFFFFF	#D3D3D3	34
1285	#FFFFFF	#D3D3D3	34
1286	#FFFFFF	#D3D3D3	34
1287	#FFFFFF	#D3D3D3	34
1288	#FFFFFF	#D3D3D3	34
1289	#FFFFFF	#D3D3D3	34
1290	#FFFFFF	#D3D3D3	34
1291	#FFFFFF	#D3D3D3	34
1292	#FFFFFF	#D3D3D3	34
1293	#FFFFFF	#D3D3D3	34
1294	#FFFFFF	#D3D3D3	54
1295	#FFFFFF	#D3D3D3	54
1296	#FFFFFF	#D3D3D3	54
1297	#FFFFFF	#D3D3D3	54
1298	#FFFFFF	#D3D3D3	34
1299	#FFFFFF	#D3D3D3	54
1300	#FFFFFF	#D3D3D3	54
1301	#FFFFFF	#D3D3D3	54
1302	#FFFFFF	#D3D3D3	54
1303	#FFFFFF	#D3D3D3	54
1304	#FFFFFF	#D3D3D3	217
1305	#FFFFFF	#D3D3D3	217
1306	#FFFFFF	#D3D3D3	217
1307	#FFFFFF	#D3D3D3	217
1309	#FFFFFF	#D3D3D3	34
1310	#FFFFFF	#D3D3D3	34
1311	#FFFFFF	#D3D3D3	34
1312	#FFFFFF	#D3D3D3	34
1313	#FFFFFF	#D3D3D3	34
1314	#FFFFFF	#D3D3D3	159
1315	#FFFFFF	#D3D3D3	34
1316	#FFFFFF	#D3D3D3	34
1317	#FFFFFF	#D3D3D3	34
1318	#FFFFFF	#D3D3D3	34
1319	#FFFFFF	#D3D3D3	159
1320	#FFFFFF	#D3D3D3	159
1321	#FFFFFF	#D3D3D3	159
1322	#FFFFFF	#D3D3D3	34
1323	#FFFFFF	#D3D3D3	34
1324	#FFFFFF	#D3D3D3	34
1325	#FFFFFF	#D3D3D3	70
1326	#FFFFFF	#D3D3D3	34
1327	#FFFFFF	#D3D3D3	34
1328	#FFFFFF	#D3D3D3	34
1329	#FFFFFF	#D3D3D3	34
1330	#FFFFFF	#D3D3D3	34
1331	#FFFFFF	#D3D3D3	34
1332	#FFFFFF	#D3D3D3	34
1333	#FFFFFF	#D3D3D3	34
1334	#FFFFFF	#D3D3D3	34
1335	#FFFFFF	#D3D3D3	34
1336	#FFFFFF	#D3D3D3	34
1337	#FFFFFF	#D3D3D3	34
1338	#FFFFFF	#D3D3D3	34
1339	#FFFFFF	#D3D3D3	34
1340	#FFFFFF	#D3D3D3	34
1341	#FFFFFF	#D3D3D3	34
1342	#FFFFFF	#D3D3D3	34
1343	#FFFFFF	#D3D3D3	34
1344	#FFFFFF	#D3D3D3	34
1345	#FFFFFF	#D3D3D3	54
1346	#FFFFFF	#D3D3D3	54
1347	#FFFFFF	#D3D3D3	54
1348	#FFFFFF	#D3D3D3	54
1349	#FFFFFF	#D3D3D3	34
1350	#FFFFFF	#D3D3D3	54
1351	#FFFFFF	#D3D3D3	54
1352	#FFFFFF	#D3D3D3	54
1353	#FFFFFF	#D3D3D3	54
1354	#FFFFFF	#D3D3D3	217
1355	#FFFFFF	#D3D3D3	217
1356	#FFFFFF	#D3D3D3	6
1357	#FFFFFF	#D3D3D3	217
1358	#FFFFFF	#D3D3D3	217
1359	#FFFFFF	#D3D3D3	34
1360	#FFFFFF	#D3D3D3	34
1361	#FFFFFF	#D3D3D3	34
1362	#FFFFFF	#D3D3D3	34
1363	#FFFFFF	#D3D3D3	34
1365	#FFFFFF	#D3D3D3	34
1366	#FFFFFF	#D3D3D3	34
1367	#FFFFFF	#D3D3D3	34
1368	#FFFFFF	#D3D3D3	34
1369	#FFFFFF	#D3D3D3	159
1370	#FFFFFF	#D3D3D3	159
1371	#FFFFFF	#D3D3D3	159
1372	#FFFFFF	#D3D3D3	159
1373	#FFFFFF	#D3D3D3	34
1374	#FFFFFF	#D3D3D3	34
1375	#FFFFFF	#D3D3D3	34
1376	#FFFFFF	#D3D3D3	34
1377	#FFFFFF	#D3D3D3	34
1378	#FFFFFF	#D3D3D3	34
1379	#FFFFFF	#D3D3D3	34
1380	#FFFFFF	#D3D3D3	34
1381	#FFFFFF	#D3D3D3	34
1382	#FFFFFF	#D3D3D3	34
1383	#FFFFFF	#D3D3D3	34
1384	#FFFFFF	#D3D3D3	34
1385	#FFFFFF	#D3D3D3	34
1386	#FFFFFF	#D3D3D3	34
1387	#FFFFFF	#D3D3D3	34
1388	#FFFFFF	#D3D3D3	34
1389	#FFFFFF	#D3D3D3	34
1390	#FFFFFF	#D3D3D3	34
1391	#FFFFFF	#D3D3D3	34
1392	#FFFFFF	#D3D3D3	34
1393	#FFFFFF	#D3D3D3	34
1394	#FFFFFF	#D3D3D3	34
1395	#FFFFFF	#D3D3D3	34
1396	#FFFFFF	#D3D3D3	54
1397	#FFFFFF	#D3D3D3	54
1398	#FFFFFF	#D3D3D3	54
1399	#FFFFFF	#D3D3D3	34
1400	#FFFFFF	#D3D3D3	54
1401	#FFFFFF	#D3D3D3	54
1402	#FFFFFF	#D3D3D3	54
1403	#FFFFFF	#D3D3D3	54
1404	#FFFFFF	#D3D3D3	54
1405	#FFFFFF	#D3D3D3	217
1406	#FFFFFF	#D3D3D3	6
1407	#FFFFFF	#D3D3D3	217
1408	#FFFFFF	#D3D3D3	6
1410	#FFFFFF	#D3D3D3	34
1411	#FFFFFF	#D3D3D3	34
1412	#FFFFFF	#D3D3D3	34
1413	#FFFFFF	#D3D3D3	34
1414	#FFFFFF	#D3D3D3	34
1415	#FFFFFF	#D3D3D3	34
1416	#FFFFFF	#D3D3D3	34
1417	#FFFFFF	#D3D3D3	34
1418	#FFFFFF	#D3D3D3	34
1419	#FFFFFF	#D3D3D3	34
1420	#FFFFFF	#D3D3D3	159
1421	#FFFFFF	#D3D3D3	159
1422	#FFFFFF	#D3D3D3	159
1423	#FFFFFF	#D3D3D3	159
1424	#FFFFFF	#D3D3D3	34
1425	#FFFFFF	#D3D3D3	34
1426	#FFFFFF	#D3D3D3	34
1427	#FFFFFF	#D3D3D3	34
1428	#FFFFFF	#D3D3D3	34
1429	#FFFFFF	#D3D3D3	34
1430	#FFFFFF	#D3D3D3	34
1431	#FFFFFF	#D3D3D3	34
1432	#FFFFFF	#D3D3D3	34
1433	#FFFFFF	#D3D3D3	34
1434	#FFFFFF	#D3D3D3	34
1435	#FFFFFF	#D3D3D3	34
1436	#FFFFFF	#D3D3D3	34
1437	#FFFFFF	#D3D3D3	34
1438	#FFFFFF	#D3D3D3	34
1439	#FFFFFF	#D3D3D3	34
1440	#FFFFFF	#D3D3D3	34
1441	#FFFFFF	#D3D3D3	34
1442	#FFFFFF	#D3D3D3	34
1443	#FFFFFF	#D3D3D3	34
1444	#FFFFFF	#D3D3D3	34
1445	#FFFFFF	#D3D3D3	34
1446	#FFFFFF	#D3D3D3	34
1447	#FFFFFF	#D3D3D3	54
1448	#FFFFFF	#D3D3D3	34
1449	#FFFFFF	#D3D3D3	54
1450	#FFFFFF	#D3D3D3	34
1451	#FFFFFF	#D3D3D3	54
1452	#FFFFFF	#D3D3D3	54
1453	#FFFFFF	#D3D3D3	54
1454	#FFFFFF	#D3D3D3	54
1455	#FFFFFF	#D3D3D3	217
1456	#FFFFFF	#D3D3D3	217
1457	#FFFFFF	#D3D3D3	6
1458	#FFFFFF	#D3D3D3	6
1459	#FFFFFF	#D3D3D3	6
1460	#FFFFFF	#D3D3D3	34
1461	#FFFFFF	#D3D3D3	34
1462	#FFFFFF	#D3D3D3	34
1463	#FFFFFF	#D3D3D3	34
1464	#FFFFFF	#D3D3D3	34
1466	#FFFFFF	#D3D3D3	34
1467	#FFFFFF	#D3D3D3	34
1468	#FFFFFF	#D3D3D3	34
1469	#FFFFFF	#D3D3D3	34
1470	#FFFFFF	#D3D3D3	159
1471	#FFFFFF	#D3D3D3	34
1472	#FFFFFF	#D3D3D3	159
1473	#FFFFFF	#D3D3D3	159
1474	#FFFFFF	#D3D3D3	159
1475	#FFFFFF	#D3D3D3	34
1476	#FFFFFF	#D3D3D3	34
1477	#FFFFFF	#D3D3D3	34
1478	#FFFFFF	#D3D3D3	34
1479	#FFFFFF	#D3D3D3	34
1480	#FFFFFF	#D3D3D3	34
1481	#FFFFFF	#D3D3D3	34
1482	#FFFFFF	#D3D3D3	34
1483	#FFFFFF	#D3D3D3	34
1484	#FFFFFF	#D3D3D3	34
1485	#FFFFFF	#D3D3D3	34
1486	#FFFFFF	#D3D3D3	34
1487	#FFFFFF	#D3D3D3	34
1488	#FFFFFF	#D3D3D3	34
1489	#FFFFFF	#D3D3D3	34
1490	#FFFFFF	#D3D3D3	34
1491	#FFFFFF	#D3D3D3	34
1492	#FFFFFF	#D3D3D3	34
1493	#FFFFFF	#D3D3D3	34
1494	#FFFFFF	#D3D3D3	34
1495	#FFFFFF	#D3D3D3	34
1496	#FFFFFF	#D3D3D3	34
1497	#FFFFFF	#D3D3D3	34
1498	#FFFFFF	#D3D3D3	34
1499	#FFFFFF	#D3D3D3	34
1500	#FFFFFF	#D3D3D3	34
1501	#FFFFFF	#D3D3D3	54
1502	#FFFFFF	#D3D3D3	54
1503	#FFFFFF	#D3D3D3	54
1504	#FFFFFF	#D3D3D3	54
1505	#FFFFFF	#D3D3D3	34
1506	#FFFFFF	#D3D3D3	217
1507	#FFFFFF	#D3D3D3	217
1508	#FFFFFF	#D3D3D3	6
1509	#FFFFFF	#D3D3D3	6
1511	#FFFFFF	#D3D3D3	34
1512	#FFFFFF	#D3D3D3	34
1513	#FFFFFF	#D3D3D3	34
1514	#FFFFFF	#D3D3D3	34
1515	#FFFFFF	#D3D3D3	34
1516	#FFFFFF	#D3D3D3	34
1517	#FFFFFF	#D3D3D3	34
1518	#FFFFFF	#D3D3D3	34
1519	#FFFFFF	#D3D3D3	34
1520	#FFFFFF	#D3D3D3	159
1521	#FFFFFF	#D3D3D3	34
1522	#FFFFFF	#D3D3D3	34
1523	#FFFFFF	#D3D3D3	159
1524	#FFFFFF	#D3D3D3	159
1525	#FFFFFF	#D3D3D3	34
1526	#FFFFFF	#D3D3D3	34
1527	#FFFFFF	#D3D3D3	34
1528	#FFFFFF	#D3D3D3	34
1529	#FFFFFF	#D3D3D3	34
1530	#FFFFFF	#D3D3D3	34
1531	#FFFFFF	#D3D3D3	34
1532	#FFFFFF	#D3D3D3	34
1533	#FFFFFF	#D3D3D3	34
1534	#FFFFFF	#D3D3D3	34
1535	#FFFFFF	#D3D3D3	34
1536	#FFFFFF	#D3D3D3	34
1537	#FFFFFF	#D3D3D3	34
1538	#FFFFFF	#D3D3D3	34
1539	#FFFFFF	#D3D3D3	34
1540	#FFFFFF	#D3D3D3	34
1541	#FFFFFF	#D3D3D3	34
1542	#FFFFFF	#D3D3D3	34
1543	#FFFFFF	#D3D3D3	34
1544	#FFFFFF	#D3D3D3	34
1545	#FFFFFF	#D3D3D3	34
1546	#FFFFFF	#D3D3D3	34
1547	#FFFFFF	#D3D3D3	34
1548	#FFFFFF	#D3D3D3	34
1549	#FFFFFF	#D3D3D3	34
1550	#FFFFFF	#D3D3D3	34
1551	#FFFFFF	#D3D3D3	34
1552	#FFFFFF	#D3D3D3	54
1553	#FFFFFF	#D3D3D3	54
1554	#FFFFFF	#D3D3D3	54
1555	#FFFFFF	#D3D3D3	34
1556	#FFFFFF	#D3D3D3	217
1557	#FFFFFF	#D3D3D3	217
1558	#FFFFFF	#D3D3D3	217
1559	#FFFFFF	#D3D3D3	6
1560	#FFFFFF	#D3D3D3	6
1561	#FFFFFF	#D3D3D3	34
1562	#FFFFFF	#D3D3D3	34
1563	#FFFFFF	#D3D3D3	34
1564	#FFFFFF	#D3D3D3	34
1565	#FFFFFF	#D3D3D3	34
1567	#FFFFFF	#D3D3D3	34
1568	#FFFFFF	#D3D3D3	34
1569	#FFFFFF	#D3D3D3	34
1570	#FFFFFF	#D3D3D3	159
1571	#FFFFFF	#D3D3D3	159
1572	#FFFFFF	#D3D3D3	34
1573	#FFFFFF	#D3D3D3	34
1574	#FFFFFF	#D3D3D3	34
1575	#FFFFFF	#D3D3D3	34
1576	#FFFFFF	#D3D3D3	34
1577	#FFFFFF	#D3D3D3	34
1578	#FFFFFF	#D3D3D3	34
1579	#FFFFFF	#D3D3D3	34
1580	#FFFFFF	#D3D3D3	34
1581	#FFFFFF	#D3D3D3	34
1582	#FFFFFF	#D3D3D3	34
1583	#FFFFFF	#D3D3D3	34
1584	#FFFFFF	#D3D3D3	34
1585	#FFFFFF	#D3D3D3	34
1586	#FFFFFF	#D3D3D3	34
1587	#FFFFFF	#D3D3D3	34
1588	#FFFFFF	#D3D3D3	34
1589	#FFFFFF	#D3D3D3	34
1590	#FFFFFF	#D3D3D3	34
1591	#FFFFFF	#D3D3D3	34
1592	#FFFFFF	#D3D3D3	34
1593	#FFFFFF	#D3D3D3	34
1594	#FFFFFF	#D3D3D3	34
1595	#FFFFFF	#D3D3D3	34
1596	#FFFFFF	#D3D3D3	34
1597	#FFFFFF	#D3D3D3	34
1598	#FFFFFF	#D3D3D3	34
1599	#FFFFFF	#D3D3D3	34
1600	#FFFFFF	#D3D3D3	34
1601	#FFFFFF	#D3D3D3	34
1602	#FFFFFF	#D3D3D3	34
1603	#FFFFFF	#D3D3D3	54
1604	#FFFFFF	#D3D3D3	54
1605	#FFFFFF	#D3D3D3	34
1606	#FFFFFF	#D3D3D3	217
1607	#FFFFFF	#D3D3D3	217
1608	#FFFFFF	#D3D3D3	217
1609	#FFFFFF	#D3D3D3	217
1610	#FFFFFF	#D3D3D3	6
1612	#FFFFFF	#D3D3D3	34
1613	#FFFFFF	#D3D3D3	34
1614	#FFFFFF	#D3D3D3	34
1615	#FFFFFF	#D3D3D3	34
1616	#FFFFFF	#D3D3D3	34
1617	#FFFFFF	#D3D3D3	34
1618	#FFFFFF	#D3D3D3	34
1619	#FFFFFF	#D3D3D3	34
1620	#FFFFFF	#D3D3D3	159
1621	#FFFFFF	#D3D3D3	159
1622	#FFFFFF	#D3D3D3	34
1623	#FFFFFF	#D3D3D3	34
1624	#FFFFFF	#D3D3D3	34
1625	#FFFFFF	#D3D3D3	34
1626	#FFFFFF	#D3D3D3	34
1627	#FFFFFF	#D3D3D3	34
1628	#FFFFFF	#D3D3D3	34
1629	#FFFFFF	#D3D3D3	34
1630	#FFFFFF	#D3D3D3	34
1631	#FFFFFF	#D3D3D3	34
1632	#FFFFFF	#D3D3D3	34
1633	#FFFFFF	#D3D3D3	34
1634	#FFFFFF	#D3D3D3	34
1635	#FFFFFF	#D3D3D3	34
1636	#FFFFFF	#D3D3D3	34
1637	#FFFFFF	#D3D3D3	34
1638	#FFFFFF	#D3D3D3	34
1639	#FFFFFF	#D3D3D3	34
1640	#FFFFFF	#D3D3D3	34
1641	#FFFFFF	#D3D3D3	34
1642	#FFFFFF	#D3D3D3	34
1643	#FFFFFF	#D3D3D3	34
1644	#FFFFFF	#D3D3D3	34
1645	#FFFFFF	#D3D3D3	34
1646	#FFFFFF	#D3D3D3	34
1647	#FFFFFF	#D3D3D3	34
1648	#FFFFFF	#D3D3D3	34
1649	#FFFFFF	#D3D3D3	34
1650	#FFFFFF	#D3D3D3	34
1651	#FFFFFF	#D3D3D3	34
1652	#FFFFFF	#D3D3D3	34
1653	#FFFFFF	#D3D3D3	34
1654	#FFFFFF	#D3D3D3	54
1655	#FFFFFF	#D3D3D3	34
1656	#FFFFFF	#D3D3D3	34
1657	#FFFFFF	#D3D3D3	217
1658	#FFFFFF	#D3D3D3	217
1659	#FFFFFF	#D3D3D3	217
1660	#FFFFFF	#D3D3D3	6
1661	#FFFFFF	#D3D3D3	6
1662	#FFFFFF	#D3D3D3	34
1663	#FFFFFF	#D3D3D3	34
1664	#FFFFFF	#D3D3D3	34
1665	#FFFFFF	#D3D3D3	34
1666	#FFFFFF	#D3D3D3	34
1668	#FFFFFF	#D3D3D3	34
1669	#FFFFFF	#D3D3D3	34
1670	#FFFFFF	#D3D3D3	159
1671	#FFFFFF	#D3D3D3	34
1672	#FFFFFF	#D3D3D3	34
1673	#FFFFFF	#D3D3D3	34
1674	#FFFFFF	#D3D3D3	34
1675	#FFFFFF	#D3D3D3	34
1676	#FFFFFF	#D3D3D3	34
1677	#FFFFFF	#D3D3D3	34
1678	#FFFFFF	#D3D3D3	34
1679	#FFFFFF	#D3D3D3	34
1680	#FFFFFF	#D3D3D3	34
1681	#FFFFFF	#D3D3D3	34
1682	#FFFFFF	#D3D3D3	34
1683	#FFFFFF	#D3D3D3	34
1684	#FFFFFF	#D3D3D3	34
1685	#FFFFFF	#D3D3D3	34
1686	#FFFFFF	#D3D3D3	34
1687	#FFFFFF	#D3D3D3	34
1688	#FFFFFF	#D3D3D3	34
1689	#FFFFFF	#D3D3D3	34
1690	#FFFFFF	#D3D3D3	34
1691	#FFFFFF	#D3D3D3	34
1692	#FFFFFF	#D3D3D3	34
1693	#FFFFFF	#D3D3D3	34
1694	#FFFFFF	#D3D3D3	34
1695	#FFFFFF	#D3D3D3	34
1696	#FFFFFF	#D3D3D3	34
1697	#FFFFFF	#D3D3D3	34
1698	#FFFFFF	#D3D3D3	34
1699	#FFFFFF	#D3D3D3	34
1700	#FFFFFF	#D3D3D3	34
1701	#FFFFFF	#D3D3D3	34
1702	#FFFFFF	#D3D3D3	34
1703	#FFFFFF	#D3D3D3	34
1704	#FFFFFF	#D3D3D3	34
1705	#FFFFFF	#D3D3D3	34
1706	#FFFFFF	#D3D3D3	34
1707	#FFFFFF	#D3D3D3	34
1708	#FFFFFF	#D3D3D3	217
1709	#FFFFFF	#D3D3D3	160
1710	#FFFFFF	#D3D3D3	6
1711	#FFFFFF	#D3D3D3	6
1713	#FFFFFF	#D3D3D3	34
1714	#FFFFFF	#D3D3D3	34
1715	#FFFFFF	#D3D3D3	34
1716	#FFFFFF	#D3D3D3	34
1717	#FFFFFF	#D3D3D3	159
1718	#FFFFFF	#D3D3D3	34
1719	#FFFFFF	#D3D3D3	34
1720	#FFFFFF	#D3D3D3	34
1721	#FFFFFF	#D3D3D3	159
1722	#FFFFFF	#D3D3D3	34
1723	#FFFFFF	#D3D3D3	34
1724	#FFFFFF	#D3D3D3	34
1725	#FFFFFF	#D3D3D3	34
1726	#FFFFFF	#D3D3D3	34
1727	#FFFFFF	#D3D3D3	34
1728	#FFFFFF	#D3D3D3	34
1729	#FFFFFF	#D3D3D3	34
1730	#FFFFFF	#D3D3D3	34
1731	#FFFFFF	#D3D3D3	34
1732	#FFFFFF	#D3D3D3	34
1733	#FFFFFF	#D3D3D3	34
1734	#FFFFFF	#D3D3D3	34
1735	#FFFFFF	#D3D3D3	34
1736	#FFFFFF	#D3D3D3	34
1737	#FFFFFF	#D3D3D3	34
1738	#FFFFFF	#D3D3D3	34
1739	#FFFFFF	#D3D3D3	34
1740	#FFFFFF	#D3D3D3	34
1741	#FFFFFF	#D3D3D3	34
1742	#FFFFFF	#D3D3D3	34
1743	#FFFFFF	#D3D3D3	34
1744	#FFFFFF	#D3D3D3	34
1745	#FFFFFF	#D3D3D3	34
1746	#FFFFFF	#D3D3D3	34
1747	#FFFFFF	#D3D3D3	34
1748	#FFFFFF	#D3D3D3	34
1749	#FFFFFF	#D3D3D3	34
1750	#FFFFFF	#D3D3D3	34
1751	#FFFFFF	#D3D3D3	34
1752	#FFFFFF	#D3D3D3	34
1753	#FFFFFF	#D3D3D3	34
1754	#FFFFFF	#D3D3D3	34
1755	#FFFFFF	#D3D3D3	34
1756	#FFFFFF	#D3D3D3	217
1757	#FFFFFF	#D3D3D3	34
1758	#FFFFFF	#D3D3D3	217
1759	#FFFFFF	#D3D3D3	160
1760	#FFFFFF	#D3D3D3	160
1761	#FFFFFF	#D3D3D3	6
1762	#FFFFFF	#D3D3D3	6
1763	#FFFFFF	#D3D3D3	34
1764	#FFFFFF	#D3D3D3	34
1765	#FFFFFF	#D3D3D3	34
1766	#FFFFFF	#D3D3D3	159
1767	#FFFFFF	#D3D3D3	159
1769	#FFFFFF	#D3D3D3	34
1770	#FFFFFF	#D3D3D3	34
1771	#FFFFFF	#D3D3D3	159
1772	#FFFFFF	#D3D3D3	159
1773	#FFFFFF	#D3D3D3	159
1774	#FFFFFF	#D3D3D3	34
1775	#FFFFFF	#D3D3D3	34
1776	#FFFFFF	#D3D3D3	34
1777	#FFFFFF	#D3D3D3	34
1778	#FFFFFF	#D3D3D3	34
1779	#FFFFFF	#D3D3D3	34
1780	#FFFFFF	#D3D3D3	34
1781	#FFFFFF	#D3D3D3	34
1782	#FFFFFF	#D3D3D3	34
1783	#FFFFFF	#D3D3D3	34
1784	#FFFFFF	#D3D3D3	34
1785	#FFFFFF	#D3D3D3	34
1786	#FFFFFF	#D3D3D3	34
1787	#FFFFFF	#D3D3D3	34
1788	#FFFFFF	#D3D3D3	34
1789	#FFFFFF	#D3D3D3	34
1790	#FFFFFF	#D3D3D3	34
1791	#FFFFFF	#D3D3D3	34
1792	#FFFFFF	#D3D3D3	34
1793	#FFFFFF	#D3D3D3	34
1794	#FFFFFF	#D3D3D3	34
1795	#FFFFFF	#D3D3D3	34
1796	#FFFFFF	#D3D3D3	34
1797	#FFFFFF	#D3D3D3	34
1798	#FFFFFF	#D3D3D3	34
1799	#FFFFFF	#D3D3D3	34
1800	#FFFFFF	#D3D3D3	34
1801	#FFFFFF	#D3D3D3	34
1802	#FFFFFF	#D3D3D3	34
1803	#FFFFFF	#D3D3D3	34
1804	#FFFFFF	#D3D3D3	34
1805	#FFFFFF	#D3D3D3	217
1806	#FFFFFF	#D3D3D3	217
1807	#FFFFFF	#D3D3D3	34
1808	#FFFFFF	#D3D3D3	217
1809	#FFFFFF	#D3D3D3	160
1810	#FFFFFF	#D3D3D3	160
1811	#FFFFFF	#D3D3D3	160
1812	#FFFFFF	#D3D3D3	6
1814	#FFFFFF	#D3D3D3	34
1815	#FFFFFF	#D3D3D3	34
1816	#FFFFFF	#D3D3D3	34
1817	#FFFFFF	#D3D3D3	34
1818	#FFFFFF	#D3D3D3	159
1819	#FFFFFF	#D3D3D3	159
1820	#FFFFFF	#D3D3D3	34
1821	#FFFFFF	#D3D3D3	34
1822	#FFFFFF	#D3D3D3	159
1823	#FFFFFF	#D3D3D3	159
1824	#FFFFFF	#D3D3D3	34
1825	#FFFFFF	#D3D3D3	34
1826	#FFFFFF	#D3D3D3	34
1827	#FFFFFF	#D3D3D3	34
1828	#FFFFFF	#D3D3D3	34
1829	#FFFFFF	#D3D3D3	34
1830	#FFFFFF	#D3D3D3	34
1831	#FFFFFF	#D3D3D3	34
1832	#FFFFFF	#D3D3D3	34
1833	#FFFFFF	#D3D3D3	34
1834	#FFFFFF	#D3D3D3	34
1835	#FFFFFF	#D3D3D3	34
1836	#FFFFFF	#D3D3D3	34
1837	#FFFFFF	#D3D3D3	34
1838	#FFFFFF	#D3D3D3	34
1839	#FFFFFF	#D3D3D3	34
1840	#FFFFFF	#D3D3D3	34
1841	#FFFFFF	#D3D3D3	34
1842	#FFFFFF	#D3D3D3	34
1843	#FFFFFF	#D3D3D3	34
1844	#FFFFFF	#D3D3D3	34
1845	#FFFFFF	#D3D3D3	34
1846	#FFFFFF	#D3D3D3	34
1847	#FFFFFF	#D3D3D3	34
1848	#FFFFFF	#D3D3D3	34
1849	#FFFFFF	#D3D3D3	34
1850	#FFFFFF	#D3D3D3	34
1851	#FFFFFF	#D3D3D3	34
1852	#FFFFFF	#D3D3D3	34
1853	#FFFFFF	#D3D3D3	34
1854	#FFFFFF	#D3D3D3	34
1855	#FFFFFF	#D3D3D3	217
1856	#FFFFFF	#D3D3D3	217
1857	#FFFFFF	#D3D3D3	217
1858	#FFFFFF	#D3D3D3	217
1859	#FFFFFF	#D3D3D3	160
1860	#FFFFFF	#D3D3D3	160
1861	#FFFFFF	#D3D3D3	160
1862	#FFFFFF	#D3D3D3	160
1863	#FFFFFF	#D3D3D3	6
1864	#FFFFFF	#D3D3D3	34
1865	#FFFFFF	#D3D3D3	34
1866	#FFFFFF	#D3D3D3	159
1867	#FFFFFF	#D3D3D3	159
1868	#FFFFFF	#D3D3D3	159
1870	#FFFFFF	#D3D3D3	159
1871	#FFFFFF	#D3D3D3	34
1872	#FFFFFF	#D3D3D3	159
1873	#FFFFFF	#D3D3D3	159
1874	#FFFFFF	#D3D3D3	159
1875	#FFFFFF	#D3D3D3	159
1876	#FFFFFF	#D3D3D3	159
1877	#FFFFFF	#D3D3D3	159
1878	#FFFFFF	#D3D3D3	34
1879	#FFFFFF	#D3D3D3	34
1880	#FFFFFF	#D3D3D3	34
1881	#FFFFFF	#D3D3D3	34
1882	#FFFFFF	#D3D3D3	34
1883	#FFFFFF	#D3D3D3	34
1884	#FFFFFF	#D3D3D3	34
1885	#FFFFFF	#D3D3D3	34
1886	#FFFFFF	#D3D3D3	34
1887	#FFFFFF	#D3D3D3	34
1888	#FFFFFF	#D3D3D3	34
1889	#FFFFFF	#D3D3D3	34
1890	#FFFFFF	#D3D3D3	34
1891	#FFFFFF	#D3D3D3	34
1892	#FFFFFF	#D3D3D3	34
1893	#FFFFFF	#D3D3D3	34
1894	#FFFFFF	#D3D3D3	34
1895	#FFFFFF	#D3D3D3	34
1896	#FFFFFF	#D3D3D3	34
1897	#FFFFFF	#D3D3D3	34
1898	#FFFFFF	#D3D3D3	34
1899	#FFFFFF	#D3D3D3	34
1900	#FFFFFF	#D3D3D3	34
1901	#FFFFFF	#D3D3D3	34
1902	#FFFFFF	#D3D3D3	34
1903	#FFFFFF	#D3D3D3	217
1904	#FFFFFF	#D3D3D3	34
1905	#FFFFFF	#D3D3D3	217
1906	#FFFFFF	#D3D3D3	217
1907	#FFFFFF	#D3D3D3	217
1908	#FFFFFF	#D3D3D3	217
1909	#FFFFFF	#D3D3D3	160
1910	#FFFFFF	#D3D3D3	160
1911	#FFFFFF	#D3D3D3	160
1912	#FFFFFF	#D3D3D3	160
1913	#FFFFFF	#D3D3D3	160
1915	#FFFFFF	#D3D3D3	159
1916	#FFFFFF	#D3D3D3	34
1917	#FFFFFF	#D3D3D3	159
1918	#FFFFFF	#D3D3D3	159
1919	#FFFFFF	#D3D3D3	159
1920	#FFFFFF	#D3D3D3	159
1921	#FFFFFF	#D3D3D3	34
1922	#FFFFFF	#D3D3D3	34
1923	#FFFFFF	#D3D3D3	159
1924	#FFFFFF	#D3D3D3	159
1925	#FFFFFF	#D3D3D3	159
1926	#FFFFFF	#D3D3D3	159
1927	#FFFFFF	#D3D3D3	159
1928	#FFFFFF	#D3D3D3	34
1929	#FFFFFF	#D3D3D3	34
1930	#FFFFFF	#D3D3D3	34
1931	#FFFFFF	#D3D3D3	34
1932	#FFFFFF	#D3D3D3	34
1933	#FFFFFF	#D3D3D3	34
1934	#FFFFFF	#D3D3D3	34
1935	#FFFFFF	#D3D3D3	34
1936	#FFFFFF	#D3D3D3	34
1937	#FFFFFF	#D3D3D3	34
1938	#FFFFFF	#D3D3D3	34
1939	#FFFFFF	#D3D3D3	34
1940	#FFFFFF	#D3D3D3	34
1941	#FFFFFF	#D3D3D3	34
1942	#FFFFFF	#D3D3D3	34
1943	#FFFFFF	#D3D3D3	34
1944	#FFFFFF	#D3D3D3	34
1945	#FFFFFF	#D3D3D3	34
1946	#FFFFFF	#D3D3D3	34
1947	#FFFFFF	#D3D3D3	34
1948	#FFFFFF	#D3D3D3	34
1949	#FFFFFF	#D3D3D3	34
1950	#FFFFFF	#D3D3D3	34
1951	#FFFFFF	#D3D3D3	34
1952	#FFFFFF	#D3D3D3	34
1953	#FFFFFF	#D3D3D3	217
1954	#FFFFFF	#D3D3D3	217
1955	#FFFFFF	#D3D3D3	159
1956	#FFFFFF	#D3D3D3	217
1957	#FFFFFF	#D3D3D3	217
1958	#FFFFFF	#D3D3D3	217
1959	#FFFFFF	#D3D3D3	160
1960	#FFFFFF	#D3D3D3	160
1961	#FFFFFF	#D3D3D3	160
1962	#FFFFFF	#D3D3D3	160
1963	#FFFFFF	#D3D3D3	160
1964	#FFFFFF	#D3D3D3	160
1965	#FFFFFF	#D3D3D3	159
1966	#FFFFFF	#D3D3D3	34
1967	#FFFFFF	#D3D3D3	159
1968	#FFFFFF	#D3D3D3	159
1969	#FFFFFF	#D3D3D3	159
1971	#FFFFFF	#D3D3D3	159
1972	#FFFFFF	#D3D3D3	34
1973	#FFFFFF	#D3D3D3	159
1974	#FFFFFF	#D3D3D3	159
1975	#FFFFFF	#D3D3D3	159
1976	#FFFFFF	#D3D3D3	159
1977	#FFFFFF	#D3D3D3	159
1978	#FFFFFF	#D3D3D3	34
1979	#FFFFFF	#D3D3D3	159
1980	#FFFFFF	#D3D3D3	159
1981	#FFFFFF	#D3D3D3	34
1982	#FFFFFF	#D3D3D3	34
1983	#FFFFFF	#D3D3D3	34
1984	#FFFFFF	#D3D3D3	34
1985	#FFFFFF	#D3D3D3	34
1986	#FFFFFF	#D3D3D3	34
1987	#FFFFFF	#D3D3D3	34
1988	#FFFFFF	#D3D3D3	34
1989	#FFFFFF	#D3D3D3	34
1990	#FFFFFF	#D3D3D3	34
1991	#FFFFFF	#D3D3D3	34
1992	#FFFFFF	#D3D3D3	34
1993	#FFFFFF	#D3D3D3	34
1994	#FFFFFF	#D3D3D3	34
1995	#FFFFFF	#D3D3D3	34
1996	#FFFFFF	#D3D3D3	34
1997	#FFFFFF	#D3D3D3	34
1998	#FFFFFF	#D3D3D3	34
1999	#FFFFFF	#D3D3D3	34
2000	#FFFFFF	#D3D3D3	34
2001	#FFFFFF	#D3D3D3	34
2002	#FFFFFF	#D3D3D3	34
2003	#FFFFFF	#D3D3D3	217
2004	#FFFFFF	#D3D3D3	217
2005	#FFFFFF	#D3D3D3	34
2006	#FFFFFF	#D3D3D3	217
2007	#FFFFFF	#D3D3D3	217
2008	#FFFFFF	#D3D3D3	217
2009	#FFFFFF	#D3D3D3	160
2010	#FFFFFF	#D3D3D3	160
2011	#FFFFFF	#D3D3D3	160
2012	#FFFFFF	#D3D3D3	160
2013	#FFFFFF	#D3D3D3	160
2014	#FFFFFF	#D3D3D3	160
2016	#FFFFFF	#D3D3D3	159
2017	#FFFFFF	#D3D3D3	159
2018	#FFFFFF	#D3D3D3	159
2019	#FFFFFF	#D3D3D3	159
2020	#FFFFFF	#D3D3D3	159
2021	#FFFFFF	#D3D3D3	159
2022	#FFFFFF	#D3D3D3	159
2023	#FFFFFF	#D3D3D3	34
2024	#FFFFFF	#D3D3D3	159
2025	#FFFFFF	#D3D3D3	159
2026	#FFFFFF	#D3D3D3	159
2027	#FFFFFF	#D3D3D3	159
2028	#FFFFFF	#D3D3D3	34
2029	#FFFFFF	#D3D3D3	159
2030	#FFFFFF	#D3D3D3	159
2031	#FFFFFF	#D3D3D3	34
2032	#FFFFFF	#D3D3D3	34
2033	#FFFFFF	#D3D3D3	34
2034	#FFFFFF	#D3D3D3	34
2035	#FFFFFF	#D3D3D3	34
2036	#FFFFFF	#D3D3D3	34
2037	#FFFFFF	#D3D3D3	34
2038	#FFFFFF	#D3D3D3	34
2039	#FFFFFF	#D3D3D3	34
2040	#FFFFFF	#D3D3D3	34
2041	#FFFFFF	#D3D3D3	34
2042	#FFFFFF	#D3D3D3	34
2043	#FFFFFF	#D3D3D3	34
2044	#FFFFFF	#D3D3D3	34
2045	#FFFFFF	#D3D3D3	34
2046	#FFFFFF	#D3D3D3	34
2047	#FFFFFF	#D3D3D3	34
2048	#FFFFFF	#D3D3D3	34
2049	#FFFFFF	#D3D3D3	34
2050	#FFFFFF	#D3D3D3	34
2051	#FFFFFF	#D3D3D3	34
2052	#FFFFFF	#D3D3D3	34
2053	#FFFFFF	#D3D3D3	217
2054	#FFFFFF	#D3D3D3	217
2055	#FFFFFF	#D3D3D3	217
2056	#FFFFFF	#D3D3D3	34
2057	#FFFFFF	#D3D3D3	217
2058	#FFFFFF	#D3D3D3	217
2059	#FFFFFF	#D3D3D3	217
2060	#FFFFFF	#D3D3D3	160
2061	#FFFFFF	#D3D3D3	160
2062	#FFFFFF	#D3D3D3	160
2063	#FFFFFF	#D3D3D3	217
2064	#FFFFFF	#D3D3D3	160
2065	#FFFFFF	#D3D3D3	160
2066	#FFFFFF	#D3D3D3	159
2067	#FFFFFF	#D3D3D3	159
2068	#FFFFFF	#D3D3D3	159
2069	#FFFFFF	#D3D3D3	159
2070	#FFFFFF	#D3D3D3	159
2072	#FFFFFF	#D3D3D3	159
2073	#FFFFFF	#D3D3D3	159
2074	#FFFFFF	#D3D3D3	159
2075	#FFFFFF	#D3D3D3	159
2076	#FFFFFF	#D3D3D3	159
2077	#FFFFFF	#D3D3D3	159
2078	#FFFFFF	#D3D3D3	159
2079	#FFFFFF	#D3D3D3	159
2080	#FFFFFF	#D3D3D3	159
2081	#FFFFFF	#D3D3D3	34
2082	#FFFFFF	#D3D3D3	34
2083	#FFFFFF	#D3D3D3	34
2084	#FFFFFF	#D3D3D3	34
2085	#FFFFFF	#D3D3D3	34
2086	#FFFFFF	#D3D3D3	34
2087	#FFFFFF	#D3D3D3	34
2088	#FFFFFF	#D3D3D3	34
2089	#FFFFFF	#D3D3D3	34
2090	#FFFFFF	#D3D3D3	34
2091	#FFFFFF	#D3D3D3	34
2092	#FFFFFF	#D3D3D3	34
2093	#FFFFFF	#D3D3D3	34
2094	#FFFFFF	#D3D3D3	34
2095	#FFFFFF	#D3D3D3	34
2096	#FFFFFF	#D3D3D3	34
2097	#FFFFFF	#D3D3D3	34
2098	#FFFFFF	#D3D3D3	34
2099	#FFFFFF	#D3D3D3	34
2100	#FFFFFF	#D3D3D3	34
2101	#FFFFFF	#D3D3D3	34
2102	#FFFFFF	#D3D3D3	217
2103	#FFFFFF	#D3D3D3	217
2104	#FFFFFF	#D3D3D3	217
2105	#FFFFFF	#D3D3D3	217
2106	#FFFFFF	#D3D3D3	34
2107	#FFFFFF	#D3D3D3	217
2108	#FFFFFF	#D3D3D3	217
2109	#FFFFFF	#D3D3D3	217
2110	#FFFFFF	#D3D3D3	217
2111	#FFFFFF	#D3D3D3	160
2112	#FFFFFF	#D3D3D3	160
2113	#FFFFFF	#D3D3D3	217
2114	#FFFFFF	#D3D3D3	217
2115	#FFFFFF	#D3D3D3	160
2117	#FFFFFF	#D3D3D3	159
2118	#FFFFFF	#D3D3D3	159
2119	#FFFFFF	#D3D3D3	159
2120	#FFFFFF	#D3D3D3	159
2121	#FFFFFF	#D3D3D3	159
2122	#FFFFFF	#D3D3D3	152
2123	#FFFFFF	#D3D3D3	159
2124	#FFFFFF	#D3D3D3	159
2125	#FFFFFF	#D3D3D3	159
2126	#FFFFFF	#D3D3D3	159
2127	#FFFFFF	#D3D3D3	159
2128	#FFFFFF	#D3D3D3	159
2129	#FFFFFF	#D3D3D3	159
2130	#FFFFFF	#D3D3D3	159
2131	#FFFFFF	#D3D3D3	159
2132	#FFFFFF	#D3D3D3	34
2133	#FFFFFF	#D3D3D3	34
2134	#FFFFFF	#D3D3D3	34
2135	#FFFFFF	#D3D3D3	159
2136	#FFFFFF	#D3D3D3	34
2137	#FFFFFF	#D3D3D3	34
2138	#FFFFFF	#D3D3D3	34
2139	#FFFFFF	#D3D3D3	34
2140	#FFFFFF	#D3D3D3	34
2141	#FFFFFF	#D3D3D3	34
2142	#FFFFFF	#D3D3D3	34
2143	#FFFFFF	#D3D3D3	34
2144	#FFFFFF	#D3D3D3	34
2145	#FFFFFF	#D3D3D3	34
2146	#FFFFFF	#D3D3D3	34
2147	#FFFFFF	#D3D3D3	34
2148	#FFFFFF	#D3D3D3	34
2149	#FFFFFF	#D3D3D3	34
2150	#FFFFFF	#D3D3D3	34
2151	#FFFFFF	#D3D3D3	34
2152	#FFFFFF	#D3D3D3	34
2153	#FFFFFF	#D3D3D3	217
2154	#FFFFFF	#D3D3D3	217
2155	#FFFFFF	#D3D3D3	217
2156	#FFFFFF	#D3D3D3	217
2157	#FFFFFF	#D3D3D3	159
2158	#FFFFFF	#D3D3D3	34
2159	#FFFFFF	#D3D3D3	34
2160	#FFFFFF	#D3D3D3	217
2161	#FFFFFF	#D3D3D3	217
2162	#FFFFFF	#D3D3D3	160
2163	#FFFFFF	#D3D3D3	217
2164	#FFFFFF	#D3D3D3	217
2165	#FFFFFF	#D3D3D3	217
2166	#FFFFFF	#D3D3D3	160
2167	#FFFFFF	#D3D3D3	159
2168	#FFFFFF	#D3D3D3	159
2169	#FFFFFF	#D3D3D3	159
2170	#FFFFFF	#D3D3D3	159
2171	#FFFFFF	#D3D3D3	159
2173	#FFFFFF	#D3D3D3	152
2174	#FFFFFF	#D3D3D3	159
2175	#FFFFFF	#D3D3D3	159
2176	#FFFFFF	#D3D3D3	159
2177	#FFFFFF	#D3D3D3	159
2178	#FFFFFF	#D3D3D3	159
2179	#FFFFFF	#D3D3D3	159
2180	#FFFFFF	#D3D3D3	159
2181	#FFFFFF	#D3D3D3	34
2182	#FFFFFF	#D3D3D3	34
2183	#FFFFFF	#D3D3D3	34
2184	#FFFFFF	#D3D3D3	34
2185	#FFFFFF	#D3D3D3	159
2186	#FFFFFF	#D3D3D3	34
2187	#FFFFFF	#D3D3D3	34
2188	#FFFFFF	#D3D3D3	34
2189	#FFFFFF	#D3D3D3	34
2190	#FFFFFF	#D3D3D3	34
2191	#FFFFFF	#D3D3D3	34
2192	#FFFFFF	#D3D3D3	34
2193	#FFFFFF	#D3D3D3	34
2194	#FFFFFF	#D3D3D3	34
2195	#FFFFFF	#D3D3D3	34
2196	#FFFFFF	#D3D3D3	159
2197	#FFFFFF	#D3D3D3	34
2198	#FFFFFF	#D3D3D3	34
2199	#FFFFFF	#D3D3D3	34
2200	#FFFFFF	#D3D3D3	34
2201	#FFFFFF	#D3D3D3	34
2202	#FFFFFF	#D3D3D3	34
2203	#FFFFFF	#D3D3D3	34
2204	#FFFFFF	#D3D3D3	217
2205	#FFFFFF	#D3D3D3	217
2206	#FFFFFF	#D3D3D3	217
2207	#FFFFFF	#D3D3D3	159
2208	#FFFFFF	#D3D3D3	34
2209	#FFFFFF	#D3D3D3	34
2210	#FFFFFF	#D3D3D3	31
2211	#FFFFFF	#D3D3D3	217
2212	#FFFFFF	#D3D3D3	217
2213	#FFFFFF	#D3D3D3	217
2214	#FFFFFF	#D3D3D3	217
2215	#FFFFFF	#D3D3D3	217
2216	#FFFFFF	#D3D3D3	160
2218	#FFFFFF	#D3D3D3	159
2219	#FFFFFF	#D3D3D3	159
2220	#FFFFFF	#D3D3D3	159
2221	#FFFFFF	#D3D3D3	159
2222	#FFFFFF	#D3D3D3	159
2223	#FFFFFF	#D3D3D3	159
2224	#FFFFFF	#D3D3D3	152
2225	#FFFFFF	#D3D3D3	159
2226	#FFFFFF	#D3D3D3	159
2227	#FFFFFF	#D3D3D3	159
2228	#FFFFFF	#D3D3D3	159
2229	#FFFFFF	#D3D3D3	159
2230	#FFFFFF	#D3D3D3	159
2231	#FFFFFF	#D3D3D3	34
2232	#FFFFFF	#D3D3D3	34
2233	#FFFFFF	#D3D3D3	34
2234	#FFFFFF	#D3D3D3	34
2235	#FFFFFF	#D3D3D3	34
2236	#FFFFFF	#D3D3D3	159
2237	#FFFFFF	#D3D3D3	34
2238	#FFFFFF	#D3D3D3	34
2239	#FFFFFF	#D3D3D3	34
2240	#FFFFFF	#D3D3D3	34
2241	#FFFFFF	#D3D3D3	34
2242	#FFFFFF	#D3D3D3	34
2243	#FFFFFF	#D3D3D3	34
2244	#FFFFFF	#D3D3D3	34
2245	#FFFFFF	#D3D3D3	34
2246	#FFFFFF	#D3D3D3	34
2247	#FFFFFF	#D3D3D3	159
2248	#FFFFFF	#D3D3D3	34
2249	#FFFFFF	#D3D3D3	34
2250	#FFFFFF	#D3D3D3	34
2251	#FFFFFF	#D3D3D3	34
2252	#FFFFFF	#D3D3D3	34
2253	#FFFFFF	#D3D3D3	34
2254	#FFFFFF	#D3D3D3	217
2255	#FFFFFF	#D3D3D3	217
2256	#FFFFFF	#D3D3D3	34
2257	#FFFFFF	#D3D3D3	34
2258	#FFFFFF	#D3D3D3	159
2259	#FFFFFF	#D3D3D3	34
2260	#FFFFFF	#D3D3D3	31
2261	#FFFFFF	#D3D3D3	31
2262	#FFFFFF	#D3D3D3	217
2263	#FFFFFF	#D3D3D3	217
2264	#FFFFFF	#D3D3D3	217
2265	#FFFFFF	#D3D3D3	160
2266	#FFFFFF	#D3D3D3	160
2267	#FFFFFF	#D3D3D3	160
2268	#FFFFFF	#D3D3D3	159
2269	#FFFFFF	#D3D3D3	159
2270	#FFFFFF	#D3D3D3	159
2271	#FFFFFF	#D3D3D3	159
2272	#FFFFFF	#D3D3D3	159
2274	#FFFFFF	#D3D3D3	70
2275	#FFFFFF	#D3D3D3	70
2276	#FFFFFF	#D3D3D3	70
2277	#FFFFFF	#D3D3D3	70
2278	#FFFFFF	#D3D3D3	70
2279	#FFFFFF	#D3D3D3	70
2280	#FFFFFF	#D3D3D3	70
2281	#FFFFFF	#D3D3D3	70
2282	#FFFFFF	#D3D3D3	70
2283	#FFFFFF	#D3D3D3	70
2284	#FFFFFF	#D3D3D3	70
2285	#FFFFFF	#D3D3D3	70
2286	#FFFFFF	#D3D3D3	34
2287	#FFFFFF	#D3D3D3	70
2288	#FFFFFF	#D3D3D3	70
2289	#FFFFFF	#D3D3D3	70
2290	#FFFFFF	#D3D3D3	70
2291	#FFFFFF	#D3D3D3	70
2292	#FFFFFF	#D3D3D3	70
2293	#FFFFFF	#D3D3D3	34
2294	#FFFFFF	#D3D3D3	57
2295	#FFFFFF	#D3D3D3	57
2296	#FFFFFF	#D3D3D3	57
2297	#FFFFFF	#D3D3D3	34
2298	#FFFFFF	#D3D3D3	57
2299	#FFFFFF	#D3D3D3	57
2300	#FFFFFF	#D3D3D3	57
2301	#FFFFFF	#D3D3D3	57
2302	#FFFFFF	#D3D3D3	57
2303	#FFFFFF	#D3D3D3	57
2304	#FFFFFF	#D3D3D3	6
2305	#FFFFFF	#D3D3D3	6
2306	#FFFFFF	#D3D3D3	6
2307	#FFFFFF	#D3D3D3	6
2308	#FFFFFF	#D3D3D3	34
2309	#FFFFFF	#D3D3D3	6
2310	#FFFFFF	#D3D3D3	6
2311	#FFFFFF	#D3D3D3	6
2312	#FFFFFF	#D3D3D3	6
2313	#FFFFFF	#D3D3D3	6
2314	#FFFFFF	#D3D3D3	6
2315	#FFFFFF	#D3D3D3	6
2316	#FFFFFF	#D3D3D3	6
2317	#FFFFFF	#D3D3D3	57
2319	#FFFFFF	#D3D3D3	70
2320	#FFFFFF	#D3D3D3	70
2321	#FFFFFF	#D3D3D3	34
2322	#FFFFFF	#D3D3D3	34
2323	#FFFFFF	#D3D3D3	34
2324	#FFFFFF	#D3D3D3	70
2325	#FFFFFF	#D3D3D3	70
2326	#FFFFFF	#D3D3D3	70
2327	#FFFFFF	#D3D3D3	70
2328	#FFFFFF	#D3D3D3	70
2329	#FFFFFF	#D3D3D3	70
2330	#FFFFFF	#D3D3D3	70
2331	#FFFFFF	#D3D3D3	70
2332	#FFFFFF	#D3D3D3	70
2333	#FFFFFF	#D3D3D3	70
2334	#FFFFFF	#D3D3D3	70
2335	#FFFFFF	#D3D3D3	70
2336	#FFFFFF	#D3D3D3	70
2337	#FFFFFF	#D3D3D3	34
2338	#FFFFFF	#D3D3D3	70
2339	#FFFFFF	#D3D3D3	70
2340	#FFFFFF	#D3D3D3	70
2341	#FFFFFF	#D3D3D3	70
2342	#FFFFFF	#D3D3D3	70
2343	#FFFFFF	#D3D3D3	70
2344	#FFFFFF	#D3D3D3	34
2345	#FFFFFF	#D3D3D3	57
2346	#FFFFFF	#D3D3D3	57
2347	#FFFFFF	#D3D3D3	57
2348	#FFFFFF	#D3D3D3	34
2349	#FFFFFF	#D3D3D3	57
2350	#FFFFFF	#D3D3D3	57
2351	#FFFFFF	#D3D3D3	57
2352	#FFFFFF	#D3D3D3	57
2353	#FFFFFF	#D3D3D3	57
2354	#FFFFFF	#D3D3D3	6
2355	#FFFFFF	#D3D3D3	6
2356	#FFFFFF	#D3D3D3	6
2357	#FFFFFF	#D3D3D3	6
2358	#FFFFFF	#D3D3D3	6
2359	#FFFFFF	#D3D3D3	34
2360	#FFFFFF	#D3D3D3	6
2361	#FFFFFF	#D3D3D3	6
2362	#FFFFFF	#D3D3D3	6
2363	#FFFFFF	#D3D3D3	6
2364	#FFFFFF	#D3D3D3	6
2365	#FFFFFF	#D3D3D3	6
2366	#FFFFFF	#D3D3D3	6
2367	#FFFFFF	#D3D3D3	6
2368	#FFFFFF	#D3D3D3	57
2369	#FFFFFF	#D3D3D3	70
2370	#FFFFFF	#D3D3D3	70
2371	#FFFFFF	#D3D3D3	34
2372	#FFFFFF	#D3D3D3	34
2373	#FFFFFF	#D3D3D3	34
2375	#FFFFFF	#D3D3D3	159
2376	#FFFFFF	#D3D3D3	152
2377	#FFFFFF	#D3D3D3	159
2378	#FFFFFF	#D3D3D3	159
2379	#FFFFFF	#D3D3D3	159
2380	#FFFFFF	#D3D3D3	159
2381	#FFFFFF	#D3D3D3	159
2382	#FFFFFF	#D3D3D3	34
2383	#FFFFFF	#D3D3D3	34
2384	#FFFFFF	#D3D3D3	34
2385	#FFFFFF	#D3D3D3	34
2386	#FFFFFF	#D3D3D3	34
2387	#FFFFFF	#D3D3D3	152
2388	#FFFFFF	#D3D3D3	34
2389	#FFFFFF	#D3D3D3	34
2390	#FFFFFF	#D3D3D3	34
2391	#FFFFFF	#D3D3D3	34
2392	#FFFFFF	#D3D3D3	34
2393	#FFFFFF	#D3D3D3	34
2394	#FFFFFF	#D3D3D3	34
2395	#FFFFFF	#D3D3D3	34
2396	#FFFFFF	#D3D3D3	34
2397	#FFFFFF	#D3D3D3	34
2398	#FFFFFF	#D3D3D3	159
2399	#FFFFFF	#D3D3D3	34
2400	#FFFFFF	#D3D3D3	34
2401	#FFFFFF	#D3D3D3	34
2402	#FFFFFF	#D3D3D3	34
2403	#FFFFFF	#D3D3D3	34
2404	#FFFFFF	#D3D3D3	34
2405	#FFFFFF	#D3D3D3	34
2406	#FFFFFF	#D3D3D3	217
2407	#FFFFFF	#D3D3D3	34
2408	#FFFFFF	#D3D3D3	34
2409	#FFFFFF	#D3D3D3	159
2410	#FFFFFF	#D3D3D3	34
2411	#FFFFFF	#D3D3D3	31
2412	#FFFFFF	#D3D3D3	31
2413	#FFFFFF	#D3D3D3	31
2414	#FFFFFF	#D3D3D3	217
2415	#FFFFFF	#D3D3D3	217
2416	#FFFFFF	#D3D3D3	217
2417	#FFFFFF	#D3D3D3	160
2418	#FFFFFF	#D3D3D3	160
2420	#FFFFFF	#D3D3D3	159
2421	#FFFFFF	#D3D3D3	159
2422	#FFFFFF	#D3D3D3	159
2423	#FFFFFF	#D3D3D3	159
2424	#FFFFFF	#D3D3D3	159
2425	#FFFFFF	#D3D3D3	159
2426	#FFFFFF	#D3D3D3	159
2427	#FFFFFF	#D3D3D3	152
2428	#FFFFFF	#D3D3D3	159
2429	#FFFFFF	#D3D3D3	159
2430	#FFFFFF	#D3D3D3	159
2431	#FFFFFF	#D3D3D3	159
2432	#FFFFFF	#D3D3D3	34
2433	#FFFFFF	#D3D3D3	34
2434	#FFFFFF	#D3D3D3	34
2435	#FFFFFF	#D3D3D3	34
2436	#FFFFFF	#D3D3D3	34
2437	#FFFFFF	#D3D3D3	34
2438	#FFFFFF	#D3D3D3	159
2439	#FFFFFF	#D3D3D3	34
2440	#FFFFFF	#D3D3D3	34
2441	#FFFFFF	#D3D3D3	34
2442	#FFFFFF	#D3D3D3	34
2443	#FFFFFF	#D3D3D3	34
2444	#FFFFFF	#D3D3D3	34
2445	#FFFFFF	#D3D3D3	34
2446	#FFFFFF	#D3D3D3	34
2447	#FFFFFF	#D3D3D3	34
2448	#FFFFFF	#D3D3D3	34
2449	#FFFFFF	#D3D3D3	152
2450	#FFFFFF	#D3D3D3	34
2451	#FFFFFF	#D3D3D3	34
2452	#FFFFFF	#D3D3D3	34
2453	#FFFFFF	#D3D3D3	34
2454	#FFFFFF	#D3D3D3	34
2455	#FFFFFF	#D3D3D3	34
2456	#FFFFFF	#D3D3D3	34
2457	#FFFFFF	#D3D3D3	34
2458	#FFFFFF	#D3D3D3	31
2459	#FFFFFF	#D3D3D3	34
2460	#FFFFFF	#D3D3D3	159
2461	#FFFFFF	#D3D3D3	31
2462	#FFFFFF	#D3D3D3	31
2463	#FFFFFF	#D3D3D3	31
2464	#FFFFFF	#D3D3D3	31
2465	#FFFFFF	#D3D3D3	217
2466	#FFFFFF	#D3D3D3	217
2467	#FFFFFF	#D3D3D3	160
2468	#FFFFFF	#D3D3D3	160
2469	#FFFFFF	#D3D3D3	160
2470	#FFFFFF	#D3D3D3	159
2471	#FFFFFF	#D3D3D3	159
2472	#FFFFFF	#D3D3D3	159
2473	#FFFFFF	#D3D3D3	159
2474	#FFFFFF	#D3D3D3	159
2476	#FFFFFF	#D3D3D3	159
2477	#FFFFFF	#D3D3D3	159
2478	#FFFFFF	#D3D3D3	159
2479	#FFFFFF	#D3D3D3	159
2480	#FFFFFF	#D3D3D3	159
2481	#FFFFFF	#D3D3D3	159
2482	#FFFFFF	#D3D3D3	159
2483	#FFFFFF	#D3D3D3	34
2484	#FFFFFF	#D3D3D3	34
2485	#FFFFFF	#D3D3D3	34
2486	#FFFFFF	#D3D3D3	34
2487	#FFFFFF	#D3D3D3	34
2488	#FFFFFF	#D3D3D3	152
2489	#FFFFFF	#D3D3D3	159
2490	#FFFFFF	#D3D3D3	34
2491	#FFFFFF	#D3D3D3	34
2492	#FFFFFF	#D3D3D3	34
2493	#FFFFFF	#D3D3D3	34
2494	#FFFFFF	#D3D3D3	34
2495	#FFFFFF	#D3D3D3	34
2496	#FFFFFF	#D3D3D3	34
2497	#FFFFFF	#D3D3D3	34
2498	#FFFFFF	#D3D3D3	34
2499	#FFFFFF	#D3D3D3	152
2500	#FFFFFF	#D3D3D3	34
2501	#FFFFFF	#D3D3D3	34
2502	#FFFFFF	#D3D3D3	34
2503	#FFFFFF	#D3D3D3	34
2504	#FFFFFF	#D3D3D3	34
2505	#FFFFFF	#D3D3D3	34
2506	#FFFFFF	#D3D3D3	34
2507	#FFFFFF	#D3D3D3	34
2508	#FFFFFF	#D3D3D3	34
2509	#FFFFFF	#D3D3D3	31
2510	#FFFFFF	#D3D3D3	159
2511	#FFFFFF	#D3D3D3	31
2512	#FFFFFF	#D3D3D3	31
2513	#FFFFFF	#D3D3D3	31
2514	#FFFFFF	#D3D3D3	31
2515	#FFFFFF	#D3D3D3	31
2516	#FFFFFF	#D3D3D3	217
2517	#FFFFFF	#D3D3D3	217
2518	#FFFFFF	#D3D3D3	160
2519	#FFFFFF	#D3D3D3	160
2521	#FFFFFF	#D3D3D3	159
2522	#FFFFFF	#D3D3D3	159
2523	#FFFFFF	#D3D3D3	159
2524	#FFFFFF	#D3D3D3	159
2525	#FFFFFF	#D3D3D3	159
2526	#FFFFFF	#D3D3D3	47
2527	#FFFFFF	#D3D3D3	159
2528	#FFFFFF	#D3D3D3	152
2529	#FFFFFF	#D3D3D3	159
2530	#FFFFFF	#D3D3D3	159
2531	#FFFFFF	#D3D3D3	159
2532	#FFFFFF	#D3D3D3	159
2533	#FFFFFF	#D3D3D3	34
2534	#FFFFFF	#D3D3D3	34
2535	#FFFFFF	#D3D3D3	34
2536	#FFFFFF	#D3D3D3	34
2537	#FFFFFF	#D3D3D3	34
2538	#FFFFFF	#D3D3D3	159
2539	#FFFFFF	#D3D3D3	152
2540	#FFFFFF	#D3D3D3	159
2541	#FFFFFF	#D3D3D3	159
2542	#FFFFFF	#D3D3D3	34
2543	#FFFFFF	#D3D3D3	34
2544	#FFFFFF	#D3D3D3	34
2545	#FFFFFF	#D3D3D3	34
2546	#FFFFFF	#D3D3D3	34
2547	#FFFFFF	#D3D3D3	34
2548	#FFFFFF	#D3D3D3	34
2549	#FFFFFF	#D3D3D3	34
2550	#FFFFFF	#D3D3D3	159
2551	#FFFFFF	#D3D3D3	34
2552	#FFFFFF	#D3D3D3	34
2553	#FFFFFF	#D3D3D3	34
2554	#FFFFFF	#D3D3D3	34
2555	#FFFFFF	#D3D3D3	34
2556	#FFFFFF	#D3D3D3	34
2557	#FFFFFF	#D3D3D3	34
2558	#FFFFFF	#D3D3D3	34
2559	#FFFFFF	#D3D3D3	34
2560	#FFFFFF	#D3D3D3	31
2561	#FFFFFF	#D3D3D3	159
2562	#FFFFFF	#D3D3D3	31
2563	#FFFFFF	#D3D3D3	31
2564	#FFFFFF	#D3D3D3	31
2565	#FFFFFF	#D3D3D3	31
2566	#FFFFFF	#D3D3D3	31
2567	#FFFFFF	#D3D3D3	217
2568	#FFFFFF	#D3D3D3	217
2569	#FFFFFF	#D3D3D3	160
2570	#FFFFFF	#D3D3D3	160
2571	#FFFFFF	#D3D3D3	159
2572	#FFFFFF	#D3D3D3	159
2573	#FFFFFF	#D3D3D3	159
2574	#FFFFFF	#D3D3D3	159
2575	#FFFFFF	#D3D3D3	159
2577	#FFFFFF	#D3D3D3	47
2578	#FFFFFF	#D3D3D3	152
2579	#FFFFFF	#D3D3D3	159
2580	#FFFFFF	#D3D3D3	159
2581	#FFFFFF	#D3D3D3	159
2582	#FFFFFF	#D3D3D3	159
2583	#FFFFFF	#D3D3D3	34
2584	#FFFFFF	#D3D3D3	34
2585	#FFFFFF	#D3D3D3	34
2586	#FFFFFF	#D3D3D3	34
2587	#FFFFFF	#D3D3D3	34
2588	#FFFFFF	#D3D3D3	159
2589	#FFFFFF	#D3D3D3	152
2590	#FFFFFF	#D3D3D3	159
2591	#FFFFFF	#D3D3D3	159
2592	#FFFFFF	#D3D3D3	159
2593	#FFFFFF	#D3D3D3	34
2594	#FFFFFF	#D3D3D3	34
2595	#FFFFFF	#D3D3D3	34
2596	#FFFFFF	#D3D3D3	34
2597	#FFFFFF	#D3D3D3	34
2598	#FFFFFF	#D3D3D3	34
2599	#FFFFFF	#D3D3D3	34
2600	#FFFFFF	#D3D3D3	152
2601	#FFFFFF	#D3D3D3	34
2602	#FFFFFF	#D3D3D3	34
2603	#FFFFFF	#D3D3D3	34
2604	#FFFFFF	#D3D3D3	34
2605	#FFFFFF	#D3D3D3	34
2606	#FFFFFF	#D3D3D3	34
2607	#FFFFFF	#D3D3D3	34
2608	#FFFFFF	#D3D3D3	31
2609	#FFFFFF	#D3D3D3	34
2610	#FFFFFF	#D3D3D3	31
2611	#FFFFFF	#D3D3D3	159
2612	#FFFFFF	#D3D3D3	31
2613	#FFFFFF	#D3D3D3	31
2614	#FFFFFF	#D3D3D3	31
2615	#FFFFFF	#D3D3D3	31
2616	#FFFFFF	#D3D3D3	31
2617	#FFFFFF	#D3D3D3	31
2618	#FFFFFF	#D3D3D3	217
2619	#FFFFFF	#D3D3D3	217
2620	#FFFFFF	#D3D3D3	160
2622	#FFFFFF	#D3D3D3	159
2623	#FFFFFF	#D3D3D3	159
2624	#FFFFFF	#D3D3D3	159
2625	#FFFFFF	#D3D3D3	159
2626	#FFFFFF	#D3D3D3	159
2627	#FFFFFF	#D3D3D3	47
2628	#FFFFFF	#D3D3D3	47
2629	#FFFFFF	#D3D3D3	152
2630	#FFFFFF	#D3D3D3	159
2631	#FFFFFF	#D3D3D3	159
2632	#FFFFFF	#D3D3D3	159
2633	#FFFFFF	#D3D3D3	34
2634	#FFFFFF	#D3D3D3	34
2635	#FFFFFF	#D3D3D3	34
2636	#FFFFFF	#D3D3D3	34
2637	#FFFFFF	#D3D3D3	34
2638	#FFFFFF	#D3D3D3	159
2639	#FFFFFF	#D3D3D3	159
2640	#FFFFFF	#D3D3D3	152
2641	#FFFFFF	#D3D3D3	34
2642	#FFFFFF	#D3D3D3	34
2643	#FFFFFF	#D3D3D3	34
2644	#FFFFFF	#D3D3D3	34
2645	#FFFFFF	#D3D3D3	34
2646	#FFFFFF	#D3D3D3	34
2647	#FFFFFF	#D3D3D3	34
2648	#FFFFFF	#D3D3D3	34
2649	#FFFFFF	#D3D3D3	34
2650	#FFFFFF	#D3D3D3	159
2651	#FFFFFF	#D3D3D3	152
2652	#FFFFFF	#D3D3D3	34
2653	#FFFFFF	#D3D3D3	34
2654	#FFFFFF	#D3D3D3	34
2655	#FFFFFF	#D3D3D3	34
2656	#FFFFFF	#D3D3D3	34
2657	#FFFFFF	#D3D3D3	34
2658	#FFFFFF	#D3D3D3	34
2659	#FFFFFF	#D3D3D3	31
2660	#FFFFFF	#D3D3D3	31
2661	#FFFFFF	#D3D3D3	31
2662	#FFFFFF	#D3D3D3	152
2663	#FFFFFF	#D3D3D3	31
2664	#FFFFFF	#D3D3D3	31
2665	#FFFFFF	#D3D3D3	31
2666	#FFFFFF	#D3D3D3	31
2667	#FFFFFF	#D3D3D3	31
2668	#FFFFFF	#D3D3D3	128
2669	#FFFFFF	#D3D3D3	217
2670	#FFFFFF	#D3D3D3	217
2671	#FFFFFF	#D3D3D3	160
2672	#FFFFFF	#D3D3D3	159
2673	#FFFFFF	#D3D3D3	159
2674	#FFFFFF	#D3D3D3	159
2675	#FFFFFF	#D3D3D3	159
2676	#FFFFFF	#D3D3D3	159
2678	#FFFFFF	#D3D3D3	47
2679	#FFFFFF	#D3D3D3	47
2680	#FFFFFF	#D3D3D3	159
2681	#FFFFFF	#D3D3D3	159
2682	#FFFFFF	#D3D3D3	159
2683	#FFFFFF	#D3D3D3	34
2684	#FFFFFF	#D3D3D3	34
2685	#FFFFFF	#D3D3D3	34
2686	#FFFFFF	#D3D3D3	34
2687	#FFFFFF	#D3D3D3	159
2688	#FFFFFF	#D3D3D3	159
2689	#FFFFFF	#D3D3D3	159
2690	#FFFFFF	#D3D3D3	152
2691	#FFFFFF	#D3D3D3	159
2692	#FFFFFF	#D3D3D3	34
2693	#FFFFFF	#D3D3D3	34
2694	#FFFFFF	#D3D3D3	34
2695	#FFFFFF	#D3D3D3	34
2696	#FFFFFF	#D3D3D3	34
2697	#FFFFFF	#D3D3D3	34
2698	#FFFFFF	#D3D3D3	34
2699	#FFFFFF	#D3D3D3	34
2700	#FFFFFF	#D3D3D3	159
2701	#FFFFFF	#D3D3D3	152
2702	#FFFFFF	#D3D3D3	159
2703	#FFFFFF	#D3D3D3	34
2704	#FFFFFF	#D3D3D3	34
2705	#FFFFFF	#D3D3D3	34
2706	#FFFFFF	#D3D3D3	34
2707	#FFFFFF	#D3D3D3	34
2708	#FFFFFF	#D3D3D3	34
2709	#FFFFFF	#D3D3D3	31
2710	#FFFFFF	#D3D3D3	31
2711	#FFFFFF	#D3D3D3	31
2712	#FFFFFF	#D3D3D3	152
2713	#FFFFFF	#D3D3D3	31
2714	#FFFFFF	#D3D3D3	31
2715	#FFFFFF	#D3D3D3	31
2716	#FFFFFF	#D3D3D3	31
2717	#FFFFFF	#D3D3D3	31
2718	#FFFFFF	#D3D3D3	128
2719	#FFFFFF	#D3D3D3	128
2720	#FFFFFF	#D3D3D3	217
2721	#FFFFFF	#D3D3D3	217
2723	#FFFFFF	#D3D3D3	152
2724	#FFFFFF	#D3D3D3	152
2725	#FFFFFF	#D3D3D3	159
2726	#FFFFFF	#D3D3D3	159
2727	#FFFFFF	#D3D3D3	159
2728	#FFFFFF	#D3D3D3	153
2729	#FFFFFF	#D3D3D3	47
2730	#FFFFFF	#D3D3D3	47
2731	#FFFFFF	#D3D3D3	159
2732	#FFFFFF	#D3D3D3	159
2733	#FFFFFF	#D3D3D3	159
2734	#FFFFFF	#D3D3D3	34
2735	#FFFFFF	#D3D3D3	34
2736	#FFFFFF	#D3D3D3	34
2737	#FFFFFF	#D3D3D3	159
2738	#FFFFFF	#D3D3D3	159
2739	#FFFFFF	#D3D3D3	159
2740	#FFFFFF	#D3D3D3	159
2741	#FFFFFF	#D3D3D3	152
2742	#FFFFFF	#D3D3D3	159
2743	#FFFFFF	#D3D3D3	34
2744	#FFFFFF	#D3D3D3	34
2745	#FFFFFF	#D3D3D3	34
2746	#FFFFFF	#D3D3D3	34
2747	#FFFFFF	#D3D3D3	34
2748	#FFFFFF	#D3D3D3	34
2749	#FFFFFF	#D3D3D3	34
2750	#FFFFFF	#D3D3D3	34
2751	#FFFFFF	#D3D3D3	159
2752	#FFFFFF	#D3D3D3	152
2753	#FFFFFF	#D3D3D3	159
2754	#FFFFFF	#D3D3D3	34
2755	#FFFFFF	#D3D3D3	34
2756	#FFFFFF	#D3D3D3	34
2757	#FFFFFF	#D3D3D3	34
2758	#FFFFFF	#D3D3D3	34
2759	#FFFFFF	#D3D3D3	34
2760	#FFFFFF	#D3D3D3	31
2761	#FFFFFF	#D3D3D3	31
2762	#FFFFFF	#D3D3D3	31
2763	#FFFFFF	#D3D3D3	152
2764	#FFFFFF	#D3D3D3	31
2765	#FFFFFF	#D3D3D3	31
2766	#FFFFFF	#D3D3D3	31
2767	#FFFFFF	#D3D3D3	31
2768	#FFFFFF	#D3D3D3	128
2769	#FFFFFF	#D3D3D3	128
2770	#FFFFFF	#D3D3D3	128
2771	#FFFFFF	#D3D3D3	217
2772	#FFFFFF	#D3D3D3	217
2773	#FFFFFF	#D3D3D3	152
2774	#FFFFFF	#D3D3D3	159
2775	#FFFFFF	#D3D3D3	159
2776	#FFFFFF	#D3D3D3	159
2777	#FFFFFF	#D3D3D3	159
2779	#FFFFFF	#D3D3D3	47
2780	#FFFFFF	#D3D3D3	47
2781	#FFFFFF	#D3D3D3	159
2782	#FFFFFF	#D3D3D3	159
2783	#FFFFFF	#D3D3D3	159
2784	#FFFFFF	#D3D3D3	159
2785	#FFFFFF	#D3D3D3	34
2786	#FFFFFF	#D3D3D3	34
2787	#FFFFFF	#D3D3D3	159
2788	#FFFFFF	#D3D3D3	159
2789	#FFFFFF	#D3D3D3	159
2790	#FFFFFF	#D3D3D3	159
2791	#FFFFFF	#D3D3D3	47
2792	#FFFFFF	#D3D3D3	34
2793	#FFFFFF	#D3D3D3	34
2794	#FFFFFF	#D3D3D3	34
2795	#FFFFFF	#D3D3D3	34
2796	#FFFFFF	#D3D3D3	34
2797	#FFFFFF	#D3D3D3	34
2798	#FFFFFF	#D3D3D3	34
2799	#FFFFFF	#D3D3D3	34
2800	#FFFFFF	#D3D3D3	34
2801	#FFFFFF	#D3D3D3	159
2802	#FFFFFF	#D3D3D3	152
2803	#FFFFFF	#D3D3D3	159
2804	#FFFFFF	#D3D3D3	159
2805	#FFFFFF	#D3D3D3	34
2806	#FFFFFF	#D3D3D3	34
2807	#FFFFFF	#D3D3D3	34
2808	#FFFFFF	#D3D3D3	34
2809	#FFFFFF	#D3D3D3	34
2810	#FFFFFF	#D3D3D3	31
2811	#FFFFFF	#D3D3D3	31
2812	#FFFFFF	#D3D3D3	31
2813	#FFFFFF	#D3D3D3	152
2814	#FFFFFF	#D3D3D3	31
2815	#FFFFFF	#D3D3D3	31
2816	#FFFFFF	#D3D3D3	31
2817	#FFFFFF	#D3D3D3	31
2818	#FFFFFF	#D3D3D3	128
2819	#FFFFFF	#D3D3D3	128
2820	#FFFFFF	#D3D3D3	128
2821	#FFFFFF	#D3D3D3	128
2822	#FFFFFF	#D3D3D3	217
2824	#FFFFFF	#D3D3D3	152
2825	#FFFFFF	#D3D3D3	152
2826	#FFFFFF	#D3D3D3	152
2827	#FFFFFF	#D3D3D3	159
2828	#FFFFFF	#D3D3D3	159
2829	#FFFFFF	#D3D3D3	47
2830	#FFFFFF	#D3D3D3	153
2831	#FFFFFF	#D3D3D3	47
2832	#FFFFFF	#D3D3D3	159
2833	#FFFFFF	#D3D3D3	159
2834	#FFFFFF	#D3D3D3	159
2835	#FFFFFF	#D3D3D3	159
2836	#FFFFFF	#D3D3D3	34
2837	#FFFFFF	#D3D3D3	159
2838	#FFFFFF	#D3D3D3	159
2839	#FFFFFF	#D3D3D3	159
2840	#FFFFFF	#D3D3D3	159
2841	#FFFFFF	#D3D3D3	159
2842	#FFFFFF	#D3D3D3	47
2843	#FFFFFF	#D3D3D3	34
2844	#FFFFFF	#D3D3D3	34
2845	#FFFFFF	#D3D3D3	34
2846	#FFFFFF	#D3D3D3	34
2847	#FFFFFF	#D3D3D3	34
2848	#FFFFFF	#D3D3D3	34
2849	#FFFFFF	#D3D3D3	34
2850	#FFFFFF	#D3D3D3	34
2851	#FFFFFF	#D3D3D3	34
2852	#FFFFFF	#D3D3D3	159
2853	#FFFFFF	#D3D3D3	152
2854	#FFFFFF	#D3D3D3	159
2855	#FFFFFF	#D3D3D3	34
2856	#FFFFFF	#D3D3D3	34
2857	#FFFFFF	#D3D3D3	34
2858	#FFFFFF	#D3D3D3	34
2859	#FFFFFF	#D3D3D3	34
2860	#FFFFFF	#D3D3D3	31
2861	#FFFFFF	#D3D3D3	31
2862	#FFFFFF	#D3D3D3	31
2863	#FFFFFF	#D3D3D3	31
2864	#FFFFFF	#D3D3D3	152
2865	#FFFFFF	#D3D3D3	31
2866	#FFFFFF	#D3D3D3	31
2867	#FFFFFF	#D3D3D3	31
2868	#FFFFFF	#D3D3D3	31
2869	#FFFFFF	#D3D3D3	128
2870	#FFFFFF	#D3D3D3	128
2871	#FFFFFF	#D3D3D3	128
2872	#FFFFFF	#D3D3D3	128
2874	#FFFFFF	#D3D3D3	152
2875	#FFFFFF	#D3D3D3	152
2876	#FFFFFF	#D3D3D3	159
2877	#FFFFFF	#D3D3D3	159
2878	#FFFFFF	#D3D3D3	159
2880	#FFFFFF	#D3D3D3	153
2881	#FFFFFF	#D3D3D3	153
2882	#FFFFFF	#D3D3D3	159
2883	#FFFFFF	#D3D3D3	159
2884	#FFFFFF	#D3D3D3	159
2885	#FFFFFF	#D3D3D3	159
2886	#FFFFFF	#D3D3D3	159
2887	#FFFFFF	#D3D3D3	159
2888	#FFFFFF	#D3D3D3	159
2889	#FFFFFF	#D3D3D3	159
2890	#FFFFFF	#D3D3D3	159
2891	#FFFFFF	#D3D3D3	159
2892	#FFFFFF	#D3D3D3	47
2893	#FFFFFF	#D3D3D3	34
2894	#FFFFFF	#D3D3D3	34
2895	#FFFFFF	#D3D3D3	34
2896	#FFFFFF	#D3D3D3	34
2897	#FFFFFF	#D3D3D3	34
2898	#FFFFFF	#D3D3D3	34
2899	#FFFFFF	#D3D3D3	34
2900	#FFFFFF	#D3D3D3	34
2901	#FFFFFF	#D3D3D3	34
2902	#FFFFFF	#D3D3D3	34
2903	#FFFFFF	#D3D3D3	47
2904	#FFFFFF	#D3D3D3	159
2905	#FFFFFF	#D3D3D3	34
2906	#FFFFFF	#D3D3D3	34
2907	#FFFFFF	#D3D3D3	34
2908	#FFFFFF	#D3D3D3	34
2909	#FFFFFF	#D3D3D3	34
2910	#FFFFFF	#D3D3D3	78
2911	#FFFFFF	#D3D3D3	31
2912	#FFFFFF	#D3D3D3	31
2913	#FFFFFF	#D3D3D3	31
2914	#FFFFFF	#D3D3D3	152
2915	#FFFFFF	#D3D3D3	31
2916	#FFFFFF	#D3D3D3	31
2917	#FFFFFF	#D3D3D3	31
2918	#FFFFFF	#D3D3D3	128
2919	#FFFFFF	#D3D3D3	128
2920	#FFFFFF	#D3D3D3	128
2921	#FFFFFF	#D3D3D3	128
2922	#FFFFFF	#D3D3D3	128
2925	#FFFFFF	#D3D3D3	152
2926	#FFFFFF	#D3D3D3	152
2927	#FFFFFF	#D3D3D3	159
2928	#FFFFFF	#D3D3D3	152
2929	#FFFFFF	#D3D3D3	159
2930	#FFFFFF	#D3D3D3	47
2931	#FFFFFF	#D3D3D3	153
2932	#FFFFFF	#D3D3D3	153
2933	#FFFFFF	#D3D3D3	159
2934	#FFFFFF	#D3D3D3	159
2935	#FFFFFF	#D3D3D3	159
2936	#FFFFFF	#D3D3D3	159
2937	#FFFFFF	#D3D3D3	159
2938	#FFFFFF	#D3D3D3	159
2939	#FFFFFF	#D3D3D3	159
2940	#FFFFFF	#D3D3D3	159
2941	#FFFFFF	#D3D3D3	159
2942	#FFFFFF	#D3D3D3	34
2943	#FFFFFF	#D3D3D3	47
2944	#FFFFFF	#D3D3D3	34
2945	#FFFFFF	#D3D3D3	34
2946	#FFFFFF	#D3D3D3	34
2947	#FFFFFF	#D3D3D3	34
2948	#FFFFFF	#D3D3D3	34
2949	#FFFFFF	#D3D3D3	34
2950	#FFFFFF	#D3D3D3	34
2951	#FFFFFF	#D3D3D3	34
2952	#FFFFFF	#D3D3D3	34
2953	#FFFFFF	#D3D3D3	159
2954	#FFFFFF	#D3D3D3	47
2955	#FFFFFF	#D3D3D3	34
2956	#FFFFFF	#D3D3D3	34
2957	#FFFFFF	#D3D3D3	34
2958	#FFFFFF	#D3D3D3	34
2959	#FFFFFF	#D3D3D3	34
2960	#FFFFFF	#D3D3D3	78
2961	#FFFFFF	#D3D3D3	31
2962	#FFFFFF	#D3D3D3	31
2963	#FFFFFF	#D3D3D3	31
2964	#FFFFFF	#D3D3D3	31
2965	#FFFFFF	#D3D3D3	152
2966	#FFFFFF	#D3D3D3	31
2967	#FFFFFF	#D3D3D3	128
2968	#FFFFFF	#D3D3D3	128
2969	#FFFFFF	#D3D3D3	128
2970	#FFFFFF	#D3D3D3	128
2971	#FFFFFF	#D3D3D3	128
2972	#FFFFFF	#D3D3D3	128
2975	#FFFFFF	#D3D3D3	152
2976	#FFFFFF	#D3D3D3	152
2977	#FFFFFF	#D3D3D3	152
2978	#FFFFFF	#D3D3D3	152
2979	#FFFFFF	#D3D3D3	159
2981	#FFFFFF	#D3D3D3	153
2982	#FFFFFF	#D3D3D3	153
2983	#FFFFFF	#D3D3D3	159
2984	#FFFFFF	#D3D3D3	159
2985	#FFFFFF	#D3D3D3	159
2986	#FFFFFF	#D3D3D3	159
2987	#FFFFFF	#D3D3D3	159
2988	#FFFFFF	#D3D3D3	159
2989	#FFFFFF	#D3D3D3	159
2990	#FFFFFF	#D3D3D3	159
2991	#FFFFFF	#D3D3D3	159
2992	#FFFFFF	#D3D3D3	159
2993	#FFFFFF	#D3D3D3	47
2994	#FFFFFF	#D3D3D3	34
2995	#FFFFFF	#D3D3D3	34
2996	#FFFFFF	#D3D3D3	34
2997	#FFFFFF	#D3D3D3	34
2998	#FFFFFF	#D3D3D3	34
2999	#FFFFFF	#D3D3D3	34
3000	#FFFFFF	#D3D3D3	34
3001	#FFFFFF	#D3D3D3	159
3002	#FFFFFF	#D3D3D3	34
3003	#FFFFFF	#D3D3D3	159
3004	#FFFFFF	#D3D3D3	47
3005	#FFFFFF	#D3D3D3	159
3006	#FFFFFF	#D3D3D3	34
3007	#FFFFFF	#D3D3D3	34
3008	#FFFFFF	#D3D3D3	34
3009	#FFFFFF	#D3D3D3	34
3010	#FFFFFF	#D3D3D3	78
3011	#FFFFFF	#D3D3D3	31
3012	#FFFFFF	#D3D3D3	31
3013	#FFFFFF	#D3D3D3	31
3014	#FFFFFF	#D3D3D3	31
3015	#FFFFFF	#D3D3D3	47
3016	#FFFFFF	#D3D3D3	31
3017	#FFFFFF	#D3D3D3	128
3018	#FFFFFF	#D3D3D3	128
3019	#FFFFFF	#D3D3D3	128
3020	#FFFFFF	#D3D3D3	128
3021	#FFFFFF	#D3D3D3	128
3022	#FFFFFF	#D3D3D3	128
3026	#FFFFFF	#D3D3D3	152
3027	#FFFFFF	#D3D3D3	152
3028	#FFFFFF	#D3D3D3	152
3029	#FFFFFF	#D3D3D3	152
3030	#FFFFFF	#D3D3D3	152
3031	#FFFFFF	#D3D3D3	153
3032	#FFFFFF	#D3D3D3	47
3033	#FFFFFF	#D3D3D3	153
3034	#FFFFFF	#D3D3D3	159
3035	#FFFFFF	#D3D3D3	159
3036	#FFFFFF	#D3D3D3	159
3037	#FFFFFF	#D3D3D3	159
3038	#FFFFFF	#D3D3D3	159
3039	#FFFFFF	#D3D3D3	159
3040	#FFFFFF	#D3D3D3	159
3041	#FFFFFF	#D3D3D3	159
3042	#FFFFFF	#D3D3D3	34
3043	#FFFFFF	#D3D3D3	34
3044	#FFFFFF	#D3D3D3	47
3045	#FFFFFF	#D3D3D3	34
3046	#FFFFFF	#D3D3D3	34
3047	#FFFFFF	#D3D3D3	159
3048	#FFFFFF	#D3D3D3	34
3049	#FFFFFF	#D3D3D3	34
3050	#FFFFFF	#D3D3D3	34
3051	#FFFFFF	#D3D3D3	159
3052	#FFFFFF	#D3D3D3	159
3053	#FFFFFF	#D3D3D3	34
3054	#FFFFFF	#D3D3D3	159
3055	#FFFFFF	#D3D3D3	47
3056	#FFFFFF	#D3D3D3	34
3057	#FFFFFF	#D3D3D3	34
3058	#FFFFFF	#D3D3D3	34
3059	#FFFFFF	#D3D3D3	78
3060	#FFFFFF	#D3D3D3	78
3061	#FFFFFF	#D3D3D3	31
3062	#FFFFFF	#D3D3D3	31
3063	#FFFFFF	#D3D3D3	31
3064	#FFFFFF	#D3D3D3	31
3065	#FFFFFF	#D3D3D3	31
3066	#FFFFFF	#D3D3D3	47
3067	#FFFFFF	#D3D3D3	31
3068	#FFFFFF	#D3D3D3	128
3069	#FFFFFF	#D3D3D3	128
3070	#FFFFFF	#D3D3D3	128
3071	#FFFFFF	#D3D3D3	128
3072	#FFFFFF	#D3D3D3	128
3076	#FFFFFF	#D3D3D3	152
3077	#FFFFFF	#D3D3D3	152
3078	#FFFFFF	#D3D3D3	152
3079	#FFFFFF	#D3D3D3	152
3080	#FFFFFF	#D3D3D3	159
3082	#FFFFFF	#D3D3D3	153
3083	#FFFFFF	#D3D3D3	47
3084	#FFFFFF	#D3D3D3	159
3085	#FFFFFF	#D3D3D3	159
3086	#FFFFFF	#D3D3D3	159
3087	#FFFFFF	#D3D3D3	159
3088	#FFFFFF	#D3D3D3	159
3089	#FFFFFF	#D3D3D3	159
3090	#FFFFFF	#D3D3D3	159
3091	#FFFFFF	#D3D3D3	159
3092	#FFFFFF	#D3D3D3	34
3093	#FFFFFF	#D3D3D3	34
3094	#FFFFFF	#D3D3D3	153
3095	#FFFFFF	#D3D3D3	34
3096	#FFFFFF	#D3D3D3	34
3097	#FFFFFF	#D3D3D3	159
3098	#FFFFFF	#D3D3D3	34
3099	#FFFFFF	#D3D3D3	159
3100	#FFFFFF	#D3D3D3	159
3101	#FFFFFF	#D3D3D3	159
3102	#FFFFFF	#D3D3D3	159
3103	#FFFFFF	#D3D3D3	159
3104	#FFFFFF	#D3D3D3	159
3105	#FFFFFF	#D3D3D3	47
3106	#FFFFFF	#D3D3D3	159
3107	#FFFFFF	#D3D3D3	159
3108	#FFFFFF	#D3D3D3	34
3109	#FFFFFF	#D3D3D3	78
3110	#FFFFFF	#D3D3D3	78
3111	#FFFFFF	#D3D3D3	31
3112	#FFFFFF	#D3D3D3	31
3113	#FFFFFF	#D3D3D3	31
3114	#FFFFFF	#D3D3D3	31
3115	#FFFFFF	#D3D3D3	31
3116	#FFFFFF	#D3D3D3	47
3117	#FFFFFF	#D3D3D3	31
3118	#FFFFFF	#D3D3D3	128
3119	#FFFFFF	#D3D3D3	128
3120	#FFFFFF	#D3D3D3	128
3121	#FFFFFF	#D3D3D3	128
3122	#FFFFFF	#D3D3D3	128
3127	#FFFFFF	#D3D3D3	47
3128	#FFFFFF	#D3D3D3	152
3129	#FFFFFF	#D3D3D3	152
3130	#FFFFFF	#D3D3D3	152
3131	#FFFFFF	#D3D3D3	152
3132	#FFFFFF	#D3D3D3	153
3133	#FFFFFF	#D3D3D3	153
3134	#FFFFFF	#D3D3D3	47
3135	#FFFFFF	#D3D3D3	159
3136	#FFFFFF	#D3D3D3	159
3137	#FFFFFF	#D3D3D3	159
3138	#FFFFFF	#D3D3D3	159
3139	#FFFFFF	#D3D3D3	159
3140	#FFFFFF	#D3D3D3	159
3141	#FFFFFF	#D3D3D3	159
3142	#FFFFFF	#D3D3D3	159
3143	#FFFFFF	#D3D3D3	34
3144	#FFFFFF	#D3D3D3	34
3145	#FFFFFF	#D3D3D3	153
3146	#FFFFFF	#D3D3D3	34
3147	#FFFFFF	#D3D3D3	159
3148	#FFFFFF	#D3D3D3	34
3149	#FFFFFF	#D3D3D3	34
3150	#FFFFFF	#D3D3D3	159
3151	#FFFFFF	#D3D3D3	159
3152	#FFFFFF	#D3D3D3	159
3153	#FFFFFF	#D3D3D3	159
3154	#FFFFFF	#D3D3D3	159
3155	#FFFFFF	#D3D3D3	159
3156	#FFFFFF	#D3D3D3	47
3157	#FFFFFF	#D3D3D3	159
3158	#FFFFFF	#D3D3D3	34
3159	#FFFFFF	#D3D3D3	78
3160	#FFFFFF	#D3D3D3	78
3161	#FFFFFF	#D3D3D3	78
3162	#FFFFFF	#D3D3D3	31
3163	#FFFFFF	#D3D3D3	31
3164	#FFFFFF	#D3D3D3	31
3165	#FFFFFF	#D3D3D3	31
3166	#FFFFFF	#D3D3D3	31
3167	#FFFFFF	#D3D3D3	47
3168	#FFFFFF	#D3D3D3	31
3169	#FFFFFF	#D3D3D3	128
3170	#FFFFFF	#D3D3D3	128
3171	#FFFFFF	#D3D3D3	128
3172	#FFFFFF	#D3D3D3	128
3177	#FFFFFF	#D3D3D3	47
3178	#FFFFFF	#D3D3D3	152
3179	#FFFFFF	#D3D3D3	152
3180	#FFFFFF	#D3D3D3	152
3181	#FFFFFF	#D3D3D3	159
3183	#FFFFFF	#D3D3D3	153
3184	#FFFFFF	#D3D3D3	153
3185	#FFFFFF	#D3D3D3	159
3186	#FFFFFF	#D3D3D3	159
3187	#FFFFFF	#D3D3D3	159
3188	#FFFFFF	#D3D3D3	159
3189	#FFFFFF	#D3D3D3	159
3190	#FFFFFF	#D3D3D3	159
3191	#FFFFFF	#D3D3D3	159
3192	#FFFFFF	#D3D3D3	159
3193	#FFFFFF	#D3D3D3	34
3194	#FFFFFF	#D3D3D3	34
3195	#FFFFFF	#D3D3D3	47
3196	#FFFFFF	#D3D3D3	34
3197	#FFFFFF	#D3D3D3	159
3198	#FFFFFF	#D3D3D3	34
3199	#FFFFFF	#D3D3D3	34
3200	#FFFFFF	#D3D3D3	34
3201	#FFFFFF	#D3D3D3	159
3202	#FFFFFF	#D3D3D3	159
3203	#FFFFFF	#D3D3D3	159
3204	#FFFFFF	#D3D3D3	31
3205	#FFFFFF	#D3D3D3	31
3206	#FFFFFF	#D3D3D3	47
3207	#FFFFFF	#D3D3D3	159
3208	#FFFFFF	#D3D3D3	34
3209	#FFFFFF	#D3D3D3	34
3210	#FFFFFF	#D3D3D3	78
3211	#FFFFFF	#D3D3D3	78
3212	#FFFFFF	#D3D3D3	78
3213	#FFFFFF	#D3D3D3	31
3214	#FFFFFF	#D3D3D3	31
3215	#FFFFFF	#D3D3D3	31
3216	#FFFFFF	#D3D3D3	31
3217	#FFFFFF	#D3D3D3	47
3218	#FFFFFF	#D3D3D3	31
3219	#FFFFFF	#D3D3D3	31
3220	#FFFFFF	#D3D3D3	128
3221	#FFFFFF	#D3D3D3	128
3222	#FFFFFF	#D3D3D3	128
3228	#FFFFFF	#D3D3D3	47
3229	#FFFFFF	#D3D3D3	47
3230	#FFFFFF	#D3D3D3	152
3231	#FFFFFF	#D3D3D3	152
3232	#FFFFFF	#D3D3D3	152
3233	#FFFFFF	#D3D3D3	153
3234	#FFFFFF	#D3D3D3	153
3235	#FFFFFF	#D3D3D3	153
3236	#FFFFFF	#D3D3D3	159
3237	#FFFFFF	#D3D3D3	152
3238	#FFFFFF	#D3D3D3	159
3239	#FFFFFF	#D3D3D3	159
3240	#FFFFFF	#D3D3D3	159
3241	#FFFFFF	#D3D3D3	159
3242	#FFFFFF	#D3D3D3	159
3243	#FFFFFF	#D3D3D3	34
3244	#FFFFFF	#D3D3D3	34
3245	#FFFFFF	#D3D3D3	34
3246	#FFFFFF	#D3D3D3	47
3247	#FFFFFF	#D3D3D3	159
3248	#FFFFFF	#D3D3D3	159
3249	#FFFFFF	#D3D3D3	34
3250	#FFFFFF	#D3D3D3	159
3251	#FFFFFF	#D3D3D3	34
3252	#FFFFFF	#D3D3D3	159
3253	#FFFFFF	#D3D3D3	159
3254	#FFFFFF	#D3D3D3	31
3255	#FFFFFF	#D3D3D3	31
3256	#FFFFFF	#D3D3D3	31
3257	#FFFFFF	#D3D3D3	47
3258	#FFFFFF	#D3D3D3	159
3259	#FFFFFF	#D3D3D3	34
3260	#FFFFFF	#D3D3D3	78
3261	#FFFFFF	#D3D3D3	78
3262	#FFFFFF	#D3D3D3	78
3263	#FFFFFF	#D3D3D3	31
3264	#FFFFFF	#D3D3D3	31
3265	#FFFFFF	#D3D3D3	31
3266	#FFFFFF	#D3D3D3	31
3267	#FFFFFF	#D3D3D3	31
3268	#FFFFFF	#D3D3D3	47
3269	#FFFFFF	#D3D3D3	31
3270	#FFFFFF	#D3D3D3	31
3271	#FFFFFF	#D3D3D3	128
3272	#FFFFFF	#D3D3D3	128
3278	#FFFFFF	#D3D3D3	47
3279	#FFFFFF	#D3D3D3	47
3280	#FFFFFF	#D3D3D3	152
3281	#FFFFFF	#D3D3D3	152
3282	#FFFFFF	#D3D3D3	152
3284	#FFFFFF	#D3D3D3	153
3285	#FFFFFF	#D3D3D3	153
3286	#FFFFFF	#D3D3D3	152
3287	#FFFFFF	#D3D3D3	152
3288	#FFFFFF	#D3D3D3	152
3289	#FFFFFF	#D3D3D3	159
3290	#FFFFFF	#D3D3D3	159
3291	#FFFFFF	#D3D3D3	159
3292	#FFFFFF	#D3D3D3	159
3293	#FFFFFF	#D3D3D3	34
3294	#FFFFFF	#D3D3D3	34
3295	#FFFFFF	#D3D3D3	34
3296	#FFFFFF	#D3D3D3	153
3297	#FFFFFF	#D3D3D3	159
3298	#FFFFFF	#D3D3D3	159
3299	#FFFFFF	#D3D3D3	159
3300	#FFFFFF	#D3D3D3	159
3301	#FFFFFF	#D3D3D3	159
3302	#FFFFFF	#D3D3D3	34
3303	#FFFFFF	#D3D3D3	159
3304	#FFFFFF	#D3D3D3	31
3305	#FFFFFF	#D3D3D3	31
3306	#FFFFFF	#D3D3D3	31
3307	#FFFFFF	#D3D3D3	47
3308	#FFFFFF	#D3D3D3	78
3309	#FFFFFF	#D3D3D3	34
3310	#FFFFFF	#D3D3D3	78
3311	#FFFFFF	#D3D3D3	78
3312	#FFFFFF	#D3D3D3	78
3313	#FFFFFF	#D3D3D3	31
3314	#FFFFFF	#D3D3D3	31
3315	#FFFFFF	#D3D3D3	31
3316	#FFFFFF	#D3D3D3	31
3317	#FFFFFF	#D3D3D3	128
3318	#FFFFFF	#D3D3D3	47
3319	#FFFFFF	#D3D3D3	128
3320	#FFFFFF	#D3D3D3	31
3321	#FFFFFF	#D3D3D3	128
3322	#FFFFFF	#D3D3D3	128
3329	#FFFFFF	#D3D3D3	47
3330	#FFFFFF	#D3D3D3	47
3331	#FFFFFF	#D3D3D3	47
3332	#FFFFFF	#D3D3D3	152
3333	#FFFFFF	#D3D3D3	152
3334	#FFFFFF	#D3D3D3	153
3335	#FFFFFF	#D3D3D3	153
3336	#FFFFFF	#D3D3D3	153
3337	#FFFFFF	#D3D3D3	152
3338	#FFFFFF	#D3D3D3	152
3339	#FFFFFF	#D3D3D3	152
3340	#FFFFFF	#D3D3D3	159
3341	#FFFFFF	#D3D3D3	159
3342	#FFFFFF	#D3D3D3	159
3343	#FFFFFF	#D3D3D3	159
3344	#FFFFFF	#D3D3D3	34
3345	#FFFFFF	#D3D3D3	34
3346	#FFFFFF	#D3D3D3	159
3347	#FFFFFF	#D3D3D3	153
3348	#FFFFFF	#D3D3D3	159
3349	#FFFFFF	#D3D3D3	159
3350	#FFFFFF	#D3D3D3	159
3351	#FFFFFF	#D3D3D3	159
3352	#FFFFFF	#D3D3D3	159
3353	#FFFFFF	#D3D3D3	159
3354	#FFFFFF	#D3D3D3	31
3355	#FFFFFF	#D3D3D3	31
3356	#FFFFFF	#D3D3D3	31
3357	#FFFFFF	#D3D3D3	78
3358	#FFFFFF	#D3D3D3	47
3359	#FFFFFF	#D3D3D3	78
3360	#FFFFFF	#D3D3D3	78
3361	#FFFFFF	#D3D3D3	78
3362	#FFFFFF	#D3D3D3	31
3363	#FFFFFF	#D3D3D3	31
3364	#FFFFFF	#D3D3D3	31
3365	#FFFFFF	#D3D3D3	31
3366	#FFFFFF	#D3D3D3	31
3367	#FFFFFF	#D3D3D3	128
3368	#FFFFFF	#D3D3D3	128
3369	#FFFFFF	#D3D3D3	47
3370	#FFFFFF	#D3D3D3	128
3371	#FFFFFF	#D3D3D3	31
3372	#FFFFFF	#D3D3D3	128
3379	#FFFFFF	#D3D3D3	47
3380	#FFFFFF	#D3D3D3	47
3381	#FFFFFF	#D3D3D3	47
3382	#FFFFFF	#D3D3D3	152
3383	#FFFFFF	#D3D3D3	152
3385	#FFFFFF	#D3D3D3	70
3386	#FFFFFF	#D3D3D3	34
3387	#FFFFFF	#D3D3D3	70
3388	#FFFFFF	#D3D3D3	70
3389	#FFFFFF	#D3D3D3	70
3390	#FFFFFF	#D3D3D3	34
3391	#FFFFFF	#D3D3D3	70
3392	#FFFFFF	#D3D3D3	70
3393	#FFFFFF	#D3D3D3	70
3394	#FFFFFF	#D3D3D3	70
3395	#FFFFFF	#D3D3D3	70
3396	#FFFFFF	#D3D3D3	70
3397	#FFFFFF	#D3D3D3	70
3398	#FFFFFF	#D3D3D3	70
3399	#FFFFFF	#D3D3D3	70
3400	#FFFFFF	#D3D3D3	70
3401	#FFFFFF	#D3D3D3	70
3402	#FFFFFF	#D3D3D3	70
3403	#FFFFFF	#D3D3D3	70
3404	#FFFFFF	#D3D3D3	70
3405	#FFFFFF	#D3D3D3	34
3406	#FFFFFF	#D3D3D3	57
3407	#FFFFFF	#D3D3D3	57
3408	#FFFFFF	#D3D3D3	34
3409	#FFFFFF	#D3D3D3	57
3410	#FFFFFF	#D3D3D3	57
3411	#FFFFFF	#D3D3D3	57
3412	#FFFFFF	#D3D3D3	57
3413	#FFFFFF	#D3D3D3	6
3414	#FFFFFF	#D3D3D3	6
3415	#FFFFFF	#D3D3D3	6
3416	#FFFFFF	#D3D3D3	6
3417	#FFFFFF	#D3D3D3	6
3418	#FFFFFF	#D3D3D3	6
3419	#FFFFFF	#D3D3D3	34
3420	#FFFFFF	#D3D3D3	6
3421	#FFFFFF	#D3D3D3	6
3422	#FFFFFF	#D3D3D3	6
3423	#FFFFFF	#D3D3D3	6
3424	#FFFFFF	#D3D3D3	6
3425	#FFFFFF	#D3D3D3	6
3426	#FFFFFF	#D3D3D3	6
3427	#FFFFFF	#D3D3D3	6
3428	#FFFFFF	#D3D3D3	6
3430	#FFFFFF	#D3D3D3	34
3431	#FFFFFF	#D3D3D3	70
3432	#FFFFFF	#D3D3D3	70
3433	#FFFFFF	#D3D3D3	34
3434	#FFFFFF	#D3D3D3	34
3435	#FFFFFF	#D3D3D3	70
3436	#FFFFFF	#D3D3D3	34
3437	#FFFFFF	#D3D3D3	34
3438	#FFFFFF	#D3D3D3	70
3439	#FFFFFF	#D3D3D3	70
3440	#FFFFFF	#D3D3D3	34
3441	#FFFFFF	#D3D3D3	34
3442	#FFFFFF	#D3D3D3	70
3443	#FFFFFF	#D3D3D3	70
3444	#FFFFFF	#D3D3D3	70
3445	#FFFFFF	#D3D3D3	34
3446	#FFFFFF	#D3D3D3	70
3447	#FFFFFF	#D3D3D3	70
3448	#FFFFFF	#D3D3D3	34
3449	#FFFFFF	#D3D3D3	70
3450	#FFFFFF	#D3D3D3	70
3451	#FFFFFF	#D3D3D3	70
3452	#FFFFFF	#D3D3D3	70
3453	#FFFFFF	#D3D3D3	70
3454	#FFFFFF	#D3D3D3	70
3455	#FFFFFF	#D3D3D3	70
3456	#FFFFFF	#D3D3D3	34
3457	#FFFFFF	#D3D3D3	57
3458	#FFFFFF	#D3D3D3	57
3459	#FFFFFF	#D3D3D3	34
3460	#FFFFFF	#D3D3D3	57
3461	#FFFFFF	#D3D3D3	57
3462	#FFFFFF	#D3D3D3	57
3463	#FFFFFF	#D3D3D3	6
3464	#FFFFFF	#D3D3D3	6
3465	#FFFFFF	#D3D3D3	6
3466	#FFFFFF	#D3D3D3	6
3467	#FFFFFF	#D3D3D3	6
3468	#FFFFFF	#D3D3D3	6
3469	#FFFFFF	#D3D3D3	6
3470	#FFFFFF	#D3D3D3	34
3471	#FFFFFF	#D3D3D3	6
3472	#FFFFFF	#D3D3D3	6
3473	#FFFFFF	#D3D3D3	6
3474	#FFFFFF	#D3D3D3	6
3475	#FFFFFF	#D3D3D3	6
3476	#FFFFFF	#D3D3D3	6
3477	#FFFFFF	#D3D3D3	6
3478	#FFFFFF	#D3D3D3	6
3479	#FFFFFF	#D3D3D3	6
3480	#FFFFFF	#D3D3D3	70
3481	#FFFFFF	#D3D3D3	70
3482	#FFFFFF	#D3D3D3	34
3483	#FFFFFF	#D3D3D3	34
3484	#FFFFFF	#D3D3D3	34
3486	#FFFFFF	#D3D3D3	153
3487	#FFFFFF	#D3D3D3	153
3488	#FFFFFF	#D3D3D3	152
3489	#FFFFFF	#D3D3D3	152
3490	#FFFFFF	#D3D3D3	152
3491	#FFFFFF	#D3D3D3	152
3492	#FFFFFF	#D3D3D3	159
3493	#FFFFFF	#D3D3D3	159
3494	#FFFFFF	#D3D3D3	159
3495	#FFFFFF	#D3D3D3	159
3496	#FFFFFF	#D3D3D3	159
3497	#FFFFFF	#D3D3D3	159
3498	#FFFFFF	#D3D3D3	153
3499	#FFFFFF	#D3D3D3	159
3500	#FFFFFF	#D3D3D3	159
3501	#FFFFFF	#D3D3D3	159
3502	#FFFFFF	#D3D3D3	159
3503	#FFFFFF	#D3D3D3	159
3504	#FFFFFF	#D3D3D3	159
3505	#FFFFFF	#D3D3D3	31
3506	#FFFFFF	#D3D3D3	31
3507	#FFFFFF	#D3D3D3	31
3508	#FFFFFF	#D3D3D3	78
3509	#FFFFFF	#D3D3D3	153
3510	#FFFFFF	#D3D3D3	78
3511	#FFFFFF	#D3D3D3	78
3512	#FFFFFF	#D3D3D3	31
3513	#FFFFFF	#D3D3D3	31
3514	#FFFFFF	#D3D3D3	31
3515	#FFFFFF	#D3D3D3	31
3516	#FFFFFF	#D3D3D3	31
3517	#FFFFFF	#D3D3D3	128
3518	#FFFFFF	#D3D3D3	128
3519	#FFFFFF	#D3D3D3	128
3520	#FFFFFF	#D3D3D3	47
3521	#FFFFFF	#D3D3D3	128
3522	#FFFFFF	#D3D3D3	128
3523	#FFFFFF	#D3D3D3	128
3531	#FFFFFF	#D3D3D3	95
3532	#FFFFFF	#D3D3D3	95
3533	#FFFFFF	#D3D3D3	47
3534	#FFFFFF	#D3D3D3	47
3535	#FFFFFF	#D3D3D3	152
3536	#FFFFFF	#D3D3D3	153
3537	#FFFFFF	#D3D3D3	153
3538	#FFFFFF	#D3D3D3	153
3539	#FFFFFF	#D3D3D3	152
3540	#FFFFFF	#D3D3D3	152
3541	#FFFFFF	#D3D3D3	152
3542	#FFFFFF	#D3D3D3	152
3543	#FFFFFF	#D3D3D3	159
3544	#FFFFFF	#D3D3D3	159
3545	#FFFFFF	#D3D3D3	159
3546	#FFFFFF	#D3D3D3	159
3547	#FFFFFF	#D3D3D3	159
3548	#FFFFFF	#D3D3D3	159
3549	#FFFFFF	#D3D3D3	153
3550	#FFFFFF	#D3D3D3	159
3551	#FFFFFF	#D3D3D3	159
3552	#FFFFFF	#D3D3D3	159
3553	#FFFFFF	#D3D3D3	159
3554	#FFFFFF	#D3D3D3	159
3555	#FFFFFF	#D3D3D3	31
3556	#FFFFFF	#D3D3D3	31
3557	#FFFFFF	#D3D3D3	31
3558	#FFFFFF	#D3D3D3	78
3559	#FFFFFF	#D3D3D3	78
3560	#FFFFFF	#D3D3D3	95
3561	#FFFFFF	#D3D3D3	78
3562	#FFFFFF	#D3D3D3	78
3563	#FFFFFF	#D3D3D3	31
3564	#FFFFFF	#D3D3D3	31
3565	#FFFFFF	#D3D3D3	31
3566	#FFFFFF	#D3D3D3	31
3567	#FFFFFF	#D3D3D3	128
3568	#FFFFFF	#D3D3D3	128
3569	#FFFFFF	#D3D3D3	128
3570	#FFFFFF	#D3D3D3	128
3571	#FFFFFF	#D3D3D3	95
3572	#FFFFFF	#D3D3D3	128
3573	#FFFFFF	#D3D3D3	128
3581	#FFFFFF	#D3D3D3	95
3582	#FFFFFF	#D3D3D3	95
3583	#FFFFFF	#D3D3D3	47
3584	#FFFFFF	#D3D3D3	47
3585	#FFFFFF	#D3D3D3	152
3587	#FFFFFF	#D3D3D3	95
3588	#FFFFFF	#D3D3D3	153
3589	#FFFFFF	#D3D3D3	152
3590	#FFFFFF	#D3D3D3	152
3591	#FFFFFF	#D3D3D3	152
3592	#FFFFFF	#D3D3D3	152
3593	#FFFFFF	#D3D3D3	152
3594	#FFFFFF	#D3D3D3	159
3595	#FFFFFF	#D3D3D3	159
3596	#FFFFFF	#D3D3D3	159
3597	#FFFFFF	#D3D3D3	159
3598	#FFFFFF	#D3D3D3	159
3599	#FFFFFF	#D3D3D3	153
3600	#FFFFFF	#D3D3D3	159
3601	#FFFFFF	#D3D3D3	159
3602	#FFFFFF	#D3D3D3	159
3603	#FFFFFF	#D3D3D3	159
3604	#FFFFFF	#D3D3D3	159
3605	#FFFFFF	#D3D3D3	31
3606	#FFFFFF	#D3D3D3	31
3607	#FFFFFF	#D3D3D3	31
3608	#FFFFFF	#D3D3D3	78
3609	#FFFFFF	#D3D3D3	78
3610	#FFFFFF	#D3D3D3	153
3611	#FFFFFF	#D3D3D3	78
3612	#FFFFFF	#D3D3D3	78
3613	#FFFFFF	#D3D3D3	78
3614	#FFFFFF	#D3D3D3	31
3615	#FFFFFF	#D3D3D3	31
3616	#FFFFFF	#D3D3D3	31
3617	#FFFFFF	#D3D3D3	128
3618	#FFFFFF	#D3D3D3	128
3619	#FFFFFF	#D3D3D3	128
3620	#FFFFFF	#D3D3D3	128
3621	#FFFFFF	#D3D3D3	95
3622	#FFFFFF	#D3D3D3	128
3623	#FFFFFF	#D3D3D3	128
3632	#FFFFFF	#D3D3D3	95
3633	#FFFFFF	#D3D3D3	95
3634	#FFFFFF	#D3D3D3	95
3635	#FFFFFF	#D3D3D3	47
3636	#FFFFFF	#D3D3D3	55
3637	#FFFFFF	#D3D3D3	95
3638	#FFFFFF	#D3D3D3	153
3639	#FFFFFF	#D3D3D3	153
3640	#FFFFFF	#D3D3D3	152
3641	#FFFFFF	#D3D3D3	152
3642	#FFFFFF	#D3D3D3	152
3643	#FFFFFF	#D3D3D3	152
3644	#FFFFFF	#D3D3D3	152
3645	#FFFFFF	#D3D3D3	159
3646	#FFFFFF	#D3D3D3	159
3647	#FFFFFF	#D3D3D3	159
3648	#FFFFFF	#D3D3D3	159
3649	#FFFFFF	#D3D3D3	159
3650	#FFFFFF	#D3D3D3	153
3651	#FFFFFF	#D3D3D3	159
3652	#FFFFFF	#D3D3D3	159
3653	#FFFFFF	#D3D3D3	159
3654	#FFFFFF	#D3D3D3	159
3655	#FFFFFF	#D3D3D3	159
3656	#FFFFFF	#D3D3D3	31
3657	#FFFFFF	#D3D3D3	31
3658	#FFFFFF	#D3D3D3	78
3659	#FFFFFF	#D3D3D3	78
3660	#FFFFFF	#D3D3D3	78
3661	#FFFFFF	#D3D3D3	153
3662	#FFFFFF	#D3D3D3	78
3663	#FFFFFF	#D3D3D3	78
3664	#FFFFFF	#D3D3D3	31
3665	#FFFFFF	#D3D3D3	31
3666	#FFFFFF	#D3D3D3	31
3667	#FFFFFF	#D3D3D3	128
3668	#FFFFFF	#D3D3D3	128
3669	#FFFFFF	#D3D3D3	128
3670	#FFFFFF	#D3D3D3	128
3671	#FFFFFF	#D3D3D3	128
3672	#FFFFFF	#D3D3D3	95
3673	#FFFFFF	#D3D3D3	128
3682	#FFFFFF	#D3D3D3	95
3683	#FFFFFF	#D3D3D3	95
3684	#FFFFFF	#D3D3D3	95
3685	#FFFFFF	#D3D3D3	47
3686	#FFFFFF	#D3D3D3	55
3688	#FFFFFF	#D3D3D3	153
3689	#FFFFFF	#D3D3D3	95
3690	#FFFFFF	#D3D3D3	55
3691	#FFFFFF	#D3D3D3	152
3692	#FFFFFF	#D3D3D3	152
3693	#FFFFFF	#D3D3D3	152
3694	#FFFFFF	#D3D3D3	152
3695	#FFFFFF	#D3D3D3	159
3696	#FFFFFF	#D3D3D3	159
3697	#FFFFFF	#D3D3D3	159
3698	#FFFFFF	#D3D3D3	159
3699	#FFFFFF	#D3D3D3	159
3700	#FFFFFF	#D3D3D3	153
3701	#FFFFFF	#D3D3D3	159
3702	#FFFFFF	#D3D3D3	159
3703	#FFFFFF	#D3D3D3	159
3704	#FFFFFF	#D3D3D3	159
3705	#FFFFFF	#D3D3D3	31
3706	#FFFFFF	#D3D3D3	31
3707	#FFFFFF	#D3D3D3	31
3708	#FFFFFF	#D3D3D3	78
3709	#FFFFFF	#D3D3D3	78
3710	#FFFFFF	#D3D3D3	78
3711	#FFFFFF	#D3D3D3	153
3712	#FFFFFF	#D3D3D3	78
3713	#FFFFFF	#D3D3D3	78
3714	#FFFFFF	#D3D3D3	31
3715	#FFFFFF	#D3D3D3	31
3716	#FFFFFF	#D3D3D3	31
3717	#FFFFFF	#D3D3D3	128
3718	#FFFFFF	#D3D3D3	128
3719	#FFFFFF	#D3D3D3	128
3720	#FFFFFF	#D3D3D3	128
3721	#FFFFFF	#D3D3D3	128
3722	#FFFFFF	#D3D3D3	95
3723	#FFFFFF	#D3D3D3	128
3733	#FFFFFF	#D3D3D3	95
3734	#FFFFFF	#D3D3D3	95
3735	#FFFFFF	#D3D3D3	95
3736	#FFFFFF	#D3D3D3	47
3737	#FFFFFF	#D3D3D3	47
3738	#FFFFFF	#D3D3D3	153
3739	#FFFFFF	#D3D3D3	95
3740	#FFFFFF	#D3D3D3	95
3741	#FFFFFF	#D3D3D3	55
3742	#FFFFFF	#D3D3D3	152
3743	#FFFFFF	#D3D3D3	152
3744	#FFFFFF	#D3D3D3	152
3745	#FFFFFF	#D3D3D3	159
3746	#FFFFFF	#D3D3D3	159
3747	#FFFFFF	#D3D3D3	159
3748	#FFFFFF	#D3D3D3	159
3749	#FFFFFF	#D3D3D3	159
3750	#FFFFFF	#D3D3D3	159
3751	#FFFFFF	#D3D3D3	153
3752	#FFFFFF	#D3D3D3	159
3753	#FFFFFF	#D3D3D3	159
3754	#FFFFFF	#D3D3D3	159
3755	#FFFFFF	#D3D3D3	31
3756	#FFFFFF	#D3D3D3	31
3757	#FFFFFF	#D3D3D3	31
3758	#FFFFFF	#D3D3D3	78
3759	#FFFFFF	#D3D3D3	78
3760	#FFFFFF	#D3D3D3	78
3761	#FFFFFF	#D3D3D3	78
3762	#FFFFFF	#D3D3D3	95
3763	#FFFFFF	#D3D3D3	78
3764	#FFFFFF	#D3D3D3	31
3765	#FFFFFF	#D3D3D3	31
3766	#FFFFFF	#D3D3D3	31
3767	#FFFFFF	#D3D3D3	31
3768	#FFFFFF	#D3D3D3	128
3769	#FFFFFF	#D3D3D3	128
3770	#FFFFFF	#D3D3D3	128
3771	#FFFFFF	#D3D3D3	128
3772	#FFFFFF	#D3D3D3	128
3773	#FFFFFF	#D3D3D3	95
3783	#FFFFFF	#D3D3D3	95
3784	#FFFFFF	#D3D3D3	95
3785	#FFFFFF	#D3D3D3	47
3786	#FFFFFF	#D3D3D3	47
3787	#FFFFFF	#D3D3D3	55
3789	#FFFFFF	#D3D3D3	153
3790	#FFFFFF	#D3D3D3	95
3791	#FFFFFF	#D3D3D3	55
3792	#FFFFFF	#D3D3D3	55
3793	#FFFFFF	#D3D3D3	152
3794	#FFFFFF	#D3D3D3	152
3795	#FFFFFF	#D3D3D3	152
3796	#FFFFFF	#D3D3D3	152
3797	#FFFFFF	#D3D3D3	159
3798	#FFFFFF	#D3D3D3	159
3799	#FFFFFF	#D3D3D3	159
3800	#FFFFFF	#D3D3D3	159
3801	#FFFFFF	#D3D3D3	95
3802	#FFFFFF	#D3D3D3	159
3803	#FFFFFF	#D3D3D3	159
3804	#FFFFFF	#D3D3D3	159
3805	#FFFFFF	#D3D3D3	31
3806	#FFFFFF	#D3D3D3	31
3807	#FFFFFF	#D3D3D3	31
3808	#FFFFFF	#D3D3D3	31
3809	#FFFFFF	#D3D3D3	78
3810	#FFFFFF	#D3D3D3	78
3811	#FFFFFF	#D3D3D3	78
3812	#FFFFFF	#D3D3D3	95
3813	#FFFFFF	#D3D3D3	78
3814	#FFFFFF	#D3D3D3	31
3815	#FFFFFF	#D3D3D3	31
3816	#FFFFFF	#D3D3D3	31
3817	#FFFFFF	#D3D3D3	31
3818	#FFFFFF	#D3D3D3	128
3819	#FFFFFF	#D3D3D3	128
3820	#FFFFFF	#D3D3D3	128
3821	#FFFFFF	#D3D3D3	128
3822	#FFFFFF	#D3D3D3	128
3823	#FFFFFF	#D3D3D3	95
3834	#FFFFFF	#D3D3D3	95
3835	#FFFFFF	#D3D3D3	95
3836	#FFFFFF	#D3D3D3	47
3837	#FFFFFF	#D3D3D3	47
3838	#FFFFFF	#D3D3D3	47
3839	#FFFFFF	#D3D3D3	153
3840	#FFFFFF	#D3D3D3	153
3841	#FFFFFF	#D3D3D3	95
3842	#FFFFFF	#D3D3D3	55
3843	#FFFFFF	#D3D3D3	55
3844	#FFFFFF	#D3D3D3	152
3845	#FFFFFF	#D3D3D3	152
3846	#FFFFFF	#D3D3D3	152
3847	#FFFFFF	#D3D3D3	152
3848	#FFFFFF	#D3D3D3	159
3849	#FFFFFF	#D3D3D3	159
3850	#FFFFFF	#D3D3D3	159
3851	#FFFFFF	#D3D3D3	159
3852	#FFFFFF	#D3D3D3	95
3853	#FFFFFF	#D3D3D3	159
3854	#FFFFFF	#D3D3D3	159
3855	#FFFFFF	#D3D3D3	31
3856	#FFFFFF	#D3D3D3	31
3857	#FFFFFF	#D3D3D3	31
3858	#FFFFFF	#D3D3D3	31
3859	#FFFFFF	#D3D3D3	78
3860	#FFFFFF	#D3D3D3	78
3861	#FFFFFF	#D3D3D3	78
3862	#FFFFFF	#D3D3D3	78
3863	#FFFFFF	#D3D3D3	95
3864	#FFFFFF	#D3D3D3	31
3865	#FFFFFF	#D3D3D3	31
3866	#FFFFFF	#D3D3D3	31
3867	#FFFFFF	#D3D3D3	128
3868	#FFFFFF	#D3D3D3	128
3869	#FFFFFF	#D3D3D3	128
3870	#FFFFFF	#D3D3D3	128
3871	#FFFFFF	#D3D3D3	128
3872	#FFFFFF	#D3D3D3	128
3874	#FFFFFF	#D3D3D3	95
3884	#FFFFFF	#D3D3D3	95
3885	#FFFFFF	#D3D3D3	95
3886	#FFFFFF	#D3D3D3	47
3887	#FFFFFF	#D3D3D3	47
3888	#FFFFFF	#D3D3D3	55
3890	#FFFFFF	#D3D3D3	153
3891	#FFFFFF	#D3D3D3	95
3892	#FFFFFF	#D3D3D3	47
3893	#FFFFFF	#D3D3D3	55
3894	#FFFFFF	#D3D3D3	55
3895	#FFFFFF	#D3D3D3	152
3896	#FFFFFF	#D3D3D3	152
3897	#FFFFFF	#D3D3D3	152
3898	#FFFFFF	#D3D3D3	152
3899	#FFFFFF	#D3D3D3	159
3900	#FFFFFF	#D3D3D3	159
3901	#FFFFFF	#D3D3D3	159
3902	#FFFFFF	#D3D3D3	95
3903	#FFFFFF	#D3D3D3	159
3904	#FFFFFF	#D3D3D3	159
3905	#FFFFFF	#D3D3D3	31
3906	#FFFFFF	#D3D3D3	31
3907	#FFFFFF	#D3D3D3	31
3908	#FFFFFF	#D3D3D3	31
3909	#FFFFFF	#D3D3D3	31
3910	#FFFFFF	#D3D3D3	78
3911	#FFFFFF	#D3D3D3	78
3912	#FFFFFF	#D3D3D3	78
3913	#FFFFFF	#D3D3D3	95
3914	#FFFFFF	#D3D3D3	31
3915	#FFFFFF	#D3D3D3	31
3916	#FFFFFF	#D3D3D3	31
3917	#FFFFFF	#D3D3D3	128
3918	#FFFFFF	#D3D3D3	128
3919	#FFFFFF	#D3D3D3	128
3920	#FFFFFF	#D3D3D3	128
3921	#FFFFFF	#D3D3D3	128
3922	#FFFFFF	#D3D3D3	128
3924	#FFFFFF	#D3D3D3	95
3935	#FFFFFF	#D3D3D3	95
3936	#FFFFFF	#D3D3D3	95
3937	#FFFFFF	#D3D3D3	95
3938	#FFFFFF	#D3D3D3	47
3939	#FFFFFF	#D3D3D3	47
3940	#FFFFFF	#D3D3D3	153
3941	#FFFFFF	#D3D3D3	95
3942	#FFFFFF	#D3D3D3	95
3943	#FFFFFF	#D3D3D3	47
3944	#FFFFFF	#D3D3D3	55
3945	#FFFFFF	#D3D3D3	55
3946	#FFFFFF	#D3D3D3	152
3947	#FFFFFF	#D3D3D3	55
3948	#FFFFFF	#D3D3D3	152
3949	#FFFFFF	#D3D3D3	152
3950	#FFFFFF	#D3D3D3	152
3951	#FFFFFF	#D3D3D3	159
3952	#FFFFFF	#D3D3D3	159
3953	#FFFFFF	#D3D3D3	95
3954	#FFFFFF	#D3D3D3	159
3955	#FFFFFF	#D3D3D3	31
3956	#FFFFFF	#D3D3D3	31
3957	#FFFFFF	#D3D3D3	31
3958	#FFFFFF	#D3D3D3	31
3959	#FFFFFF	#D3D3D3	31
3960	#FFFFFF	#D3D3D3	78
3961	#FFFFFF	#D3D3D3	78
3962	#FFFFFF	#D3D3D3	78
3963	#FFFFFF	#D3D3D3	31
3964	#FFFFFF	#D3D3D3	95
3965	#FFFFFF	#D3D3D3	31
3966	#FFFFFF	#D3D3D3	31
3967	#FFFFFF	#D3D3D3	128
3968	#FFFFFF	#D3D3D3	128
3969	#FFFFFF	#D3D3D3	128
3970	#FFFFFF	#D3D3D3	128
3971	#FFFFFF	#D3D3D3	128
3972	#FFFFFF	#D3D3D3	128
3975	#FFFFFF	#D3D3D3	95
3985	#FFFFFF	#D3D3D3	95
3986	#FFFFFF	#D3D3D3	95
3987	#FFFFFF	#D3D3D3	95
3988	#FFFFFF	#D3D3D3	47
3989	#FFFFFF	#D3D3D3	47
3991	#FFFFFF	#D3D3D3	95
3992	#FFFFFF	#D3D3D3	95
3993	#FFFFFF	#D3D3D3	47
3994	#FFFFFF	#D3D3D3	47
3995	#FFFFFF	#D3D3D3	55
3996	#FFFFFF	#D3D3D3	55
3997	#FFFFFF	#D3D3D3	55
3998	#FFFFFF	#D3D3D3	152
3999	#FFFFFF	#D3D3D3	152
4000	#FFFFFF	#D3D3D3	152
4001	#FFFFFF	#D3D3D3	152
4002	#FFFFFF	#D3D3D3	159
4003	#FFFFFF	#D3D3D3	95
4004	#FFFFFF	#D3D3D3	159
4005	#FFFFFF	#D3D3D3	31
4006	#FFFFFF	#D3D3D3	31
4007	#FFFFFF	#D3D3D3	31
4008	#FFFFFF	#D3D3D3	31
4009	#FFFFFF	#D3D3D3	31
4010	#FFFFFF	#D3D3D3	78
4011	#FFFFFF	#D3D3D3	78
4012	#FFFFFF	#D3D3D3	78
4013	#FFFFFF	#D3D3D3	31
4014	#FFFFFF	#D3D3D3	95
4015	#FFFFFF	#D3D3D3	31
4016	#FFFFFF	#D3D3D3	128
4017	#FFFFFF	#D3D3D3	128
4018	#FFFFFF	#D3D3D3	128
4019	#FFFFFF	#D3D3D3	128
4020	#FFFFFF	#D3D3D3	128
4021	#FFFFFF	#D3D3D3	128
4022	#FFFFFF	#D3D3D3	128
4025	#FFFFFF	#D3D3D3	95
4036	#FFFFFF	#D3D3D3	95
4037	#FFFFFF	#D3D3D3	95
4038	#FFFFFF	#D3D3D3	95
4039	#FFFFFF	#D3D3D3	95
4040	#FFFFFF	#D3D3D3	47
4042	#FFFFFF	#D3D3D3	70
4043	#FFFFFF	#D3D3D3	34
4044	#FFFFFF	#D3D3D3	34
4045	#FFFFFF	#D3D3D3	70
4046	#FFFFFF	#D3D3D3	34
4047	#FFFFFF	#D3D3D3	34
4048	#FFFFFF	#D3D3D3	34
4049	#FFFFFF	#D3D3D3	70
4050	#FFFFFF	#D3D3D3	70
4051	#FFFFFF	#D3D3D3	34
4052	#FFFFFF	#D3D3D3	34
4053	#FFFFFF	#D3D3D3	70
4054	#FFFFFF	#D3D3D3	34
4055	#FFFFFF	#D3D3D3	70
4056	#FFFFFF	#D3D3D3	70
4057	#FFFFFF	#D3D3D3	70
4058	#FFFFFF	#D3D3D3	70
4059	#FFFFFF	#D3D3D3	70
4060	#FFFFFF	#D3D3D3	70
4061	#FFFFFF	#D3D3D3	70
4062	#FFFFFF	#D3D3D3	70
4063	#FFFFFF	#D3D3D3	34
4064	#FFFFFF	#D3D3D3	57
4065	#FFFFFF	#D3D3D3	34
4066	#FFFFFF	#D3D3D3	57
4067	#FFFFFF	#D3D3D3	57
4068	#FFFFFF	#D3D3D3	57
4069	#FFFFFF	#D3D3D3	6
4070	#FFFFFF	#D3D3D3	6
4071	#FFFFFF	#D3D3D3	6
4072	#FFFFFF	#D3D3D3	6
4073	#FFFFFF	#D3D3D3	6
4074	#FFFFFF	#D3D3D3	6
4075	#FFFFFF	#D3D3D3	6
4076	#FFFFFF	#D3D3D3	34
4077	#FFFFFF	#D3D3D3	6
4078	#FFFFFF	#D3D3D3	6
4079	#FFFFFF	#D3D3D3	6
4080	#FFFFFF	#D3D3D3	6
4081	#FFFFFF	#D3D3D3	6
4082	#FFFFFF	#D3D3D3	6
4083	#FFFFFF	#D3D3D3	6
4084	#FFFFFF	#D3D3D3	6
4085	#FFFFFF	#D3D3D3	6
4087	#FFFFFF	#D3D3D3	70
4088	#FFFFFF	#D3D3D3	70
4089	#FFFFFF	#D3D3D3	70
4090	#FFFFFF	#D3D3D3	34
4091	#FFFFFF	#D3D3D3	34
4092	#FFFFFF	#D3D3D3	70
4093	#FFFFFF	#D3D3D3	34
4094	#FFFFFF	#D3D3D3	34
4095	#FFFFFF	#D3D3D3	34
4096	#FFFFFF	#D3D3D3	34
4097	#FFFFFF	#D3D3D3	34
4098	#FFFFFF	#D3D3D3	34
4099	#FFFFFF	#D3D3D3	34
4100	#FFFFFF	#D3D3D3	70
4101	#FFFFFF	#D3D3D3	34
4102	#FFFFFF	#D3D3D3	34
4103	#FFFFFF	#D3D3D3	34
4104	#FFFFFF	#D3D3D3	34
4105	#FFFFFF	#D3D3D3	34
4106	#FFFFFF	#D3D3D3	70
4107	#FFFFFF	#D3D3D3	70
4108	#FFFFFF	#D3D3D3	70
4109	#FFFFFF	#D3D3D3	70
4110	#FFFFFF	#D3D3D3	70
4111	#FFFFFF	#D3D3D3	70
4112	#FFFFFF	#D3D3D3	70
4113	#FFFFFF	#D3D3D3	34
4114	#FFFFFF	#D3D3D3	34
4115	#FFFFFF	#D3D3D3	57
4116	#FFFFFF	#D3D3D3	34
4117	#FFFFFF	#D3D3D3	57
4118	#FFFFFF	#D3D3D3	57
4119	#FFFFFF	#D3D3D3	57
4120	#FFFFFF	#D3D3D3	6
4121	#FFFFFF	#D3D3D3	6
4122	#FFFFFF	#D3D3D3	6
4123	#FFFFFF	#D3D3D3	6
4124	#FFFFFF	#D3D3D3	6
4125	#FFFFFF	#D3D3D3	6
4126	#FFFFFF	#D3D3D3	6
4127	#FFFFFF	#D3D3D3	34
4128	#FFFFFF	#D3D3D3	6
4129	#FFFFFF	#D3D3D3	6
4130	#FFFFFF	#D3D3D3	6
4131	#FFFFFF	#D3D3D3	6
4132	#FFFFFF	#D3D3D3	6
4133	#FFFFFF	#D3D3D3	6
4134	#FFFFFF	#D3D3D3	6
4135	#FFFFFF	#D3D3D3	6
4136	#FFFFFF	#D3D3D3	6
4137	#FFFFFF	#D3D3D3	70
4138	#FFFFFF	#D3D3D3	70
4139	#FFFFFF	#D3D3D3	34
4140	#FFFFFF	#D3D3D3	34
4141	#FFFFFF	#D3D3D3	34
4143	#FFFFFF	#D3D3D3	70
4144	#FFFFFF	#D3D3D3	34
4145	#FFFFFF	#D3D3D3	34
4146	#FFFFFF	#D3D3D3	34
4147	#FFFFFF	#D3D3D3	34
4148	#FFFFFF	#D3D3D3	34
4149	#FFFFFF	#D3D3D3	34
4150	#FFFFFF	#D3D3D3	34
4151	#FFFFFF	#D3D3D3	34
4152	#FFFFFF	#D3D3D3	34
4153	#FFFFFF	#D3D3D3	34
4154	#FFFFFF	#D3D3D3	34
4155	#FFFFFF	#D3D3D3	34
4156	#FFFFFF	#D3D3D3	34
4157	#FFFFFF	#D3D3D3	70
4158	#FFFFFF	#D3D3D3	70
4159	#FFFFFF	#D3D3D3	70
4160	#FFFFFF	#D3D3D3	70
4161	#FFFFFF	#D3D3D3	70
4162	#FFFFFF	#D3D3D3	70
4163	#FFFFFF	#D3D3D3	70
4164	#FFFFFF	#D3D3D3	34
4165	#FFFFFF	#D3D3D3	34
4166	#FFFFFF	#D3D3D3	34
4167	#FFFFFF	#D3D3D3	57
4168	#FFFFFF	#D3D3D3	57
4169	#FFFFFF	#D3D3D3	57
4170	#FFFFFF	#D3D3D3	57
4171	#FFFFFF	#D3D3D3	6
4172	#FFFFFF	#D3D3D3	6
4173	#FFFFFF	#D3D3D3	6
4174	#FFFFFF	#D3D3D3	6
4175	#FFFFFF	#D3D3D3	6
4176	#FFFFFF	#D3D3D3	6
4177	#FFFFFF	#D3D3D3	70
4178	#FFFFFF	#D3D3D3	6
4179	#FFFFFF	#D3D3D3	6
4180	#FFFFFF	#D3D3D3	6
4181	#FFFFFF	#D3D3D3	6
4182	#FFFFFF	#D3D3D3	6
4183	#FFFFFF	#D3D3D3	6
4184	#FFFFFF	#D3D3D3	6
4185	#FFFFFF	#D3D3D3	6
4186	#FFFFFF	#D3D3D3	6
4188	#FFFFFF	#D3D3D3	70
4189	#FFFFFF	#D3D3D3	70
4190	#FFFFFF	#D3D3D3	70
4191	#FFFFFF	#D3D3D3	34
4192	#FFFFFF	#D3D3D3	70
4193	#FFFFFF	#D3D3D3	70
4194	#FFFFFF	#D3D3D3	70
4195	#FFFFFF	#D3D3D3	34
4196	#FFFFFF	#D3D3D3	34
4197	#FFFFFF	#D3D3D3	34
4198	#FFFFFF	#D3D3D3	34
4199	#FFFFFF	#D3D3D3	34
4200	#FFFFFF	#D3D3D3	34
4201	#FFFFFF	#D3D3D3	34
4202	#FFFFFF	#D3D3D3	34
4203	#FFFFFF	#D3D3D3	34
4204	#FFFFFF	#D3D3D3	34
4205	#FFFFFF	#D3D3D3	34
4206	#FFFFFF	#D3D3D3	34
4207	#FFFFFF	#D3D3D3	34
4208	#FFFFFF	#D3D3D3	70
4209	#FFFFFF	#D3D3D3	70
4210	#FFFFFF	#D3D3D3	70
4211	#FFFFFF	#D3D3D3	70
4212	#FFFFFF	#D3D3D3	70
4213	#FFFFFF	#D3D3D3	34
4214	#FFFFFF	#D3D3D3	34
4215	#FFFFFF	#D3D3D3	34
4216	#FFFFFF	#D3D3D3	34
4217	#FFFFFF	#D3D3D3	34
4218	#FFFFFF	#D3D3D3	57
4219	#FFFFFF	#D3D3D3	57
4220	#FFFFFF	#D3D3D3	57
4221	#FFFFFF	#D3D3D3	57
4222	#FFFFFF	#D3D3D3	6
4223	#FFFFFF	#D3D3D3	6
4224	#FFFFFF	#D3D3D3	6
4225	#FFFFFF	#D3D3D3	6
4226	#FFFFFF	#D3D3D3	6
4227	#FFFFFF	#D3D3D3	6
4228	#FFFFFF	#D3D3D3	70
4229	#FFFFFF	#D3D3D3	6
4230	#FFFFFF	#D3D3D3	6
4231	#FFFFFF	#D3D3D3	6
4232	#FFFFFF	#D3D3D3	6
4233	#FFFFFF	#D3D3D3	6
4234	#FFFFFF	#D3D3D3	6
4235	#FFFFFF	#D3D3D3	6
4236	#FFFFFF	#D3D3D3	6
4237	#FFFFFF	#D3D3D3	6
4238	#FFFFFF	#D3D3D3	70
4239	#FFFFFF	#D3D3D3	70
4240	#FFFFFF	#D3D3D3	70
4241	#FFFFFF	#D3D3D3	70
4242	#FFFFFF	#D3D3D3	70
4244	#FFFFFF	#D3D3D3	70
4245	#FFFFFF	#D3D3D3	34
4246	#FFFFFF	#D3D3D3	70
4247	#FFFFFF	#D3D3D3	34
4248	#FFFFFF	#D3D3D3	34
4249	#FFFFFF	#D3D3D3	34
4250	#FFFFFF	#D3D3D3	34
4251	#FFFFFF	#D3D3D3	34
4252	#FFFFFF	#D3D3D3	34
4253	#FFFFFF	#D3D3D3	34
4254	#FFFFFF	#D3D3D3	34
4255	#FFFFFF	#D3D3D3	34
4256	#FFFFFF	#D3D3D3	34
4257	#FFFFFF	#D3D3D3	34
4258	#FFFFFF	#D3D3D3	34
4259	#FFFFFF	#D3D3D3	70
4260	#FFFFFF	#D3D3D3	70
4261	#FFFFFF	#D3D3D3	70
4262	#FFFFFF	#D3D3D3	70
4263	#FFFFFF	#D3D3D3	34
4264	#FFFFFF	#D3D3D3	34
4265	#FFFFFF	#D3D3D3	34
4266	#FFFFFF	#D3D3D3	34
4267	#FFFFFF	#D3D3D3	34
4268	#FFFFFF	#D3D3D3	34
4269	#FFFFFF	#D3D3D3	57
4270	#FFFFFF	#D3D3D3	57
4271	#FFFFFF	#D3D3D3	57
4272	#FFFFFF	#D3D3D3	6
4273	#FFFFFF	#D3D3D3	6
4274	#FFFFFF	#D3D3D3	6
4275	#FFFFFF	#D3D3D3	6
4276	#FFFFFF	#D3D3D3	6
4277	#FFFFFF	#D3D3D3	6
4278	#FFFFFF	#D3D3D3	34
4279	#FFFFFF	#D3D3D3	6
4280	#FFFFFF	#D3D3D3	6
4281	#FFFFFF	#D3D3D3	6
4282	#FFFFFF	#D3D3D3	6
4283	#FFFFFF	#D3D3D3	6
4284	#FFFFFF	#D3D3D3	6
4285	#FFFFFF	#D3D3D3	6
4286	#FFFFFF	#D3D3D3	6
4287	#FFFFFF	#D3D3D3	6
4289	#FFFFFF	#D3D3D3	70
4290	#FFFFFF	#D3D3D3	70
4291	#FFFFFF	#D3D3D3	70
4292	#FFFFFF	#D3D3D3	70
4293	#FFFFFF	#D3D3D3	70
4294	#FFFFFF	#D3D3D3	70
4295	#FFFFFF	#D3D3D3	34
4296	#FFFFFF	#D3D3D3	70
4297	#FFFFFF	#D3D3D3	34
4298	#FFFFFF	#D3D3D3	34
4299	#FFFFFF	#D3D3D3	34
4300	#FFFFFF	#D3D3D3	34
4301	#FFFFFF	#D3D3D3	34
4302	#FFFFFF	#D3D3D3	34
4303	#FFFFFF	#D3D3D3	34
4304	#FFFFFF	#D3D3D3	34
4305	#FFFFFF	#D3D3D3	34
4306	#FFFFFF	#D3D3D3	34
4307	#FFFFFF	#D3D3D3	34
4308	#FFFFFF	#D3D3D3	34
4309	#FFFFFF	#D3D3D3	34
4310	#FFFFFF	#D3D3D3	70
4311	#FFFFFF	#D3D3D3	70
4312	#FFFFFF	#D3D3D3	70
4313	#FFFFFF	#D3D3D3	34
4314	#FFFFFF	#D3D3D3	34
4315	#FFFFFF	#D3D3D3	34
4316	#FFFFFF	#D3D3D3	34
4317	#FFFFFF	#D3D3D3	34
4318	#FFFFFF	#D3D3D3	34
4319	#FFFFFF	#D3D3D3	54
4320	#FFFFFF	#D3D3D3	57
4321	#FFFFFF	#D3D3D3	57
4322	#FFFFFF	#D3D3D3	6
4323	#FFFFFF	#D3D3D3	6
4324	#FFFFFF	#D3D3D3	6
4325	#FFFFFF	#D3D3D3	6
4326	#FFFFFF	#D3D3D3	6
4327	#FFFFFF	#D3D3D3	6
4328	#FFFFFF	#D3D3D3	6
4329	#FFFFFF	#D3D3D3	70
4330	#FFFFFF	#D3D3D3	6
4331	#FFFFFF	#D3D3D3	6
4332	#FFFFFF	#D3D3D3	6
4333	#FFFFFF	#D3D3D3	6
4334	#FFFFFF	#D3D3D3	6
4335	#FFFFFF	#D3D3D3	6
4336	#FFFFFF	#D3D3D3	6
4337	#FFFFFF	#D3D3D3	6
4338	#FFFFFF	#D3D3D3	6
4339	#FFFFFF	#D3D3D3	70
4340	#FFFFFF	#D3D3D3	70
4341	#FFFFFF	#D3D3D3	70
4342	#FFFFFF	#D3D3D3	70
4343	#FFFFFF	#D3D3D3	70
4345	#FFFFFF	#D3D3D3	70
4346	#FFFFFF	#D3D3D3	70
4347	#FFFFFF	#D3D3D3	34
4348	#FFFFFF	#D3D3D3	34
4349	#FFFFFF	#D3D3D3	34
4350	#FFFFFF	#D3D3D3	34
4351	#FFFFFF	#D3D3D3	34
4352	#FFFFFF	#D3D3D3	34
4353	#FFFFFF	#D3D3D3	34
4354	#FFFFFF	#D3D3D3	34
4355	#FFFFFF	#D3D3D3	34
4356	#FFFFFF	#D3D3D3	34
4357	#FFFFFF	#D3D3D3	70
4358	#FFFFFF	#D3D3D3	34
4359	#FFFFFF	#D3D3D3	34
4360	#FFFFFF	#D3D3D3	70
4361	#FFFFFF	#D3D3D3	70
4362	#FFFFFF	#D3D3D3	70
4363	#FFFFFF	#D3D3D3	70
4364	#FFFFFF	#D3D3D3	34
4365	#FFFFFF	#D3D3D3	34
4366	#FFFFFF	#D3D3D3	34
4367	#FFFFFF	#D3D3D3	34
4368	#FFFFFF	#D3D3D3	34
4369	#FFFFFF	#D3D3D3	54
4370	#FFFFFF	#D3D3D3	54
4371	#FFFFFF	#D3D3D3	57
4372	#FFFFFF	#D3D3D3	57
4373	#FFFFFF	#D3D3D3	6
4374	#FFFFFF	#D3D3D3	6
4375	#FFFFFF	#D3D3D3	6
4376	#FFFFFF	#D3D3D3	6
4377	#FFFFFF	#D3D3D3	6
4378	#FFFFFF	#D3D3D3	6
4379	#FFFFFF	#D3D3D3	70
4380	#FFFFFF	#D3D3D3	6
4381	#FFFFFF	#D3D3D3	6
4382	#FFFFFF	#D3D3D3	6
4383	#FFFFFF	#D3D3D3	6
4384	#FFFFFF	#D3D3D3	6
4385	#FFFFFF	#D3D3D3	6
4386	#FFFFFF	#D3D3D3	6
4387	#FFFFFF	#D3D3D3	6
4388	#FFFFFF	#D3D3D3	6
4390	#FFFFFF	#D3D3D3	70
4391	#FFFFFF	#D3D3D3	70
4392	#FFFFFF	#D3D3D3	70
4393	#FFFFFF	#D3D3D3	70
4394	#FFFFFF	#D3D3D3	70
4395	#FFFFFF	#D3D3D3	70
4396	#FFFFFF	#D3D3D3	70
4397	#FFFFFF	#D3D3D3	70
4398	#FFFFFF	#D3D3D3	34
4399	#FFFFFF	#D3D3D3	34
4400	#FFFFFF	#D3D3D3	34
4401	#FFFFFF	#D3D3D3	34
4402	#FFFFFF	#D3D3D3	34
4403	#FFFFFF	#D3D3D3	34
4404	#FFFFFF	#D3D3D3	34
4405	#FFFFFF	#D3D3D3	34
4406	#FFFFFF	#D3D3D3	34
4407	#FFFFFF	#D3D3D3	34
4408	#FFFFFF	#D3D3D3	70
4409	#FFFFFF	#D3D3D3	34
4410	#FFFFFF	#D3D3D3	34
4411	#FFFFFF	#D3D3D3	70
4412	#FFFFFF	#D3D3D3	70
4413	#FFFFFF	#D3D3D3	34
4414	#FFFFFF	#D3D3D3	34
4415	#FFFFFF	#D3D3D3	34
4416	#FFFFFF	#D3D3D3	34
4417	#FFFFFF	#D3D3D3	34
4418	#FFFFFF	#D3D3D3	34
4419	#FFFFFF	#D3D3D3	70
4420	#FFFFFF	#D3D3D3	54
4421	#FFFFFF	#D3D3D3	54
4422	#FFFFFF	#D3D3D3	6
4423	#FFFFFF	#D3D3D3	6
4424	#FFFFFF	#D3D3D3	6
4425	#FFFFFF	#D3D3D3	6
4426	#FFFFFF	#D3D3D3	6
4427	#FFFFFF	#D3D3D3	6
4428	#FFFFFF	#D3D3D3	6
4429	#FFFFFF	#D3D3D3	6
4430	#FFFFFF	#D3D3D3	70
4431	#FFFFFF	#D3D3D3	6
4432	#FFFFFF	#D3D3D3	6
4433	#FFFFFF	#D3D3D3	6
4434	#FFFFFF	#D3D3D3	6
4435	#FFFFFF	#D3D3D3	6
4436	#FFFFFF	#D3D3D3	6
4437	#FFFFFF	#D3D3D3	6
4438	#FFFFFF	#D3D3D3	6
4439	#FFFFFF	#D3D3D3	6
4440	#FFFFFF	#D3D3D3	70
4441	#FFFFFF	#D3D3D3	70
4442	#FFFFFF	#D3D3D3	70
4443	#FFFFFF	#D3D3D3	70
4444	#FFFFFF	#D3D3D3	70
4446	#FFFFFF	#D3D3D3	70
4447	#FFFFFF	#D3D3D3	70
4448	#FFFFFF	#D3D3D3	70
4449	#FFFFFF	#D3D3D3	34
4450	#FFFFFF	#D3D3D3	70
4451	#FFFFFF	#D3D3D3	34
4452	#FFFFFF	#D3D3D3	34
4453	#FFFFFF	#D3D3D3	34
4454	#FFFFFF	#D3D3D3	34
4455	#FFFFFF	#D3D3D3	34
4456	#FFFFFF	#D3D3D3	34
4457	#FFFFFF	#D3D3D3	34
4458	#FFFFFF	#D3D3D3	70
4459	#FFFFFF	#D3D3D3	34
4460	#FFFFFF	#D3D3D3	34
4461	#FFFFFF	#D3D3D3	34
4462	#FFFFFF	#D3D3D3	70
4463	#FFFFFF	#D3D3D3	70
4464	#FFFFFF	#D3D3D3	34
4465	#FFFFFF	#D3D3D3	34
4466	#FFFFFF	#D3D3D3	34
4467	#FFFFFF	#D3D3D3	54
4468	#FFFFFF	#D3D3D3	54
4469	#FFFFFF	#D3D3D3	70
4470	#FFFFFF	#D3D3D3	54
4471	#FFFFFF	#D3D3D3	54
4472	#FFFFFF	#D3D3D3	54
4473	#FFFFFF	#D3D3D3	6
4474	#FFFFFF	#D3D3D3	6
4475	#FFFFFF	#D3D3D3	6
4476	#FFFFFF	#D3D3D3	6
4477	#FFFFFF	#D3D3D3	6
4478	#FFFFFF	#D3D3D3	6
4479	#FFFFFF	#D3D3D3	6
4480	#FFFFFF	#D3D3D3	70
4481	#FFFFFF	#D3D3D3	6
4482	#FFFFFF	#D3D3D3	6
4483	#FFFFFF	#D3D3D3	6
4484	#FFFFFF	#D3D3D3	6
4485	#FFFFFF	#D3D3D3	6
4486	#FFFFFF	#D3D3D3	6
4487	#FFFFFF	#D3D3D3	6
4488	#FFFFFF	#D3D3D3	6
4489	#FFFFFF	#D3D3D3	6
4491	#FFFFFF	#D3D3D3	70
4492	#FFFFFF	#D3D3D3	70
4493	#FFFFFF	#D3D3D3	70
4494	#FFFFFF	#D3D3D3	34
4495	#FFFFFF	#D3D3D3	70
4496	#FFFFFF	#D3D3D3	70
4497	#FFFFFF	#D3D3D3	70
4498	#FFFFFF	#D3D3D3	70
4499	#FFFFFF	#D3D3D3	70
4500	#FFFFFF	#D3D3D3	70
4501	#FFFFFF	#D3D3D3	70
4502	#FFFFFF	#D3D3D3	34
4503	#FFFFFF	#D3D3D3	34
4504	#FFFFFF	#D3D3D3	34
4505	#FFFFFF	#D3D3D3	34
4506	#FFFFFF	#D3D3D3	34
4507	#FFFFFF	#D3D3D3	34
4508	#FFFFFF	#D3D3D3	34
4509	#FFFFFF	#D3D3D3	70
4510	#FFFFFF	#D3D3D3	34
4511	#FFFFFF	#D3D3D3	34
4512	#FFFFFF	#D3D3D3	70
4513	#FFFFFF	#D3D3D3	70
4514	#FFFFFF	#D3D3D3	70
4515	#FFFFFF	#D3D3D3	34
4516	#FFFFFF	#D3D3D3	34
4517	#FFFFFF	#D3D3D3	34
4518	#FFFFFF	#D3D3D3	54
4519	#FFFFFF	#D3D3D3	54
4520	#FFFFFF	#D3D3D3	70
4521	#FFFFFF	#D3D3D3	54
4522	#FFFFFF	#D3D3D3	54
4523	#FFFFFF	#D3D3D3	54
4524	#FFFFFF	#D3D3D3	6
4525	#FFFFFF	#D3D3D3	6
4526	#FFFFFF	#D3D3D3	6
4527	#FFFFFF	#D3D3D3	6
4528	#FFFFFF	#D3D3D3	6
4529	#FFFFFF	#D3D3D3	6
4530	#FFFFFF	#D3D3D3	6
4531	#FFFFFF	#D3D3D3	70
4532	#FFFFFF	#D3D3D3	6
4533	#FFFFFF	#D3D3D3	6
4534	#FFFFFF	#D3D3D3	6
4535	#FFFFFF	#D3D3D3	6
4536	#FFFFFF	#D3D3D3	6
4537	#FFFFFF	#D3D3D3	6
4538	#FFFFFF	#D3D3D3	6
4539	#FFFFFF	#D3D3D3	6
4540	#FFFFFF	#D3D3D3	6
4541	#FFFFFF	#D3D3D3	70
4542	#FFFFFF	#D3D3D3	70
4543	#FFFFFF	#D3D3D3	34
4544	#FFFFFF	#D3D3D3	34
4545	#FFFFFF	#D3D3D3	70
4547	#FFFFFF	#D3D3D3	70
4548	#FFFFFF	#D3D3D3	70
4549	#FFFFFF	#D3D3D3	70
4550	#FFFFFF	#D3D3D3	70
4551	#FFFFFF	#D3D3D3	70
4552	#FFFFFF	#D3D3D3	70
4553	#FFFFFF	#D3D3D3	70
4554	#FFFFFF	#D3D3D3	70
4555	#FFFFFF	#D3D3D3	45
4556	#FFFFFF	#D3D3D3	45
4557	#FFFFFF	#D3D3D3	45
4558	#FFFFFF	#D3D3D3	45
4559	#FFFFFF	#D3D3D3	70
4560	#FFFFFF	#D3D3D3	45
4561	#FFFFFF	#D3D3D3	57
4562	#FFFFFF	#D3D3D3	70
4563	#FFFFFF	#D3D3D3	57
4564	#FFFFFF	#D3D3D3	57
4565	#FFFFFF	#D3D3D3	57
4566	#FFFFFF	#D3D3D3	57
4567	#FFFFFF	#D3D3D3	57
4568	#FFFFFF	#D3D3D3	57
4569	#FFFFFF	#D3D3D3	57
4570	#FFFFFF	#D3D3D3	70
4571	#FFFFFF	#D3D3D3	57
4572	#FFFFFF	#D3D3D3	57
4573	#FFFFFF	#D3D3D3	57
4574	#FFFFFF	#D3D3D3	57
4575	#FFFFFF	#D3D3D3	57
4576	#FFFFFF	#D3D3D3	6
4577	#FFFFFF	#D3D3D3	6
4578	#FFFFFF	#D3D3D3	6
4579	#FFFFFF	#D3D3D3	57
4580	#FFFFFF	#D3D3D3	57
4581	#FFFFFF	#D3D3D3	70
4582	#FFFFFF	#D3D3D3	57
4583	#FFFFFF	#D3D3D3	57
4584	#FFFFFF	#D3D3D3	57
4585	#FFFFFF	#D3D3D3	6
4586	#FFFFFF	#D3D3D3	57
4587	#FFFFFF	#D3D3D3	57
4588	#FFFFFF	#D3D3D3	6
4589	#FFFFFF	#D3D3D3	57
4590	#FFFFFF	#D3D3D3	57
4592	#FFFFFF	#D3D3D3	34
4593	#FFFFFF	#D3D3D3	34
4594	#FFFFFF	#D3D3D3	34
4595	#FFFFFF	#D3D3D3	34
4596	#FFFFFF	#D3D3D3	34
4597	#FFFFFF	#D3D3D3	70
4598	#FFFFFF	#D3D3D3	70
4599	#FFFFFF	#D3D3D3	70
4600	#FFFFFF	#D3D3D3	70
4601	#FFFFFF	#D3D3D3	70
4602	#FFFFFF	#D3D3D3	70
4603	#FFFFFF	#D3D3D3	70
4604	#FFFFFF	#D3D3D3	70
4605	#FFFFFF	#D3D3D3	45
4606	#FFFFFF	#D3D3D3	45
4607	#FFFFFF	#D3D3D3	45
4608	#FFFFFF	#D3D3D3	45
4609	#FFFFFF	#D3D3D3	45
4610	#FFFFFF	#D3D3D3	70
4611	#FFFFFF	#D3D3D3	45
4612	#FFFFFF	#D3D3D3	57
4613	#FFFFFF	#D3D3D3	57
4614	#FFFFFF	#D3D3D3	57
4615	#FFFFFF	#D3D3D3	57
4616	#FFFFFF	#D3D3D3	57
4617	#FFFFFF	#D3D3D3	57
4618	#FFFFFF	#D3D3D3	57
4619	#FFFFFF	#D3D3D3	57
4620	#FFFFFF	#D3D3D3	57
4621	#FFFFFF	#D3D3D3	70
4622	#FFFFFF	#D3D3D3	57
4623	#FFFFFF	#D3D3D3	57
4624	#FFFFFF	#D3D3D3	57
4625	#FFFFFF	#D3D3D3	57
4626	#FFFFFF	#D3D3D3	57
4627	#FFFFFF	#D3D3D3	6
4628	#FFFFFF	#D3D3D3	6
4629	#FFFFFF	#D3D3D3	6
4630	#FFFFFF	#D3D3D3	57
4631	#FFFFFF	#D3D3D3	57
4632	#FFFFFF	#D3D3D3	70
4633	#FFFFFF	#D3D3D3	57
4634	#FFFFFF	#D3D3D3	6
4635	#FFFFFF	#D3D3D3	6
4636	#FFFFFF	#D3D3D3	6
4637	#FFFFFF	#D3D3D3	57
4638	#FFFFFF	#D3D3D3	57
4639	#FFFFFF	#D3D3D3	57
4640	#FFFFFF	#D3D3D3	57
4641	#FFFFFF	#D3D3D3	6
4642	#FFFFFF	#D3D3D3	34
4643	#FFFFFF	#D3D3D3	34
4644	#FFFFFF	#D3D3D3	34
4645	#FFFFFF	#D3D3D3	34
4646	#FFFFFF	#D3D3D3	70
4648	#FFFFFF	#D3D3D3	70
4649	#FFFFFF	#D3D3D3	70
4650	#FFFFFF	#D3D3D3	70
4651	#FFFFFF	#D3D3D3	70
4652	#FFFFFF	#D3D3D3	70
4653	#FFFFFF	#D3D3D3	70
4654	#FFFFFF	#D3D3D3	70
4655	#FFFFFF	#D3D3D3	45
4656	#FFFFFF	#D3D3D3	45
4657	#FFFFFF	#D3D3D3	45
4658	#FFFFFF	#D3D3D3	45
4659	#FFFFFF	#D3D3D3	45
4660	#FFFFFF	#D3D3D3	70
4661	#FFFFFF	#D3D3D3	45
4662	#FFFFFF	#D3D3D3	45
4663	#FFFFFF	#D3D3D3	57
4664	#FFFFFF	#D3D3D3	57
4665	#FFFFFF	#D3D3D3	57
4666	#FFFFFF	#D3D3D3	57
4667	#FFFFFF	#D3D3D3	57
4668	#FFFFFF	#D3D3D3	57
4669	#FFFFFF	#D3D3D3	57
4670	#FFFFFF	#D3D3D3	57
4671	#FFFFFF	#D3D3D3	70
4672	#FFFFFF	#D3D3D3	57
4673	#FFFFFF	#D3D3D3	57
4674	#FFFFFF	#D3D3D3	57
4675	#FFFFFF	#D3D3D3	57
4676	#FFFFFF	#D3D3D3	57
4677	#FFFFFF	#D3D3D3	57
4678	#FFFFFF	#D3D3D3	6
4679	#FFFFFF	#D3D3D3	6
4680	#FFFFFF	#D3D3D3	57
4681	#FFFFFF	#D3D3D3	57
4682	#FFFFFF	#D3D3D3	70
4683	#FFFFFF	#D3D3D3	57
4684	#FFFFFF	#D3D3D3	57
4685	#FFFFFF	#D3D3D3	6
4686	#FFFFFF	#D3D3D3	6
4687	#FFFFFF	#D3D3D3	6
4688	#FFFFFF	#D3D3D3	57
4689	#FFFFFF	#D3D3D3	57
4690	#FFFFFF	#D3D3D3	6
4691	#FFFFFF	#D3D3D3	6
4693	#FFFFFF	#D3D3D3	70
4694	#FFFFFF	#D3D3D3	70
4695	#FFFFFF	#D3D3D3	70
4696	#FFFFFF	#D3D3D3	70
4697	#FFFFFF	#D3D3D3	70
4698	#FFFFFF	#D3D3D3	70
4699	#FFFFFF	#D3D3D3	70
4700	#FFFFFF	#D3D3D3	70
4701	#FFFFFF	#D3D3D3	70
4702	#FFFFFF	#D3D3D3	70
4703	#FFFFFF	#D3D3D3	70
4704	#FFFFFF	#D3D3D3	70
4705	#FFFFFF	#D3D3D3	45
4706	#FFFFFF	#D3D3D3	45
4707	#FFFFFF	#D3D3D3	45
4708	#FFFFFF	#D3D3D3	45
4709	#FFFFFF	#D3D3D3	45
4710	#FFFFFF	#D3D3D3	45
4711	#FFFFFF	#D3D3D3	70
4712	#FFFFFF	#D3D3D3	45
4713	#FFFFFF	#D3D3D3	45
4714	#FFFFFF	#D3D3D3	57
4715	#FFFFFF	#D3D3D3	57
4716	#FFFFFF	#D3D3D3	57
4717	#FFFFFF	#D3D3D3	57
4718	#FFFFFF	#D3D3D3	57
4719	#FFFFFF	#D3D3D3	57
4720	#FFFFFF	#D3D3D3	57
4721	#FFFFFF	#D3D3D3	57
4722	#FFFFFF	#D3D3D3	70
4723	#FFFFFF	#D3D3D3	57
4724	#FFFFFF	#D3D3D3	57
4725	#FFFFFF	#D3D3D3	57
4726	#FFFFFF	#D3D3D3	6
4727	#FFFFFF	#D3D3D3	6
4728	#FFFFFF	#D3D3D3	57
4729	#FFFFFF	#D3D3D3	6
4730	#FFFFFF	#D3D3D3	57
4731	#FFFFFF	#D3D3D3	57
4732	#FFFFFF	#D3D3D3	57
4733	#FFFFFF	#D3D3D3	70
4734	#FFFFFF	#D3D3D3	57
4735	#FFFFFF	#D3D3D3	57
4736	#FFFFFF	#D3D3D3	6
4737	#FFFFFF	#D3D3D3	6
4738	#FFFFFF	#D3D3D3	6
4739	#FFFFFF	#D3D3D3	57
4740	#FFFFFF	#D3D3D3	57
4741	#FFFFFF	#D3D3D3	6
4742	#FFFFFF	#D3D3D3	6
4743	#FFFFFF	#D3D3D3	70
4744	#FFFFFF	#D3D3D3	70
4745	#FFFFFF	#D3D3D3	70
4746	#FFFFFF	#D3D3D3	70
4747	#FFFFFF	#D3D3D3	70
4749	#FFFFFF	#D3D3D3	70
4750	#FFFFFF	#D3D3D3	70
4751	#FFFFFF	#D3D3D3	70
4752	#FFFFFF	#D3D3D3	70
4753	#FFFFFF	#D3D3D3	70
4754	#FFFFFF	#D3D3D3	70
4755	#FFFFFF	#D3D3D3	45
4756	#FFFFFF	#D3D3D3	45
4757	#FFFFFF	#D3D3D3	45
4758	#FFFFFF	#D3D3D3	45
4759	#FFFFFF	#D3D3D3	45
4760	#FFFFFF	#D3D3D3	45
4761	#FFFFFF	#D3D3D3	70
4762	#FFFFFF	#D3D3D3	45
4763	#FFFFFF	#D3D3D3	45
4764	#FFFFFF	#D3D3D3	45
4765	#FFFFFF	#D3D3D3	57
4766	#FFFFFF	#D3D3D3	57
4767	#FFFFFF	#D3D3D3	57
4768	#FFFFFF	#D3D3D3	57
4769	#FFFFFF	#D3D3D3	57
4770	#FFFFFF	#D3D3D3	57
4771	#FFFFFF	#D3D3D3	57
4772	#FFFFFF	#D3D3D3	70
4773	#FFFFFF	#D3D3D3	57
4774	#FFFFFF	#D3D3D3	57
4775	#FFFFFF	#D3D3D3	57
4776	#FFFFFF	#D3D3D3	6
4777	#FFFFFF	#D3D3D3	6
4778	#FFFFFF	#D3D3D3	6
4779	#FFFFFF	#D3D3D3	6
4780	#FFFFFF	#D3D3D3	57
4781	#FFFFFF	#D3D3D3	57
4782	#FFFFFF	#D3D3D3	57
4783	#FFFFFF	#D3D3D3	70
4784	#FFFFFF	#D3D3D3	57
4785	#FFFFFF	#D3D3D3	57
4786	#FFFFFF	#D3D3D3	57
4787	#FFFFFF	#D3D3D3	6
4788	#FFFFFF	#D3D3D3	57
4789	#FFFFFF	#D3D3D3	57
4790	#FFFFFF	#D3D3D3	57
4791	#FFFFFF	#D3D3D3	57
4792	#FFFFFF	#D3D3D3	6
4794	#FFFFFF	#D3D3D3	70
4795	#FFFFFF	#D3D3D3	70
4796	#FFFFFF	#D3D3D3	70
4797	#FFFFFF	#D3D3D3	70
4798	#FFFFFF	#D3D3D3	70
4799	#FFFFFF	#D3D3D3	70
4800	#FFFFFF	#D3D3D3	70
4801	#FFFFFF	#D3D3D3	70
4802	#FFFFFF	#D3D3D3	70
4803	#FFFFFF	#D3D3D3	70
4804	#FFFFFF	#D3D3D3	70
4805	#FFFFFF	#D3D3D3	70
4806	#FFFFFF	#D3D3D3	45
4807	#FFFFFF	#D3D3D3	45
4808	#FFFFFF	#D3D3D3	45
4809	#FFFFFF	#D3D3D3	45
4810	#FFFFFF	#D3D3D3	45
4811	#FFFFFF	#D3D3D3	45
4812	#FFFFFF	#D3D3D3	70
4813	#FFFFFF	#D3D3D3	45
4814	#FFFFFF	#D3D3D3	45
4815	#FFFFFF	#D3D3D3	57
4816	#FFFFFF	#D3D3D3	57
4817	#FFFFFF	#D3D3D3	57
4818	#FFFFFF	#D3D3D3	57
4819	#FFFFFF	#D3D3D3	57
4820	#FFFFFF	#D3D3D3	57
4821	#FFFFFF	#D3D3D3	57
4822	#FFFFFF	#D3D3D3	57
4823	#FFFFFF	#D3D3D3	70
4824	#FFFFFF	#D3D3D3	57
4825	#FFFFFF	#D3D3D3	57
4826	#FFFFFF	#D3D3D3	6
4827	#FFFFFF	#D3D3D3	6
4828	#FFFFFF	#D3D3D3	6
4829	#FFFFFF	#D3D3D3	6
4830	#FFFFFF	#D3D3D3	57
4831	#FFFFFF	#D3D3D3	57
4832	#FFFFFF	#D3D3D3	57
4833	#FFFFFF	#D3D3D3	57
4834	#FFFFFF	#D3D3D3	70
4835	#FFFFFF	#D3D3D3	57
4836	#FFFFFF	#D3D3D3	57
4837	#FFFFFF	#D3D3D3	6
4838	#FFFFFF	#D3D3D3	6
4839	#FFFFFF	#D3D3D3	57
4840	#FFFFFF	#D3D3D3	57
4841	#FFFFFF	#D3D3D3	57
4842	#FFFFFF	#D3D3D3	6
4843	#FFFFFF	#D3D3D3	6
4844	#FFFFFF	#D3D3D3	70
4845	#FFFFFF	#D3D3D3	70
4846	#FFFFFF	#D3D3D3	70
4847	#FFFFFF	#D3D3D3	70
4848	#FFFFFF	#D3D3D3	70
4850	#FFFFFF	#D3D3D3	70
4851	#FFFFFF	#D3D3D3	70
4852	#FFFFFF	#D3D3D3	70
4853	#FFFFFF	#D3D3D3	70
4854	#FFFFFF	#D3D3D3	70
4855	#FFFFFF	#D3D3D3	70
4856	#FFFFFF	#D3D3D3	70
4857	#FFFFFF	#D3D3D3	45
4858	#FFFFFF	#D3D3D3	45
4859	#FFFFFF	#D3D3D3	45
4860	#FFFFFF	#D3D3D3	45
4861	#FFFFFF	#D3D3D3	45
4862	#FFFFFF	#D3D3D3	70
4863	#FFFFFF	#D3D3D3	45
4864	#FFFFFF	#D3D3D3	57
4865	#FFFFFF	#D3D3D3	57
4866	#FFFFFF	#D3D3D3	57
4867	#FFFFFF	#D3D3D3	57
4868	#FFFFFF	#D3D3D3	57
4869	#FFFFFF	#D3D3D3	57
4870	#FFFFFF	#D3D3D3	57
4871	#FFFFFF	#D3D3D3	57
4872	#FFFFFF	#D3D3D3	57
4873	#FFFFFF	#D3D3D3	70
4874	#FFFFFF	#D3D3D3	57
4875	#FFFFFF	#D3D3D3	57
4876	#FFFFFF	#D3D3D3	6
4877	#FFFFFF	#D3D3D3	6
4878	#FFFFFF	#D3D3D3	6
4879	#FFFFFF	#D3D3D3	6
4880	#FFFFFF	#D3D3D3	57
4881	#FFFFFF	#D3D3D3	57
4882	#FFFFFF	#D3D3D3	57
4883	#FFFFFF	#D3D3D3	57
4884	#FFFFFF	#D3D3D3	70
4885	#FFFFFF	#D3D3D3	57
4886	#FFFFFF	#D3D3D3	57
4887	#FFFFFF	#D3D3D3	6
4888	#FFFFFF	#D3D3D3	6
4889	#FFFFFF	#D3D3D3	6
4890	#FFFFFF	#D3D3D3	57
4891	#FFFFFF	#D3D3D3	57
4892	#FFFFFF	#D3D3D3	6
4893	#FFFFFF	#D3D3D3	6
4895	#FFFFFF	#D3D3D3	70
4896	#FFFFFF	#D3D3D3	70
4897	#FFFFFF	#D3D3D3	70
4898	#FFFFFF	#D3D3D3	70
4899	#FFFFFF	#D3D3D3	70
4900	#FFFFFF	#D3D3D3	70
4901	#FFFFFF	#D3D3D3	70
4902	#FFFFFF	#D3D3D3	70
4903	#FFFFFF	#D3D3D3	70
4904	#FFFFFF	#D3D3D3	70
4905	#FFFFFF	#D3D3D3	70
4906	#FFFFFF	#D3D3D3	70
4907	#FFFFFF	#D3D3D3	45
4908	#FFFFFF	#D3D3D3	45
4909	#FFFFFF	#D3D3D3	45
4910	#FFFFFF	#D3D3D3	45
4911	#FFFFFF	#D3D3D3	45
4912	#FFFFFF	#D3D3D3	45
4913	#FFFFFF	#D3D3D3	70
4914	#FFFFFF	#D3D3D3	57
4915	#FFFFFF	#D3D3D3	57
4916	#FFFFFF	#D3D3D3	57
4917	#FFFFFF	#D3D3D3	57
4918	#FFFFFF	#D3D3D3	57
4919	#FFFFFF	#D3D3D3	57
4920	#FFFFFF	#D3D3D3	57
4921	#FFFFFF	#D3D3D3	57
4922	#FFFFFF	#D3D3D3	57
4923	#FFFFFF	#D3D3D3	57
4924	#FFFFFF	#D3D3D3	70
4925	#FFFFFF	#D3D3D3	57
4926	#FFFFFF	#D3D3D3	6
4927	#FFFFFF	#D3D3D3	6
4928	#FFFFFF	#D3D3D3	6
4929	#FFFFFF	#D3D3D3	6
4930	#FFFFFF	#D3D3D3	57
4931	#FFFFFF	#D3D3D3	57
4932	#FFFFFF	#D3D3D3	57
4933	#FFFFFF	#D3D3D3	57
4934	#FFFFFF	#D3D3D3	57
4935	#FFFFFF	#D3D3D3	70
4936	#FFFFFF	#D3D3D3	57
4937	#FFFFFF	#D3D3D3	57
4938	#FFFFFF	#D3D3D3	57
4939	#FFFFFF	#D3D3D3	57
4940	#FFFFFF	#D3D3D3	57
4941	#FFFFFF	#D3D3D3	6
4942	#FFFFFF	#D3D3D3	6
4943	#FFFFFF	#D3D3D3	6
4944	#FFFFFF	#D3D3D3	6
4945	#FFFFFF	#D3D3D3	70
4946	#FFFFFF	#D3D3D3	70
4947	#FFFFFF	#D3D3D3	70
4948	#FFFFFF	#D3D3D3	70
4949	#FFFFFF	#D3D3D3	70
4951	#FFFFFF	#D3D3D3	70
4952	#FFFFFF	#D3D3D3	70
4953	#FFFFFF	#D3D3D3	70
4954	#FFFFFF	#D3D3D3	70
4955	#FFFFFF	#D3D3D3	70
4956	#FFFFFF	#D3D3D3	45
4957	#FFFFFF	#D3D3D3	45
4958	#FFFFFF	#D3D3D3	45
4959	#FFFFFF	#D3D3D3	45
4960	#FFFFFF	#D3D3D3	45
4961	#FFFFFF	#D3D3D3	45
4962	#FFFFFF	#D3D3D3	45
4963	#FFFFFF	#D3D3D3	70
4964	#FFFFFF	#D3D3D3	57
4965	#FFFFFF	#D3D3D3	57
4966	#FFFFFF	#D3D3D3	57
4967	#FFFFFF	#D3D3D3	57
4968	#FFFFFF	#D3D3D3	57
4969	#FFFFFF	#D3D3D3	57
4970	#FFFFFF	#D3D3D3	57
4971	#FFFFFF	#D3D3D3	57
4972	#FFFFFF	#D3D3D3	57
4973	#FFFFFF	#D3D3D3	57
4974	#FFFFFF	#D3D3D3	70
4975	#FFFFFF	#D3D3D3	57
4976	#FFFFFF	#D3D3D3	6
4977	#FFFFFF	#D3D3D3	6
4978	#FFFFFF	#D3D3D3	6
4979	#FFFFFF	#D3D3D3	6
4980	#FFFFFF	#D3D3D3	6
4981	#FFFFFF	#D3D3D3	57
4982	#FFFFFF	#D3D3D3	57
4983	#FFFFFF	#D3D3D3	57
4984	#FFFFFF	#D3D3D3	57
4985	#FFFFFF	#D3D3D3	70
4986	#FFFFFF	#D3D3D3	57
4987	#FFFFFF	#D3D3D3	57
4988	#FFFFFF	#D3D3D3	57
4989	#FFFFFF	#D3D3D3	57
4990	#FFFFFF	#D3D3D3	57
4991	#FFFFFF	#D3D3D3	57
4992	#FFFFFF	#D3D3D3	6
4993	#FFFFFF	#D3D3D3	6
4994	#FFFFFF	#D3D3D3	6
4996	#FFFFFF	#D3D3D3	70
4997	#FFFFFF	#D3D3D3	70
4998	#FFFFFF	#D3D3D3	70
4999	#FFFFFF	#D3D3D3	70
5000	#FFFFFF	#D3D3D3	70
5001	#FFFFFF	#D3D3D3	70
5002	#FFFFFF	#D3D3D3	70
5003	#FFFFFF	#D3D3D3	70
5004	#FFFFFF	#D3D3D3	70
5005	#FFFFFF	#D3D3D3	45
5006	#FFFFFF	#D3D3D3	45
5007	#FFFFFF	#D3D3D3	45
5008	#FFFFFF	#D3D3D3	45
5009	#FFFFFF	#D3D3D3	45
5010	#FFFFFF	#D3D3D3	45
5011	#FFFFFF	#D3D3D3	45
5012	#FFFFFF	#D3D3D3	45
5013	#FFFFFF	#D3D3D3	57
5014	#FFFFFF	#D3D3D3	70
5015	#FFFFFF	#D3D3D3	57
5016	#FFFFFF	#D3D3D3	57
5017	#FFFFFF	#D3D3D3	57
5018	#FFFFFF	#D3D3D3	57
5019	#FFFFFF	#D3D3D3	57
5020	#FFFFFF	#D3D3D3	57
5021	#FFFFFF	#D3D3D3	57
5022	#FFFFFF	#D3D3D3	57
5023	#FFFFFF	#D3D3D3	57
5024	#FFFFFF	#D3D3D3	57
5025	#FFFFFF	#D3D3D3	70
5026	#FFFFFF	#D3D3D3	6
5027	#FFFFFF	#D3D3D3	6
5028	#FFFFFF	#D3D3D3	6
5029	#FFFFFF	#D3D3D3	6
5030	#FFFFFF	#D3D3D3	6
5031	#FFFFFF	#D3D3D3	6
5032	#FFFFFF	#D3D3D3	57
5033	#FFFFFF	#D3D3D3	57
5034	#FFFFFF	#D3D3D3	57
5035	#FFFFFF	#D3D3D3	57
5036	#FFFFFF	#D3D3D3	70
5037	#FFFFFF	#D3D3D3	57
5038	#FFFFFF	#D3D3D3	57
5039	#FFFFFF	#D3D3D3	57
5040	#FFFFFF	#D3D3D3	57
5041	#FFFFFF	#D3D3D3	57
5042	#FFFFFF	#D3D3D3	6
5043	#FFFFFF	#D3D3D3	57
5044	#FFFFFF	#D3D3D3	57
5045	#FFFFFF	#D3D3D3	6
5046	#FFFFFF	#D3D3D3	70
5047	#FFFFFF	#D3D3D3	70
5048	#FFFFFF	#D3D3D3	70
5049	#FFFFFF	#D3D3D3	70
5050	#FFFFFF	#D3D3D3	70
5052	#FFFFFF	#D3D3D3	70
5053	#FFFFFF	#D3D3D3	70
5054	#FFFFFF	#D3D3D3	70
5055	#FFFFFF	#D3D3D3	70
5056	#FFFFFF	#D3D3D3	45
5057	#FFFFFF	#D3D3D3	45
5058	#FFFFFF	#D3D3D3	45
5059	#FFFFFF	#D3D3D3	45
5060	#FFFFFF	#D3D3D3	45
5061	#FFFFFF	#D3D3D3	45
5062	#FFFFFF	#D3D3D3	45
5063	#FFFFFF	#D3D3D3	57
5064	#FFFFFF	#D3D3D3	70
5065	#FFFFFF	#D3D3D3	57
5066	#FFFFFF	#D3D3D3	57
5067	#FFFFFF	#D3D3D3	57
5068	#FFFFFF	#D3D3D3	57
5069	#FFFFFF	#D3D3D3	57
5070	#FFFFFF	#D3D3D3	57
5071	#FFFFFF	#D3D3D3	57
5072	#FFFFFF	#D3D3D3	57
5073	#FFFFFF	#D3D3D3	57
5074	#FFFFFF	#D3D3D3	57
5075	#FFFFFF	#D3D3D3	70
5076	#FFFFFF	#D3D3D3	6
5077	#FFFFFF	#D3D3D3	6
5078	#FFFFFF	#D3D3D3	6
5079	#FFFFFF	#D3D3D3	6
5080	#FFFFFF	#D3D3D3	6
5081	#FFFFFF	#D3D3D3	6
5082	#FFFFFF	#D3D3D3	57
5083	#FFFFFF	#D3D3D3	57
5084	#FFFFFF	#D3D3D3	57
5085	#FFFFFF	#D3D3D3	57
5086	#FFFFFF	#D3D3D3	70
5087	#FFFFFF	#D3D3D3	57
5088	#FFFFFF	#D3D3D3	57
5089	#FFFFFF	#D3D3D3	57
5090	#FFFFFF	#D3D3D3	57
5091	#FFFFFF	#D3D3D3	57
5092	#FFFFFF	#D3D3D3	57
5093	#FFFFFF	#D3D3D3	6
5094	#FFFFFF	#D3D3D3	57
5095	#FFFFFF	#D3D3D3	57
5097	#FFFFFF	#D3D3D3	70
5098	#FFFFFF	#D3D3D3	70
5099	#FFFFFF	#D3D3D3	70
5100	#FFFFFF	#D3D3D3	70
5101	#FFFFFF	#D3D3D3	70
