group	x	y	clickSelects	showSelected1
34	-32.25	-0.25	12	2500,0
34	-32.25	0.25	12	2500,0
34	-30.25	2.25	12	2500,0
34	-28.75	2.25	12	2500,0
34	-28.25	1.75	12	2500,0
34	-27.75	1.75	12	2500,0
34	-25.75	3.75	12	2500,0
34	-25.25	3.75	12	2500,0
34	-22.75	1.25	12	2500,0
34	-22.75	0.75	12	2500,0
34	-23.25	0.25	12	2500,0
34	-23.75	0.25	12	2500,0
34	-24.75	1.25	12	2500,0
34	-25.25	1.25	12	2500,0
34	-25.75	0.75	12	2500,0
34	-28.25	0.75	12	2500,0
34	-28.75	1.25	12	2500,0
34	-29.25	1.25	12	2500,0
34	-30.75	-0.25	12	2500,0
34	-32.25	-0.25	12	2500,0
322	-29.75	2.25	67	2500,0
322	-29.75	2.75	67	2500,0
322	-27.25	5.25	67	2500,0
322	-26.25	5.25	67	2500,0
322	-25.75	5.75	67	2500,0
322	-25.25	5.75	67	2500,0
322	-21.75	2.25	67	2500,0
322	-21.25	2.25	67	2500,0
322	-20.25	3.25	67	2500,0
322	-19.75	3.25	67	2500,0
322	-18.75	2.25	67	2500,0
322	-17.75	2.25	67	2500,0
322	-17.75	1.75	67	2500,0
322	-18.75	0.75	67	2500,0
322	-22.25	0.75	67	2500,0
322	-25.25	3.75	67	2500,0
322	-25.75	3.75	67	2500,0
322	-27.75	1.75	67	2500,0
322	-28.25	1.75	67	2500,0
322	-28.75	2.25	67	2500,0
322	-29.75	2.25	67	2500,0
372	-26.75	5.25	99	2500,0
372	-26.75	5.75	99	2500,0
372	-24.25	8.25	99	2500,0
372	-23.75	8.25	99	2500,0
372	-21.25	5.75	99	2500,0
372	-20.75	5.75	99	2500,0
372	-18.25	8.25	99	2500,0
372	-16.75	8.25	99	2500,0
372	-16.75	7.25	99	2500,0
372	-16.25	6.75	99	2500,0
372	-16.25	6.25	99	2500,0
372	-16.75	5.75	99	2500,0
372	-17.75	5.75	99	2500,0
372	-19.25	4.25	99	2500,0
372	-19.25	3.75	99	2500,0
372	-18.25	2.75	99	2500,0
372	-18.25	2.25	99	2500,0
372	-18.75	2.25	99	2500,0
372	-19.75	3.25	99	2500,0
372	-20.25	3.25	99	2500,0
372	-21.25	2.25	99	2500,0
372	-21.75	2.25	99	2500,0
372	-25.25	5.75	99	2500,0
372	-25.75	5.75	99	2500,0
372	-26.25	5.25	99	2500,0
372	-26.75	5.25	99	2500,0
39	-23.75	8.25	123	2500,0
39	-23.75	8.75	123	2500,0
39	-7.75	24.75	123	2500,0
39	-7.25	24.75	123	2500,0
39	-5.75	23.25	123	2500,0
39	-5.75	22.25	123	2500,0
39	-5.25	21.75	123	2500,0
39	-5.25	21.25	123	2500,0
39	-6.25	21.25	123	2500,0
39	-7.75	19.75	123	2500,0
39	-7.75	18.75	123	2500,0
39	-11.25	15.25	123	2500,0
39	-12.25	15.25	123	2500,0
39	-13.25	14.25	123	2500,0
39	-13.25	13.25	123	2500,0
39	-16.25	10.25	123	2500,0
39	-17.25	10.25	123	2500,0
39	-17.75	9.75	123	2500,0
39	-17.75	8.75	123	2500,0
39	-20.75	5.75	123	2500,0
39	-21.25	5.75	123	2500,0
39	-23.75	8.25	123	2500,0
191	-7.25	24.75	203	2500,0
191	-7.25	25.25	203	2500,0
191	-1.75	30.75	203	2500,0
191	-1.25	30.75	203	2500,0
191	1.25	28.25	203	2500,0
191	1.25	27.75	203	2500,0
191	0.75	27.75	203	2500,0
191	0.25	28.25	203	2500,0
191	-0.25	28.25	203	2500,0
191	-0.25	27.75	203	2500,0
191	0.25	27.25	203	2500,0
191	0.25	26.75	203	2500,0
191	-0.25	26.25	203	2500,0
191	-1.25	26.25	203	2500,0
191	-2.25	25.25	203	2500,0
191	-2.25	24.25	203	2500,0
191	-2.75	23.75	203	2500,0
191	-3.75	23.75	203	2500,0
191	-4.75	22.75	203	2500,0
191	-4.75	22.25	203	2500,0
191	-1.75	19.25	203	2500,0
191	-1.75	17.75	203	2500,0
191	-2.25	17.25	203	2500,0
191	-3.25	17.25	203	2500,0
191	-3.75	16.75	203	2500,0
191	-3.75	14.75	203	2500,0
191	-7.25	11.25	203	2500,0
191	-7.75	11.25	203	2500,0
191	-8.25	11.75	203	2500,0
191	-8.75	11.75	203	2500,0
191	-9.75	10.75	203	2500,0
191	-9.75	9.75	203	2500,0
191	-17.25	2.25	203	2500,0
191	-17.75	2.25	203	2500,0
191	-19.25	3.75	203	2500,0
191	-19.25	4.25	203	2500,0
191	-17.75	5.75	203	2500,0
191	-16.75	5.75	203	2500,0
191	-16.25	6.25	203	2500,0
191	-16.25	6.75	203	2500,0
191	-16.75	7.25	203	2500,0
191	-16.75	8.25	203	2500,0
191	-17.75	8.25	203	2500,0
191	-17.75	9.75	203	2500,0
191	-17.25	10.25	203	2500,0
191	-16.25	10.25	203	2500,0
191	-13.25	13.25	203	2500,0
191	-13.25	14.25	203	2500,0
191	-12.25	15.25	203	2500,0
191	-11.25	15.25	203	2500,0
191	-7.75	18.75	203	2500,0
191	-7.75	19.75	203	2500,0
191	-6.25	21.25	203	2500,0
191	-5.25	21.25	203	2500,0
191	-5.25	21.75	203	2500,0
191	-5.75	22.25	203	2500,0
191	-5.75	23.25	203	2500,0
191	-7.25	24.75	203	2500,0
121	-1.25	30.75	150	2500,0
121	-1.25	31.25	150	2500,0
121	4.75	37.25	150	2500,0
121	5.25	37.25	150	2500,0
121	5.25	31.75	150	2500,0
121	1.75	28.25	150	2500,0
121	1.25	28.25	150	2500,0
121	-1.25	30.75	150	2500,0
121	-44.75	37.25	150	2550,0
121	-44.75	37.75	150	2550,0
121	-39.75	42.75	150	2550,0
121	-38.25	42.75	150	2550,0
121	-38.25	38.25	150	2550,0
121	-38.75	37.75	150	2550,0
121	-40.75	37.75	150	2550,0
121	-40.75	37.25	150	2550,0
121	-40.25	36.75	150	2550,0
121	-40.25	36.25	150	2550,0
121	-41.75	34.75	150	2550,0
121	-42.75	34.75	150	2550,0
121	-44.25	33.25	150	2550,0
121	-44.25	32.25	150	2550,0
121	-44.75	32.25	150	2550,0
121	-44.75	37.25	150	2550,0
161	-39.25	42.75	18	2550,0
161	-39.25	43.25	18	2550,0
161	-36.75	45.75	18	2550,0
161	-36.25	45.75	18	2550,0
161	-33.75	43.25	18	2550,0
161	-33.25	43.25	18	2550,0
161	-32.75	43.75	18	2550,0
161	-32.75	44.75	18	2550,0
161	-32.25	45.25	18	2550,0
161	-31.25	45.25	18	2550,0
161	-28.75	47.75	18	2550,0
161	-27.25	47.75	18	2550,0
161	-26.75	47.25	18	2550,0
161	-26.75	45.75	18	2550,0
161	-27.75	45.75	18	2550,0
161	-29.25	44.25	18	2550,0
161	-29.25	43.75	18	2550,0
161	-27.75	42.25	18	2550,0
161	-27.25	42.25	18	2550,0
161	-25.75	43.75	18	2550,0
161	-25.75	44.75	18	2550,0
161	-23.75	44.75	18	2550,0
161	-21.25	47.25	18	2550,0
161	-20.75	47.25	18	2550,0
161	-20.25	46.75	18	2550,0
161	-20.25	46.25	18	2550,0
161	-23.25	43.25	18	2550,0
161	-24.25	43.25	18	2550,0
161	-24.75	42.75	18	2550,0
161	-24.75	41.75	18	2550,0
161	-25.75	40.75	18	2550,0
161	-26.25	40.75	18	2550,0
161	-26.75	41.25	18	2550,0
161	-27.25	41.25	18	2550,0
161	-27.75	40.75	18	2550,0
161	-27.75	38.75	18	2550,0
161	-28.75	37.75	18	2550,0
161	-29.25	37.75	18	2550,0
161	-30.75	39.25	18	2550,0
161	-31.75	39.25	18	2550,0
161	-32.75	40.25	18	2550,0
161	-33.25	40.25	18	2550,0
161	-34.25	39.25	18	2550,0
161	-34.25	38.75	18	2550,0
161	-32.75	37.25	18	2550,0
161	-32.75	36.75	18	2550,0
161	-33.75	36.75	18	2550,0
161	-34.25	36.25	18	2550,0
161	-34.25	35.75	18	2550,0
161	-33.25	35.75	18	2550,0
161	-33.25	35.25	18	2550,0
161	-34.75	33.75	18	2550,0
161	-35.25	33.75	18	2550,0
161	-35.75	34.25	18	2550,0
161	-36.25	34.25	18	2550,0
161	-36.75	33.75	18	2550,0
161	-36.75	32.75	18	2550,0
161	-37.75	32.75	18	2550,0
161	-40.75	29.75	18	2550,0
161	-40.75	29.25	18	2550,0
161	-40.25	28.75	18	2550,0
161	-40.25	28.25	18	2550,0
161	-41.75	26.75	18	2550,0
161	-43.75	26.75	18	2550,0
161	-43.75	26.25	18	2550,0
161	-43.25	25.75	18	2550,0
161	-43.25	25.25	18	2550,0
161	-44.25	24.25	18	2550,0
161	-44.75	24.25	18	2550,0
161	-44.75	31.75	18	2550,0
161	-44.25	32.25	18	2550,0
161	-44.25	33.25	18	2550,0
161	-42.75	34.75	18	2550,0
161	-41.75	34.75	18	2550,0
161	-40.25	36.25	18	2550,0
161	-40.25	36.75	18	2550,0
161	-40.75	37.25	18	2550,0
161	-40.75	37.75	18	2550,0
161	-38.75	37.75	18	2550,0
161	-38.25	38.25	18	2550,0
161	-38.25	42.75	18	2550,0
161	-39.25	42.75	18	2550,0
161	1.75	27.75	18	2500,0
161	1.75	28.25	18	2500,0
161	4.75	31.25	18	2500,0
161	5.25	31.25	18	2500,0
161	5.25	24.75	18	2500,0
161	4.75	24.75	18	2500,0
161	3.25	26.25	18	2500,0
161	3.25	26.75	18	2500,0
161	4.25	27.75	18	2500,0
161	4.25	28.25	18	2500,0
161	3.75	28.25	18	2500,0
161	3.25	27.75	18	2500,0
161	1.75	27.75	18	2500,0
260	-36.25	45.75	35	2550,0
260	-36.25	46.25	35	2550,0
260	-33.25	49.25	35	2550,0
260	-28.75	49.25	35	2550,0
260	-28.25	48.75	35	2550,0
260	-27.75	48.75	35	2550,0
260	-27.25	49.25	35	2550,0
260	-21.75	49.25	35	2550,0
260	-21.25	48.75	35	2550,0
260	-21.25	47.25	35	2550,0
260	-23.75	44.75	35	2550,0
260	-25.75	44.75	35	2550,0
260	-25.75	43.75	35	2550,0
260	-27.25	42.25	35	2550,0
260	-27.75	42.25	35	2550,0
260	-29.25	43.75	35	2550,0
260	-29.25	44.25	35	2550,0
260	-27.75	45.75	35	2550,0
260	-26.75	45.75	35	2550,0
260	-26.75	47.25	35	2550,0
260	-27.25	47.75	35	2550,0
260	-28.75	47.75	35	2550,0
260	-31.25	45.25	35	2550,0
260	-32.25	45.25	35	2550,0
260	-32.75	44.75	35	2550,0
260	-32.75	43.75	35	2550,0
260	-33.25	43.25	35	2550,0
260	-33.75	43.25	35	2550,0
260	-36.25	45.75	35	2550,0
260	-32.75	-0.75	35	2550,50
260	-32.75	-0.25	35	2550,50
260	-31.25	1.25	35	2550,50
260	-30.75	1.25	35	2550,50
260	-29.25	-0.25	35	2550,50
260	-29.25	-0.75	35	2550,50
260	-32.75	-0.75	35	2550,50
261	-27.75	4.25	35	2550,50
261	-27.75	4.75	35	2550,50
261	-26.25	6.25	35	2550,50
261	-25.75	6.25	35	2550,50
261	-23.25	3.75	35	2550,50
261	-22.75	3.75	35	2550,50
261	-21.75	4.75	35	2550,50
261	-21.25	4.75	35	2550,50
261	-19.75	3.25	35	2550,50
261	-19.75	1.75	35	2550,50
261	-20.25	1.25	35	2550,50
261	-20.25	0.75	35	2550,50
261	-19.75	0.25	35	2550,50
261	-19.75	-0.25	35	2550,50
261	-20.25	-0.75	35	2550,50
261	-26.75	-0.75	35	2550,50
261	-26.75	-0.25	35	2550,50
261	-25.25	1.25	35	2550,50
261	-25.25	1.75	35	2550,50
261	-27.75	4.25	35	2550,50
26	-30.75	1.25	115	2550,50
26	-30.75	1.75	115	2550,50
26	-28.25	4.25	115	2550,50
26	-27.75	4.25	115	2550,50
26	-25.25	1.75	115	2550,50
26	-25.25	1.25	115	2550,50
26	-27.25	-0.75	115	2550,50
26	-28.75	-0.75	115	2550,50
26	-30.75	1.25	115	2550,50
26	-28.25	48.75	115	2550,0
26	-28.25	49.25	115	2550,0
26	-27.75	49.25	115	2550,0
26	-27.75	48.75	115	2550,0
26	-28.25	48.75	115	2550,0
82	-25.75	6.25	14	2550,50
82	-25.75	6.75	14	2550,50
82	-24.25	8.25	14	2550,50
82	-23.75	8.25	14	2550,50
82	-15.75	0.25	14	2550,50
82	-15.75	-0.25	14	2550,50
82	-16.25	-0.25	14	2550,50
82	-17.75	1.25	14	2550,50
82	-18.25	1.25	14	2550,50
82	-19.25	0.25	14	2550,50
82	-19.75	0.25	14	2550,50
82	-20.25	0.75	14	2550,50
82	-20.25	1.25	14	2550,50
82	-19.75	1.75	14	2550,50
82	-19.75	3.25	14	2550,50
82	-21.25	4.75	14	2550,50
82	-21.75	4.75	14	2550,50
82	-22.75	3.75	14	2550,50
82	-23.25	3.75	14	2550,50
82	-25.75	6.25	14	2550,50
83	-21.75	10.25	14	2550,50
83	-21.75	10.75	14	2550,50
83	-18.75	13.75	14	2550,50
83	-18.25	13.75	14	2550,50
83	-15.75	11.25	14	2550,50
83	-15.75	10.75	14	2550,50
83	-17.25	9.25	14	2550,50
83	-17.25	8.75	14	2550,50
83	-16.25	7.75	14	2550,50
83	-15.75	7.75	14	2550,50
83	-14.75	8.75	14	2550,50
83	-14.25	8.75	14	2550,50
83	-13.75	8.25	14	2550,50
83	-12.75	8.25	14	2550,50
83	-12.25	7.75	14	2550,50
83	-12.25	7.25	14	2550,50
83	-12.75	6.75	14	2550,50
83	-12.75	6.25	14	2550,50
83	-11.25	4.75	14	2550,50
83	-11.25	4.25	14	2550,50
83	-12.25	4.25	14	2550,50
83	-12.75	3.75	14	2550,50
83	-12.75	2.75	14	2550,50
83	-13.25	2.25	14	2550,50
83	-13.75	2.25	14	2550,50
83	-19.25	7.75	14	2550,50
83	-19.25	8.75	14	2550,50
83	-20.25	8.75	14	2550,50
83	-20.75	9.25	14	2550,50
83	-20.75	10.25	14	2550,50
83	-21.75	10.25	14	2550,50
291	-18.25	13.75	52	2550,50
291	-18.25	14.25	52	2550,50
291	-14.75	17.75	52	2550,50
291	-14.25	17.75	52	2550,50
291	-14.25	16.75	52	2550,50
291	-12.25	14.75	52	2550,50
291	-11.75	14.75	52	2550,50
291	-10.75	15.75	52	2550,50
291	-10.75	16.25	52	2550,50
291	-11.25	16.75	52	2550,50
291	-12.25	16.75	52	2550,50
291	-12.25	17.25	52	2550,50
291	-10.25	19.25	52	2550,50
291	-9.75	19.25	52	2550,50
291	-9.75	18.25	52	2550,50
291	-9.25	17.75	52	2550,50
291	-8.75	17.75	52	2550,50
291	-7.25	19.25	52	2550,50
291	-7.25	19.75	52	2550,50
291	-9.75	22.25	52	2550,50
291	-9.75	22.75	52	2550,50
291	-9.25	23.25	52	2550,50
291	-8.75	23.25	52	2550,50
291	-3.25	17.75	52	2550,50
291	-3.25	17.25	52	2550,50
291	-3.75	16.75	52	2550,50
291	-3.75	16.25	52	2550,50
291	-3.25	15.75	52	2550,50
291	-3.25	14.75	52	2550,50
291	-2.25	14.75	52	2550,50
291	-2.25	14.25	52	2550,50
291	-3.25	13.25	52	2550,50
291	-3.75	13.25	52	2550,50
291	-4.25	13.75	52	2550,50
291	-4.75	13.75	52	2550,50
291	-5.75	12.75	52	2550,50
291	-5.75	12.25	52	2550,50
291	-4.75	11.25	52	2550,50
291	-4.75	10.75	52	2550,50
291	-5.75	10.75	52	2550,50
291	-6.75	9.75	52	2550,50
291	-7.25	9.75	52	2550,50
291	-8.75	11.25	52	2550,50
291	-9.75	11.25	52	2550,50
291	-10.75	12.25	52	2550,50
291	-11.75	12.25	52	2550,50
291	-12.25	12.75	52	2550,50
291	-12.25	13.75	52	2550,50
291	-14.75	16.25	52	2550,50
291	-15.25	16.25	52	2550,50
291	-15.75	15.75	52	2550,50
291	-15.75	15.25	52	2550,50
291	-10.75	10.25	52	2550,50
291	-10.75	8.75	52	2550,50
291	-11.75	7.75	52	2550,50
291	-12.25	7.75	52	2550,50
291	-12.75	8.25	52	2550,50
291	-13.75	8.25	52	2550,50
291	-14.25	8.75	52	2550,50
291	-14.75	8.75	52	2550,50
291	-15.75	7.75	52	2550,50
291	-16.25	7.75	52	2550,50
291	-17.25	8.75	52	2550,50
291	-17.25	9.25	52	2550,50
291	-15.75	10.75	52	2550,50
291	-15.75	11.25	52	2550,50
291	-18.25	13.75	52	2550,50
231	-14.25	17.75	234	2550,50
231	-14.25	18.25	234	2550,50
231	-10.25	22.25	234	2550,50
231	-9.75	22.25	234	2550,50
231	-7.25	19.75	234	2550,50
231	-7.25	19.25	234	2550,50
231	-8.75	17.75	234	2550,50
231	-9.25	17.75	234	2550,50
231	-9.75	18.25	234	2550,50
231	-9.75	19.25	234	2550,50
231	-10.25	19.25	234	2550,50
231	-12.25	17.25	234	2550,50
231	-12.25	16.75	234	2550,50
231	-11.25	16.75	234	2550,50
231	-10.75	16.25	234	2550,50
231	-10.75	15.75	234	2550,50
231	-11.75	14.75	234	2550,50
231	-12.25	14.75	234	2550,50
231	-14.25	16.75	234	2550,50
231	-14.25	17.75	234	2550,50
132	-8.75	23.25	158	2550,50
132	-8.75	23.75	158	2550,50
132	-8.25	24.25	158	2550,50
132	-7.75	24.25	158	2550,50
132	-4.25	20.75	158	2550,50
132	-4.25	19.75	158	2550,50
132	-3.25	19.75	158	2550,50
132	-2.75	19.25	158	2550,50
132	-1.75	19.25	158	2550,50
132	-1.25	18.75	158	2550,50
132	-1.25	17.75	158	2550,50
132	-0.25	16.75	158	2550,50
132	-0.25	15.25	158	2550,50
132	-1.25	14.25	158	2550,50
132	-1.25	13.75	158	2550,50
132	1.75	10.75	158	2550,50
132	1.75	10.25	158	2550,50
132	1.25	10.25	158	2550,50
132	0.25	11.25	158	2550,50
132	-0.25	11.25	158	2550,50
132	-0.75	10.75	158	2550,50
132	-1.25	10.75	158	2550,50
132	-2.25	11.75	158	2550,50
132	-2.75	11.75	158	2550,50
132	-4.25	10.25	158	2550,50
132	-4.25	9.75	158	2550,50
132	-2.75	8.25	158	2550,50
132	-2.75	7.75	158	2550,50
132	-3.25	7.25	158	2550,50
132	-4.75	7.25	158	2550,50
132	-6.25	8.75	158	2550,50
132	-6.75	8.75	158	2550,50
132	-9.25	6.25	158	2550,50
132	-9.25	5.75	158	2550,50
132	-7.25	3.75	158	2550,50
132	-7.25	3.25	158	2550,50
132	-8.25	2.25	158	2550,50
132	-9.25	2.25	158	2550,50
132	-9.75	1.75	158	2550,50
132	-10.25	1.75	158	2550,50
132	-12.25	3.75	158	2550,50
132	-12.25	4.25	158	2550,50
132	-11.25	4.25	158	2550,50
132	-11.25	4.75	158	2550,50
132	-12.75	6.25	158	2550,50
132	-12.75	6.75	158	2550,50
132	-10.75	8.75	158	2550,50
132	-10.75	10.25	158	2550,50
132	-15.75	15.25	158	2550,50
132	-15.75	15.75	158	2550,50
132	-15.25	16.25	158	2550,50
132	-14.75	16.25	158	2550,50
132	-12.25	13.75	158	2550,50
132	-12.25	12.75	158	2550,50
132	-11.75	12.25	158	2550,50
132	-10.75	12.25	158	2550,50
132	-9.75	11.25	158	2550,50
132	-8.75	11.25	158	2550,50
132	-7.25	9.75	158	2550,50
132	-6.75	9.75	158	2550,50
132	-5.75	10.75	158	2550,50
132	-4.75	10.75	158	2550,50
132	-4.75	11.25	158	2550,50
132	-5.75	12.25	158	2550,50
132	-5.75	12.75	158	2550,50
132	-4.75	13.75	158	2550,50
132	-4.25	13.75	158	2550,50
132	-3.75	13.25	158	2550,50
132	-3.25	13.25	158	2550,50
132	-2.25	14.25	158	2550,50
132	-2.25	14.75	158	2550,50
132	-3.25	14.75	158	2550,50
132	-3.25	15.75	158	2550,50
132	-3.75	16.25	158	2550,50
132	-3.75	16.75	158	2550,50
132	-3.25	17.25	158	2550,50
132	-3.25	17.75	158	2550,50
132	-8.75	23.25	158	2550,50
324	-7.75	24.25	69	2550,50
324	-7.75	24.75	69	2550,50
324	-7.25	25.25	69	2550,50
324	-6.75	25.25	69	2550,50
324	1.25	17.25	69	2550,50
324	1.25	16.75	69	2550,50
324	0.75	16.25	69	2550,50
324	0.75	15.25	69	2550,50
324	0.25	14.75	69	2550,50
324	-0.25	14.75	69	2550,50
324	-0.25	16.75	69	2550,50
324	-1.25	17.75	69	2550,50
324	-1.25	18.75	69	2550,50
324	-1.75	19.25	69	2550,50
324	-2.75	19.25	69	2550,50
324	-3.25	19.75	69	2550,50
324	-4.25	19.75	69	2550,50
324	-4.25	20.75	69	2550,50
324	-7.75	24.25	69	2550,50
133	-6.75	25.25	159	2550,50
133	-6.75	25.75	159	2550,50
133	-6.25	26.25	159	2550,50
133	-5.75	26.25	159	2550,50
133	-0.75	21.25	159	2550,50
133	-0.25	21.25	159	2550,50
133	-0.25	21.75	159	2550,50
133	-0.75	22.25	159	2550,50
133	-0.75	22.75	159	2550,50
133	0.75	22.75	159	2550,50
133	2.25	21.25	159	2550,50
133	3.25	21.25	159	2550,50
133	3.25	20.25	159	2550,50
133	3.75	20.25	159	2550,50
133	4.25	20.75	159	2550,50
133	4.75	20.75	159	2550,50
133	4.75	19.25	159	2550,50
133	3.75	19.25	159	2550,50
133	1.75	17.25	159	2550,50
133	1.25	17.25	159	2550,50
133	-6.75	25.25	159	2550,50
133	-38.75	30.25	159	2600,50
133	-38.75	30.75	159	2600,50
133	-37.75	30.75	159	2600,50
133	-37.25	31.25	159	2600,50
133	-36.75	31.25	159	2600,50
133	-36.75	30.25	159	2600,50
133	-35.25	30.25	159	2600,50
133	-34.25	31.25	159	2600,50
133	-33.75	31.25	159	2600,50
133	-32.25	29.75	159	2600,50
133	-32.25	29.25	159	2600,50
133	-32.75	28.75	159	2600,50
133	-34.25	28.75	159	2600,50
133	-34.75	29.25	159	2600,50
133	-35.25	29.25	159	2600,50
133	-35.75	28.75	159	2600,50
133	-36.75	28.75	159	2600,50
133	-36.75	28.25	159	2600,50
133	-35.75	27.25	159	2600,50
133	-35.75	26.75	159	2600,50
133	-36.75	25.75	159	2600,50
133	-36.75	23.75	159	2600,50
133	-37.25	23.75	159	2600,50
133	-38.75	25.25	159	2600,50
133	-39.25	25.25	159	2600,50
133	-39.25	24.75	159	2600,50
133	-38.25	23.75	159	2600,50
133	-38.25	23.25	159	2600,50
133	-38.75	22.75	159	2600,50
133	-38.75	22.25	159	2600,50
133	-38.25	21.75	159	2600,50
133	-37.75	21.75	159	2600,50
133	-36.75	22.75	159	2600,50
133	-36.25	22.75	159	2600,50
133	-36.25	22.25	159	2600,50
133	-39.75	18.75	159	2600,50
133	-39.75	17.25	159	2600,50
133	-39.25	16.75	159	2600,50
133	-38.75	16.75	159	2600,50
133	-37.75	17.75	159	2600,50
133	-36.75	17.75	159	2600,50
133	-36.25	18.25	159	2600,50
133	-36.25	19.25	159	2600,50
133	-35.25	19.25	159	2600,50
133	-34.75	19.75	159	2600,50
133	-33.75	19.75	159	2600,50
133	-33.75	20.75	159	2600,50
133	-33.25	20.75	159	2600,50
133	-32.75	20.25	159	2600,50
133	-32.25	20.25	159	2600,50
133	-32.25	22.25	159	2600,50
133	-31.75	22.25	159	2600,50
133	-31.25	21.75	159	2600,50
133	-31.25	20.75	159	2600,50
133	-30.75	20.25	159	2600,50
133	-30.75	19.75	159	2600,50
133	-32.75	17.75	159	2600,50
133	-32.75	16.75	159	2600,50
133	-34.75	14.75	159	2600,50
133	-34.75	14.25	159	2600,50
133	-33.25	12.75	159	2600,50
133	-32.75	12.75	159	2600,50
133	-31.25	14.25	159	2600,50
133	-30.25	14.25	159	2600,50
133	-28.75	15.75	159	2600,50
133	-28.75	16.75	159	2600,50
133	-27.75	16.75	159	2600,50
133	-27.25	17.25	159	2600,50
133	-26.75	17.25	159	2600,50
133	-26.75	15.75	159	2600,50
133	-27.75	14.75	159	2600,50
133	-27.75	14.25	159	2600,50
133	-27.25	14.25	159	2600,50
133	-26.25	15.25	159	2600,50
133	-25.75	15.25	159	2600,50
133	-25.75	12.25	159	2600,50
133	-24.75	12.25	159	2600,50
133	-24.75	11.25	159	2600,50
133	-24.25	10.75	159	2600,50
133	-23.75	10.75	159	2600,50
133	-23.75	11.75	159	2600,50
133	-23.25	12.25	159	2600,50
133	-22.25	12.25	159	2600,50
133	-21.75	12.75	159	2600,50
133	-21.75	13.25	159	2600,50
133	-22.75	14.25	159	2600,50
133	-22.75	15.75	159	2600,50
133	-22.25	16.25	159	2600,50
133	-21.75	16.25	159	2600,50
133	-20.75	15.25	159	2600,50
133	-19.25	15.25	159	2600,50
133	-18.75	15.75	159	2600,50
133	-18.25	15.75	159	2600,50
133	-18.25	15.25	159	2600,50
133	-19.25	14.25	159	2600,50
133	-19.25	13.75	159	2600,50
133	-18.75	13.25	159	2600,50
133	-18.75	12.75	159	2600,50
133	-19.25	12.25	159	2600,50
133	-19.25	11.75	159	2600,50
133	-18.25	11.75	159	2600,50
133	-18.25	10.25	159	2600,50
133	-18.75	10.25	159	2600,50
133	-20.25	11.75	159	2600,50
133	-21.75	11.75	159	2600,50
133	-23.75	9.75	159	2600,50
133	-23.75	8.75	159	2600,50
133	-24.25	8.25	159	2600,50
133	-25.25	8.25	159	2600,50
133	-25.25	7.25	159	2600,50
133	-25.75	6.75	159	2600,50
133	-26.75	6.75	159	2600,50
133	-26.75	6.25	159	2600,50
133	-25.75	5.25	159	2600,50
133	-25.75	4.75	159	2600,50
133	-26.25	4.25	159	2600,50
133	-26.75	4.25	159	2600,50
133	-27.25	4.75	159	2600,50
133	-27.75	4.75	159	2600,50
133	-28.75	3.75	159	2600,50
133	-28.75	3.25	159	2600,50
133	-28.25	2.75	159	2600,50
133	-28.25	1.75	159	2600,50
133	-26.75	0.25	159	2600,50
133	-25.75	0.25	159	2600,50
133	-25.25	-0.25	159	2600,50
133	-25.25	-0.75	159	2600,50
133	-27.75	-0.75	159	2600,50
133	-29.75	1.25	159	2600,50
133	-29.75	2.25	159	2600,50
133	-30.75	2.25	159	2600,50
133	-30.75	2.75	159	2600,50
133	-30.25	3.25	159	2600,50
133	-30.25	3.75	159	2600,50
133	-30.75	3.75	159	2600,50
133	-31.25	3.25	159	2600,50
133	-31.75	3.25	159	2600,50
133	-32.25	3.75	159	2600,50
133	-32.25	4.75	159	2600,50
133	-32.75	5.25	159	2600,50
133	-32.75	6.25	159	2600,50
133	-33.75	6.25	159	2600,50
133	-33.75	7.25	159	2600,50
133	-34.25	7.25	159	2600,50
133	-34.75	6.75	159	2600,50
133	-35.25	6.75	159	2600,50
133	-35.25	7.25	159	2600,50
133	-34.75	7.75	159	2600,50
133	-34.75	8.25	159	2600,50
133	-35.75	9.25	159	2600,50
133	-37.75	9.25	159	2600,50
133	-38.75	10.25	159	2600,50
133	-38.75	10.75	159	2600,50
133	-38.25	11.25	159	2600,50
133	-38.25	11.75	159	2600,50
133	-41.25	14.75	159	2600,50
133	-41.75	14.75	159	2600,50
133	-42.25	14.25	159	2600,50
133	-42.75	14.25	159	2600,50
133	-42.75	15.25	159	2600,50
133	-44.25	16.75	159	2600,50
133	-44.25	17.75	159	2600,50
133	-45.25	18.75	159	2600,50
133	-45.25	20.25	159	2600,50
133	-41.75	23.75	159	2600,50
133	-41.75	24.75	159	2600,50
133	-40.75	24.75	159	2600,50
133	-37.75	27.75	159	2600,50
133	-37.75	29.25	159	2600,50
133	-38.75	30.25	159	2600,50
133	-30.25	48.75	159	2600,0
133	-30.25	49.25	159	2600,0
133	-28.75	49.25	159	2600,0
133	-27.25	47.75	159	2600,0
133	-26.75	47.75	159	2600,0
133	-26.75	48.25	159	2600,0
133	-27.25	48.75	159	2600,0
133	-27.25	49.25	159	2600,0
133	-24.75	49.25	159	2600,0
133	-24.25	48.75	159	2600,0
133	-24.25	47.75	159	2600,0
133	-22.75	47.75	159	2600,0
133	-21.25	49.25	159	2600,0
133	-19.75	49.25	159	2600,0
133	-19.75	48.75	159	2600,0
133	-20.75	47.75	159	2600,0
133	-20.75	46.75	159	2600,0
133	-21.25	46.25	159	2600,0
133	-21.25	45.75	159	2600,0
133	-20.75	45.25	159	2600,0
133	-20.25	45.25	159	2600,0
133	-17.75	47.75	159	2600,0
133	-16.75	47.75	159	2600,0
133	-16.75	48.75	159	2600,0
133	-15.75	48.75	159	2600,0
133	-15.25	49.25	159	2600,0
133	-13.75	49.25	159	2600,0
133	-13.75	48.75	159	2600,0
133	-15.25	47.25	159	2600,0
133	-16.25	47.25	159	2600,0
133	-17.25	46.25	159	2600,0
133	-17.25	45.25	159	2600,0
133	-18.75	43.75	159	2600,0
133	-18.75	42.75	159	2600,0
133	-19.25	42.75	159	2600,0
133	-20.25	43.75	159	2600,0
133	-20.75	43.75	159	2600,0
133	-21.25	43.25	159	2600,0
133	-21.75	43.25	159	2600,0
133	-22.75	44.25	159	2600,0
133	-22.75	44.75	159	2600,0
133	-22.25	45.25	159	2600,0
133	-22.25	45.75	159	2600,0
133	-23.25	46.75	159	2600,0
133	-23.75	46.75	159	2600,0
133	-25.75	44.75	159	2600,0
133	-26.25	44.75	159	2600,0
133	-30.25	48.75	159	2600,0
255	-5.75	26.25	31	2550,50
255	-5.75	26.75	31	2550,50
255	-5.25	27.25	31	2550,50
255	-3.75	27.25	31	2550,50
255	-1.75	25.25	31	2550,50
255	-1.25	25.25	31	2550,50
255	0.75	27.25	31	2550,50
255	0.75	28.25	31	2550,50
255	1.75	28.25	31	2550,50
255	3.25	29.75	31	2550,50
255	4.75	29.75	31	2550,50
255	4.75	28.25	31	2550,50
255	3.25	26.75	31	2550,50
255	3.25	26.25	31	2550,50
255	3.75	25.75	31	2550,50
255	3.75	25.25	31	2550,50
255	3.25	24.75	31	2550,50
255	2.75	24.75	31	2550,50
255	2.25	25.25	31	2550,50
255	1.75	25.25	31	2550,50
255	0.75	24.25	31	2550,50
255	0.75	23.75	31	2550,50
255	2.25	22.25	31	2550,50
255	2.75	22.25	31	2550,50
255	2.75	23.25	31	2550,50
255	3.75	23.25	31	2550,50
255	3.75	24.25	31	2550,50
255	4.25	24.75	31	2550,50
255	4.75	24.75	31	2550,50
255	4.75	21.25	31	2550,50
255	3.75	20.25	31	2550,50
255	3.25	20.25	31	2550,50
255	3.25	21.25	31	2550,50
255	2.25	21.25	31	2550,50
255	0.75	22.75	31	2550,50
255	-0.75	22.75	31	2550,50
255	-0.75	22.25	31	2550,50
255	-0.25	21.75	31	2550,50
255	-0.25	21.25	31	2550,50
255	-0.75	21.25	31	2550,50
255	-5.75	26.25	31	2550,50
255	-39.75	41.25	31	2600,50
255	-39.75	41.75	31	2600,50
255	-38.25	41.75	31	2600,50
255	-37.25	40.75	31	2600,50
255	-35.75	40.75	31	2600,50
255	-35.25	41.25	31	2600,50
255	-35.25	42.25	31	2600,50
255	-34.75	42.75	31	2600,50
255	-34.75	43.75	31	2600,50
255	-33.75	43.75	31	2600,50
255	-32.25	45.25	31	2600,50
255	-31.75	45.25	31	2600,50
255	-28.75	42.25	31	2600,50
255	-28.75	41.75	31	2600,50
255	-30.75	39.75	31	2600,50
255	-30.75	39.25	31	2600,50
255	-30.25	38.75	31	2600,50
255	-30.25	38.25	31	2600,50
255	-30.75	38.25	31	2600,50
255	-31.25	38.75	31	2600,50
255	-31.75	38.75	31	2600,50
255	-32.25	38.25	31	2600,50
255	-32.25	37.75	31	2600,50
255	-31.75	37.25	31	2600,50
255	-31.75	36.75	31	2600,50
255	-33.75	36.75	31	2600,50
255	-34.25	36.25	31	2600,50
255	-35.25	36.25	31	2600,50
255	-36.75	34.75	31	2600,50
255	-37.25	34.75	31	2600,50
255	-37.75	35.25	31	2600,50
255	-38.25	35.25	31	2600,50
255	-39.25	34.25	31	2600,50
255	-39.25	33.25	31	2600,50
255	-39.75	32.75	31	2600,50
255	-39.75	31.75	31	2600,50
255	-40.25	31.75	31	2600,50
255	-40.75	32.25	31	2600,50
255	-41.25	32.25	31	2600,50
255	-44.75	28.75	31	2600,50
255	-45.25	28.75	31	2600,50
255	-45.25	30.25	31	2600,50
255	-44.75	30.75	31	2600,50
255	-44.75	31.75	31	2600,50
255	-43.25	33.25	31	2600,50
255	-43.25	34.25	31	2600,50
255	-42.75	34.75	31	2600,50
255	-41.75	34.75	31	2600,50
255	-39.75	36.75	31	2600,50
255	-39.75	37.75	31	2600,50
255	-38.75	38.75	31	2600,50
255	-38.75	40.25	31	2600,50
255	-39.75	41.25	31	2600,50
44	-4.75	27.25	128	2550,50
44	-4.75	27.75	128	2550,50
44	4.25	36.75	128	2550,50
44	4.75	36.75	128	2550,50
44	4.75	30.25	128	2550,50
44	4.25	29.75	128	2550,50
44	3.25	29.75	128	2550,50
44	1.75	28.25	128	2550,50
44	0.75	28.25	128	2550,50
44	0.75	27.25	128	2550,50
44	-1.25	25.25	128	2550,50
44	-1.75	25.25	128	2550,50
44	-3.75	27.25	128	2550,50
44	-4.75	27.25	128	2550,50
44	-45.25	36.75	128	2600,50
44	-45.25	37.25	128	2600,50
44	-34.75	47.75	128	2600,50
44	-34.25	47.75	128	2600,50
44	-32.25	45.75	128	2600,50
44	-32.25	45.25	128	2600,50
44	-33.75	43.75	128	2600,50
44	-34.75	43.75	128	2600,50
44	-34.75	42.75	128	2600,50
44	-35.25	42.25	128	2600,50
44	-35.25	41.25	128	2600,50
44	-35.75	40.75	128	2600,50
44	-37.25	40.75	128	2600,50
44	-38.25	41.75	128	2600,50
44	-39.75	41.75	128	2600,50
44	-39.75	41.25	128	2600,50
44	-38.75	40.25	128	2600,50
44	-38.75	38.75	128	2600,50
44	-39.75	37.75	128	2600,50
44	-39.75	36.75	128	2600,50
44	-41.75	34.75	128	2600,50
44	-42.75	34.75	128	2600,50
44	-43.25	34.25	128	2600,50
44	-43.25	33.25	128	2600,50
44	-44.75	31.75	128	2600,50
44	-44.75	30.75	128	2600,50
44	-45.25	30.75	128	2600,50
44	-45.25	36.75	128	2600,50
209	-34.25	47.75	217	2600,50
209	-34.25	48.25	217	2600,50
209	-33.75	48.75	217	2600,50
209	-33.25	48.75	217	2600,50
209	-30.75	46.25	217	2600,50
209	-29.25	46.25	217	2600,50
209	-29.25	47.25	217	2600,50
209	-28.75	47.75	217	2600,50
209	-28.25	47.75	217	2600,50
209	-27.25	46.75	217	2600,50
209	-27.25	46.25	217	2600,50
209	-28.75	44.75	217	2600,50
209	-28.75	44.25	217	2600,50
209	-27.25	42.75	217	2600,50
209	-26.75	42.75	217	2600,50
209	-23.75	45.75	217	2600,50
209	-23.75	46.75	217	2600,50
209	-23.25	47.25	217	2600,50
209	-22.75	47.25	217	2600,50
209	-21.25	45.75	217	2600,50
209	-20.75	45.75	217	2600,50
209	-20.25	46.25	217	2600,50
209	-20.25	46.75	217	2600,50
209	-21.25	46.75	217	2600,50
209	-21.25	47.25	217	2600,50
209	-20.75	47.75	217	2600,50
209	-20.75	48.75	217	2600,50
209	-17.25	48.75	217	2600,50
209	-17.25	48.25	217	2600,50
209	-18.75	46.75	217	2600,50
209	-18.75	46.25	217	2600,50
209	-15.25	42.75	217	2600,50
209	-14.75	42.75	217	2600,50
209	-13.75	43.75	217	2600,50
209	-13.75	44.75	217	2600,50
209	-13.25	45.25	217	2600,50
209	-11.75	45.25	217	2600,50
209	-11.75	44.75	217	2600,50
209	-14.25	42.25	217	2600,50
209	-14.25	41.75	217	2600,50
209	-13.25	40.75	217	2600,50
209	-13.25	38.75	217	2600,50
209	-12.25	37.75	217	2600,50
209	-12.25	37.25	217	2600,50
209	-12.75	37.25	217	2600,50
209	-14.75	39.25	217	2600,50
209	-15.75	39.25	217	2600,50
209	-18.75	42.25	217	2600,50
209	-18.75	43.25	217	2600,50
209	-19.75	44.25	217	2600,50
209	-22.25	44.25	217	2600,50
209	-22.75	43.75	217	2600,50
209	-23.25	43.75	217	2600,50
209	-23.75	44.25	217	2600,50
209	-24.25	44.25	217	2600,50
209	-25.25	43.25	217	2600,50
209	-25.25	42.75	217	2600,50
209	-24.25	42.75	217	2600,50
209	-24.25	42.25	217	2600,50
209	-24.75	41.75	217	2600,50
209	-24.75	40.75	217	2600,50
209	-25.75	39.75	217	2600,50
209	-25.75	38.75	217	2600,50
209	-27.75	36.75	217	2600,50
209	-27.75	35.75	217	2600,50
209	-28.25	35.75	217	2600,50
209	-28.75	36.25	217	2600,50
209	-29.75	36.25	217	2600,50
209	-30.25	36.75	217	2600,50
209	-30.25	37.25	217	2600,50
209	-29.25	38.25	217	2600,50
209	-29.25	39.25	217	2600,50
209	-28.25	40.25	217	2600,50
209	-28.25	41.75	217	2600,50
209	-34.25	47.75	217	2600,50
209	-22.75	0.25	217	2600,100
209	-22.75	0.75	217	2600,100
209	-21.25	2.25	217	2600,100
209	-20.75	2.25	217	2600,100
209	-20.25	1.75	217	2600,100
209	-20.25	0.75	217	2600,100
209	-19.75	0.75	217	2600,100
209	-18.75	1.75	217	2600,100
209	-17.25	1.75	217	2600,100
209	-17.25	0.75	217	2600,100
209	-16.25	0.75	217	2600,100
209	-15.75	0.25	217	2600,100
209	-15.75	-0.25	217	2600,100
209	-16.75	-1.25	217	2600,100
209	-21.25	-1.25	217	2600,100
209	-22.75	0.25	217	2600,100
138	-33.25	-1.25	160	2600,100
138	-33.25	-0.75	160	2600,100
138	-30.25	2.25	160	2600,100
138	-29.75	2.25	160	2600,100
138	-26.75	-0.75	160	2600,100
138	-26.75	-1.25	160	2600,100
138	-33.25	-1.25	160	2600,100
138	-32.75	48.25	160	2600,50
138	-32.75	48.75	160	2600,50
138	-26.25	48.75	160	2600,50
138	-23.75	46.25	160	2600,50
138	-23.75	45.75	160	2600,50
138	-26.75	42.75	160	2600,50
138	-27.25	42.75	160	2600,50
138	-28.75	44.25	160	2600,50
138	-28.75	44.75	160	2600,50
138	-27.25	46.25	160	2600,50
138	-27.25	46.75	160	2600,50
138	-28.25	47.75	160	2600,50
138	-28.75	47.75	160	2600,50
138	-29.25	47.25	160	2600,50
138	-29.25	46.25	160	2600,50
138	-30.75	46.25	160	2600,50
138	-32.75	48.25	160	2600,50
303	-29.75	2.25	6	2600,100
303	-29.75	2.75	6	2600,100
303	-26.25	6.25	6	2600,100
303	-24.75	6.25	6	2600,100
303	-24.75	5.75	6	2600,100
303	-25.25	5.25	6	2600,100
303	-25.25	4.75	6	2600,100
303	-24.75	4.25	6	2600,100
303	-24.25	4.25	6	2600,100
303	-23.75	4.75	6	2600,100
303	-22.75	4.75	6	2600,100
303	-22.75	5.75	6	2600,100
303	-22.25	5.75	6	2600,100
303	-21.75	5.25	6	2600,100
303	-19.75	5.25	6	2600,100
303	-19.75	4.25	6	2600,100
303	-18.25	2.75	6	2600,100
303	-17.25	2.75	6	2600,100
303	-16.75	2.25	6	2600,100
303	-15.75	2.25	6	2600,100
303	-15.75	1.25	6	2600,100
303	-15.25	1.25	6	2600,100
303	-14.25	2.25	6	2600,100
303	-14.25	2.75	6	2600,100
303	-15.25	2.75	6	2600,100
303	-15.25	3.25	6	2600,100
303	-13.75	4.75	6	2600,100
303	-13.75	5.25	6	2600,100
303	-14.25	5.75	6	2600,100
303	-14.25	6.25	6	2600,100
303	-12.25	6.25	6	2600,100
303	-9.75	8.75	6	2600,100
303	-9.75	9.25	6	2600,100
303	-10.25	9.75	6	2600,100
303	-10.25	10.25	6	2600,100
303	-9.75	10.75	6	2600,100
303	-9.25	10.75	6	2600,100
303	-8.75	10.25	6	2600,100
303	-8.25	10.25	6	2600,100
303	-6.75	11.75	6	2600,100
303	-6.25	11.75	6	2600,100
303	-5.75	11.25	6	2600,100
303	-5.25	11.25	6	2600,100
303	-4.75	11.75	6	2600,100
303	-4.75	12.75	6	2600,100
303	-4.25	12.75	6	2600,100
303	-3.75	12.25	6	2600,100
303	-3.75	11.75	6	2600,100
303	-5.25	10.25	6	2600,100
303	-5.25	9.75	6	2600,100
303	-4.25	8.75	6	2600,100
303	-2.75	8.75	6	2600,100
303	-1.75	9.75	6	2600,100
303	-0.75	9.75	6	2600,100
303	-0.25	10.25	6	2600,100
303	0.25	10.25	6	2600,100
303	1.25	9.25	6	2600,100
303	1.25	8.75	6	2600,100
303	0.75	8.75	6	2600,100
303	0.25	9.25	6	2600,100
303	-0.25	9.25	6	2600,100
303	-2.25	7.25	6	2600,100
303	-2.25	6.75	6	2600,100
303	-1.75	6.75	6	2600,100
303	-0.25	8.25	6	2600,100
303	0.25	8.25	6	2600,100
303	1.25	7.25	6	2600,100
303	1.25	6.75	6	2600,100
303	-1.75	3.75	6	2600,100
303	-1.75	3.25	6	2600,100
303	-1.25	2.75	6	2600,100
303	-0.25	2.75	6	2600,100
303	-0.25	1.75	6	2600,100
303	0.75	1.75	6	2600,100
303	0.75	1.25	6	2600,100
303	0.25	0.75	6	2600,100
303	0.25	0.25	6	2600,100
303	0.75	-0.25	6	2600,100
303	0.75	-0.75	6	2600,100
303	0.25	-1.25	6	2600,100
303	-0.25	-1.25	6	2600,100
303	-0.75	-0.75	6	2600,100
303	-0.75	0.25	6	2600,100
303	-2.75	2.25	6	2600,100
303	-3.75	2.25	6	2600,100
303	-3.75	2.75	6	2600,100
303	-1.75	4.75	6	2600,100
303	-1.75	5.25	6	2600,100
303	-2.25	5.25	6	2600,100
303	-2.75	4.75	6	2600,100
303	-3.25	4.75	6	2600,100
303	-3.25	5.25	6	2600,100
303	-2.75	5.75	6	2600,100
303	-2.75	6.25	6	2600,100
303	-3.75	6.25	6	2600,100
303	-3.75	6.75	6	2600,100
303	-3.25	7.25	6	2600,100
303	-3.25	7.75	6	2600,100
303	-3.75	7.75	6	2600,100
303	-5.75	5.75	6	2600,100
303	-6.25	5.75	6	2600,100
303	-7.75	7.25	6	2600,100
303	-8.25	7.25	6	2600,100
303	-8.25	6.75	6	2600,100
303	-7.25	5.75	6	2600,100
303	-7.25	5.25	6	2600,100
303	-8.25	4.25	6	2600,100
303	-8.75	4.25	6	2600,100
303	-8.75	5.25	6	2600,100
303	-10.25	5.25	6	2600,100
303	-10.75	4.75	6	2600,100
303	-10.75	4.25	6	2600,100
303	-10.25	3.75	6	2600,100
303	-9.25	3.75	6	2600,100
303	-6.75	1.25	6	2600,100
303	-4.75	1.25	6	2600,100
303	-4.75	-1.25	6	2600,100
303	-16.25	-1.25	6	2600,100
303	-16.25	-0.75	6	2600,100
303	-15.75	-0.25	6	2600,100
303	-15.75	0.25	6	2600,100
303	-16.25	0.75	6	2600,100
303	-17.25	0.75	6	2600,100
303	-17.25	1.75	6	2600,100
303	-18.75	1.75	6	2600,100
303	-19.75	0.75	6	2600,100
303	-20.25	0.75	6	2600,100
303	-20.25	1.75	6	2600,100
303	-20.75	2.25	6	2600,100
303	-21.25	2.25	6	2600,100
303	-22.75	0.75	6	2600,100
303	-22.75	0.25	6	2600,100
303	-21.75	-0.75	6	2600,100
303	-21.75	-1.25	6	2600,100
303	-26.25	-1.25	6	2600,100
303	-29.75	2.25	6	2600,100
303	-25.75	48.25	6	2600,50
303	-25.75	48.75	6	2600,50
303	-21.25	48.75	6	2600,50
303	-20.75	48.25	6	2600,50
303	-20.75	47.75	6	2600,50
303	-21.25	47.25	6	2600,50
303	-21.25	46.75	6	2600,50
303	-20.25	46.75	6	2600,50
303	-20.25	46.25	6	2600,50
303	-20.75	45.75	6	2600,50
303	-21.25	45.75	6	2600,50
303	-22.75	47.25	6	2600,50
303	-23.25	47.25	6	2600,50
303	-23.75	46.75	6	2600,50
303	-24.25	46.75	6	2600,50
303	-25.75	48.25	6	2600,50
303	-44.75	3.25	6	2650,100
303	-44.75	3.75	6	2650,100
303	-44.25	3.75	6	2650,100
303	-44.25	2.75	6	2650,100
303	-43.75	2.25	6	2650,100
303	-43.75	1.75	6	2650,100
303	-44.25	1.25	6	2650,100
303	-44.75	1.25	6	2650,100
303	-44.75	3.25	6	2650,100
303	-44.75	45.25	6	2650,50
303	-44.75	45.75	6	2650,50
303	-44.25	45.75	6	2650,50
303	-43.75	45.25	6	2650,50
303	-43.75	44.75	6	2650,50
303	-44.25	44.75	6	2650,50
303	-44.75	45.25	6	2650,50
304	3.75	3.75	6	2600,100
304	3.75	4.25	6	2600,100
304	5.25	4.25	6	2600,100
304	5.25	-1.25	6	2600,100
304	1.75	-1.25	6	2600,100
304	1.75	-0.25	6	2600,100
304	1.25	0.25	6	2600,100
304	1.25	0.75	6	2600,100
304	2.25	0.75	6	2600,100
304	2.25	1.75	6	2600,100
304	3.75	3.25	6	2600,100
304	3.75	3.75	6	2600,100
304	-18.75	46.25	6	2600,50
304	-18.75	46.75	6	2600,50
304	-16.75	48.75	6	2600,50
304	-4.25	48.75	6	2600,50
304	-2.75	47.25	6	2600,50
304	-1.75	47.25	6	2600,50
304	-0.75	46.25	6	2600,50
304	0.25	46.25	6	2600,50
304	0.25	45.75	6	2600,50
304	-0.75	44.75	6	2600,50
304	-0.75	44.25	6	2600,50
304	-0.25	43.75	6	2600,50
304	0.25	43.75	6	2600,50
304	1.25	44.75	6	2600,50
304	1.75	44.75	6	2600,50
304	1.75	43.75	6	2600,50
304	2.25	43.75	6	2600,50
304	2.75	44.25	6	2600,50
304	3.25	44.25	6	2600,50
304	3.25	41.75	6	2600,50
304	2.75	41.75	6	2600,50
304	2.25	42.25	6	2600,50
304	1.75	42.25	6	2600,50
304	0.75	41.25	6	2600,50
304	0.25	41.25	6	2600,50
304	0.25	42.25	6	2600,50
304	-0.25	42.25	6	2600,50
304	-1.75	40.75	6	2600,50
304	-1.75	39.25	6	2600,50
304	-0.25	37.75	6	2600,50
304	0.75	37.75	6	2600,50
304	3.25	35.25	6	2600,50
304	3.75	35.25	6	2600,50
304	4.25	35.75	6	2600,50
304	4.75	35.75	6	2600,50
304	5.25	35.25	6	2600,50
304	5.25	29.75	6	2600,50
304	4.75	29.75	6	2600,50
304	1.25	33.25	6	2600,50
304	1.25	34.75	6	2600,50
304	1.75	35.25	6	2600,50
304	1.75	35.75	6	2600,50
304	1.25	35.75	6	2600,50
304	0.25	34.75	6	2600,50
304	-0.25	34.75	6	2600,50
304	-1.75	36.25	6	2600,50
304	-2.25	36.25	6	2600,50
304	-2.25	35.25	6	2600,50
304	-3.25	35.25	6	2600,50
304	-3.75	34.75	6	2600,50
304	-3.75	33.75	6	2600,50
304	-4.75	32.75	6	2600,50
304	-5.25	32.75	6	2600,50
304	-6.25	33.75	6	2600,50
304	-6.75	33.75	6	2600,50
304	-7.25	33.25	6	2600,50
304	-8.25	33.25	6	2600,50
304	-8.25	32.25	6	2600,50
304	-8.75	32.25	6	2600,50
304	-12.75	36.25	6	2600,50
304	-12.75	36.75	6	2600,50
304	-12.25	37.25	6	2600,50
304	-12.25	37.75	6	2600,50
304	-13.25	38.75	6	2600,50
304	-13.25	40.75	6	2600,50
304	-14.25	41.75	6	2600,50
304	-14.25	42.25	6	2600,50
304	-11.75	44.75	6	2600,50
304	-11.75	45.25	6	2600,50
304	-13.25	45.25	6	2600,50
304	-13.75	44.75	6	2600,50
304	-13.75	43.75	6	2600,50
304	-14.75	42.75	6	2600,50
304	-15.25	42.75	6	2600,50
304	-18.75	46.25	6	2600,50
304	-44.75	35.25	6	2650,50
304	-44.75	35.75	6	2650,50
304	-44.25	35.75	6	2650,50
304	-41.25	32.75	6	2650,50
304	-41.25	31.75	6	2650,50
304	-40.75	31.25	6	2650,50
304	-40.75	29.75	6	2650,50
304	-42.25	28.25	6	2650,50
304	-43.75	28.25	6	2650,50
304	-44.75	29.25	6	2650,50
304	-44.75	35.25	6	2650,50
247	-25.75	6.25	27	2600,100
247	-25.75	6.75	27	2600,100
247	-23.75	8.75	27	2600,100
247	-23.25	8.75	27	2600,100
247	-20.75	6.25	27	2600,100
247	-20.25	6.25	27	2600,100
247	-19.25	7.25	27	2600,100
247	-19.25	8.25	27	2600,100
247	-18.75	8.75	27	2600,100
247	-18.75	10.25	27	2600,100
247	-19.25	10.75	27	2600,100
247	-20.25	10.75	27	2600,100
247	-20.75	11.25	27	2600,100
247	-20.75	11.75	27	2600,100
247	-20.25	12.25	27	2600,100
247	-18.75	12.25	27	2600,100
247	-17.25	10.75	27	2600,100
247	-15.75	10.75	27	2600,100
247	-15.25	11.25	27	2600,100
247	-15.25	12.25	27	2600,100
247	-14.25	12.25	27	2600,100
247	-14.25	13.25	27	2600,100
247	-13.25	14.25	27	2600,100
247	-12.25	14.25	27	2600,100
247	-12.25	15.25	27	2600,100
247	-11.75	15.75	27	2600,100
247	-11.25	15.75	27	2600,100
247	-7.75	12.25	27	2600,100
247	-7.25	12.25	27	2600,100
247	-5.75	13.75	27	2600,100
247	-5.75	14.25	27	2600,100
247	-7.25	15.75	27	2600,100
247	-7.75	15.75	27	2600,100
247	-8.75	14.75	27	2600,100
247	-9.25	14.75	27	2600,100
247	-9.75	15.25	27	2600,100
247	-9.75	15.75	27	2600,100
247	-8.75	16.75	27	2600,100
247	-8.75	17.75	27	2600,100
247	-7.75	18.75	27	2600,100
247	-7.75	19.75	27	2600,100
247	-6.75	19.75	27	2600,100
247	-2.75	23.75	27	2600,100
247	-2.75	24.25	27	2600,100
247	-4.75	26.25	27	2600,100
247	-5.75	26.25	27	2600,100
247	-5.75	26.75	27	2600,100
247	-5.25	27.25	27	2600,100
247	-4.75	27.25	27	2600,100
247	-1.75	24.25	27	2600,100
247	-1.75	23.75	27	2600,100
247	-2.25	23.25	27	2600,100
247	-2.25	22.75	27	2600,100
247	-0.25	22.75	27	2600,100
247	1.25	21.25	27	2600,100
247	1.25	20.25	27	2600,100
247	2.25	19.25	27	2600,100
247	2.25	18.75	27	2600,100
247	0.25	16.75	27	2600,100
247	0.25	15.75	27	2600,100
247	-0.25	15.75	27	2600,100
247	-2.25	17.75	27	2600,100
247	-2.75	17.75	27	2600,100
247	-2.75	17.25	27	2600,100
247	-2.25	16.75	27	2600,100
247	-2.25	15.25	27	2600,100
247	-2.75	15.25	27	2600,100
247	-3.25	15.75	27	2600,100
247	-3.75	15.75	27	2600,100
247	-3.75	14.75	27	2600,100
247	-4.75	14.75	27	2600,100
247	-4.75	14.25	27	2600,100
247	-4.25	13.75	27	2600,100
247	-4.25	13.25	27	2600,100
247	-4.75	12.75	27	2600,100
247	-4.75	11.75	27	2600,100
247	-5.25	11.25	27	2600,100
247	-5.75	11.25	27	2600,100
247	-6.25	11.75	27	2600,100
247	-6.75	11.75	27	2600,100
247	-8.25	10.25	27	2600,100
247	-8.75	10.25	27	2600,100
247	-9.25	10.75	27	2600,100
247	-9.75	10.75	27	2600,100
247	-10.25	10.25	27	2600,100
247	-10.25	9.75	27	2600,100
247	-9.75	9.25	27	2600,100
247	-9.75	8.75	27	2600,100
247	-12.25	6.25	27	2600,100
247	-14.25	6.25	27	2600,100
247	-14.25	5.75	27	2600,100
247	-13.75	5.25	27	2600,100
247	-13.75	4.75	27	2600,100
247	-15.25	3.25	27	2600,100
247	-15.25	2.75	27	2600,100
247	-14.25	2.75	27	2600,100
247	-14.25	2.25	27	2600,100
247	-15.25	1.25	27	2600,100
247	-15.75	1.25	27	2600,100
247	-15.75	2.25	27	2600,100
247	-16.75	2.25	27	2600,100
247	-17.25	2.75	27	2600,100
247	-18.25	2.75	27	2600,100
247	-19.75	4.25	27	2600,100
247	-19.75	5.25	27	2600,100
247	-21.75	5.25	27	2600,100
247	-22.25	5.75	27	2600,100
247	-22.75	5.75	27	2600,100
247	-22.75	4.75	27	2600,100
247	-23.75	4.75	27	2600,100
247	-24.25	4.25	27	2600,100
247	-24.75	4.25	27	2600,100
247	-25.25	4.75	27	2600,100
247	-25.25	5.25	27	2600,100
247	-24.75	5.75	27	2600,100
247	-24.75	6.25	27	2600,100
247	-25.75	6.25	27	2600,100
77	-23.25	8.75	135	2600,100
77	-23.25	9.25	135	2600,100
77	-21.25	11.25	135	2600,100
77	-20.75	11.25	135	2600,100
77	-20.25	10.75	135	2600,100
77	-19.25	10.75	135	2600,100
77	-18.75	10.25	135	2600,100
77	-18.75	8.75	135	2600,100
77	-19.25	8.25	135	2600,100
77	-19.25	7.25	135	2600,100
77	-20.25	6.25	135	2600,100
77	-20.75	6.25	135	2600,100
77	-23.25	8.75	135	2600,100
346	-19.75	12.25	82	2600,100
346	-19.75	12.75	82	2600,100
346	-6.25	26.25	82	2600,100
346	-4.75	26.25	82	2600,100
346	-2.75	24.25	82	2600,100
346	-2.75	23.75	82	2600,100
346	-6.75	19.75	82	2600,100
346	-7.75	19.75	82	2600,100
346	-7.75	18.75	82	2600,100
346	-8.75	17.75	82	2600,100
346	-8.75	16.75	82	2600,100
346	-9.75	15.75	82	2600,100
346	-9.75	15.25	82	2600,100
346	-9.25	14.75	82	2600,100
346	-8.75	14.75	82	2600,100
346	-7.75	15.75	82	2600,100
346	-7.25	15.75	82	2600,100
346	-5.75	14.25	82	2600,100
346	-5.75	13.75	82	2600,100
346	-7.25	12.25	82	2600,100
346	-7.75	12.25	82	2600,100
346	-11.25	15.75	82	2600,100
346	-11.75	15.75	82	2600,100
346	-12.25	15.25	82	2600,100
346	-12.25	14.25	82	2600,100
346	-13.25	14.25	82	2600,100
346	-14.25	13.25	82	2600,100
346	-14.25	12.25	82	2600,100
346	-15.25	12.25	82	2600,100
346	-15.25	11.25	82	2600,100
346	-15.75	10.75	82	2600,100
346	-17.25	10.75	82	2600,100
346	-18.75	12.25	82	2600,100
346	-19.75	12.25	82	2600,100
296	-4.75	27.25	57	2600,100
296	-4.75	27.75	57	2600,100
296	-2.75	29.75	57	2600,100
296	-1.75	29.75	57	2600,100
296	-0.75	30.75	57	2600,100
296	-0.25	30.75	57	2600,100
296	1.75	28.75	57	2600,100
296	2.25	28.75	57	2600,100
296	2.75	29.25	57	2600,100
296	3.75	29.25	57	2600,100
296	3.75	30.25	57	2600,100
296	4.75	31.25	57	2600,100
296	5.25	31.25	57	2600,100
296	5.25	27.75	57	2600,100
296	4.75	27.25	57	2600,100
296	4.75	25.75	57	2600,100
296	5.25	25.25	57	2600,100
296	5.25	20.75	57	2600,100
296	3.75	19.25	57	2600,100
296	3.75	18.75	57	2600,100
296	5.25	17.25	57	2600,100
296	5.25	4.75	57	2600,100
296	4.75	4.25	57	2600,100
296	3.75	4.25	57	2600,100
296	3.75	3.25	57	2600,100
296	2.25	1.75	57	2600,100
296	2.25	0.75	57	2600,100
296	1.25	0.75	57	2600,100
296	1.25	0.25	57	2600,100
296	1.75	-0.25	57	2600,100
296	1.75	-0.75	57	2600,100
296	1.25	-1.25	57	2600,100
296	0.75	-1.25	57	2600,100
296	0.75	-0.25	57	2600,100
296	0.25	0.25	57	2600,100
296	0.25	0.75	57	2600,100
296	0.75	1.25	57	2600,100
296	0.75	1.75	57	2600,100
296	-0.25	1.75	57	2600,100
296	-0.25	2.75	57	2600,100
296	-1.25	2.75	57	2600,100
296	-1.75	3.25	57	2600,100
296	-1.75	3.75	57	2600,100
296	1.25	6.75	57	2600,100
296	1.25	7.25	57	2600,100
296	0.25	8.25	57	2600,100
296	-0.25	8.25	57	2600,100
296	-1.75	6.75	57	2600,100
296	-2.25	6.75	57	2600,100
296	-2.25	7.25	57	2600,100
296	-0.25	9.25	57	2600,100
296	0.25	9.25	57	2600,100
296	0.75	8.75	57	2600,100
296	1.25	8.75	57	2600,100
296	1.25	9.25	57	2600,100
296	0.25	10.25	57	2600,100
296	-0.25	10.25	57	2600,100
296	-0.75	9.75	57	2600,100
296	-1.75	9.75	57	2600,100
296	-2.75	8.75	57	2600,100
296	-4.25	8.75	57	2600,100
296	-5.25	9.75	57	2600,100
296	-5.25	10.25	57	2600,100
296	-3.75	11.75	57	2600,100
296	-3.75	12.25	57	2600,100
296	-4.25	12.75	57	2600,100
296	-4.25	13.75	57	2600,100
296	-4.75	14.25	57	2600,100
296	-4.75	14.75	57	2600,100
296	-3.75	14.75	57	2600,100
296	-3.75	15.75	57	2600,100
296	-3.25	15.75	57	2600,100
296	-2.75	15.25	57	2600,100
296	-2.25	15.25	57	2600,100
296	-2.25	16.75	57	2600,100
296	-2.75	17.25	57	2600,100
296	-2.75	17.75	57	2600,100
296	-2.25	17.75	57	2600,100
296	-0.25	15.75	57	2600,100
296	0.25	15.75	57	2600,100
296	0.25	16.75	57	2600,100
296	2.25	18.75	57	2600,100
296	2.25	19.25	57	2600,100
296	1.25	20.25	57	2600,100
296	1.25	21.25	57	2600,100
296	-0.25	22.75	57	2600,100
296	-2.25	22.75	57	2600,100
296	-2.25	23.25	57	2600,100
296	-1.75	23.75	57	2600,100
296	-1.75	24.25	57	2600,100
296	-4.75	27.25	57	2600,100
296	-44.75	31.25	57	2650,100
296	-44.75	31.75	57	2650,100
296	-44.25	31.75	57	2650,100
296	-43.75	31.25	57	2650,100
296	-43.75	29.75	57	2650,100
296	-44.25	29.25	57	2650,100
296	-44.75	29.25	57	2650,100
296	-44.75	31.25	57	2650,100
296	-3.75	48.25	57	2600,50
296	-3.75	48.75	57	2600,50
296	-0.25	48.75	57	2600,50
296	0.75	47.75	57	2600,50
296	0.75	46.75	57	2600,50
296	1.25	46.75	57	2600,50
296	1.75	47.25	57	2600,50
296	2.25	47.25	57	2600,50
296	3.25	46.25	57	2600,50
296	3.25	45.25	57	2600,50
296	5.25	45.25	57	2600,50
296	5.25	35.75	57	2600,50
296	4.25	35.75	57	2600,50
296	3.75	35.25	57	2600,50
296	3.25	35.25	57	2600,50
296	0.75	37.75	57	2600,50
296	-0.25	37.75	57	2600,50
296	-1.75	39.25	57	2600,50
296	-1.75	40.75	57	2600,50
296	-0.25	42.25	57	2600,50
296	0.25	42.25	57	2600,50
296	0.25	41.25	57	2600,50
296	0.75	41.25	57	2600,50
296	1.75	42.25	57	2600,50
296	2.25	42.25	57	2600,50
296	2.75	41.75	57	2600,50
296	3.25	41.75	57	2600,50
296	3.25	44.25	57	2600,50
296	2.75	44.25	57	2600,50
296	2.25	43.75	57	2600,50
296	1.75	43.75	57	2600,50
296	1.75	44.75	57	2600,50
296	1.25	44.75	57	2600,50
296	0.25	43.75	57	2600,50
296	-0.25	43.75	57	2600,50
296	-0.75	44.25	57	2600,50
296	-0.75	44.75	57	2600,50
296	0.25	45.75	57	2600,50
296	0.25	46.25	57	2600,50
296	-0.75	46.25	57	2600,50
296	-1.75	47.25	57	2600,50
296	-2.75	47.25	57	2600,50
296	-3.75	48.25	57	2600,50
296	-44.75	48.25	57	2650,50
296	-44.75	48.75	57	2650,50
296	-38.25	48.75	57	2650,50
296	-38.25	48.25	57	2650,50
296	-38.75	47.75	57	2650,50
296	-38.75	45.75	57	2650,50
296	-39.25	45.25	57	2650,50
296	-39.25	44.75	57	2650,50
296	-38.75	44.75	57	2650,50
296	-37.75	45.75	57	2650,50
296	-37.25	45.75	57	2650,50
296	-37.25	45.25	57	2650,50
296	-40.25	42.25	57	2650,50
296	-40.25	41.75	57	2650,50
296	-37.75	39.25	57	2650,50
296	-37.75	38.75	57	2650,50
296	-38.25	38.75	57	2650,50
296	-39.75	40.25	57	2650,50
296	-40.75	40.25	57	2650,50
296	-41.25	40.75	57	2650,50
296	-41.25	42.75	57	2650,50
296	-42.25	42.75	57	2650,50
296	-42.75	43.25	57	2650,50
296	-43.25	43.25	57	2650,50
296	-43.25	42.75	57	2650,50
296	-42.25	41.75	57	2650,50
296	-42.25	40.75	57	2650,50
296	-41.75	40.25	57	2650,50
296	-41.75	38.75	57	2650,50
296	-43.25	38.75	57	2650,50
296	-43.25	39.75	57	2650,50
296	-43.75	39.75	57	2650,50
296	-44.25	39.25	57	2650,50
296	-44.25	38.75	57	2650,50
296	-43.75	38.25	57	2650,50
296	-43.75	37.75	57	2650,50
296	-44.25	37.25	57	2650,50
296	-44.25	36.75	57	2650,50
296	-42.75	35.25	57	2650,50
296	-41.75	35.25	57	2650,50
296	-41.75	34.25	57	2650,50
296	-41.25	34.25	57	2650,50
296	-40.75	34.75	57	2650,50
296	-40.25	34.75	57	2650,50
296	-40.25	33.75	57	2650,50
296	-39.25	33.75	57	2650,50
296	-39.25	32.75	57	2650,50
296	-38.75	32.25	57	2650,50
296	-38.25	32.25	57	2650,50
296	-37.25	33.25	57	2650,50
296	-37.25	34.25	57	2650,50
296	-35.75	34.25	57	2650,50
296	-35.75	33.25	57	2650,50
296	-35.25	32.75	57	2650,50
296	-35.25	32.25	57	2650,50
296	-35.75	31.75	57	2650,50
296	-36.75	31.75	57	2650,50
296	-36.75	30.25	57	2650,50
296	-35.75	29.25	57	2650,50
296	-35.75	28.75	57	2650,50
296	-36.25	28.25	57	2650,50
296	-36.25	26.75	57	2650,50
296	-35.25	25.75	57	2650,50
296	-35.25	25.25	57	2650,50
296	-37.25	25.25	57	2650,50
296	-38.25	24.25	57	2650,50
296	-38.25	22.75	57	2650,50
296	-36.75	21.25	57	2650,50
296	-35.75	21.25	57	2650,50
296	-35.25	20.75	57	2650,50
296	-33.75	20.75	57	2650,50
296	-33.75	22.25	57	2650,50
296	-34.75	23.25	57	2650,50
296	-34.75	24.75	57	2650,50
296	-34.25	25.25	57	2650,50
296	-34.25	25.75	57	2650,50
296	-34.75	26.25	57	2650,50
296	-34.75	26.75	57	2650,50
296	-33.25	26.75	57	2650,50
296	-32.25	25.75	57	2650,50
296	-31.25	25.75	57	2650,50
296	-30.25	24.75	57	2650,50
296	-29.75	24.75	57	2650,50
296	-29.25	25.25	57	2650,50
296	-29.25	26.75	57	2650,50
296	-30.25	26.75	57	2650,50
296	-30.25	27.25	57	2650,50
296	-29.25	28.25	57	2650,50
296	-29.25	28.75	57	2650,50
296	-29.75	29.25	57	2650,50
296	-29.75	29.75	57	2650,50
296	-29.25	29.75	57	2650,50
296	-27.25	27.75	57	2650,50
296	-26.25	27.75	57	2650,50
296	-26.25	26.75	57	2650,50
296	-25.75	26.25	57	2650,50
296	-25.25	26.25	57	2650,50
296	-24.75	26.75	57	2650,50
296	-24.25	26.75	57	2650,50
296	-23.75	26.25	57	2650,50
296	-23.25	26.25	57	2650,50
296	-23.25	27.25	57	2650,50
296	-22.25	27.25	57	2650,50
296	-20.75	28.75	57	2650,50
296	-20.75	29.25	57	2650,50
296	-21.25	29.75	57	2650,50
296	-21.75	29.75	57	2650,50
296	-23.25	28.25	57	2650,50
296	-23.75	28.25	57	2650,50
296	-24.25	28.75	57	2650,50
296	-24.25	29.25	57	2650,50
296	-22.75	30.75	57	2650,50
296	-21.75	30.75	57	2650,50
296	-21.25	31.25	57	2650,50
296	-21.25	32.25	57	2650,50
296	-19.75	33.75	57	2650,50
296	-19.25	33.75	57	2650,50
296	-18.75	33.25	57	2650,50
296	-18.75	32.75	57	2650,50
296	-20.25	31.25	57	2650,50
296	-20.25	30.75	57	2650,50
296	-19.75	30.75	57	2650,50
296	-19.25	31.25	57	2650,50
296	-18.25	31.25	57	2650,50
296	-17.75	31.75	57	2650,50
296	-17.75	32.75	57	2650,50
296	-17.25	33.25	57	2650,50
296	-17.25	33.75	57	2650,50
296	-18.25	33.75	57	2650,50
296	-18.75	34.25	57	2650,50
296	-18.75	34.75	57	2650,50
296	-16.25	37.25	57	2650,50
296	-15.75	37.25	57	2650,50
296	-15.25	36.75	57	2650,50
296	-14.75	36.75	57	2650,50
296	-13.75	37.75	57	2650,50
296	-13.75	38.25	57	2650,50
296	-14.25	38.75	57	2650,50
296	-15.25	38.75	57	2650,50
296	-16.25	39.75	57	2650,50
296	-16.75	39.75	57	2650,50
296	-16.75	38.75	57	2650,50
296	-18.75	36.75	57	2650,50
296	-18.75	35.75	57	2650,50
296	-19.25	35.25	57	2650,50
296	-20.25	35.25	57	2650,50
296	-20.75	34.75	57	2650,50
296	-20.75	33.75	57	2650,50
296	-21.25	33.75	57	2650,50
296	-21.75	34.25	57	2650,50
296	-22.25	34.25	57	2650,50
296	-23.25	33.25	57	2650,50
296	-23.25	32.25	57	2650,50
296	-24.25	32.25	57	2650,50
296	-24.25	31.25	57	2650,50
296	-25.25	30.25	57	2650,50
296	-25.75	30.25	57	2650,50
296	-26.25	30.75	57	2650,50
296	-26.75	30.75	57	2650,50
296	-26.75	30.25	57	2650,50
296	-26.25	29.75	57	2650,50
296	-26.25	29.25	57	2650,50
296	-26.75	29.25	57	2650,50
296	-27.25	29.75	57	2650,50
296	-28.25	29.75	57	2650,50
296	-28.75	30.25	57	2650,50
296	-28.75	30.75	57	2650,50
296	-28.25	31.25	57	2650,50
296	-28.25	31.75	57	2650,50
296	-29.25	31.75	57	2650,50
296	-29.75	32.25	57	2650,50
296	-29.75	32.75	57	2650,50
296	-29.25	33.25	57	2650,50
296	-29.25	34.25	57	2650,50
296	-28.25	34.25	57	2650,50
296	-27.25	35.25	57	2650,50
296	-27.25	37.25	57	2650,50
296	-24.25	37.25	57	2650,50
296	-23.75	37.75	57	2650,50
296	-23.25	37.75	57	2650,50
296	-22.75	37.25	57	2650,50
296	-22.25	37.25	57	2650,50
296	-22.25	37.75	57	2650,50
296	-23.25	38.75	57	2650,50
296	-23.25	39.25	57	2650,50
296	-20.25	42.25	57	2650,50
296	-20.25	42.75	57	2650,50
296	-21.25	43.75	57	2650,50
296	-21.25	44.25	57	2650,50
296	-20.75	44.75	57	2650,50
296	-20.75	45.25	57	2650,50
296	-21.25	45.75	57	2650,50
296	-21.75	45.75	57	2650,50
296	-22.25	45.25	57	2650,50
296	-22.75	45.25	57	2650,50
296	-23.75	46.25	57	2650,50
296	-23.75	46.75	57	2650,50
296	-21.75	48.75	57	2650,50
296	-18.25	48.75	57	2650,50
296	-18.25	47.25	57	2650,50
296	-19.25	46.25	57	2650,50
296	-20.25	46.25	57	2650,50
296	-20.25	43.75	57	2650,50
296	-19.75	43.25	57	2650,50
296	-18.25	43.25	57	2650,50
296	-15.75	45.75	57	2650,50
296	-15.75	46.25	57	2650,50
296	-17.75	48.25	57	2650,50
296	-17.75	48.75	57	2650,50
296	-7.25	48.75	57	2650,50
296	-6.75	48.25	57	2650,50
296	-6.75	47.75	57	2650,50
296	-7.25	47.25	57	2650,50
296	-7.25	46.25	57	2650,50
296	-9.25	44.25	57	2650,50
296	-9.25	43.75	57	2650,50
296	-7.75	42.25	57	2650,50
296	-7.75	41.75	57	2650,50
296	-8.75	40.75	57	2650,50
296	-8.75	39.25	57	2650,50
296	-7.75	38.25	57	2650,50
296	-7.75	37.75	57	2650,50
296	-11.25	34.25	57	2650,50
296	-11.25	33.75	57	2650,50
296	-10.25	32.75	57	2650,50
296	-9.75	32.75	57	2650,50
296	-6.25	36.25	57	2650,50
296	-5.75	36.25	57	2650,50
296	-4.25	34.75	57	2650,50
296	-4.25	34.25	57	2650,50
296	-7.75	30.75	57	2650,50
296	-7.75	30.25	57	2650,50
296	-7.25	29.75	57	2650,50
296	-7.25	29.25	57	2650,50
296	-7.75	28.75	57	2650,50
296	-7.75	27.75	57	2650,50
296	-8.25	27.25	57	2650,50
296	-8.25	25.75	57	2650,50
296	-7.75	25.25	57	2650,50
296	-7.25	25.25	57	2650,50
296	-6.25	26.25	57	2650,50
296	-5.75	26.25	57	2650,50
296	-4.75	25.25	57	2650,50
296	-4.75	24.75	57	2650,50
296	-5.75	23.75	57	2650,50
296	-6.25	23.75	57	2650,50
296	-6.75	24.25	57	2650,50
296	-7.25	24.25	57	2650,50
296	-7.25	23.25	57	2650,50
296	-7.75	23.25	57	2650,50
296	-8.25	23.75	57	2650,50
296	-8.25	24.75	57	2650,50
296	-8.75	25.25	57	2650,50
296	-9.25	25.25	57	2650,50
296	-9.25	24.25	57	2650,50
296	-12.25	24.25	57	2650,50
296	-12.75	23.75	57	2650,50
296	-12.75	23.25	57	2650,50
296	-11.25	21.75	57	2650,50
296	-10.75	21.75	57	2650,50
296	-9.25	23.25	57	2650,50
296	-8.75	23.25	57	2650,50
296	-7.75	22.25	57	2650,50
296	-7.75	21.75	57	2650,50
296	-8.75	20.75	57	2650,50
296	-8.75	19.25	57	2650,50
296	-6.75	17.25	57	2650,50
296	-6.75	16.75	57	2650,50
296	-7.25	16.75	57	2650,50
296	-7.75	17.25	57	2650,50
296	-8.75	17.25	57	2650,50
296	-10.25	18.75	57	2650,50
296	-10.75	18.75	57	2650,50
296	-12.75	16.75	57	2650,50
296	-13.25	16.75	57	2650,50
296	-13.75	17.25	57	2650,50
296	-14.25	17.25	57	2650,50
296	-14.75	16.75	57	2650,50
296	-14.75	15.25	57	2650,50
296	-13.75	15.25	57	2650,50
296	-11.25	12.75	57	2650,50
296	-11.25	12.25	57	2650,50
296	-11.75	11.75	57	2650,50
296	-12.25	11.75	57	2650,50
296	-12.75	12.25	57	2650,50
296	-13.25	12.25	57	2650,50
296	-13.25	11.75	57	2650,50
296	-12.75	11.25	57	2650,50
296	-12.75	10.75	57	2650,50
296	-13.75	10.75	57	2650,50
296	-14.25	10.25	57	2650,50
296	-15.25	10.25	57	2650,50
296	-15.25	9.75	57	2650,50
296	-14.75	9.25	57	2650,50
296	-14.75	8.75	57	2650,50
296	-16.75	6.75	57	2650,50
296	-19.25	6.75	57	2650,50
296	-19.25	7.25	57	2650,50
296	-18.75	7.75	57	2650,50
296	-18.75	8.25	57	2650,50
296	-20.25	9.75	57	2650,50
296	-20.75	9.75	57	2650,50
296	-20.75	8.75	57	2650,50
296	-21.75	7.75	57	2650,50
296	-21.75	6.25	57	2650,50
296	-19.75	4.25	57	2650,50
296	-19.75	3.75	57	2650,50
296	-22.75	0.75	57	2650,50
296	-23.25	0.75	57	2650,50
296	-29.25	6.75	57	2650,50
296	-29.25	7.25	57	2650,50
296	-28.25	8.25	57	2650,50
296	-28.25	8.75	57	2650,50
296	-28.75	9.25	57	2650,50
296	-29.25	9.25	57	2650,50
296	-30.25	8.25	57	2650,50
296	-31.75	8.25	57	2650,50
296	-32.75	9.25	57	2650,50
296	-33.25	9.25	57	2650,50
296	-33.75	8.75	57	2650,50
296	-34.25	8.75	57	2650,50
296	-35.25	9.75	57	2650,50
296	-35.25	10.25	57	2650,50
296	-34.75	10.75	57	2650,50
296	-34.75	12.25	57	2650,50
296	-36.75	14.25	57	2650,50
296	-36.75	14.75	57	2650,50
296	-36.25	15.25	57	2650,50
296	-36.25	16.75	57	2650,50
296	-36.75	16.75	57	2650,50
296	-37.75	15.75	57	2650,50
296	-38.75	15.75	57	2650,50
296	-39.75	14.75	57	2650,50
296	-39.75	13.75	57	2650,50
296	-40.25	13.75	57	2650,50
296	-44.75	18.25	57	2650,50
296	-44.75	28.75	57	2650,50
296	-44.25	28.75	57	2650,50
296	-43.75	28.25	57	2650,50
296	-42.25	28.25	57	2650,50
296	-40.75	29.75	57	2650,50
296	-40.75	31.25	57	2650,50
296	-41.25	31.75	57	2650,50
296	-41.25	32.75	57	2650,50
296	-44.75	36.25	57	2650,50
296	-44.75	44.75	57	2650,50
296	-43.75	44.75	57	2650,50
296	-43.75	45.25	57	2650,50
296	-44.75	46.25	57	2650,50
296	-44.75	48.25	57	2650,50
297	-10.75	4.25	57	2600,100
297	-10.75	4.75	57	2600,100
297	-10.25	5.25	57	2600,100
297	-8.75	5.25	57	2600,100
297	-8.75	4.25	57	2600,100
297	-8.25	4.25	57	2600,100
297	-7.25	5.25	57	2600,100
297	-7.25	5.75	57	2600,100
297	-8.25	6.75	57	2600,100
297	-8.25	7.25	57	2600,100
297	-7.75	7.25	57	2600,100
297	-6.25	5.75	57	2600,100
297	-5.75	5.75	57	2600,100
297	-3.75	7.75	57	2600,100
297	-3.25	7.75	57	2600,100
297	-3.25	7.25	57	2600,100
297	-3.75	6.75	57	2600,100
297	-3.75	6.25	57	2600,100
297	-2.75	6.25	57	2600,100
297	-2.75	5.75	57	2600,100
297	-3.25	5.25	57	2600,100
297	-3.25	4.75	57	2600,100
297	-2.75	4.75	57	2600,100
297	-2.25	5.25	57	2600,100
297	-1.75	5.25	57	2600,100
297	-1.75	4.75	57	2600,100
297	-3.75	2.75	57	2600,100
297	-3.75	2.25	57	2600,100
297	-2.75	2.25	57	2600,100
297	-0.75	0.25	57	2600,100
297	-0.75	-1.25	57	2600,100
297	-4.25	-1.25	57	2600,100
297	-4.75	-0.75	57	2600,100
297	-4.75	1.25	57	2600,100
297	-6.75	1.25	57	2600,100
297	-9.25	3.75	57	2600,100
297	-10.25	3.75	57	2600,100
297	-10.75	4.25	57	2600,100
297	-38.75	34.25	57	2650,100
297	-38.75	34.75	57	2650,100
297	-37.25	36.25	57	2650,100
297	-36.75	36.25	57	2650,100
297	-35.75	35.25	57	2650,100
297	-35.25	35.25	57	2650,100
297	-34.75	35.75	57	2650,100
297	-33.75	35.75	57	2650,100
297	-33.75	36.75	57	2650,100
297	-33.25	37.25	57	2650,100
297	-32.75	37.25	57	2650,100
297	-30.75	35.25	57	2650,100
297	-30.75	34.75	57	2650,100
297	-31.25	34.25	57	2650,100
297	-31.25	33.75	57	2650,100
297	-30.75	33.25	57	2650,100
297	-30.75	32.75	57	2650,100
297	-31.25	32.75	57	2650,100
297	-31.75	33.25	57	2650,100
297	-32.25	33.25	57	2650,100
297	-34.75	30.75	57	2650,100
297	-34.75	30.25	57	2650,100
297	-29.25	24.75	57	2650,100
297	-29.25	21.75	57	2650,100
297	-28.75	21.75	57	2650,100
297	-27.75	22.75	57	2650,100
297	-26.75	22.75	57	2650,100
297	-25.25	24.25	57	2650,100
297	-24.75	24.25	57	2650,100
297	-24.75	21.75	57	2650,100
297	-25.75	20.75	57	2650,100
297	-25.75	20.25	57	2650,100
297	-25.25	19.75	57	2650,100
297	-24.25	19.75	57	2650,100
297	-21.25	16.75	57	2650,100
297	-20.75	16.75	57	2650,100
297	-18.75	18.75	57	2650,100
297	-18.75	19.25	57	2650,100
297	-20.75	19.25	57	2650,100
297	-20.75	19.75	57	2650,100
297	-19.75	20.75	57	2650,100
297	-19.75	21.75	57	2650,100
297	-19.25	22.25	57	2650,100
297	-19.25	22.75	57	2650,100
297	-19.75	23.25	57	2650,100
297	-19.75	23.75	57	2650,100
297	-19.25	23.75	57	2650,100
297	-4.25	8.75	57	2650,100
297	-4.25	8.25	57	2650,100
297	-4.75	7.75	57	2650,100
297	-5.25	7.75	57	2650,100
297	-6.75	9.25	57	2650,100
297	-7.75	9.25	57	2650,100
297	-7.75	10.25	57	2650,100
297	-8.75	11.25	57	2650,100
297	-9.25	11.25	57	2650,100
297	-9.25	10.75	57	2650,100
297	-8.75	10.25	57	2650,100
297	-8.75	9.75	57	2650,100
297	-9.25	9.75	57	2650,100
297	-9.75	10.25	57	2650,100
297	-10.75	10.25	57	2650,100
297	-11.75	11.25	57	2650,100
297	-13.75	11.25	57	2650,100
297	-13.75	12.25	57	2650,100
297	-15.25	13.75	57	2650,100
297	-15.25	14.75	57	2650,100
297	-16.25	15.75	57	2650,100
297	-16.25	17.25	57	2650,100
297	-15.75	17.75	57	2650,100
297	-15.75	18.25	57	2650,100
297	-16.25	18.75	57	2650,100
297	-17.75	18.75	57	2650,100
297	-17.75	17.25	57	2650,100
297	-17.25	16.75	57	2650,100
297	-17.25	16.25	57	2650,100
297	-19.25	14.25	57	2650,100
297	-19.25	13.75	57	2650,100
297	-18.25	13.75	57	2650,100
297	-17.25	12.75	57	2650,100
297	-16.25	12.75	57	2650,100
297	-16.25	11.75	57	2650,100
297	-15.25	10.75	57	2650,100
297	-14.25	10.75	57	2650,100
297	-14.25	9.75	57	2650,100
297	-13.25	8.75	57	2650,100
297	-13.25	8.25	57	2650,100
297	-14.25	7.25	57	2650,100
297	-14.25	6.25	57	2650,100
297	-15.25	5.25	57	2650,100
297	-15.25	4.75	57	2650,100
297	-14.25	3.75	57	2650,100
297	-13.75	3.75	57	2650,100
297	-12.75	4.75	57	2650,100
297	-12.25	4.75	57	2650,100
297	-11.25	3.75	57	2650,100
297	-11.25	3.25	57	2650,100
297	-11.75	2.75	57	2650,100
297	-12.75	2.75	57	2650,100
297	-12.75	2.25	57	2650,100
297	-11.75	1.25	57	2650,100
297	-11.25	1.25	57	2650,100
297	-10.25	2.25	57	2650,100
297	-9.75	2.25	57	2650,100
297	-6.75	-0.75	57	2650,100
297	-6.75	-1.25	57	2650,100
297	-21.25	-1.25	57	2650,100
297	-21.25	-0.75	57	2650,100
297	-20.25	0.25	57	2650,100
297	-19.75	0.25	57	2650,100
297	-19.25	-0.25	57	2650,100
297	-18.75	-0.25	57	2650,100
297	-18.25	0.25	57	2650,100
297	-18.25	0.75	57	2650,100
297	-18.75	1.25	57	2650,100
297	-18.75	1.75	57	2650,100
297	-17.75	2.75	57	2650,100
297	-17.75	3.25	57	2650,100
297	-18.75	3.25	57	2650,100
297	-19.75	4.25	57	2650,100
297	-20.75	4.25	57	2650,100
297	-21.25	4.75	57	2650,100
297	-21.75	4.75	57	2650,100
297	-22.75	3.75	57	2650,100
297	-23.25	3.75	57	2650,100
297	-25.75	6.25	57	2650,100
297	-26.25	6.25	57	2650,100
297	-28.25	4.25	57	2650,100
297	-28.25	3.25	57	2650,100
297	-28.75	3.25	57	2650,100
297	-29.25	3.75	57	2650,100
297	-29.75	3.75	57	2650,100
297	-30.25	3.25	57	2650,100
297	-30.75	3.25	57	2650,100
297	-30.75	4.25	57	2650,100
297	-31.25	4.75	57	2650,100
297	-31.75	4.75	57	2650,100
297	-32.25	4.25	57	2650,100
297	-32.25	2.25	57	2650,100
297	-33.25	1.25	57	2650,100
297	-33.75	1.25	57	2650,100
297	-34.25	1.75	57	2650,100
297	-34.75	1.75	57	2650,100
297	-34.75	0.75	57	2650,100
297	-35.25	0.75	57	2650,100
297	-36.75	2.25	57	2650,100
297	-36.75	3.25	57	2650,100
297	-37.25	3.75	57	2650,100
297	-37.75	3.75	57	2650,100
297	-37.75	2.25	57	2650,100
297	-35.75	0.25	57	2650,100
297	-35.75	-0.25	57	2650,100
297	-36.75	-1.25	57	2650,100
297	-44.25	-1.25	57	2650,100
297	-44.75	-0.75	57	2650,100
297	-44.75	0.75	57	2650,100
297	-43.75	1.75	57	2650,100
297	-43.75	2.25	57	2650,100
297	-44.25	2.75	57	2650,100
297	-44.25	3.75	57	2650,100
297	-44.75	4.25	57	2650,100
297	-44.75	16.75	57	2650,100
297	-44.25	17.25	57	2650,100
297	-43.75	17.25	57	2650,100
297	-43.25	16.75	57	2650,100
297	-43.25	15.75	57	2650,100
297	-42.75	15.25	57	2650,100
297	-42.75	14.25	57	2650,100
297	-40.25	11.75	57	2650,100
297	-40.25	10.75	57	2650,100
297	-39.75	10.75	57	2650,100
297	-39.25	11.25	57	2650,100
297	-37.75	11.25	57	2650,100
297	-36.25	9.75	57	2650,100
297	-36.25	9.25	57	2650,100
297	-36.75	9.25	57	2650,100
297	-37.75	10.25	57	2650,100
297	-39.25	10.25	57	2650,100
297	-41.75	7.75	57	2650,100
297	-41.75	6.75	57	2650,100
297	-42.75	6.75	57	2650,100
297	-44.25	5.25	57	2650,100
297	-44.25	4.75	57	2650,100
297	-43.25	3.75	57	2650,100
297	-40.75	3.75	57	2650,100
297	-39.75	4.75	57	2650,100
297	-39.75	5.25	57	2650,100
297	-40.75	5.25	57	2650,100
297	-40.75	5.75	57	2650,100
297	-39.75	6.75	57	2650,100
297	-39.25	6.75	57	2650,100
297	-38.75	6.25	57	2650,100
297	-38.25	6.25	57	2650,100
297	-36.75	7.75	57	2650,100
297	-35.25	7.75	57	2650,100
297	-35.25	7.25	57	2650,100
297	-37.25	5.25	57	2650,100
297	-37.25	4.75	57	2650,100
297	-36.75	4.75	57	2650,100
297	-34.75	6.75	57	2650,100
297	-33.25	6.75	57	2650,100
297	-32.75	6.25	57	2650,100
297	-31.75	6.25	57	2650,100
297	-31.25	5.75	57	2650,100
297	-30.75	5.75	57	2650,100
297	-28.75	7.75	57	2650,100
297	-28.75	9.75	57	2650,100
297	-28.25	10.25	57	2650,100
297	-28.25	12.25	57	2650,100
297	-25.25	15.25	57	2650,100
297	-25.25	15.75	57	2650,100
297	-26.25	15.75	57	2650,100
297	-27.25	16.75	57	2650,100
297	-27.25	17.25	57	2650,100
297	-26.75	17.75	57	2650,100
297	-26.75	19.25	57	2650,100
297	-28.25	20.75	57	2650,100
297	-28.75	20.75	57	2650,100
297	-29.75	19.75	57	2650,100
297	-30.25	19.75	57	2650,100
297	-33.25	22.75	57	2650,100
297	-33.75	22.75	57	2650,100
297	-35.75	20.75	57	2650,100
297	-36.25	20.75	57	2650,100
297	-36.25	21.75	57	2650,100
297	-36.75	22.25	57	2650,100
297	-37.25	22.25	57	2650,100
297	-38.25	21.25	57	2650,100
297	-38.75	21.25	57	2650,100
297	-38.75	22.75	57	2650,100
297	-36.25	25.25	57	2650,100
297	-36.25	25.75	57	2650,100
297	-37.75	27.25	57	2650,100
297	-38.25	27.25	57	2650,100
297	-41.25	24.25	57	2650,100
297	-41.25	23.25	57	2650,100
297	-41.75	22.75	57	2650,100
297	-42.75	22.75	57	2650,100
297	-44.25	21.25	57	2650,100
297	-44.75	21.25	57	2650,100
297	-44.75	24.75	57	2650,100
297	-44.25	24.75	57	2650,100
297	-43.25	23.75	57	2650,100
297	-42.75	23.75	57	2650,100
297	-42.25	24.25	57	2650,100
297	-42.25	24.75	57	2650,100
297	-42.75	25.25	57	2650,100
297	-42.75	26.25	57	2650,100
297	-43.75	27.25	57	2650,100
297	-43.75	27.75	57	2650,100
297	-43.25	27.75	57	2650,100
297	-42.25	26.75	57	2650,100
297	-41.75	26.75	57	2650,100
297	-41.25	27.25	57	2650,100
297	-40.25	27.25	57	2650,100
297	-40.25	27.75	57	2650,100
297	-40.75	28.25	57	2650,100
297	-41.75	28.25	57	2650,100
297	-41.75	29.75	57	2650,100
297	-40.25	29.75	57	2650,100
297	-39.75	29.25	57	2650,100
297	-39.25	29.25	57	2650,100
297	-36.75	31.75	57	2650,100
297	-36.75	32.25	57	2650,100
297	-38.75	34.25	57	2650,100
297	4.25	47.25	57	2600,50
297	4.25	47.75	57	2600,50
297	4.75	48.25	57	2600,50
297	5.25	48.25	57	2600,50
297	5.25	46.75	57	2600,50
297	4.75	46.25	57	2600,50
297	4.25	46.25	57	2600,50
297	4.25	47.25	57	2600,50
297	-37.75	48.75	57	2650,50
297	-37.75	48.25	57	2650,50
297	-37.25	48.25	57	2650,50
297	-37.25	48.75	57	2650,50
297	-37.75	48.75	57	2650,50
20	-2.25	29.75	110	2600,100
20	-2.25	30.25	110	2600,100
20	3.25	35.75	110	2600,100
20	3.75	35.75	110	2600,100
20	5.25	34.25	110	2600,100
20	5.25	31.75	110	2600,100
20	3.75	30.25	110	2600,100
20	3.75	29.25	110	2600,100
20	2.75	29.25	110	2600,100
20	2.25	28.75	110	2600,100
20	1.75	28.75	110	2600,100
20	-0.25	30.75	110	2600,100
20	-0.75	30.75	110	2600,100
20	-1.75	29.75	110	2600,100
20	-2.25	29.75	110	2600,100
20	-43.25	38.75	110	2650,100
20	-43.25	39.25	110	2650,100
20	-41.75	40.75	110	2650,100
20	-41.25	40.75	110	2650,100
20	-38.75	38.25	110	2650,100
20	-38.25	38.25	110	2650,100
20	-37.25	39.25	110	2650,100
20	-37.25	39.75	110	2650,100
20	-37.75	40.25	110	2650,100
20	-37.75	41.75	110	2650,100
20	-37.25	41.75	110	2650,100
20	-33.25	37.75	110	2650,100
20	-33.25	37.25	110	2650,100
20	-33.75	36.75	110	2650,100
20	-33.75	35.75	110	2650,100
20	-34.75	35.75	110	2650,100
20	-35.25	35.25	110	2650,100
20	-35.75	35.25	110	2650,100
20	-36.75	36.25	110	2650,100
20	-37.25	36.25	110	2650,100
20	-38.75	34.75	110	2650,100
20	-38.75	34.25	110	2650,100
20	-36.75	32.25	110	2650,100
20	-36.75	31.75	110	2650,100
20	-39.25	29.25	110	2650,100
20	-39.75	29.25	110	2650,100
20	-40.25	29.75	110	2650,100
20	-41.75	29.75	110	2650,100
20	-41.75	28.25	110	2650,100
20	-40.75	28.25	110	2650,100
20	-40.25	27.75	110	2650,100
20	-40.25	27.25	110	2650,100
20	-41.25	27.25	110	2650,100
20	-41.75	26.75	110	2650,100
20	-42.25	26.75	110	2650,100
20	-43.25	27.75	110	2650,100
20	-43.75	27.75	110	2650,100
20	-43.75	27.25	110	2650,100
20	-42.75	26.25	110	2650,100
20	-42.75	25.25	110	2650,100
20	-42.25	24.75	110	2650,100
20	-42.25	24.25	110	2650,100
20	-42.75	23.75	110	2650,100
20	-43.25	23.75	110	2650,100
20	-44.75	25.25	110	2650,100
20	-44.75	28.75	110	2650,100
20	-43.75	29.75	110	2650,100
20	-43.75	31.25	110	2650,100
20	-44.75	32.25	110	2650,100
20	-44.75	33.75	110	2650,100
20	-44.25	33.75	110	2650,100
20	-43.75	33.25	110	2650,100
20	-42.25	33.25	110	2650,100
20	-42.25	34.25	110	2650,100
20	-40.75	35.75	110	2650,100
20	-40.75	36.25	110	2650,100
20	-43.25	38.75	110	2650,100
21	4.75	26.75	110	2600,100
21	4.75	27.25	110	2600,100
21	5.25	27.25	110	2600,100
21	5.25	25.75	110	2600,100
21	4.75	25.75	110	2600,100
21	4.75	26.75	110	2600,100
156	3.75	35.75	175	2600,100
156	3.75	36.25	175	2600,100
156	4.75	37.25	175	2600,100
156	5.25	37.25	175	2600,100
156	5.25	34.75	175	2600,100
156	4.75	34.75	175	2600,100
156	3.75	35.75	175	2600,100
156	-44.75	37.25	175	2650,100
156	-44.75	37.75	175	2650,100
156	-43.75	38.75	175	2650,100
156	-43.25	38.75	175	2650,100
156	-40.75	36.25	175	2650,100
156	-40.75	35.75	175	2650,100
156	-42.25	34.25	175	2650,100
156	-42.25	33.25	175	2650,100
156	-43.75	33.25	175	2650,100
156	-44.75	34.25	175	2650,100
156	-44.75	37.25	175	2650,100
276	-41.25	40.75	42	2650,100
276	-41.25	41.25	42	2650,100
276	-37.75	44.75	42	2650,100
276	-37.25	44.75	42	2650,100
276	-34.75	42.25	42	2650,100
276	-34.25	42.25	42	2650,100
276	-32.25	44.25	42	2650,100
276	-32.25	45.75	42	2650,100
276	-34.25	47.75	42	2650,100
276	-34.25	48.25	42	2650,100
276	-33.75	48.25	42	2650,100
276	-31.25	45.75	42	2650,100
276	-31.25	44.75	42	2650,100
276	-30.25	43.75	42	2650,100
276	-30.25	43.25	42	2650,100
276	-32.75	40.75	42	2650,100
276	-32.75	40.25	42	2650,100
276	-31.25	38.75	42	2650,100
276	-30.75	38.75	42	2650,100
276	-28.25	41.25	42	2650,100
276	-28.25	42.25	42	2650,100
276	-27.75	42.25	42	2650,100
276	-27.25	41.75	42	2650,100
276	-27.25	41.25	42	2650,100
276	-28.25	40.25	42	2650,100
276	-28.25	39.75	42	2650,100
276	-27.25	39.75	42	2650,100
276	-27.25	39.25	42	2650,100
276	-27.75	38.75	42	2650,100
276	-27.75	37.75	42	2650,100
276	-28.75	37.75	42	2650,100
276	-29.25	37.25	42	2650,100
276	-29.75	37.25	42	2650,100
276	-30.25	37.75	42	2650,100
276	-30.75	37.75	42	2650,100
276	-31.25	37.25	42	2650,100
276	-31.25	36.75	42	2650,100
276	-30.25	35.75	42	2650,100
276	-29.25	35.75	42	2650,100
276	-28.75	35.25	42	2650,100
276	-27.75	35.25	42	2650,100
276	-27.25	34.75	42	2650,100
276	-27.25	34.25	42	2650,100
276	-27.75	33.75	42	2650,100
276	-27.75	33.25	42	2650,100
276	-24.25	29.75	42	2650,100
276	-23.25	29.75	42	2650,100
276	-22.75	29.25	42	2650,100
276	-22.75	27.75	42	2650,100
276	-23.25	27.75	42	2650,100
276	-26.75	31.25	42	2650,100
276	-27.25	31.25	42	2650,100
276	-27.75	30.75	42	2650,100
276	-28.25	30.75	42	2650,100
276	-28.25	31.25	42	2650,100
276	-27.75	31.75	42	2650,100
276	-27.75	32.25	42	2650,100
276	-28.25	32.75	42	2650,100
276	-28.75	32.75	42	2650,100
276	-29.25	32.25	42	2650,100
276	-30.25	32.25	42	2650,100
276	-30.75	31.75	42	2650,100
276	-31.25	31.75	42	2650,100
276	-31.75	32.25	42	2650,100
276	-31.75	32.75	42	2650,100
276	-30.75	32.75	42	2650,100
276	-30.75	33.25	42	2650,100
276	-31.25	33.75	42	2650,100
276	-31.25	34.25	42	2650,100
276	-30.75	34.75	42	2650,100
276	-30.75	35.25	42	2650,100
276	-37.25	41.75	42	2650,100
276	-37.75	41.75	42	2650,100
276	-37.75	40.25	42	2650,100
276	-37.25	39.75	42	2650,100
276	-37.25	39.25	42	2650,100
276	-38.25	38.25	42	2650,100
276	-38.75	38.25	42	2650,100
276	-41.25	40.75	42	2650,100
323	-37.25	44.75	68	2650,100
323	-37.25	45.25	68	2650,100
323	-34.75	47.75	68	2650,100
323	-34.25	47.75	68	2650,100
323	-32.25	45.75	68	2650,100
323	-32.25	44.25	68	2650,100
323	-34.25	42.25	68	2650,100
323	-34.75	42.25	68	2650,100
323	-37.25	44.75	68	2650,100
149	-33.75	48.25	17	2650,100
149	-33.75	48.75	17	2650,100
149	-33.25	49.25	17	2650,100
149	-24.75	49.25	17	2650,100
149	-24.75	48.25	17	2650,100
149	-21.75	45.25	17	2650,100
149	-21.25	45.25	17	2650,100
149	-20.25	46.25	17	2650,100
149	-20.25	46.75	17	2650,100
149	-21.25	46.75	17	2650,100
149	-21.25	49.25	17	2650,100
149	-16.75	49.25	17	2650,100
149	-16.75	47.25	17	2650,100
149	-15.75	46.25	17	2650,100
149	-15.25	46.25	17	2650,100
149	-14.75	46.75	17	2650,100
149	-14.25	46.75	17	2650,100
149	-14.25	45.25	17	2650,100
149	-14.75	44.75	17	2650,100
149	-15.25	44.75	17	2650,100
149	-17.75	47.25	17	2650,100
149	-18.25	47.25	17	2650,100
149	-18.75	46.75	17	2650,100
149	-18.75	46.25	17	2650,100
149	-15.25	42.75	17	2650,100
149	-15.25	42.25	17	2650,100
149	-16.25	42.25	17	2650,100
149	-16.75	41.75	17	2650,100
149	-16.75	41.25	17	2650,100
149	-15.75	40.25	17	2650,100
149	-15.25	40.25	17	2650,100
149	-15.25	41.25	17	2650,100
149	-14.75	41.75	17	2650,100
149	-14.25	41.75	17	2650,100
149	-12.25	39.75	17	2650,100
149	-12.25	39.25	17	2650,100
149	-12.75	38.75	17	2650,100
149	-12.75	37.75	17	2650,100
149	-13.25	37.25	17	2650,100
149	-13.75	37.25	17	2650,100
149	-16.25	39.75	17	2650,100
149	-17.25	39.75	17	2650,100
149	-17.25	40.75	17	2650,100
149	-19.25	40.75	17	2650,100
149	-19.75	41.25	17	2650,100
149	-19.75	41.75	17	2650,100
149	-19.25	42.25	17	2650,100
149	-19.25	42.75	17	2650,100
149	-20.75	44.25	17	2650,100
149	-21.25	44.25	17	2650,100
149	-23.75	41.75	17	2650,100
149	-23.75	40.75	17	2650,100
149	-24.75	40.75	17	2650,100
149	-25.25	40.25	17	2650,100
149	-25.25	39.75	17	2650,100
149	-23.75	38.25	17	2650,100
149	-22.75	38.25	17	2650,100
149	-22.25	37.75	17	2650,100
149	-22.25	36.75	17	2650,100
149	-21.25	36.75	17	2650,100
149	-20.75	36.25	17	2650,100
149	-20.75	35.75	17	2650,100
149	-21.25	35.25	17	2650,100
149	-21.25	34.75	17	2650,100
149	-18.25	31.75	17	2650,100
149	-18.25	31.25	17	2650,100
149	-19.75	29.75	17	2650,100
149	-20.75	29.75	17	2650,100
149	-20.75	27.75	17	2650,100
149	-21.25	27.75	17	2650,100
149	-21.75	28.25	17	2650,100
149	-21.75	29.25	17	2650,100
149	-23.25	30.75	17	2650,100
149	-24.25	30.75	17	2650,100
149	-24.75	31.25	17	2650,100
149	-25.75	31.25	17	2650,100
149	-27.75	33.25	17	2650,100
149	-27.75	33.75	17	2650,100
149	-27.25	34.25	17	2650,100
149	-27.25	34.75	17	2650,100
149	-27.75	35.25	17	2650,100
149	-28.75	35.25	17	2650,100
149	-29.25	35.75	17	2650,100
149	-30.25	35.75	17	2650,100
149	-31.25	36.75	17	2650,100
149	-31.25	37.25	17	2650,100
149	-30.75	37.75	17	2650,100
149	-30.25	37.75	17	2650,100
149	-29.75	37.25	17	2650,100
149	-29.25	37.25	17	2650,100
149	-28.75	37.75	17	2650,100
149	-27.75	37.75	17	2650,100
149	-27.75	38.75	17	2650,100
149	-27.25	39.25	17	2650,100
149	-27.25	39.75	17	2650,100
149	-28.25	39.75	17	2650,100
149	-28.25	40.25	17	2650,100
149	-27.25	41.25	17	2650,100
149	-27.25	41.75	17	2650,100
149	-28.25	42.75	17	2650,100
149	-29.25	42.75	17	2650,100
149	-31.25	44.75	17	2650,100
149	-31.25	45.75	17	2650,100
149	-33.75	48.25	17	2650,100
149	-32.75	-0.75	17	2650,150
149	-32.75	-0.25	17	2650,150
149	-29.75	2.75	17	2650,150
149	-29.25	2.75	17	2650,150
149	-26.75	0.25	17	2650,150
149	-26.25	0.25	17	2650,150
149	-25.25	1.25	17	2650,150
149	-25.25	1.75	17	2650,150
149	-27.75	4.25	17	2650,150
149	-27.75	4.75	17	2650,150
149	-23.25	9.25	17	2650,150
149	-22.75	9.25	17	2650,150
149	-17.75	4.25	17	2650,150
149	-17.75	3.25	17	2650,150
149	-15.25	0.75	17	2650,150
149	-15.25	-0.75	17	2650,150
149	-21.75	-0.75	17	2650,150
149	-22.75	0.25	17	2650,150
149	-23.25	0.25	17	2650,150
149	-24.25	-0.75	17	2650,150
149	-32.75	-0.75	17	2650,150
150	-16.25	49.25	17	2650,100
150	-16.25	48.75	17	2650,100
150	-15.75	48.75	17	2650,100
150	-15.75	49.25	17	2650,100
150	-16.25	49.25	17	2650,100
155	-29.25	2.75	174	2650,150
155	-29.25	3.25	174	2650,150
155	-28.25	4.25	174	2650,150
155	-27.75	4.25	174	2650,150
155	-25.25	1.75	174	2650,150
155	-25.25	1.25	174	2650,150
155	-26.25	0.25	174	2650,150
155	-26.75	0.25	174	2650,150
155	-29.25	2.75	174	2650,150
256	-45.25	24.75	31	2600,50
256	-45.25	25.25	31	2600,50
256	-44.25	26.25	31	2600,50
256	-42.25	26.25	31	2600,50
256	-38.75	29.75	31	2600,50
256	-38.25	29.75	31	2600,50
256	-37.75	29.25	31	2600,50
256	-37.75	27.75	31	2600,50
256	-40.75	24.75	31	2600,50
256	-41.75	24.75	31	2600,50
256	-41.75	23.75	31	2600,50
256	-44.75	20.75	31	2600,50
256	-45.25	20.75	31	2600,50
256	-45.25	24.75	31	2600,50
115	-30.25	-0.25	146	2500,0
115	-30.25	0.25	146	2500,0
115	-29.25	1.25	146	2500,0
115	-28.75	1.25	146	2500,0
115	-28.25	0.75	146	2500,0
115	-25.75	0.75	146	2500,0
115	-25.25	1.25	146	2500,0
115	-24.75	1.25	146	2500,0
115	-23.75	0.25	146	2500,0
115	-23.75	-0.25	146	2500,0
115	-30.25	-0.25	146	2500,0
311	-0.25	27.75	63	2500,0
311	-0.25	28.25	63	2500,0
311	0.25	28.25	63	2500,0
311	0.75	27.75	63	2500,0
311	3.25	27.75	63	2500,0
311	3.75	28.25	63	2500,0
311	4.25	28.25	63	2500,0
311	4.25	27.75	63	2500,0
311	3.25	26.75	63	2500,0
311	3.25	26.25	63	2500,0
311	5.25	24.25	63	2500,0
311	5.25	19.75	63	2500,0
311	4.25	19.75	63	2500,0
311	1.75	17.25	63	2500,0
311	1.25	17.25	63	2500,0
311	0.25	18.25	63	2500,0
311	-0.25	18.25	63	2500,0
311	-0.75	17.75	63	2500,0
311	-0.75	17.25	63	2500,0
311	-0.25	16.75	63	2500,0
311	-0.25	16.25	63	2500,0
311	-0.75	15.75	63	2500,0
311	-1.75	15.75	63	2500,0
311	-2.75	14.75	63	2500,0
311	-2.75	13.75	63	2500,0
311	-3.75	12.75	63	2500,0
311	-4.75	12.75	63	2500,0
311	-4.75	11.75	63	2500,0
311	-5.25	11.25	63	2500,0
311	-5.75	11.25	63	2500,0
311	-6.25	11.75	63	2500,0
311	-6.25	12.25	63	2500,0
311	-3.75	14.75	63	2500,0
311	-3.75	16.75	63	2500,0
311	-3.25	17.25	63	2500,0
311	-2.25	17.25	63	2500,0
311	-1.75	17.75	63	2500,0
311	-1.75	19.25	63	2500,0
311	-4.75	22.25	63	2500,0
311	-4.75	22.75	63	2500,0
311	-3.75	23.75	63	2500,0
311	-2.75	23.75	63	2500,0
311	-2.25	24.25	63	2500,0
311	-2.25	25.25	63	2500,0
311	-1.25	26.25	63	2500,0
311	-0.25	26.25	63	2500,0
311	0.25	26.75	63	2500,0
311	0.25	27.25	63	2500,0
311	-0.25	27.75	63	2500,0
311	-34.25	38.75	63	2550,0
311	-34.25	39.25	63	2550,0
311	-33.25	40.25	63	2550,0
311	-32.75	40.25	63	2550,0
311	-31.75	39.25	63	2550,0
311	-30.75	39.25	63	2550,0
311	-29.25	37.75	63	2550,0
311	-28.75	37.75	63	2550,0
311	-27.75	38.75	63	2550,0
311	-27.75	40.75	63	2550,0
311	-27.25	41.25	63	2550,0
311	-26.75	41.25	63	2550,0
311	-26.25	40.75	63	2550,0
311	-25.75	40.75	63	2550,0
311	-24.75	41.75	63	2550,0
311	-24.75	42.75	63	2550,0
311	-24.25	43.25	63	2550,0
311	-23.25	43.25	63	2550,0
311	-20.25	46.25	63	2550,0
311	-20.25	46.75	63	2550,0
311	-21.25	47.75	63	2550,0
311	-21.25	49.25	63	2550,0
311	-18.75	49.25	63	2550,0
311	-18.25	48.75	63	2550,0
311	-17.75	48.75	63	2550,0
311	-17.25	49.25	63	2550,0
311	-15.75	49.25	63	2550,0
311	-14.75	48.25	63	2550,0
311	-14.75	46.75	63	2550,0
311	-15.75	46.75	63	2550,0
311	-15.75	46.25	63	2550,0
311	-14.75	45.25	63	2550,0
311	-14.75	44.75	63	2550,0
311	-15.75	43.75	63	2550,0
311	-15.75	43.25	63	2550,0
311	-15.25	42.75	63	2550,0
311	-14.75	42.75	63	2550,0
311	-14.75	43.75	63	2550,0
311	-14.25	43.75	63	2550,0
311	-13.75	43.25	63	2550,0
311	-13.75	42.75	63	2550,0
311	-14.25	42.25	63	2550,0
311	-14.25	41.75	63	2550,0
311	-11.25	38.75	63	2550,0
311	-10.75	38.75	63	2550,0
311	-10.75	39.75	63	2550,0
311	-10.25	39.75	63	2550,0
311	-8.25	37.75	63	2550,0
311	-6.75	37.75	63	2550,0
311	-6.25	38.25	63	2550,0
311	-5.75	38.25	63	2550,0
311	-5.75	37.75	63	2550,0
311	-6.25	37.25	63	2550,0
311	-6.25	36.75	63	2550,0
311	-1.75	32.25	63	2550,0
311	-1.75	31.25	63	2550,0
311	-1.25	30.75	63	2550,0
311	-1.25	30.25	63	2550,0
311	-1.75	29.75	63	2550,0
311	-2.75	29.75	63	2550,0
311	-5.25	27.25	63	2550,0
311	-5.25	25.75	63	2550,0
311	-0.75	21.25	63	2550,0
311	-0.75	20.75	63	2550,0
311	-1.75	19.75	63	2550,0
311	-2.25	19.75	63	2550,0
311	-2.25	20.75	63	2550,0
311	-3.25	20.75	63	2550,0
311	-3.25	21.75	63	2550,0
311	-5.25	23.75	63	2550,0
311	-6.75	23.75	63	2550,0
311	-8.25	22.25	63	2550,0
311	-8.25	21.25	63	2550,0
311	-9.25	21.25	63	2550,0
311	-9.75	20.75	63	2550,0
311	-10.75	20.75	63	2550,0
311	-10.75	18.25	63	2550,0
311	-9.75	17.25	63	2550,0
311	-8.75	17.25	63	2550,0
311	-8.25	16.75	63	2550,0
311	-7.75	16.75	63	2550,0
311	-7.75	17.75	63	2550,0
311	-7.25	18.25	63	2550,0
311	-7.25	18.75	63	2550,0
311	-8.25	19.75	63	2550,0
311	-8.25	20.25	63	2550,0
311	-7.75	20.75	63	2550,0
311	-7.25	20.75	63	2550,0
311	-6.25	19.75	63	2550,0
311	-5.25	19.75	63	2550,0
311	-3.75	18.25	63	2550,0
311	-3.75	17.75	63	2550,0
311	-4.75	17.75	63	2550,0
311	-4.75	15.75	63	2550,0
311	-5.25	15.25	63	2550,0
311	-6.25	15.25	63	2550,0
311	-6.75	14.75	63	2550,0
311	-7.75	14.75	63	2550,0
311	-8.75	13.75	63	2550,0
311	-8.75	12.75	63	2550,0
311	-10.25	11.25	63	2550,0
311	-10.25	10.25	63	2550,0
311	-10.75	9.75	63	2550,0
311	-12.75	9.75	63	2550,0
311	-12.75	8.75	63	2550,0
311	-13.25	8.25	63	2550,0
311	-13.75	8.25	63	2550,0
311	-15.75	10.25	63	2550,0
311	-16.25	10.25	63	2550,0
311	-17.75	8.75	63	2550,0
311	-18.25	8.75	63	2550,0
311	-19.75	10.25	63	2550,0
311	-19.75	10.75	63	2550,0
311	-18.75	11.75	63	2550,0
311	-18.75	12.75	63	2550,0
311	-18.25	13.25	63	2550,0
311	-18.25	14.25	63	2550,0
311	-17.25	14.25	63	2550,0
311	-16.75	14.75	63	2550,0
311	-16.75	15.25	63	2550,0
311	-17.25	15.75	63	2550,0
311	-17.25	16.25	63	2550,0
311	-15.75	17.75	63	2550,0
311	-15.25	17.75	63	2550,0
311	-14.75	17.25	63	2550,0
311	-14.25	17.25	63	2550,0
311	-13.25	18.25	63	2550,0
311	-13.25	18.75	63	2550,0
311	-13.75	19.25	63	2550,0
311	-14.75	19.25	63	2550,0
311	-14.75	20.75	63	2550,0
311	-13.75	21.75	63	2550,0
311	-13.75	22.25	63	2550,0
311	-14.25	22.75	63	2550,0
311	-14.75	22.75	63	2550,0
311	-14.75	21.75	63	2550,0
311	-15.25	21.25	63	2550,0
311	-15.75	21.25	63	2550,0
311	-17.25	22.75	63	2550,0
311	-18.25	22.75	63	2550,0
311	-18.25	23.75	63	2550,0
311	-19.25	23.75	63	2550,0
311	-20.25	24.75	63	2550,0
311	-21.75	24.75	63	2550,0
311	-21.75	23.75	63	2550,0
311	-22.25	23.75	63	2550,0
311	-22.75	24.25	63	2550,0
311	-23.25	24.25	63	2550,0
311	-23.25	23.25	63	2550,0
311	-24.25	23.25	63	2550,0
311	-24.75	22.75	63	2550,0
311	-25.25	22.75	63	2550,0
311	-25.25	24.25	63	2550,0
311	-24.75	24.75	63	2550,0
311	-24.75	25.25	63	2550,0
311	-27.25	27.75	63	2550,0
311	-27.75	27.75	63	2550,0
311	-28.25	27.25	63	2550,0
311	-28.25	26.75	63	2550,0
311	-26.25	24.75	63	2550,0
311	-26.25	23.25	63	2550,0
311	-27.25	23.25	63	2550,0
311	-28.25	22.25	63	2550,0
311	-28.25	21.25	63	2550,0
311	-30.25	19.25	63	2550,0
311	-30.25	18.75	63	2550,0
311	-29.25	17.75	63	2550,0
311	-29.25	17.25	63	2550,0
311	-30.25	16.25	63	2550,0
311	-30.75	16.25	63	2550,0
311	-31.75	17.25	63	2550,0
311	-31.75	17.75	63	2550,0
311	-31.25	18.25	63	2550,0
311	-31.25	18.75	63	2550,0
311	-34.25	21.75	63	2550,0
311	-34.75	21.75	63	2550,0
311	-35.25	21.25	63	2550,0
311	-35.25	20.75	63	2550,0
311	-34.25	19.75	63	2550,0
311	-34.25	18.75	63	2550,0
311	-33.25	17.75	63	2550,0
311	-33.25	15.75	63	2550,0
311	-31.75	14.25	63	2550,0
311	-31.75	13.75	63	2550,0
311	-32.75	12.75	63	2550,0
311	-32.75	12.25	63	2550,0
311	-30.75	10.25	63	2550,0
311	-30.75	9.25	63	2550,0
311	-30.25	8.75	63	2550,0
311	-30.25	8.25	63	2550,0
311	-33.25	5.25	63	2550,0
311	-33.75	5.25	63	2550,0
311	-34.25	5.75	63	2550,0
311	-34.75	5.75	63	2550,0
311	-35.25	5.25	63	2550,0
311	-35.75	5.25	63	2550,0
311	-36.75	6.25	63	2550,0
311	-37.25	6.25	63	2550,0
311	-37.75	5.75	63	2550,0
311	-38.25	5.75	63	2550,0
311	-38.25	7.75	63	2550,0
311	-39.75	9.25	63	2550,0
311	-40.25	9.25	63	2550,0
311	-41.25	8.25	63	2550,0
311	-41.75	8.25	63	2550,0
311	-44.75	11.25	63	2550,0
311	-44.75	11.75	63	2550,0
311	-44.25	12.25	63	2550,0
311	-43.75	12.25	63	2550,0
311	-41.75	10.25	63	2550,0
311	-40.25	10.25	63	2550,0
311	-40.25	10.75	63	2550,0
311	-40.75	11.25	63	2550,0
311	-40.75	11.75	63	2550,0
311	-39.25	11.75	63	2550,0
311	-38.75	11.25	63	2550,0
311	-38.25	11.25	63	2550,0
311	-35.25	14.25	63	2550,0
311	-35.25	14.75	63	2550,0
311	-37.75	17.25	63	2550,0
311	-37.75	19.25	63	2550,0
311	-39.75	19.25	63	2550,0
311	-42.25	21.75	63	2550,0
311	-43.75	21.75	63	2550,0
311	-43.75	20.75	63	2550,0
311	-44.25	20.25	63	2550,0
311	-44.25	19.25	63	2550,0
311	-44.75	19.25	63	2550,0
311	-44.75	23.75	63	2550,0
311	-43.25	25.25	63	2550,0
311	-43.25	25.75	63	2550,0
311	-43.75	26.25	63	2550,0
311	-43.75	26.75	63	2550,0
311	-41.75	26.75	63	2550,0
311	-40.25	28.25	63	2550,0
311	-40.25	28.75	63	2550,0
311	-40.75	29.25	63	2550,0
311	-40.75	29.75	63	2550,0
311	-37.75	32.75	63	2550,0
311	-36.75	32.75	63	2550,0
311	-36.75	33.75	63	2550,0
311	-36.25	34.25	63	2550,0
311	-35.75	34.25	63	2550,0
311	-35.25	33.75	63	2550,0
311	-34.75	33.75	63	2550,0
311	-33.25	35.25	63	2550,0
311	-33.25	35.75	63	2550,0
311	-34.25	35.75	63	2550,0
311	-34.25	36.25	63	2550,0
311	-33.75	36.75	63	2550,0
311	-32.75	36.75	63	2550,0
311	-32.75	37.25	63	2550,0
311	-34.25	38.75	63	2550,0
311	-19.75	-0.75	63	2550,50
311	-19.75	-0.25	63	2550,50
311	-19.25	-0.25	63	2550,50
311	-19.25	-0.75	63	2550,50
311	-19.75	-0.75	63	2550,50
54	-18.25	5.75	134	2550,50
54	-18.25	6.25	134	2550,50
54	-17.75	6.25	134	2550,50
54	-17.75	5.75	134	2550,50
54	-18.25	5.75	134	2550,50
54	-14.25	48.75	134	2550,0
54	-14.25	49.25	134	2550,0
54	-13.75	49.25	134	2550,0
54	-13.75	48.75	134	2550,0
54	-14.25	48.75	134	2550,0
54	-44.25	31.75	134	2600,0
54	-44.25	32.25	134	2600,0
54	-43.75	32.25	134	2600,0
54	-43.25	31.75	134	2600,0
54	-43.25	31.25	134	2600,0
54	-43.75	31.25	134	2600,0
54	-44.25	31.75	134	2600,0
65	-14.75	0.25	134	2550,50
65	-14.75	0.75	134	2550,50
65	-14.25	0.75	134	2550,50
65	-14.25	0.25	134	2550,50
65	-14.75	0.25	134	2550,50
65	-10.75	48.25	134	2550,0
65	-10.75	48.75	134	2550,0
65	-10.25	48.75	134	2550,0
65	-9.75	48.25	134	2550,0
65	-9.75	47.75	134	2550,0
65	-10.25	47.75	134	2550,0
65	-10.75	48.25	134	2550,0
65	-41.75	29.25	134	2600,0
65	-41.75	29.75	134	2600,0
65	-41.25	29.75	134	2600,0
65	-40.25	28.75	134	2600,0
65	-40.25	28.25	134	2600,0
65	-40.75	28.25	134	2600,0
65	-41.75	29.25	134	2600,0
70	-12.75	0.25	134	2550,50
70	-12.75	0.75	134	2550,50
70	-12.25	0.75	134	2550,50
70	-12.25	0.25	134	2550,50
70	-12.75	0.25	134	2550,50
70	-8.75	43.25	134	2550,0
70	-8.75	43.75	134	2550,0
70	-8.25	43.75	134	2550,0
70	-8.25	43.25	134	2550,0
70	-8.75	43.25	134	2550,0
70	-41.25	26.75	134	2600,0
70	-41.25	27.25	134	2600,0
70	-40.75	27.25	134	2600,0
70	-40.75	26.75	134	2600,0
70	-41.25	26.75	134	2600,0
71	-11.75	-0.75	134	2550,50
71	-11.75	-0.25	134	2550,50
71	-11.25	-0.25	134	2550,50
71	-11.25	-0.75	134	2550,50
71	-11.75	-0.75	134	2550,50
71	-7.25	44.75	134	2550,0
71	-7.25	45.25	134	2550,0
71	-6.75	45.25	134	2550,0
71	-5.75	44.25	134	2550,0
71	-5.75	43.75	134	2550,0
71	-6.25	43.75	134	2550,0
71	-7.25	44.75	134	2550,0
71	-38.75	24.25	134	2600,0
71	-38.75	24.75	134	2600,0
71	-38.25	24.75	134	2600,0
71	-38.25	24.25	134	2600,0
71	-38.75	24.25	134	2600,0
305	0.25	48.25	6	2600,50
305	0.25	48.75	6	2600,50
305	4.75	48.75	6	2600,50
305	4.75	48.25	6	2600,50
305	4.25	47.75	6	2600,50
305	4.25	46.25	6	2600,50
305	5.25	46.25	6	2600,50
305	5.25	45.75	6	2600,50
305	4.75	45.25	6	2600,50
305	3.25	45.25	6	2600,50
305	3.25	46.25	6	2600,50
305	2.25	47.25	6	2600,50
305	1.75	47.25	6	2600,50
305	1.25	46.75	6	2600,50
305	0.75	46.75	6	2600,50
305	0.75	47.75	6	2600,50
305	0.25	48.25	6	2600,50
331	-23.25	-0.25	71	2500,0
331	-23.25	0.25	71	2500,0
331	-22.75	0.75	71	2500,0
331	-18.75	0.75	71	2500,0
331	-17.75	1.75	71	2500,0
331	-17.25	1.75	71	2500,0
331	-16.25	0.75	71	2500,0
331	-15.75	0.75	71	2500,0
331	-13.25	3.25	71	2500,0
331	-12.75	3.25	71	2500,0
331	-11.25	1.75	71	2500,0
331	-9.25	1.75	71	2500,0
331	-7.75	0.25	71	2500,0
331	-7.75	-0.25	71	2500,0
331	-23.25	-0.25	71	2500,0
312	-30.25	34.75	63	2550,0
312	-30.25	35.25	63	2550,0
312	-29.25	36.25	63	2550,0
312	-28.75	36.25	63	2550,0
312	-21.25	28.75	63	2550,0
312	-21.25	28.25	63	2550,0
312	-22.25	27.25	63	2550,0
312	-22.75	27.25	63	2550,0
312	-25.75	30.25	63	2550,0
312	-25.75	31.25	63	2550,0
312	-26.25	31.75	63	2550,0
312	-27.25	31.75	63	2550,0
312	-27.25	32.75	63	2550,0
312	-28.25	32.75	63	2550,0
312	-30.25	34.75	63	2550,0
312	-16.75	-0.75	63	2550,50
312	-16.75	-0.25	63	2550,50
312	-16.25	-0.25	63	2550,50
312	-16.25	-0.75	63	2550,50
312	-16.75	-0.75	63	2550,50
339	0.75	23.75	78	2550,50
339	0.75	24.25	78	2550,50
339	1.75	25.25	78	2550,50
339	2.25	25.25	78	2550,50
339	2.75	24.75	78	2550,50
339	3.25	24.75	78	2550,50
339	3.75	25.25	78	2550,50
339	3.75	25.75	78	2550,50
339	3.25	26.25	78	2550,50
339	3.25	26.75	78	2550,50
339	4.25	27.75	78	2550,50
339	4.75	27.75	78	2550,50
339	4.75	25.25	78	2550,50
339	3.75	24.25	78	2550,50
339	3.75	23.25	78	2550,50
339	2.75	23.25	78	2550,50
339	2.75	22.25	78	2550,50
339	2.25	22.25	78	2550,50
339	0.75	23.75	78	2550,50
339	-45.25	27.75	78	2600,50
339	-45.25	28.25	78	2600,50
339	-41.25	32.25	78	2600,50
339	-40.75	32.25	78	2600,50
339	-40.25	31.75	78	2600,50
339	-39.75	31.75	78	2600,50
339	-39.75	32.75	78	2600,50
339	-39.25	33.25	78	2600,50
339	-39.25	34.25	78	2600,50
339	-38.25	35.25	78	2600,50
339	-37.75	35.25	78	2600,50
339	-37.25	34.75	78	2600,50
339	-36.75	34.75	78	2600,50
339	-35.25	36.25	78	2600,50
339	-34.75	36.25	78	2600,50
339	-34.75	35.75	78	2600,50
339	-36.25	34.25	78	2600,50
339	-36.25	33.25	78	2600,50
339	-37.25	32.25	78	2600,50
339	-38.25	32.25	78	2600,50
339	-39.25	31.25	78	2600,50
339	-39.25	30.75	78	2600,50
339	-38.75	30.25	78	2600,50
339	-38.75	29.75	78	2600,50
339	-42.25	26.25	78	2600,50
339	-44.25	26.25	78	2600,50
339	-44.75	25.75	78	2600,50
339	-45.25	25.75	78	2600,50
339	-45.25	27.75	78	2600,50
214	-32.75	40.25	221	2650,100
214	-32.75	40.75	221	2650,100
214	-30.25	43.25	221	2650,100
214	-29.75	43.25	221	2650,100
214	-29.25	42.75	221	2650,100
214	-28.25	42.75	221	2650,100
214	-28.25	41.25	221	2650,100
214	-30.75	38.75	221	2650,100
214	-31.25	38.75	221	2650,100
214	-32.75	40.25	221	2650,100
154	-24.75	48.25	173	2650,100
154	-24.75	48.75	173	2650,100
154	-24.25	49.25	173	2650,100
154	-21.75	49.25	173	2650,100
154	-21.25	48.75	173	2650,100
154	-21.25	46.75	173	2650,100
154	-20.25	46.75	173	2650,100
154	-20.25	46.25	173	2650,100
154	-21.25	45.25	173	2650,100
154	-21.75	45.25	173	2650,100
154	-24.75	48.25	173	2650,100
154	-23.75	-0.75	173	2650,150
154	-23.75	-0.25	173	2650,150
154	-23.25	0.25	173	2650,150
154	-22.75	0.25	173	2650,150
154	-22.25	-0.25	173	2650,150
154	-22.25	-0.75	173	2650,150
154	-23.75	-0.75	173	2650,150
230	-17.75	3.25	233	2650,150
230	-17.75	3.75	233	2650,150
230	-17.25	3.75	233	2650,150
230	-13.25	-0.25	233	2650,150
230	-13.25	-0.75	233	2650,150
230	-14.75	-0.75	233	2650,150
230	-15.25	-0.25	233	2650,150
230	-15.25	0.75	233	2650,150
230	-17.75	3.25	233	2650,150
230	-18.75	46.25	233	2650,100
230	-18.75	46.75	233	2650,100
230	-18.25	47.25	233	2650,100
230	-17.75	47.25	233	2650,100
230	-15.25	44.75	233	2650,100
230	-14.75	44.75	233	2650,100
230	-14.25	45.25	233	2650,100
230	-14.25	46.75	233	2650,100
230	-14.75	46.75	233	2650,100
230	-15.25	46.25	233	2650,100
230	-15.75	46.25	233	2650,100
230	-16.75	47.25	233	2650,100
230	-16.75	48.75	233	2650,100
230	-15.75	48.75	233	2650,100
230	-15.25	49.25	233	2650,100
230	-12.75	49.25	233	2650,100
230	4.75	31.75	233	2650,100
230	4.75	31.25	233	2650,100
230	4.25	31.25	233	2650,100
230	-0.25	35.75	233	2650,100
230	-0.75	35.75	233	2650,100
230	-0.75	34.75	233	2650,100
230	-1.25	34.25	233	2650,100
230	-1.75	34.25	233	2650,100
230	-2.25	34.75	233	2650,100
230	-3.25	34.75	233	2650,100
230	-4.75	36.25	233	2650,100
230	-4.75	37.25	233	2650,100
230	-5.25	37.25	233	2650,100
230	-5.75	36.75	233	2650,100
230	-6.25	36.75	233	2650,100
230	-6.75	37.25	233	2650,100
230	-7.25	37.25	233	2650,100
230	-7.25	36.25	233	2650,100
230	-7.75	35.75	233	2650,100
230	-12.25	35.75	233	2650,100
230	-12.25	37.25	233	2650,100
230	-11.75	37.75	233	2650,100
230	-10.75	37.75	233	2650,100
230	-10.75	38.25	233	2650,100
230	-14.25	41.75	233	2650,100
230	-14.75	41.75	233	2650,100
230	-15.25	41.25	233	2650,100
230	-15.25	40.25	233	2650,100
230	-15.75	40.25	233	2650,100
230	-16.75	41.25	233	2650,100
230	-16.75	41.75	233	2650,100
230	-16.25	42.25	233	2650,100
230	-15.25	42.25	233	2650,100
230	-15.25	42.75	233	2650,100
230	-18.75	46.25	233	2650,100
230	-45.25	30.75	233	2700,100
230	-45.25	31.25	233	2700,100
230	-44.75	31.25	233	2700,100
230	-44.25	30.75	233	2700,100
230	-44.25	30.25	233	2700,100
230	-44.75	30.25	233	2700,100
230	-45.25	30.75	233	2700,100
84	-9.75	10.25	140	2500,0
84	-9.75	10.75	140	2500,0
84	-8.75	11.75	140	2500,0
84	-8.25	11.75	140	2500,0
84	-7.75	11.25	140	2500,0
84	-7.25	11.25	140	2500,0
84	-6.75	11.75	140	2500,0
84	-6.25	11.75	140	2500,0
84	-5.75	11.25	140	2500,0
84	-5.25	11.25	140	2500,0
84	-4.75	11.75	140	2500,0
84	-4.75	12.75	140	2500,0
84	-3.75	12.75	140	2500,0
84	-2.75	13.75	140	2500,0
84	-2.75	14.75	140	2500,0
84	-1.75	15.75	140	2500,0
84	-0.75	15.75	140	2500,0
84	-0.25	16.25	140	2500,0
84	-0.25	16.75	140	2500,0
84	-0.75	17.25	140	2500,0
84	-0.75	17.75	140	2500,0
84	-0.25	18.25	140	2500,0
84	0.25	18.25	140	2500,0
84	1.25	17.25	140	2500,0
84	1.25	16.75	140	2500,0
84	0.75	16.25	140	2500,0
84	0.75	15.75	140	2500,0
84	2.25	14.25	140	2500,0
84	4.25	14.25	140	2500,0
84	4.25	13.75	140	2500,0
84	3.75	13.25	140	2500,0
84	3.75	12.75	140	2500,0
84	4.75	12.75	140	2500,0
84	5.25	12.25	140	2500,0
84	5.25	6.75	140	2500,0
84	4.75	6.75	140	2500,0
84	3.75	7.75	140	2500,0
84	3.75	8.75	140	2500,0
84	2.75	8.75	140	2500,0
84	2.75	9.25	140	2500,0
84	3.75	10.25	140	2500,0
84	3.75	10.75	140	2500,0
84	3.25	10.75	140	2500,0
84	2.75	10.25	140	2500,0
84	1.25	10.25	140	2500,0
84	0.25	11.25	140	2500,0
84	-0.25	11.25	140	2500,0
84	-0.75	10.75	140	2500,0
84	-1.75	10.75	140	2500,0
84	-1.75	9.75	140	2500,0
84	-2.25	9.75	140	2500,0
84	-3.75	11.25	140	2500,0
84	-4.25	11.25	140	2500,0
84	-5.25	10.25	140	2500,0
84	-7.25	10.25	140	2500,0
84	-8.25	9.25	140	2500,0
84	-8.25	8.25	140	2500,0
84	-11.25	5.25	140	2500,0
84	-11.75	5.25	140	2500,0
84	-12.25	5.75	140	2500,0
84	-12.75	5.75	140	2500,0
84	-16.75	1.75	140	2500,0
84	-17.25	1.75	140	2500,0
84	-17.25	2.25	140	2500,0
84	-9.75	9.75	140	2500,0
84	-9.75	10.25	140	2500,0
84	-44.75	12.25	140	2550,0
84	-44.75	12.75	140	2550,0
84	-44.25	12.75	140	2550,0
84	-44.25	12.25	140	2550,0
84	-44.75	12.25	140	2550,0
259	-39.25	30.75	34	2600,50
259	-39.25	31.25	34	2600,50
259	-38.25	32.25	34	2600,50
259	-37.25	32.25	34	2600,50
259	-36.25	33.25	34	2600,50
259	-36.25	34.25	34	2600,50
259	-33.75	36.75	34	2600,50
259	-31.75	36.75	34	2600,50
259	-31.75	37.25	34	2600,50
259	-32.25	37.75	34	2600,50
259	-32.25	38.25	34	2600,50
259	-31.75	38.75	34	2600,50
259	-31.25	38.75	34	2600,50
259	-30.75	38.25	34	2600,50
259	-30.25	38.25	34	2600,50
259	-30.25	38.75	34	2600,50
259	-30.75	39.25	34	2600,50
259	-30.75	39.75	34	2600,50
259	-28.75	41.75	34	2600,50
259	-28.25	41.75	34	2600,50
259	-28.25	40.25	34	2600,50
259	-29.25	39.25	34	2600,50
259	-29.25	38.25	34	2600,50
259	-30.25	37.25	34	2600,50
259	-30.25	36.75	34	2600,50
259	-29.75	36.25	34	2600,50
259	-28.75	36.25	34	2600,50
259	-28.25	35.75	34	2600,50
259	-27.75	35.75	34	2600,50
259	-27.75	36.75	34	2600,50
259	-25.75	38.75	34	2600,50
259	-25.75	39.75	34	2600,50
259	-24.75	40.75	34	2600,50
259	-24.75	41.75	34	2600,50
259	-24.25	42.25	34	2600,50
259	-24.25	42.75	34	2600,50
259	-25.25	42.75	34	2600,50
259	-25.25	43.25	34	2600,50
259	-24.25	44.25	34	2600,50
259	-23.75	44.25	34	2600,50
259	-23.25	43.75	34	2600,50
259	-22.75	43.75	34	2600,50
259	-22.25	44.25	34	2600,50
259	-21.75	44.25	34	2600,50
259	-21.75	43.75	34	2600,50
259	-23.75	41.75	34	2600,50
259	-23.75	41.25	34	2600,50
259	-21.25	38.75	34	2600,50
259	-21.25	38.25	34	2600,50
259	-21.75	37.75	34	2600,50
259	-21.75	37.25	34	2600,50
259	-18.25	33.75	34	2600,50
259	-17.25	33.75	34	2600,50
259	-17.25	32.75	34	2600,50
259	-16.75	32.75	34	2600,50
259	-15.75	33.75	34	2600,50
259	-14.25	33.75	34	2600,50
259	-13.75	33.25	34	2600,50
259	-13.75	32.25	34	2600,50
259	-13.25	31.75	34	2600,50
259	-13.25	31.25	34	2600,50
259	-14.25	30.25	34	2600,50
259	-14.25	29.75	34	2600,50
259	-13.75	29.25	34	2600,50
259	-12.75	29.25	34	2600,50
259	-12.75	28.25	34	2600,50
259	-12.25	28.25	34	2600,50
259	-11.75	28.75	34	2600,50
259	-11.25	28.75	34	2600,50
259	-10.25	27.75	34	2600,50
259	-8.75	27.75	34	2600,50
259	-8.75	29.75	34	2600,50
259	-7.75	29.75	34	2600,50
259	-7.25	30.25	34	2600,50
259	-6.75	30.25	34	2600,50
259	-1.75	25.25	34	2600,50
259	-1.75	24.75	34	2600,50
259	-2.25	24.75	34	2600,50
259	-4.75	27.25	34	2600,50
259	-6.25	27.25	34	2600,50
259	-6.25	26.25	34	2600,50
259	-7.25	25.25	34	2600,50
259	-8.25	25.25	34	2600,50
259	-8.25	24.25	34	2600,50
259	-8.75	24.25	34	2600,50
259	-9.25	24.75	34	2600,50
259	-9.75	24.75	34	2600,50
259	-9.75	23.75	34	2600,50
259	-11.75	23.75	34	2600,50
259	-12.25	23.25	34	2600,50
259	-12.75	23.25	34	2600,50
259	-14.75	25.25	34	2600,50
259	-15.25	25.25	34	2600,50
259	-15.25	24.75	34	2600,50
259	-13.25	22.75	34	2600,50
259	-13.25	22.25	34	2600,50
259	-14.25	22.25	34	2600,50
259	-14.25	21.25	34	2600,50
259	-15.25	21.25	34	2600,50
259	-15.25	20.75	34	2600,50
259	-14.75	20.25	34	2600,50
259	-14.75	19.75	34	2600,50
259	-15.25	19.75	34	2600,50
259	-15.75	20.25	34	2600,50
259	-17.25	20.25	34	2600,50
259	-18.75	18.75	34	2600,50
259	-20.75	18.75	34	2600,50
259	-20.75	18.25	34	2600,50
259	-19.25	16.75	34	2600,50
259	-18.75	16.75	34	2600,50
259	-17.75	17.75	34	2600,50
259	-17.25	17.75	34	2600,50
259	-16.25	16.75	34	2600,50
259	-15.25	16.75	34	2600,50
259	-14.25	15.75	34	2600,50
259	-13.75	15.75	34	2600,50
259	-13.25	16.25	34	2600,50
259	-13.25	16.75	34	2600,50
259	-14.25	17.75	34	2600,50
259	-14.25	18.25	34	2600,50
259	-13.25	19.25	34	2600,50
259	-13.25	20.25	34	2600,50
259	-12.75	20.25	34	2600,50
259	-12.25	19.75	34	2600,50
259	-11.75	19.75	34	2600,50
259	-11.75	20.75	34	2600,50
259	-10.75	20.75	34	2600,50
259	-9.25	22.25	34	2600,50
259	-8.75	22.25	34	2600,50
259	-8.25	21.75	34	2600,50
259	-7.25	21.75	34	2600,50
259	-5.25	19.75	34	2600,50
259	-5.25	18.75	34	2600,50
259	-4.25	17.75	34	2600,50
259	-4.25	17.25	34	2600,50
259	-5.75	15.75	34	2600,50
259	-5.75	15.25	34	2600,50
259	-3.75	13.25	34	2600,50
259	-3.75	12.75	34	2600,50
259	-5.25	11.25	34	2600,50
259	-5.25	10.75	34	2600,50
259	-4.25	9.75	34	2600,50
259	-2.75	9.75	34	2600,50
259	-2.25	10.25	34	2600,50
259	-2.25	11.25	34	2600,50
259	-1.75	11.25	34	2600,50
259	0.75	8.75	34	2600,50
259	0.75	5.25	34	2600,50
259	0.25	4.75	34	2600,50
259	-0.25	4.75	34	2600,50
259	-0.75	5.25	34	2600,50
259	-1.25	5.25	34	2600,50
259	-2.25	4.25	34	2600,50
259	-2.25	3.25	34	2600,50
259	-2.75	2.75	34	2600,50
259	-2.75	1.75	34	2600,50
259	-3.25	1.75	34	2600,50
259	-3.75	2.25	34	2600,50
259	-4.25	2.25	34	2600,50
259	-4.25	1.75	34	2600,50
259	-3.75	1.25	34	2600,50
259	-3.75	0.75	34	2600,50
259	-4.25	0.25	34	2600,50
259	-5.75	0.25	34	2600,50
259	-6.25	0.75	34	2600,50
259	-6.75	0.75	34	2600,50
259	-7.25	0.25	34	2600,50
259	-7.75	0.25	34	2600,50
259	-7.75	0.75	34	2600,50
259	-7.25	1.25	34	2600,50
259	-7.25	1.75	34	2600,50
259	-8.25	2.75	34	2600,50
259	-8.25	3.25	34	2600,50
259	-7.25	4.25	34	2600,50
259	-6.75	4.25	34	2600,50
259	-6.25	3.75	34	2600,50
259	-5.75	3.75	34	2600,50
259	-5.75	4.75	34	2600,50
259	-4.75	4.75	34	2600,50
259	-4.25	5.25	34	2600,50
259	-3.75	5.25	34	2600,50
259	-3.25	4.75	34	2600,50
259	-2.75	4.75	34	2600,50
259	-2.25	5.25	34	2600,50
259	-2.25	5.75	34	2600,50
259	-3.75	7.25	34	2600,50
259	-5.75	7.25	34	2600,50
259	-6.25	7.75	34	2600,50
259	-6.25	8.25	34	2600,50
259	-5.75	8.75	34	2600,50
259	-5.75	9.25	34	2600,50
259	-6.75	10.25	34	2600,50
259	-7.25	10.25	34	2600,50
259	-7.75	9.75	34	2600,50
259	-8.25	9.75	34	2600,50
259	-9.25	10.75	34	2600,50
259	-9.25	11.25	34	2600,50
259	-8.75	11.75	34	2600,50
259	-8.75	12.25	34	2600,50
259	-9.25	12.75	34	2600,50
259	-9.75	12.75	34	2600,50
259	-10.75	11.75	34	2600,50
259	-10.75	10.75	34	2600,50
259	-11.25	10.25	34	2600,50
259	-11.25	9.75	34	2600,50
259	-10.25	9.75	34	2600,50
259	-10.25	8.75	34	2600,50
259	-9.25	8.75	34	2600,50
259	-8.75	8.25	34	2600,50
259	-8.75	7.75	34	2600,50
259	-10.75	5.75	34	2600,50
259	-11.25	5.75	34	2600,50
259	-11.25	6.25	34	2600,50
259	-10.75	6.75	34	2600,50
259	-10.75	8.25	34	2600,50
259	-11.25	8.75	34	2600,50
259	-11.75	8.75	34	2600,50
259	-12.75	7.75	34	2600,50
259	-13.25	7.75	34	2600,50
259	-14.25	8.75	34	2600,50
259	-14.75	8.75	34	2600,50
259	-14.75	7.75	34	2600,50
259	-15.25	7.25	34	2600,50
259	-15.25	5.25	34	2600,50
259	-16.75	3.75	34	2600,50
259	-17.75	3.75	34	2600,50
259	-17.75	2.75	34	2600,50
259	-21.25	-0.75	34	2600,50
259	-24.75	-0.75	34	2600,50
259	-25.75	0.25	34	2600,50
259	-26.75	0.25	34	2600,50
259	-28.25	1.75	34	2600,50
259	-28.25	2.75	34	2600,50
259	-28.75	3.25	34	2600,50
259	-28.75	3.75	34	2600,50
259	-27.75	4.75	34	2600,50
259	-27.25	4.75	34	2600,50
259	-26.75	4.25	34	2600,50
259	-26.25	4.25	34	2600,50
259	-25.75	4.75	34	2600,50
259	-25.75	5.25	34	2600,50
259	-26.75	6.25	34	2600,50
259	-26.75	6.75	34	2600,50
259	-25.75	6.75	34	2600,50
259	-25.25	7.25	34	2600,50
259	-25.25	8.25	34	2600,50
259	-24.25	8.25	34	2600,50
259	-23.75	8.75	34	2600,50
259	-23.75	9.75	34	2600,50
259	-21.75	11.75	34	2600,50
259	-20.25	11.75	34	2600,50
259	-18.75	10.25	34	2600,50
259	-18.25	10.25	34	2600,50
259	-18.25	11.75	34	2600,50
259	-19.25	11.75	34	2600,50
259	-19.25	12.25	34	2600,50
259	-18.75	12.75	34	2600,50
259	-18.75	13.25	34	2600,50
259	-19.25	13.75	34	2600,50
259	-19.25	14.25	34	2600,50
259	-18.25	15.25	34	2600,50
259	-18.25	15.75	34	2600,50
259	-18.75	15.75	34	2600,50
259	-19.25	15.25	34	2600,50
259	-20.75	15.25	34	2600,50
259	-21.75	16.25	34	2600,50
259	-22.25	16.25	34	2600,50
259	-22.75	15.75	34	2600,50
259	-22.75	14.25	34	2600,50
259	-21.75	13.25	34	2600,50
259	-21.75	12.75	34	2600,50
259	-22.25	12.25	34	2600,50
259	-23.25	12.25	34	2600,50
259	-23.75	11.75	34	2600,50
259	-23.75	10.75	34	2600,50
259	-24.25	10.75	34	2600,50
259	-24.75	11.25	34	2600,50
259	-24.75	12.25	34	2600,50
259	-25.75	12.25	34	2600,50
259	-25.75	15.25	34	2600,50
259	-26.25	15.25	34	2600,50
259	-27.25	14.25	34	2600,50
259	-27.75	14.25	34	2600,50
259	-27.75	14.75	34	2600,50
259	-26.75	15.75	34	2600,50
259	-26.75	17.25	34	2600,50
259	-27.25	17.25	34	2600,50
259	-27.75	16.75	34	2600,50
259	-28.75	16.75	34	2600,50
259	-28.75	15.75	34	2600,50
259	-30.25	14.25	34	2600,50
259	-31.25	14.25	34	2600,50
259	-32.75	12.75	34	2600,50
259	-33.25	12.75	34	2600,50
259	-34.75	14.25	34	2600,50
259	-34.75	14.75	34	2600,50
259	-32.75	16.75	34	2600,50
259	-32.75	17.75	34	2600,50
259	-30.75	19.75	34	2600,50
259	-30.75	20.25	34	2600,50
259	-31.25	20.75	34	2600,50
259	-31.25	21.75	34	2600,50
259	-31.75	22.25	34	2600,50
259	-32.25	22.25	34	2600,50
259	-32.25	20.25	34	2600,50
259	-32.75	20.25	34	2600,50
259	-33.25	20.75	34	2600,50
259	-33.75	20.75	34	2600,50
259	-33.75	19.75	34	2600,50
259	-34.75	19.75	34	2600,50
259	-35.25	19.25	34	2600,50
259	-36.25	19.25	34	2600,50
259	-36.25	18.25	34	2600,50
259	-36.75	17.75	34	2600,50
259	-37.75	17.75	34	2600,50
259	-38.75	16.75	34	2600,50
259	-39.25	16.75	34	2600,50
259	-39.75	17.25	34	2600,50
259	-39.75	18.75	34	2600,50
259	-36.25	22.25	34	2600,50
259	-36.25	22.75	34	2600,50
259	-36.75	22.75	34	2600,50
259	-37.75	21.75	34	2600,50
259	-38.25	21.75	34	2600,50
259	-38.75	22.25	34	2600,50
259	-38.75	22.75	34	2600,50
259	-38.25	23.25	34	2600,50
259	-38.25	23.75	34	2600,50
259	-39.25	24.75	34	2600,50
259	-39.25	25.25	34	2600,50
259	-38.75	25.25	34	2600,50
259	-37.25	23.75	34	2600,50
259	-36.75	23.75	34	2600,50
259	-36.75	25.75	34	2600,50
259	-35.75	26.75	34	2600,50
259	-35.75	27.25	34	2600,50
259	-36.75	28.25	34	2600,50
259	-36.75	28.75	34	2600,50
259	-35.75	28.75	34	2600,50
259	-35.25	29.25	34	2600,50
259	-34.75	29.25	34	2600,50
259	-34.25	28.75	34	2600,50
259	-32.75	28.75	34	2600,50
259	-32.25	29.25	34	2600,50
259	-32.25	29.75	34	2600,50
259	-33.75	31.25	34	2600,50
259	-34.25	31.25	34	2600,50
259	-35.25	30.25	34	2600,50
259	-36.75	30.25	34	2600,50
259	-36.75	31.25	34	2600,50
259	-37.25	31.25	34	2600,50
259	-37.75	30.75	34	2600,50
259	-39.25	30.75	34	2600,50
259	-24.25	48.75	34	2600,0
259	-24.25	49.25	34	2600,0
259	-21.75	49.25	34	2600,0
259	-21.75	48.75	34	2600,0
259	-22.75	47.75	34	2600,0
259	-24.25	47.75	34	2600,0
259	-24.25	48.75	34	2600,0
228	-19.25	-0.25	231	2550,50
228	-19.25	0.25	231	2550,50
228	-18.25	1.25	231	2550,50
228	-17.75	1.25	231	2550,50
228	-16.75	0.25	231	2550,50
228	-16.75	-0.25	231	2550,50
228	-17.25	-0.75	231	2550,50
228	-18.75	-0.75	231	2550,50
228	-19.25	-0.25	231	2550,50
228	-18.25	48.75	231	2550,0
228	-18.25	49.25	231	2550,0
228	-17.75	49.25	231	2550,0
228	-17.75	48.75	231	2550,0
228	-18.25	48.75	231	2550,0
134	-31.75	0.25	159	2600,50
134	-31.75	0.75	159	2600,50
134	-31.25	1.25	159	2600,50
134	-30.75	1.25	159	2600,50
134	-29.25	-0.25	159	2600,50
134	-29.25	-0.75	159	2600,50
134	-30.75	-0.75	159	2600,50
134	-31.75	0.25	159	2600,50
135	-20.75	-0.75	159	2600,50
135	-20.75	-0.25	159	2600,50
135	-17.75	2.75	159	2600,50
135	-16.75	2.75	159	2600,50
135	-16.25	3.25	159	2600,50
135	-15.75	3.25	159	2600,50
135	-15.75	2.75	159	2600,50
135	-16.25	2.25	159	2600,50
135	-16.25	1.25	159	2600,50
135	-18.25	-0.75	159	2600,50
135	-20.75	-0.75	159	2600,50
136	-14.75	-0.75	159	2600,50
136	-14.75	-0.25	159	2600,50
136	-14.25	-0.25	159	2600,50
136	-14.25	-0.75	159	2600,50
136	-14.75	-0.75	159	2600,50
174	-16.75	1.25	19	2500,0
174	-16.75	1.75	19	2500,0
174	-12.75	5.75	19	2500,0
174	-12.25	5.75	19	2500,0
174	-11.75	5.25	19	2500,0
174	-10.25	5.25	19	2500,0
174	-8.75	6.75	19	2500,0
174	-8.25	6.75	19	2500,0
174	-5.75	4.25	19	2500,0
174	-5.25	4.25	19	2500,0
174	-4.75	4.75	19	2500,0
174	-3.25	4.75	19	2500,0
174	-3.25	4.25	19	2500,0
174	-7.25	0.25	19	2500,0
174	-7.75	0.25	19	2500,0
174	-9.25	1.75	19	2500,0
174	-11.25	1.75	19	2500,0
174	-12.75	3.25	19	2500,0
174	-13.25	3.25	19	2500,0
174	-15.75	0.75	19	2500,0
174	-16.25	0.75	19	2500,0
174	-16.75	1.25	19	2500,0
285	-8.25	8.75	48	2500,0
285	-8.25	9.25	48	2500,0
285	-7.25	10.25	48	2500,0
285	-5.25	10.25	48	2500,0
285	-4.25	11.25	48	2500,0
285	-3.75	11.25	48	2500,0
285	-2.25	9.75	48	2500,0
285	-1.75	9.75	48	2500,0
285	-1.75	10.75	48	2500,0
285	-0.75	10.75	48	2500,0
285	-0.25	11.25	48	2500,0
285	0.25	11.25	48	2500,0
285	1.25	10.25	48	2500,0
285	2.75	10.25	48	2500,0
285	3.25	10.75	48	2500,0
285	3.75	10.75	48	2500,0
285	3.75	10.25	48	2500,0
285	2.75	9.25	48	2500,0
285	2.75	8.75	48	2500,0
285	3.75	8.75	48	2500,0
285	3.75	7.75	48	2500,0
285	5.25	6.25	48	2500,0
285	5.25	3.75	48	2500,0
285	3.75	3.75	48	2500,0
285	2.25	5.25	48	2500,0
285	1.75	5.25	48	2500,0
285	-0.75	2.75	48	2500,0
285	-1.25	2.75	48	2500,0
285	-3.25	4.75	48	2500,0
285	-4.75	4.75	48	2500,0
285	-5.25	4.25	48	2500,0
285	-5.75	4.25	48	2500,0
285	-8.25	6.75	48	2500,0
285	-8.75	6.75	48	2500,0
285	-10.25	5.25	48	2500,0
285	-10.75	5.25	48	2500,0
285	-10.75	5.75	48	2500,0
285	-8.25	8.25	48	2500,0
285	-8.25	8.75	48	2500,0
285	-44.75	5.25	48	2550,0
285	-44.75	5.75	48	2550,0
285	-44.25	6.25	48	2550,0
285	-43.25	6.25	48	2550,0
285	-42.75	6.75	48	2550,0
285	-42.25	6.75	48	2550,0
285	-40.75	5.25	48	2550,0
285	-38.25	5.25	48	2550,0
285	-37.25	6.25	48	2550,0
285	-36.75	6.25	48	2550,0
285	-35.75	5.25	48	2550,0
285	-35.25	5.25	48	2550,0
285	-34.75	5.75	48	2550,0
285	-34.25	5.75	48	2550,0
285	-33.75	5.25	48	2550,0
285	-33.25	5.25	48	2550,0
285	-30.25	8.25	48	2550,0
285	-30.25	8.75	48	2550,0
285	-30.75	9.25	48	2550,0
285	-30.75	10.25	48	2550,0
285	-32.75	12.25	48	2550,0
285	-32.75	12.75	48	2550,0
285	-31.75	13.75	48	2550,0
285	-31.25	13.75	48	2550,0
285	-30.25	12.75	48	2550,0
285	-30.25	11.75	48	2550,0
285	-28.75	11.75	48	2550,0
285	-28.25	12.25	48	2550,0
285	-28.25	12.75	48	2550,0
285	-29.25	13.75	48	2550,0
285	-29.25	14.75	48	2550,0
285	-29.75	15.25	48	2550,0
285	-29.75	15.75	48	2550,0
285	-28.25	15.75	48	2550,0
285	-27.75	15.25	48	2550,0
285	-27.75	14.75	48	2550,0
285	-28.25	14.25	48	2550,0
285	-28.25	13.75	48	2550,0
285	-27.75	13.75	48	2550,0
285	-26.75	14.75	48	2550,0
285	-26.25	14.75	48	2550,0
285	-25.25	13.75	48	2550,0
285	-25.25	12.75	48	2550,0
285	-24.75	12.75	48	2550,0
285	-23.75	13.75	48	2550,0
285	-23.25	13.75	48	2550,0
285	-22.75	13.25	48	2550,0
285	-22.75	12.75	48	2550,0
285	-23.25	12.25	48	2550,0
285	-23.25	11.75	48	2550,0
285	-22.75	11.25	48	2550,0
285	-20.75	11.25	48	2550,0
285	-20.75	10.75	48	2550,0
285	-21.25	10.25	48	2550,0
285	-22.25	10.25	48	2550,0
285	-23.25	9.25	48	2550,0
285	-23.25	8.25	48	2550,0
285	-25.25	6.25	48	2550,0
285	-25.25	4.75	48	2550,0
285	-23.25	2.75	48	2550,0
285	-21.75	2.75	48	2550,0
285	-21.25	3.25	48	2550,0
285	-19.75	3.25	48	2550,0
285	-19.25	2.75	48	2550,0
285	-19.25	2.25	48	2550,0
285	-20.75	0.75	48	2550,0
285	-21.25	0.75	48	2550,0
285	-22.25	1.75	48	2550,0
285	-23.25	1.75	48	2550,0
285	-24.25	2.75	48	2550,0
285	-25.25	2.75	48	2550,0
285	-25.75	3.25	48	2550,0
285	-26.75	3.25	48	2550,0
285	-27.75	4.25	48	2550,0
285	-28.25	4.25	48	2550,0
285	-30.25	2.25	48	2550,0
285	-31.25	2.25	48	2550,0
285	-31.75	1.75	48	2550,0
285	-32.25	1.75	48	2550,0
285	-33.25	2.75	48	2550,0
285	-33.75	2.75	48	2550,0
285	-34.25	2.25	48	2550,0
285	-34.75	2.25	48	2550,0
285	-35.25	2.75	48	2550,0
285	-36.25	2.75	48	2550,0
285	-37.25	3.75	48	2550,0
285	-37.75	3.75	48	2550,0
285	-38.25	3.25	48	2550,0
285	-40.25	3.25	48	2550,0
285	-40.75	2.75	48	2550,0
285	-41.25	2.75	48	2550,0
285	-42.25	3.75	48	2550,0
285	-43.75	3.75	48	2550,0
285	-44.25	3.25	48	2550,0
285	-44.75	3.25	48	2550,0
285	-44.75	5.25	48	2550,0
364	-12.75	3.25	95	2550,50
364	-12.75	3.75	95	2550,50
364	-12.25	3.75	95	2550,50
364	-10.25	1.75	95	2550,50
364	-9.75	1.75	95	2550,50
364	-9.25	2.25	95	2550,50
364	-8.25	2.25	95	2550,50
364	-7.25	3.25	95	2550,50
364	-7.25	3.75	95	2550,50
364	-9.25	5.75	95	2550,50
364	-9.25	6.25	95	2550,50
364	-6.75	8.75	95	2550,50
364	-6.25	8.75	95	2550,50
364	-4.75	7.25	95	2550,50
364	-3.25	7.25	95	2550,50
364	-2.75	7.75	95	2550,50
364	-2.75	8.25	95	2550,50
364	-4.25	9.75	95	2550,50
364	-4.25	10.25	95	2550,50
364	-2.75	11.75	95	2550,50
364	-2.25	11.75	95	2550,50
364	-1.25	10.75	95	2550,50
364	-0.75	10.75	95	2550,50
364	-0.25	11.25	95	2550,50
364	0.25	11.25	95	2550,50
364	1.25	10.25	95	2550,50
364	1.75	10.25	95	2550,50
364	1.75	10.75	95	2550,50
364	-1.25	13.75	95	2550,50
364	-1.25	14.25	95	2550,50
364	-0.75	14.25	95	2550,50
364	4.75	8.75	95	2550,50
364	4.75	-0.75	95	2550,50
364	2.25	-0.75	95	2550,50
364	1.25	0.25	95	2550,50
364	0.75	0.25	95	2550,50
364	-0.25	-0.75	95	2550,50
364	-9.75	-0.75	95	2550,50
364	-9.75	-0.25	95	2550,50
364	-9.25	0.25	95	2550,50
364	-9.25	0.75	95	2550,50
364	-9.75	0.75	95	2550,50
364	-10.25	0.25	95	2550,50
364	-11.75	0.25	95	2550,50
364	-13.25	1.75	95	2550,50
364	-13.25	2.25	95	2550,50
364	-12.75	2.75	95	2550,50
364	-12.75	3.25	95	2550,50
364	-15.25	48.75	95	2550,0
364	-15.25	49.25	95	2550,0
364	-14.75	49.25	95	2550,0
364	-13.25	47.75	95	2550,0
364	-13.25	47.25	95	2550,0
364	-13.75	47.25	95	2550,0
364	-15.25	48.75	95	2550,0
364	-45.25	7.75	95	2600,50
364	-45.25	8.25	95	2600,50
364	-44.75	8.25	95	2600,50
364	-43.25	6.75	95	2600,50
364	-42.75	6.75	95	2600,50
364	-41.75	7.75	95	2600,50
364	-41.25	7.75	95	2600,50
364	-39.75	6.25	95	2600,50
364	-39.75	4.75	95	2600,50
364	-40.25	4.25	95	2600,50
364	-40.25	3.25	95	2600,50
364	-40.75	3.25	95	2600,50
364	-41.25	3.75	95	2600,50
364	-41.75	3.75	95	2600,50
364	-42.75	2.75	95	2600,50
364	-42.75	2.25	95	2600,50
364	-41.75	1.25	95	2600,50
364	-41.75	0.75	95	2600,50
364	-42.25	0.25	95	2600,50
364	-42.75	0.25	95	2600,50
364	-43.25	0.75	95	2600,50
364	-43.75	0.75	95	2600,50
364	-44.75	-0.25	95	2600,50
364	-45.25	-0.25	95	2600,50
364	-45.25	7.75	95	2600,50
364	-45.25	46.75	95	2600,0
364	-45.25	47.25	95	2600,0
364	-44.75	47.75	95	2600,0
364	-44.25	47.75	95	2600,0
364	-44.25	46.75	95	2600,0
364	-43.25	46.75	95	2600,0
364	-42.75	46.25	95	2600,0
364	-42.25	46.25	95	2600,0
364	-42.25	46.75	95	2600,0
364	-42.75	47.25	95	2600,0
364	-42.75	48.75	95	2600,0
364	-42.25	49.25	95	2600,0
364	-41.75	49.25	95	2600,0
364	-41.25	48.75	95	2600,0
364	-41.25	48.25	95	2600,0
364	-41.75	47.75	95	2600,0
364	-41.75	47.25	95	2600,0
364	-40.75	47.25	95	2600,0
364	-40.75	46.75	95	2600,0
364	-41.25	46.25	95	2600,0
364	-41.25	45.75	95	2600,0
364	-40.25	45.75	95	2600,0
364	-39.75	45.25	95	2600,0
364	-39.75	44.75	95	2600,0
364	-40.25	44.25	95	2600,0
364	-41.75	44.25	95	2600,0
364	-41.75	45.25	95	2600,0
364	-42.25	45.25	95	2600,0
364	-43.25	44.25	95	2600,0
364	-43.75	44.25	95	2600,0
364	-45.25	45.75	95	2600,0
364	-45.25	46.75	95	2600,0
365	-15.75	-0.75	95	2550,50
365	-15.75	-0.25	95	2550,50
365	-15.25	-0.25	95	2550,50
365	-15.25	-0.75	95	2550,50
365	-15.75	-0.75	95	2550,50
365	-9.25	48.75	95	2550,0
365	-9.25	49.25	95	2550,0
365	-8.75	49.25	95	2550,0
365	-8.75	48.75	95	2550,0
365	-9.25	48.75	95	2550,0
365	-41.75	-0.75	95	2600,50
365	-41.75	-0.25	95	2600,50
365	-41.25	0.25	95	2600,50
365	-40.75	0.25	95	2600,50
365	-40.75	-0.25	95	2600,50
365	-41.25	-0.75	95	2600,50
365	-41.75	-0.75	95	2600,50
262	0.75	15.75	36	2500,0
262	0.75	16.25	36	2500,0
262	4.25	19.75	36	2500,0
262	4.75	19.75	36	2500,0
262	5.25	19.25	36	2500,0
262	5.25	12.75	36	2500,0
262	3.75	12.75	36	2500,0
262	3.75	13.25	36	2500,0
262	4.25	13.75	36	2500,0
262	4.25	14.25	36	2500,0
262	2.25	14.25	36	2500,0
262	0.75	15.75	36	2500,0
262	-43.75	21.25	36	2550,0
262	-43.75	21.75	36	2550,0
262	-42.25	21.75	36	2550,0
262	-39.75	19.25	36	2550,0
262	-37.75	19.25	36	2550,0
262	-37.75	17.25	36	2550,0
262	-35.25	14.75	36	2550,0
262	-35.25	14.25	36	2550,0
262	-38.25	11.25	36	2550,0
262	-38.75	11.25	36	2550,0
262	-39.25	11.75	36	2550,0
262	-40.75	11.75	36	2550,0
262	-40.75	11.25	36	2550,0
262	-40.25	10.75	36	2550,0
262	-40.25	10.25	36	2550,0
262	-41.75	10.25	36	2550,0
262	-44.75	13.25	36	2550,0
262	-44.75	18.75	36	2550,0
262	-44.25	19.25	36	2550,0
262	-44.25	20.25	36	2550,0
262	-43.75	20.75	36	2550,0
262	-43.75	21.25	36	2550,0
89	-30.25	34.75	144	2550,0
89	-30.25	35.25	144	2550,0
89	-29.25	36.25	144	2550,0
89	-28.75	36.25	144	2550,0
89	-21.25	28.75	144	2550,0
89	-21.25	28.25	144	2550,0
89	-22.25	27.25	144	2550,0
89	-22.75	27.25	144	2550,0
89	-25.75	30.25	144	2550,0
89	-25.75	31.25	144	2550,0
89	-26.25	31.75	144	2550,0
89	-27.25	31.75	144	2550,0
89	-27.25	32.75	144	2550,0
89	-28.25	32.75	144	2550,0
89	-30.25	34.75	144	2550,0
294	-0.75	14.25	55	2550,50
294	-0.75	14.75	55	2550,50
294	0.25	14.75	55	2550,50
294	0.75	15.25	55	2550,50
294	0.75	16.25	55	2550,50
294	2.75	18.25	55	2550,50
294	3.25	18.25	55	2550,50
294	4.25	17.25	55	2550,50
294	4.25	15.25	55	2550,50
294	4.75	14.75	55	2550,50
294	4.75	12.25	55	2550,50
294	4.25	12.25	55	2550,50
294	3.25	13.25	55	2550,50
294	1.75	13.25	55	2550,50
294	1.75	12.25	55	2550,50
294	1.25	12.25	55	2550,50
294	-0.75	14.25	55	2550,50
294	-45.25	13.75	55	2600,50
294	-45.25	14.25	55	2600,50
294	-44.75	14.75	55	2600,50
294	-44.25	14.75	55	2600,50
294	-44.25	14.25	55	2600,50
294	-44.75	13.75	55	2600,50
294	-44.75	13.25	55	2600,50
294	-40.75	9.25	55	2600,50
294	-40.75	8.75	55	2600,50
294	-41.25	8.75	55	2600,50
294	-41.75	9.25	55	2600,50
294	-43.75	9.25	55	2600,50
294	-43.75	10.25	55	2600,50
294	-45.25	11.75	55	2600,50
294	-45.25	13.75	55	2600,50
123	3.25	18.25	152	2550,50
123	3.25	18.75	152	2550,50
123	3.75	19.25	152	2550,50
123	4.25	19.25	152	2550,50
123	4.75	18.75	152	2550,50
123	4.75	15.25	152	2550,50
123	4.25	15.25	152	2550,50
123	4.25	17.25	152	2550,50
123	3.25	18.25	152	2550,50
123	-45.25	17.75	152	2600,50
123	-45.25	18.25	152	2600,50
123	-44.75	18.25	152	2600,50
123	-44.25	17.75	152	2600,50
123	-44.25	16.75	152	2600,50
123	-42.75	15.25	152	2600,50
123	-42.75	14.25	152	2600,50
123	-42.25	14.25	152	2600,50
123	-41.75	14.75	152	2600,50
123	-41.25	14.75	152	2600,50
123	-38.25	11.75	152	2600,50
123	-38.25	11.25	152	2600,50
123	-38.75	10.75	152	2600,50
123	-38.75	10.25	152	2600,50
123	-37.75	9.25	152	2600,50
123	-35.75	9.25	152	2600,50
123	-34.75	8.25	152	2600,50
123	-34.75	7.75	152	2600,50
123	-35.25	7.25	152	2600,50
123	-35.25	6.75	152	2600,50
123	-34.75	6.75	152	2600,50
123	-34.25	7.25	152	2600,50
123	-33.75	7.25	152	2600,50
123	-33.75	6.25	152	2600,50
123	-32.75	6.25	152	2600,50
123	-32.75	5.25	152	2600,50
123	-32.25	4.75	152	2600,50
123	-32.25	3.75	152	2600,50
123	-31.75	3.25	152	2600,50
123	-31.25	3.25	152	2600,50
123	-30.75	3.75	152	2600,50
123	-30.25	3.75	152	2600,50
123	-30.25	3.25	152	2600,50
123	-30.75	2.75	152	2600,50
123	-30.75	2.25	152	2600,50
123	-29.75	2.25	152	2600,50
123	-29.75	1.25	152	2600,50
123	-28.25	-0.25	152	2600,50
123	-28.25	-0.75	152	2600,50
123	-28.75	-0.75	152	2600,50
123	-30.75	1.25	152	2600,50
123	-31.25	1.25	152	2600,50
123	-31.75	0.75	152	2600,50
123	-32.25	0.75	152	2600,50
123	-44.75	13.25	152	2600,50
123	-44.75	13.75	152	2600,50
123	-44.25	14.25	152	2600,50
123	-44.25	14.75	152	2600,50
123	-45.25	14.75	152	2600,50
123	-45.25	17.75	152	2600,50
123	-28.25	48.75	152	2600,0
123	-28.25	49.25	152	2600,0
123	-27.75	49.25	152	2600,0
123	-26.75	48.25	152	2600,0
123	-26.75	47.75	152	2600,0
123	-27.25	47.75	152	2600,0
123	-28.25	48.75	152	2600,0
293	-23.75	41.25	54	2600,50
293	-23.75	41.75	54	2600,50
293	-21.25	44.25	54	2600,50
293	-19.75	44.25	54	2600,50
293	-18.75	43.25	54	2600,50
293	-18.75	42.25	54	2600,50
293	-15.75	39.25	54	2600,50
293	-14.75	39.25	54	2600,50
293	-12.75	37.25	54	2600,50
293	-12.75	36.25	54	2600,50
293	-7.25	30.75	54	2600,50
293	-7.25	30.25	54	2600,50
293	-7.75	29.75	54	2600,50
293	-8.75	29.75	54	2600,50
293	-8.75	27.75	54	2600,50
293	-10.25	27.75	54	2600,50
293	-11.25	28.75	54	2600,50
293	-11.75	28.75	54	2600,50
293	-12.25	28.25	54	2600,50
293	-12.75	28.25	54	2600,50
293	-12.75	29.25	54	2600,50
293	-13.75	29.25	54	2600,50
293	-14.25	29.75	54	2600,50
293	-14.25	30.25	54	2600,50
293	-13.25	31.25	54	2600,50
293	-13.25	31.75	54	2600,50
293	-13.75	32.25	54	2600,50
293	-13.75	33.25	54	2600,50
293	-14.25	33.75	54	2600,50
293	-15.75	33.75	54	2600,50
293	-16.75	32.75	54	2600,50
293	-17.25	32.75	54	2600,50
293	-17.25	33.75	54	2600,50
293	-18.25	33.75	54	2600,50
293	-21.75	37.25	54	2600,50
293	-21.75	37.75	54	2600,50
293	-21.25	38.25	54	2600,50
293	-21.25	38.75	54	2600,50
293	-23.75	41.25	54	2600,50
220	3.75	18.75	226	2600,100
220	3.75	19.25	226	2600,100
220	4.75	20.25	226	2600,100
220	5.25	20.25	226	2600,100
220	5.25	17.75	226	2600,100
220	4.75	17.75	226	2600,100
220	3.75	18.75	226	2600,100
220	-44.75	20.25	226	2650,100
220	-44.75	20.75	226	2650,100
220	-42.75	22.75	226	2650,100
220	-42.25	22.75	226	2650,100
220	-38.75	19.25	226	2650,100
220	-38.75	18.75	226	2650,100
220	-39.25	18.25	226	2650,100
220	-39.25	17.75	226	2650,100
220	-38.75	17.75	226	2650,100
220	-38.25	18.25	226	2650,100
220	-37.75	18.25	226	2650,100
220	-35.75	16.25	226	2650,100
220	-35.75	15.75	226	2650,100
220	-36.75	14.75	226	2650,100
220	-36.75	14.25	226	2650,100
220	-36.25	13.75	226	2650,100
220	-36.25	13.25	226	2650,100
220	-37.25	12.25	226	2650,100
220	-37.75	12.25	226	2650,100
220	-38.25	12.75	226	2650,100
220	-39.25	12.75	226	2650,100
220	-39.75	13.25	226	2650,100
220	-39.75	14.25	226	2650,100
220	-43.25	17.75	226	2650,100
220	-43.75	17.75	226	2650,100
220	-44.25	17.25	226	2650,100
220	-44.75	17.25	226	2650,100
220	-44.75	20.25	226	2650,100
185	-41.25	23.75	2	2650,100
185	-41.25	24.25	2	2650,100
185	-38.25	27.25	2	2650,100
185	-37.75	27.25	2	2650,100
185	-36.25	25.75	2	2650,100
185	-36.25	25.25	2	2650,100
185	-38.75	22.75	2	2650,100
185	-38.75	21.25	2	2650,100
185	-38.25	21.25	2	2650,100
185	-37.25	22.25	2	2650,100
185	-36.75	22.25	2	2650,100
185	-36.25	21.75	2	2650,100
185	-36.25	20.75	2	2650,100
185	-35.75	20.75	2	2650,100
185	-33.75	22.75	2	2650,100
185	-33.25	22.75	2	2650,100
185	-30.25	19.75	2	2650,100
185	-29.75	19.75	2	2650,100
185	-28.75	20.75	2	2650,100
185	-28.25	20.75	2	2650,100
185	-26.75	19.25	2	2650,100
185	-26.75	17.75	2	2650,100
185	-27.25	17.25	2	2650,100
185	-27.25	16.75	2	2650,100
185	-26.25	15.75	2	2650,100
185	-25.25	15.75	2	2650,100
185	-25.25	15.25	2	2650,100
185	-28.25	12.25	2	2650,100
185	-28.25	10.25	2	2650,100
185	-28.75	9.75	2	2650,100
185	-28.75	7.75	2	2650,100
185	-30.75	5.75	2	2650,100
185	-31.25	5.75	2	2650,100
185	-31.75	6.25	2	2650,100
185	-32.75	6.25	2	2650,100
185	-33.25	6.75	2	2650,100
185	-34.75	6.75	2	2650,100
185	-36.75	4.75	2	2650,100
185	-37.25	4.75	2	2650,100
185	-37.25	5.25	2	2650,100
185	-35.25	7.25	2	2650,100
185	-35.25	7.75	2	2650,100
185	-36.75	7.75	2	2650,100
185	-38.25	6.25	2	2650,100
185	-38.75	6.25	2	2650,100
185	-39.25	6.75	2	2650,100
185	-39.75	6.75	2	2650,100
185	-40.75	5.75	2	2650,100
185	-40.75	5.25	2	2650,100
185	-39.75	5.25	2	2650,100
185	-39.75	4.75	2	2650,100
185	-40.75	3.75	2	2650,100
185	-43.25	3.75	2	2650,100
185	-44.25	4.75	2	2650,100
185	-44.25	5.25	2	2650,100
185	-42.75	6.75	2	2650,100
185	-41.75	6.75	2	2650,100
185	-41.75	7.75	2	2650,100
185	-39.25	10.25	2	2650,100
185	-37.75	10.25	2	2650,100
185	-36.75	9.25	2	2650,100
185	-36.25	9.25	2	2650,100
185	-36.25	9.75	2	2650,100
185	-37.75	11.25	2	2650,100
185	-39.25	11.25	2	2650,100
185	-39.75	10.75	2	2650,100
185	-40.25	10.75	2	2650,100
185	-40.25	11.75	2	2650,100
185	-42.75	14.25	2	2650,100
185	-42.75	15.25	2	2650,100
185	-43.25	15.75	2	2650,100
185	-43.25	16.75	2	2650,100
185	-43.75	17.25	2	2650,100
185	-43.75	17.75	2	2650,100
185	-43.25	17.75	2	2650,100
185	-39.75	14.25	2	2650,100
185	-39.75	13.25	2	2650,100
185	-39.25	12.75	2	2650,100
185	-38.25	12.75	2	2650,100
185	-37.75	12.25	2	2650,100
185	-37.25	12.25	2	2650,100
185	-36.25	13.25	2	2650,100
185	-36.25	13.75	2	2650,100
185	-36.75	14.25	2	2650,100
185	-36.75	14.75	2	2650,100
185	-35.75	15.75	2	2650,100
185	-35.75	16.25	2	2650,100
185	-37.75	18.25	2	2650,100
185	-38.25	18.25	2	2650,100
185	-38.75	17.75	2	2650,100
185	-39.25	17.75	2	2650,100
185	-39.25	18.25	2	2650,100
185	-38.75	18.75	2	2650,100
185	-38.75	19.25	2	2650,100
185	-41.75	22.25	2	2650,100
185	-41.75	22.75	2	2650,100
185	-41.25	23.25	2	2650,100
185	-41.25	23.75	2	2650,100
281	-34.75	30.25	46	2650,100
281	-34.75	30.75	46	2650,100
281	-32.25	33.25	46	2650,100
281	-31.75	33.25	46	2650,100
281	-31.75	32.25	46	2650,100
281	-31.25	31.75	46	2650,100
281	-30.75	31.75	46	2650,100
281	-30.25	32.25	46	2650,100
281	-29.25	32.25	46	2650,100
281	-28.75	32.75	46	2650,100
281	-28.25	32.75	46	2650,100
281	-27.75	32.25	46	2650,100
281	-27.75	31.75	46	2650,100
281	-28.25	31.25	46	2650,100
281	-28.25	30.75	46	2650,100
281	-27.75	30.75	46	2650,100
281	-27.25	31.25	46	2650,100
281	-26.75	31.25	46	2650,100
281	-23.25	27.75	46	2650,100
281	-22.75	27.75	46	2650,100
281	-22.75	29.25	46	2650,100
281	-23.25	29.75	46	2650,100
281	-24.25	29.75	46	2650,100
281	-25.25	30.75	46	2650,100
281	-25.25	31.25	46	2650,100
281	-24.75	31.25	46	2650,100
281	-24.25	30.75	46	2650,100
281	-23.25	30.75	46	2650,100
281	-21.75	29.25	46	2650,100
281	-21.75	28.25	46	2650,100
281	-21.25	27.75	46	2650,100
281	-20.75	27.75	46	2650,100
281	-20.75	29.75	46	2650,100
281	-19.75	29.75	46	2650,100
281	-18.25	31.25	46	2650,100
281	-18.25	31.75	46	2650,100
281	-21.25	34.75	46	2650,100
281	-21.25	35.25	46	2650,100
281	-20.75	35.75	46	2650,100
281	-20.75	36.25	46	2650,100
281	-21.25	36.75	46	2650,100
281	-22.25	36.75	46	2650,100
281	-22.25	37.75	46	2650,100
281	-22.75	38.25	46	2650,100
281	-23.75	38.25	46	2650,100
281	-25.25	39.75	46	2650,100
281	-25.25	40.25	46	2650,100
281	-24.75	40.25	46	2650,100
281	-23.75	39.25	46	2650,100
281	-21.75	39.25	46	2650,100
281	-21.25	38.75	46	2650,100
281	-21.25	37.75	46	2650,100
281	-20.25	37.75	46	2650,100
281	-18.25	35.75	46	2650,100
281	-18.25	35.25	46	2650,100
281	-18.75	35.25	46	2650,100
281	-19.25	35.75	46	2650,100
281	-19.75	35.75	46	2650,100
281	-19.75	35.25	46	2650,100
281	-19.25	34.75	46	2650,100
281	-19.25	33.75	46	2650,100
281	-17.25	33.75	46	2650,100
281	-17.25	32.75	46	2650,100
281	-16.75	32.75	46	2650,100
281	-15.75	33.75	46	2650,100
281	-15.75	34.75	46	2650,100
281	-14.75	34.75	46	2650,100
281	-14.25	35.25	46	2650,100
281	-14.25	35.75	46	2650,100
281	-14.75	36.25	46	2650,100
281	-14.75	36.75	46	2650,100
281	-13.75	36.75	46	2650,100
281	-12.75	37.75	46	2650,100
281	-12.75	38.75	46	2650,100
281	-12.25	39.25	46	2650,100
281	-11.75	39.25	46	2650,100
281	-10.75	38.25	46	2650,100
281	-10.75	37.75	46	2650,100
281	-11.75	37.75	46	2650,100
281	-12.25	37.25	46	2650,100
281	-12.25	35.75	46	2650,100
281	-7.75	35.75	46	2650,100
281	-7.25	36.25	46	2650,100
281	-7.25	37.25	46	2650,100
281	-6.75	37.25	46	2650,100
281	-6.25	36.75	46	2650,100
281	-5.75	36.75	46	2650,100
281	-5.25	37.25	46	2650,100
281	-4.75	37.25	46	2650,100
281	-4.75	35.75	46	2650,100
281	-6.25	34.25	46	2650,100
281	-7.25	34.25	46	2650,100
281	-7.25	33.75	46	2650,100
281	-6.75	33.25	46	2650,100
281	-6.75	32.25	46	2650,100
281	-5.75	32.25	46	2650,100
281	-5.25	31.75	46	2650,100
281	-5.25	30.25	46	2650,100
281	-5.75	29.75	46	2650,100
281	-6.25	29.75	46	2650,100
281	-6.75	30.25	46	2650,100
281	-7.25	30.25	46	2650,100
281	-8.25	29.25	46	2650,100
281	-8.25	28.75	46	2650,100
281	-7.75	28.25	46	2650,100
281	-5.75	28.25	46	2650,100
281	-5.75	26.75	46	2650,100
281	-6.25	26.25	46	2650,100
281	-7.25	26.25	46	2650,100
281	-7.25	25.25	46	2650,100
281	-8.25	25.25	46	2650,100
281	-9.25	24.25	46	2650,100
281	-9.75	24.25	46	2650,100
281	-9.75	24.75	46	2650,100
281	-8.75	25.75	46	2650,100
281	-8.75	26.25	46	2650,100
281	-9.25	26.75	46	2650,100
281	-9.75	26.75	46	2650,100
281	-10.25	26.25	46	2650,100
281	-12.75	26.25	46	2650,100
281	-12.75	27.25	46	2650,100
281	-14.25	28.75	46	2650,100
281	-16.75	28.75	46	2650,100
281	-18.75	26.75	46	2650,100
281	-18.75	26.25	46	2650,100
281	-18.25	25.75	46	2650,100
281	-18.25	24.75	46	2650,100
281	-12.75	19.25	46	2650,100
281	-12.25	19.25	46	2650,100
281	-12.25	21.25	46	2650,100
281	-10.25	23.25	46	2650,100
281	-9.75	23.25	46	2650,100
281	-6.25	19.75	46	2650,100
281	-6.25	18.75	46	2650,100
281	-5.75	18.25	46	2650,100
281	-4.75	18.25	46	2650,100
281	-4.25	17.75	46	2650,100
281	-4.25	16.25	46	2650,100
281	-6.25	14.25	46	2650,100
281	-7.25	14.25	46	2650,100
281	-7.75	13.75	46	2650,100
281	-7.75	13.25	46	2650,100
281	-3.25	8.75	46	2650,100
281	-2.25	8.75	46	2650,100
281	0.25	6.25	46	2650,100
281	0.25	5.25	46	2650,100
281	0.75	4.75	46	2650,100
281	1.75	4.75	46	2650,100
281	1.75	3.75	46	2650,100
281	3.25	2.25	46	2650,100
281	4.25	2.25	46	2650,100
281	4.75	1.75	46	2650,100
281	4.75	0.25	46	2650,100
281	4.25	0.25	46	2650,100
281	-19.25	23.75	46	2650,100
281	-19.75	23.75	46	2650,100
281	-19.75	23.25	46	2650,100
281	-19.25	22.75	46	2650,100
281	-19.25	22.25	46	2650,100
281	-19.75	21.75	46	2650,100
281	-19.75	20.75	46	2650,100
281	-20.75	19.75	46	2650,100
281	-20.75	19.25	46	2650,100
281	-18.75	19.25	46	2650,100
281	-18.75	18.75	46	2650,100
281	-20.75	16.75	46	2650,100
281	-21.25	16.75	46	2650,100
281	-24.25	19.75	46	2650,100
281	-25.25	19.75	46	2650,100
281	-25.75	20.25	46	2650,100
281	-25.75	20.75	46	2650,100
281	-24.75	21.75	46	2650,100
281	-24.75	24.25	46	2650,100
281	-25.25	24.25	46	2650,100
281	-26.75	22.75	46	2650,100
281	-27.75	22.75	46	2650,100
281	-28.75	21.75	46	2650,100
281	-29.25	21.75	46	2650,100
281	-29.25	24.75	46	2650,100
281	-34.75	30.25	46	2650,100
281	-45.25	0.75	46	2700,100
281	-45.25	1.25	46	2700,100
281	-44.25	1.25	46	2700,100
281	-41.25	4.25	46	2700,100
281	-40.75	4.25	46	2700,100
281	-38.75	2.25	46	2700,100
281	-38.75	1.75	46	2700,100
281	-39.75	0.75	46	2700,100
281	-39.75	-0.25	46	2700,100
281	-40.75	-1.25	46	2700,100
281	-44.25	-1.25	46	2700,100
281	-45.25	-0.25	46	2700,100
281	-45.25	0.75	46	2700,100
281	-43.75	48.25	46	2700,50
281	-43.75	48.75	46	2700,50
281	-41.25	48.75	46	2700,50
281	-40.75	48.25	46	2700,50
281	-40.25	48.25	46	2700,50
281	-39.75	48.75	46	2700,50
281	-38.25	48.75	46	2700,50
281	-38.25	48.25	46	2700,50
281	-39.75	46.75	46	2700,50
281	-39.75	46.25	46	2700,50
281	-38.75	46.25	46	2700,50
281	-38.75	45.25	46	2700,50
281	-38.25	44.75	46	2700,50
281	-38.25	43.75	46	2700,50
281	-37.25	42.75	46	2700,50
281	-36.25	42.75	46	2700,50
281	-35.75	42.25	46	2700,50
281	-35.75	41.25	46	2700,50
281	-34.75	41.25	46	2700,50
281	-34.25	40.75	46	2700,50
281	-33.25	40.75	46	2700,50
281	-33.25	39.75	46	2700,50
281	-32.75	39.25	46	2700,50
281	-32.75	38.25	46	2700,50
281	-31.75	38.25	46	2700,50
281	-31.25	37.75	46	2700,50
281	-31.25	36.75	46	2700,50
281	-30.75	36.25	46	2700,50
281	-30.75	35.75	46	2700,50
281	-31.75	34.75	46	2700,50
281	-32.25	34.75	46	2700,50
281	-32.25	35.75	46	2700,50
281	-33.25	35.75	46	2700,50
281	-33.25	36.25	46	2700,50
281	-32.75	36.75	46	2700,50
281	-32.75	37.25	46	2700,50
281	-34.25	38.75	46	2700,50
281	-34.75	38.75	46	2700,50
281	-35.25	38.25	46	2700,50
281	-35.75	38.25	46	2700,50
281	-36.25	38.75	46	2700,50
281	-36.75	38.75	46	2700,50
281	-37.25	38.25	46	2700,50
281	-37.75	38.25	46	2700,50
281	-39.25	39.75	46	2700,50
281	-39.25	40.25	46	2700,50
281	-38.75	40.25	46	2700,50
281	-37.75	39.25	46	2700,50
281	-37.25	39.25	46	2700,50
281	-37.25	39.75	46	2700,50
281	-38.25	40.75	46	2700,50
281	-38.25	41.25	46	2700,50
281	-37.75	41.75	46	2700,50
281	-37.75	42.25	46	2700,50
281	-38.75	43.25	46	2700,50
281	-39.25	43.25	46	2700,50
281	-39.75	42.75	46	2700,50
281	-40.25	42.75	46	2700,50
281	-41.25	43.75	46	2700,50
281	-41.25	44.25	46	2700,50
281	-40.75	44.75	46	2700,50
281	-40.75	45.25	46	2700,50
281	-43.75	48.25	46	2700,50
344	-24.75	40.25	80	2650,100
344	-24.75	40.75	80	2650,100
344	-23.75	40.75	80	2650,100
344	-23.75	41.75	80	2650,100
344	-21.25	44.25	80	2650,100
344	-20.75	44.25	80	2650,100
344	-19.25	42.75	80	2650,100
344	-19.25	42.25	80	2650,100
344	-19.75	41.75	80	2650,100
344	-19.75	41.25	80	2650,100
344	-19.25	40.75	80	2650,100
344	-17.25	40.75	80	2650,100
344	-17.25	39.75	80	2650,100
344	-16.25	39.75	80	2650,100
344	-13.75	37.25	80	2650,100
344	-13.75	36.75	80	2650,100
344	-14.75	36.75	80	2650,100
344	-14.75	36.25	80	2650,100
344	-14.25	35.75	80	2650,100
344	-14.25	35.25	80	2650,100
344	-14.75	34.75	80	2650,100
344	-15.75	34.75	80	2650,100
344	-15.75	33.75	80	2650,100
344	-16.75	32.75	80	2650,100
344	-17.25	32.75	80	2650,100
344	-17.25	33.75	80	2650,100
344	-19.25	33.75	80	2650,100
344	-19.25	34.75	80	2650,100
344	-19.75	35.25	80	2650,100
344	-19.75	35.75	80	2650,100
344	-19.25	35.75	80	2650,100
344	-18.75	35.25	80	2650,100
344	-18.25	35.25	80	2650,100
344	-18.25	35.75	80	2650,100
344	-20.25	37.75	80	2650,100
344	-21.25	37.75	80	2650,100
344	-21.25	38.75	80	2650,100
344	-21.75	39.25	80	2650,100
344	-23.75	39.25	80	2650,100
344	-24.75	40.25	80	2650,100
366	-7.25	48.75	95	2550,0
366	-7.25	49.25	95	2550,0
366	-0.75	49.25	95	2550,0
366	-0.75	48.75	95	2550,0
366	-1.25	48.25	95	2550,0
366	-2.25	48.25	95	2550,0
366	-2.25	47.75	95	2550,0
366	0.25	45.25	95	2550,0
366	0.25	44.75	95	2550,0
366	-0.25	44.25	95	2550,0
366	-0.25	43.75	95	2550,0
366	1.75	43.75	95	2550,0
366	1.75	43.25	95	2550,0
366	1.25	42.75	95	2550,0
366	1.25	42.25	95	2550,0
366	2.75	40.75	95	2550,0
366	3.75	40.75	95	2550,0
366	4.25	40.25	95	2550,0
366	4.25	39.75	95	2550,0
366	3.25	38.75	95	2550,0
366	2.75	38.75	95	2550,0
366	-1.75	43.25	95	2550,0
366	-1.75	43.75	95	2550,0
366	-1.25	44.25	95	2550,0
366	-1.25	45.75	95	2550,0
366	-2.25	46.75	95	2550,0
366	-2.75	46.75	95	2550,0
366	-3.75	45.75	95	2550,0
366	-4.25	45.75	95	2550,0
366	-7.25	48.75	95	2550,0
367	0.25	48.25	95	2550,0
367	0.25	48.75	95	2550,0
367	0.75	48.75	95	2550,0
367	1.75	47.75	95	2550,0
367	2.25	47.75	95	2550,0
367	2.25	48.75	95	2550,0
367	2.75	49.25	95	2550,0
367	4.25	49.25	95	2550,0
367	4.25	48.25	95	2550,0
367	4.75	47.75	95	2550,0
367	4.75	45.25	95	2550,0
367	4.25	44.75	95	2550,0
367	3.75	44.75	95	2550,0
367	0.25	48.25	95	2550,0
72	-6.75	41.25	134	2550,0
72	-6.75	41.75	134	2550,0
72	-6.25	41.75	134	2550,0
72	-6.25	41.25	134	2550,0
72	-6.75	41.25	134	2550,0
72	-37.75	25.25	134	2600,0
72	-37.75	25.75	134	2600,0
72	-37.25	25.75	134	2600,0
72	-37.25	25.25	134	2600,0
72	-37.75	25.25	134	2600,0
73	-4.25	41.75	134	2550,0
73	-4.25	42.25	134	2550,0
73	-3.75	42.25	134	2550,0
73	-3.75	41.75	134	2550,0
73	-4.25	41.75	134	2550,0
73	-35.75	23.25	134	2600,0
73	-35.75	23.75	134	2600,0
73	-35.25	23.75	134	2600,0
73	-35.25	23.25	134	2600,0
73	-35.75	23.25	134	2600,0
74	-3.75	39.25	134	2550,0
74	-3.75	39.75	134	2550,0
74	-3.25	39.75	134	2550,0
74	-3.25	39.25	134	2550,0
74	-3.75	39.25	134	2550,0
74	-34.75	22.25	134	2600,0
74	-34.75	22.75	134	2600,0
74	-34.25	22.75	134	2600,0
74	-34.25	22.25	134	2600,0
74	-34.75	22.25	134	2600,0
75	-2.75	40.25	134	2550,0
75	-2.75	40.75	134	2550,0
75	-2.25	40.75	134	2550,0
75	-2.25	40.25	134	2550,0
75	-2.75	40.25	134	2550,0
75	-33.75	21.25	134	2600,0
75	-33.75	21.75	134	2600,0
75	-33.25	21.75	134	2600,0
75	-32.75	21.25	134	2600,0
75	-32.75	20.75	134	2600,0
75	-33.25	20.75	134	2600,0
75	-33.75	21.25	134	2600,0
76	-3.25	37.75	134	2550,0
76	-3.25	38.25	134	2550,0
76	-2.75	38.25	134	2550,0
76	-2.75	37.75	134	2550,0
76	-3.25	37.75	134	2550,0
76	-34.25	18.75	134	2600,0
76	-34.25	19.25	134	2600,0
76	-33.75	19.25	134	2600,0
76	-33.75	18.75	134	2600,0
76	-34.25	18.75	134	2600,0
55	-1.25	35.75	134	2550,0
55	-1.25	36.25	134	2550,0
55	-0.75	36.25	134	2550,0
55	-0.75	35.75	134	2550,0
55	-1.25	35.75	134	2550,0
55	-31.25	18.75	134	2600,0
55	-31.25	19.25	134	2600,0
55	-30.75	19.25	134	2600,0
55	-29.25	17.75	134	2600,0
55	-29.25	17.25	134	2600,0
55	-29.75	17.25	134	2600,0
55	-31.25	18.75	134	2600,0
56	0.25	37.25	134	2550,0
56	0.25	37.75	134	2550,0
56	0.75	37.75	134	2550,0
56	0.75	37.25	134	2550,0
56	0.25	37.25	134	2550,0
56	-30.25	14.75	134	2600,0
56	-30.25	15.25	134	2600,0
56	-29.75	15.25	134	2600,0
56	-29.75	14.75	134	2600,0
56	-30.25	14.75	134	2600,0
57	1.75	35.75	134	2550,0
57	1.75	36.25	134	2550,0
57	2.25	36.25	134	2550,0
57	2.25	35.75	134	2550,0
57	1.75	35.75	134	2550,0
57	-27.75	13.25	134	2600,0
57	-27.75	13.75	134	2600,0
57	-27.25	13.75	134	2600,0
57	-26.75	13.25	134	2600,0
57	-26.75	12.75	134	2600,0
57	-27.25	12.75	134	2600,0
57	-27.75	13.25	134	2600,0
58	0.75	33.75	134	2550,0
58	0.75	34.25	134	2550,0
58	1.25	34.25	134	2550,0
58	1.25	33.75	134	2550,0
58	0.75	33.75	134	2550,0
58	-26.25	13.75	134	2600,0
58	-26.25	14.25	134	2600,0
58	-25.75	14.25	134	2600,0
58	-24.75	13.25	134	2600,0
58	-24.75	12.75	134	2600,0
58	-25.25	12.75	134	2600,0
58	-26.25	13.75	134	2600,0
59	1.75	34.25	134	2550,0
59	1.75	33.75	134	2550,0
59	2.25	33.75	134	2550,0
59	2.25	34.25	134	2550,0
59	1.75	34.25	134	2550,0
59	-24.25	11.75	134	2600,0
59	-24.25	12.25	134	2600,0
59	-23.75	12.25	134	2600,0
59	-23.25	11.75	134	2600,0
59	-23.25	11.25	134	2600,0
59	-23.75	11.25	134	2600,0
59	-24.25	11.75	134	2600,0
60	3.75	33.75	134	2550,0
60	3.75	34.25	134	2550,0
60	4.25	34.25	134	2550,0
60	4.75	33.75	134	2550,0
60	4.75	33.25	134	2550,0
60	4.25	33.25	134	2550,0
60	3.75	33.75	134	2550,0
60	-22.75	10.25	134	2600,0
60	-22.75	10.75	134	2600,0
60	-22.25	10.75	134	2600,0
60	-21.25	9.75	134	2600,0
60	-21.25	9.25	134	2600,0
60	-21.75	9.25	134	2600,0
60	-22.75	10.25	134	2600,0
50	-15.75	46.25	131	2550,0
50	-15.75	46.75	131	2550,0
50	-14.75	46.75	131	2550,0
50	-14.75	47.75	131	2550,0
50	-14.25	47.75	131	2550,0
50	0.25	33.25	131	2550,0
50	0.25	31.75	131	2550,0
50	-0.75	31.75	131	2550,0
50	-0.75	31.25	131	2550,0
50	4.25	26.25	131	2550,0
50	4.25	25.75	131	2550,0
50	3.25	25.75	131	2550,0
50	2.75	25.25	131	2550,0
50	2.75	23.25	131	2550,0
50	0.25	20.75	131	2550,0
50	-0.25	20.75	131	2550,0
50	-5.25	25.75	131	2550,0
50	-5.25	27.25	131	2550,0
50	-2.75	29.75	131	2550,0
50	-1.75	29.75	131	2550,0
50	-1.25	30.25	131	2550,0
50	-1.25	30.75	131	2550,0
50	-1.75	31.25	131	2550,0
50	-1.75	32.25	131	2550,0
50	-6.25	36.75	131	2550,0
50	-6.25	37.25	131	2550,0
50	-5.75	37.75	131	2550,0
50	-5.75	38.25	131	2550,0
50	-6.25	38.25	131	2550,0
50	-6.75	37.75	131	2550,0
50	-8.25	37.75	131	2550,0
50	-10.25	39.75	131	2550,0
50	-10.75	39.75	131	2550,0
50	-10.75	38.75	131	2550,0
50	-11.25	38.75	131	2550,0
50	-14.25	41.75	131	2550,0
50	-14.25	42.25	131	2550,0
50	-13.75	42.75	131	2550,0
50	-13.75	43.25	131	2550,0
50	-14.25	43.75	131	2550,0
50	-14.75	43.75	131	2550,0
50	-14.75	42.75	131	2550,0
50	-15.25	42.75	131	2550,0
50	-15.75	43.25	131	2550,0
50	-15.75	43.75	131	2550,0
50	-14.75	44.75	131	2550,0
50	-14.75	45.25	131	2550,0
50	-15.75	46.25	131	2550,0
188	-11.25	-0.25	201	2550,50
188	-11.25	0.25	201	2550,50
188	-10.25	0.25	201	2550,50
188	-9.75	0.75	201	2550,50
188	-9.25	0.75	201	2550,50
188	-9.25	0.25	201	2550,50
188	-10.25	-0.75	201	2550,50
188	-10.75	-0.75	201	2550,50
188	-11.25	-0.25	201	2550,50
188	-13.25	46.75	201	2550,0
188	-13.25	47.25	201	2550,0
188	-12.75	47.25	201	2550,0
188	1.25	33.25	201	2550,0
188	1.25	32.75	201	2550,0
188	0.75	32.75	201	2550,0
188	-13.25	46.75	201	2550,0
283	1.75	12.75	47	2550,50
283	1.75	13.25	47	2550,50
283	3.25	13.25	47	2550,50
283	4.75	11.75	47	2550,50
283	4.75	9.25	47	2550,50
283	4.25	9.25	47	2550,50
283	1.75	11.75	47	2550,50
283	1.75	12.75	47	2550,50
283	-45.25	10.75	47	2600,50
283	-45.25	11.25	47	2600,50
283	-44.75	11.25	47	2600,50
283	-43.75	10.25	47	2600,50
283	-43.75	9.25	47	2600,50
283	-41.75	9.25	47	2600,50
283	-41.25	8.75	47	2600,50
283	-40.25	8.75	47	2600,50
283	-31.25	-0.25	47	2600,50
283	-31.25	-0.75	47	2600,50
283	-32.75	-0.75	47	2600,50
283	-33.25	-0.25	47	2600,50
283	-33.75	-0.25	47	2600,50
283	-34.25	-0.75	47	2600,50
283	-34.75	-0.75	47	2600,50
283	-34.75	-0.25	47	2600,50
283	-34.25	0.25	47	2600,50
283	-34.25	0.75	47	2600,50
283	-35.25	1.75	47	2600,50
283	-36.25	1.75	47	2600,50
283	-37.25	2.75	47	2600,50
283	-37.75	2.75	47	2600,50
283	-37.75	2.25	47	2600,50
283	-36.25	0.75	47	2600,50
283	-36.25	0.25	47	2600,50
283	-36.75	0.25	47	2600,50
283	-40.25	3.75	47	2600,50
283	-40.25	4.25	47	2600,50
283	-39.75	4.75	47	2600,50
283	-39.75	6.25	47	2600,50
283	-41.25	7.75	47	2600,50
283	-41.75	7.75	47	2600,50
283	-42.75	6.75	47	2600,50
283	-43.25	6.75	47	2600,50
283	-45.25	8.75	47	2600,50
283	-45.25	10.75	47	2600,50
283	-35.25	48.75	47	2600,0
283	-35.25	49.25	47	2600,0
283	-34.75	49.25	47	2600,0
283	-34.75	48.75	47	2600,0
283	-35.25	48.75	47	2600,0
189	-10.25	48.75	201	2550,0
189	-10.25	49.25	201	2550,0
189	-9.75	49.25	201	2550,0
189	-9.25	48.75	201	2550,0
189	-8.75	48.75	201	2550,0
189	-8.25	49.25	201	2550,0
189	-7.75	49.25	201	2550,0
189	-4.25	45.75	201	2550,0
189	-3.75	45.75	201	2550,0
189	-2.75	46.75	201	2550,0
189	-2.25	46.75	201	2550,0
189	-1.25	45.75	201	2550,0
189	-1.25	44.25	201	2550,0
189	-1.75	43.75	201	2550,0
189	-1.75	43.25	201	2550,0
189	4.75	36.75	201	2550,0
189	4.75	36.25	201	2550,0
189	4.25	35.75	201	2550,0
189	2.75	35.75	201	2550,0
189	-10.25	48.75	201	2550,0
359	-7.25	-0.25	92	2500,0
359	-7.25	0.25	92	2500,0
359	-5.25	2.25	92	2500,0
359	-4.75	2.25	92	2500,0
359	-3.25	0.75	92	2500,0
359	-1.75	0.75	92	2500,0
359	-1.25	1.25	92	2500,0
359	-0.75	1.25	92	2500,0
359	-0.25	0.75	92	2500,0
359	1.25	0.75	92	2500,0
359	1.75	1.25	92	2500,0
359	2.25	1.25	92	2500,0
359	2.75	0.75	92	2500,0
359	4.75	0.75	92	2500,0
359	5.25	0.25	92	2500,0
359	5.25	-0.25	92	2500,0
359	-7.25	-0.25	92	2500,0
359	-44.75	0.25	92	2550,0
359	-44.75	0.75	92	2550,0
359	-42.75	0.75	92	2550,0
359	-42.25	1.25	92	2550,0
359	-41.75	1.25	92	2550,0
359	-41.25	0.75	92	2550,0
359	-40.75	0.75	92	2550,0
359	-40.25	1.25	92	2550,0
359	-38.75	1.25	92	2550,0
359	-37.75	0.25	92	2550,0
359	-37.75	-0.25	92	2550,0
359	-44.25	-0.25	92	2550,0
359	-44.75	0.25	92	2550,0
18	-4.75	2.25	109	2500,0
18	-4.75	2.75	109	2500,0
18	-3.25	4.25	109	2500,0
18	-2.75	4.25	109	2500,0
18	-1.25	2.75	109	2500,0
18	-0.75	2.75	109	2500,0
18	1.75	5.25	109	2500,0
18	2.25	5.25	109	2500,0
18	3.75	3.75	109	2500,0
18	4.75	3.75	109	2500,0
18	5.25	3.25	109	2500,0
18	5.25	0.75	109	2500,0
18	2.75	0.75	109	2500,0
18	2.25	1.25	109	2500,0
18	1.75	1.25	109	2500,0
18	1.25	0.75	109	2500,0
18	-0.25	0.75	109	2500,0
18	-0.75	1.25	109	2500,0
18	-1.25	1.25	109	2500,0
18	-1.75	0.75	109	2500,0
18	-3.25	0.75	109	2500,0
18	-4.75	2.25	109	2500,0
18	-44.75	2.25	109	2550,0
18	-44.75	2.75	109	2550,0
18	-43.75	3.75	109	2550,0
18	-42.25	3.75	109	2550,0
18	-41.25	2.75	109	2550,0
18	-40.75	2.75	109	2550,0
18	-40.25	3.25	109	2550,0
18	-38.25	3.25	109	2550,0
18	-37.75	3.75	109	2550,0
18	-37.25	3.75	109	2550,0
18	-36.25	2.75	109	2550,0
18	-35.25	2.75	109	2550,0
18	-34.75	2.25	109	2550,0
18	-34.25	2.25	109	2550,0
18	-33.75	2.75	109	2550,0
18	-33.25	2.75	109	2550,0
18	-32.25	1.75	109	2550,0
18	-31.75	1.75	109	2550,0
18	-31.25	2.25	109	2550,0
18	-30.25	2.25	109	2550,0
18	-28.25	4.25	109	2550,0
18	-27.75	4.25	109	2550,0
18	-26.75	3.25	109	2550,0
18	-25.75	3.25	109	2550,0
18	-25.25	2.75	109	2550,0
18	-24.25	2.75	109	2550,0
18	-23.25	1.75	109	2550,0
18	-22.25	1.75	109	2550,0
18	-21.75	1.25	109	2550,0
18	-21.75	0.75	109	2550,0
18	-25.75	0.75	109	2550,0
18	-26.25	0.25	109	2550,0
18	-26.75	0.25	109	2550,0
18	-27.25	0.75	109	2550,0
18	-33.25	0.75	109	2550,0
18	-33.75	1.25	109	2550,0
18	-34.25	1.25	109	2550,0
18	-34.75	0.75	109	2550,0
18	-36.75	0.75	109	2550,0
18	-37.25	0.25	109	2550,0
18	-37.75	0.25	109	2550,0
18	-38.75	1.25	109	2550,0
18	-40.25	1.25	109	2550,0
18	-40.75	0.75	109	2550,0
18	-41.25	0.75	109	2550,0
18	-41.75	1.25	109	2550,0
18	-42.25	1.25	109	2550,0
18	-42.75	0.75	109	2550,0
18	-44.25	0.75	109	2550,0
18	-44.75	1.25	109	2550,0
18	-44.75	2.25	109	2550,0
85	-44.75	10.25	140	2550,0
85	-44.75	10.75	140	2550,0
85	-44.25	10.75	140	2550,0
85	-41.75	8.25	140	2550,0
85	-41.25	8.25	140	2550,0
85	-40.25	9.25	140	2550,0
85	-39.75	9.25	140	2550,0
85	-38.25	7.75	140	2550,0
85	-38.25	5.25	140	2550,0
85	-40.75	5.25	140	2550,0
85	-42.25	6.75	140	2550,0
85	-42.75	6.75	140	2550,0
85	-43.25	6.25	140	2550,0
85	-44.75	6.25	140	2550,0
85	-44.75	10.25	140	2550,0
25	-35.25	20.75	114	2550,0
25	-35.25	21.25	114	2550,0
25	-34.75	21.75	114	2550,0
25	-34.25	21.75	114	2550,0
25	-31.25	18.75	114	2550,0
25	-31.25	18.25	114	2550,0
25	-31.75	17.75	114	2550,0
25	-31.75	17.25	114	2550,0
25	-30.75	16.25	114	2550,0
25	-30.25	16.25	114	2550,0
25	-29.25	17.25	114	2550,0
25	-29.25	17.75	114	2550,0
25	-30.25	18.75	114	2550,0
25	-30.25	19.25	114	2550,0
25	-28.25	21.25	114	2550,0
25	-28.25	22.25	114	2550,0
25	-27.25	23.25	114	2550,0
25	-26.25	23.25	114	2550,0
25	-26.25	24.75	114	2550,0
25	-28.25	26.75	114	2550,0
25	-28.25	27.25	114	2550,0
25	-27.75	27.75	114	2550,0
25	-27.25	27.75	114	2550,0
25	-24.75	25.25	114	2550,0
25	-24.75	24.75	114	2550,0
25	-25.25	24.25	114	2550,0
25	-25.25	22.75	114	2550,0
25	-24.75	22.75	114	2550,0
25	-24.25	23.25	114	2550,0
25	-23.25	23.25	114	2550,0
25	-23.25	24.25	114	2550,0
25	-22.75	24.25	114	2550,0
25	-22.25	23.75	114	2550,0
25	-21.75	23.75	114	2550,0
25	-21.75	24.75	114	2550,0
25	-20.25	24.75	114	2550,0
25	-19.25	23.75	114	2550,0
25	-18.25	23.75	114	2550,0
25	-18.25	22.75	114	2550,0
25	-17.25	22.75	114	2550,0
25	-15.75	21.25	114	2550,0
25	-15.25	21.25	114	2550,0
25	-14.75	21.75	114	2550,0
25	-14.75	22.75	114	2550,0
25	-14.25	22.75	114	2550,0
25	-13.75	22.25	114	2550,0
25	-13.75	21.75	114	2550,0
25	-14.75	20.75	114	2550,0
25	-14.75	19.25	114	2550,0
25	-13.75	19.25	114	2550,0
25	-13.25	18.75	114	2550,0
25	-13.25	18.25	114	2550,0
25	-14.25	17.25	114	2550,0
25	-14.75	17.25	114	2550,0
25	-15.25	17.75	114	2550,0
25	-15.75	17.75	114	2550,0
25	-17.25	16.25	114	2550,0
25	-17.25	15.75	114	2550,0
25	-16.75	15.25	114	2550,0
25	-16.75	14.75	114	2550,0
25	-17.25	14.25	114	2550,0
25	-18.25	14.25	114	2550,0
25	-18.25	13.25	114	2550,0
25	-18.75	12.75	114	2550,0
25	-18.75	11.75	114	2550,0
25	-19.75	10.75	114	2550,0
25	-19.75	10.25	114	2550,0
25	-18.25	8.75	114	2550,0
25	-17.75	8.75	114	2550,0
25	-16.25	10.25	114	2550,0
25	-15.75	10.25	114	2550,0
25	-13.75	8.25	114	2550,0
25	-13.25	8.25	114	2550,0
25	-12.75	8.75	114	2550,0
25	-12.75	9.75	114	2550,0
25	-10.75	9.75	114	2550,0
25	-10.25	10.25	114	2550,0
25	-10.25	11.25	114	2550,0
25	-8.75	12.75	114	2550,0
25	-8.75	13.75	114	2550,0
25	-7.75	14.75	114	2550,0
25	-6.75	14.75	114	2550,0
25	-6.25	15.25	114	2550,0
25	-5.25	15.25	114	2550,0
25	-4.75	15.75	114	2550,0
25	-4.75	17.75	114	2550,0
25	-2.75	17.75	114	2550,0
25	-1.75	18.75	114	2550,0
25	-1.75	19.75	114	2550,0
25	-0.75	20.75	114	2550,0
25	0.25	20.75	114	2550,0
25	2.75	23.25	114	2550,0
25	2.75	25.25	114	2550,0
25	3.25	25.75	114	2550,0
25	4.75	25.75	114	2550,0
25	4.75	23.25	114	2550,0
25	-14.75	3.75	114	2550,0
25	-15.25	3.75	114	2550,0
25	-15.75	4.25	114	2550,0
25	-16.25	4.25	114	2550,0
25	-17.25	3.25	114	2550,0
25	-18.25	3.25	114	2550,0
25	-18.75	2.75	114	2550,0
25	-19.25	2.75	114	2550,0
25	-19.75	3.25	114	2550,0
25	-21.25	3.25	114	2550,0
25	-21.75	2.75	114	2550,0
25	-23.25	2.75	114	2550,0
25	-25.25	4.75	114	2550,0
25	-25.25	6.25	114	2550,0
25	-23.25	8.25	114	2550,0
25	-23.25	9.25	114	2550,0
25	-22.25	10.25	114	2550,0
25	-21.25	10.25	114	2550,0
25	-20.75	10.75	114	2550,0
25	-20.75	11.25	114	2550,0
25	-22.75	11.25	114	2550,0
25	-23.25	11.75	114	2550,0
25	-23.25	12.25	114	2550,0
25	-22.75	12.75	114	2550,0
25	-22.75	13.25	114	2550,0
25	-23.25	13.75	114	2550,0
25	-23.75	13.75	114	2550,0
25	-24.75	12.75	114	2550,0
25	-25.25	12.75	114	2550,0
25	-25.25	13.75	114	2550,0
25	-26.25	14.75	114	2550,0
25	-26.75	14.75	114	2550,0
25	-27.75	13.75	114	2550,0
25	-28.25	13.75	114	2550,0
25	-28.25	14.25	114	2550,0
25	-27.75	14.75	114	2550,0
25	-27.75	15.25	114	2550,0
25	-28.25	15.75	114	2550,0
25	-29.75	15.75	114	2550,0
25	-29.75	15.25	114	2550,0
25	-29.25	14.75	114	2550,0
25	-29.25	13.75	114	2550,0
25	-28.25	12.75	114	2550,0
25	-28.25	12.25	114	2550,0
25	-28.75	11.75	114	2550,0
25	-30.25	11.75	114	2550,0
25	-30.25	12.75	114	2550,0
25	-33.25	15.75	114	2550,0
25	-33.25	17.75	114	2550,0
25	-34.25	18.75	114	2550,0
25	-34.25	19.75	114	2550,0
25	-35.25	20.75	114	2550,0
25	-45.25	24.75	114	2600,0
25	-45.25	25.25	114	2600,0
25	-43.75	26.75	114	2600,0
25	-43.25	26.75	114	2600,0
25	-42.75	26.25	114	2600,0
25	-42.75	25.75	114	2600,0
25	-44.75	23.75	114	2600,0
25	-45.25	23.75	114	2600,0
25	-45.25	24.75	114	2600,0
284	-35.75	-0.75	47	2600,50
284	-35.75	-0.25	47	2600,50
284	-35.25	-0.25	47	2600,50
284	-35.25	-0.75	47	2600,50
284	-35.75	-0.75	47	2600,50
284	-31.25	48.75	47	2600,0
284	-31.25	49.25	47	2600,0
284	-30.75	49.25	47	2600,0
284	-21.75	40.25	47	2600,0
284	-21.75	39.75	47	2600,0
284	-22.25	39.25	47	2600,0
284	-22.75	39.25	47	2600,0
284	-25.25	41.75	47	2600,0
284	-26.75	41.75	47	2600,0
284	-26.75	40.75	47	2600,0
284	-27.25	40.75	47	2600,0
284	-28.25	41.75	47	2600,0
284	-28.25	42.25	47	2600,0
284	-27.25	43.25	47	2600,0
284	-27.25	44.75	47	2600,0
284	-31.25	48.75	47	2600,0
298	-8.25	32.75	57	2600,50
298	-8.25	33.25	57	2600,50
298	-7.25	33.25	57	2600,50
298	-6.75	33.75	57	2600,50
298	-6.25	33.75	57	2600,50
298	-5.25	32.75	57	2600,50
298	-4.75	32.75	57	2600,50
298	-3.75	33.75	57	2600,50
298	-3.75	34.75	57	2600,50
298	-3.25	35.25	57	2600,50
298	-2.25	35.25	57	2600,50
298	-2.25	36.25	57	2600,50
298	-1.75	36.25	57	2600,50
298	-0.25	34.75	57	2600,50
298	0.25	34.75	57	2600,50
298	1.25	35.75	57	2600,50
298	1.75	35.75	57	2600,50
298	1.75	35.25	57	2600,50
298	1.25	34.75	57	2600,50
298	1.25	33.25	57	2600,50
298	5.25	29.25	57	2600,50
298	5.25	18.75	57	2600,50
298	4.75	18.75	57	2600,50
298	2.75	20.75	57	2600,50
298	2.75	21.75	57	2600,50
298	2.25	22.25	57	2600,50
298	1.75	22.25	57	2600,50
298	-1.75	18.75	57	2600,50
298	-2.25	18.75	57	2600,50
298	-2.25	19.25	57	2600,50
298	0.25	21.75	57	2600,50
298	0.25	22.25	57	2600,50
298	-1.75	24.25	57	2600,50
298	-1.75	25.25	57	2600,50
298	-8.25	31.75	57	2600,50
298	-8.25	32.75	57	2600,50
298	-29.75	15.25	57	2650,50
298	-29.75	15.75	57	2650,50
298	-28.75	16.75	57	2650,50
298	-27.75	16.75	57	2650,50
298	-25.75	18.75	57	2650,50
298	-25.75	19.75	57	2650,50
298	-25.25	20.25	57	2650,50
298	-24.25	20.25	57	2650,50
298	-21.25	23.25	57	2650,50
298	-20.75	23.25	57	2650,50
298	-20.25	22.75	57	2650,50
298	-20.25	22.25	57	2650,50
298	-21.25	22.25	57	2650,50
298	-21.25	21.75	57	2650,50
298	-20.25	20.75	57	2650,50
298	-20.25	20.25	57	2650,50
298	-21.25	20.25	57	2650,50
298	-21.25	19.25	57	2650,50
298	-23.75	16.75	57	2650,50
298	-24.25	16.75	57	2650,50
298	-25.25	17.75	57	2650,50
298	-25.75	17.75	57	2650,50
298	-25.75	16.75	57	2650,50
298	-28.25	14.25	57	2650,50
298	-28.75	14.25	57	2650,50
298	-29.75	15.25	57	2650,50
124	-2.25	47.75	153	2550,0
124	-2.25	48.25	153	2550,0
124	-1.25	48.25	153	2550,0
124	-0.25	49.25	153	2550,0
124	0.25	49.25	153	2550,0
124	0.25	48.25	153	2550,0
124	3.75	44.75	153	2550,0
124	4.75	44.75	153	2550,0
124	4.75	37.25	153	2550,0
124	4.25	37.25	153	2550,0
124	3.25	38.25	153	2550,0
124	3.25	38.75	153	2550,0
124	4.25	39.75	153	2550,0
124	4.25	40.25	153	2550,0
124	3.75	40.75	153	2550,0
124	2.75	40.75	153	2550,0
124	1.25	42.25	153	2550,0
124	1.25	42.75	153	2550,0
124	1.75	43.25	153	2550,0
124	1.75	43.75	153	2550,0
124	-0.25	43.75	153	2550,0
124	-0.25	44.25	153	2550,0
124	0.25	44.75	153	2550,0
124	0.25	45.25	153	2550,0
124	-2.25	47.75	153	2550,0
124	0.25	-0.75	153	2550,50
124	0.25	-0.25	153	2550,50
124	0.75	0.25	153	2550,50
124	1.25	0.25	153	2550,50
124	1.75	-0.25	153	2550,50
124	1.75	-0.75	153	2550,50
124	0.25	-0.75	153	2550,50
124	-42.75	2.25	153	2600,50
124	-42.75	2.75	153	2600,50
124	-41.75	3.75	153	2600,50
124	-41.25	3.75	153	2600,50
124	-40.75	3.25	153	2600,50
124	-39.75	3.25	153	2600,50
124	-36.75	0.25	153	2600,50
124	-36.25	0.25	153	2600,50
124	-36.25	0.75	153	2600,50
124	-37.75	2.25	153	2600,50
124	-37.75	2.75	153	2600,50
124	-37.25	2.75	153	2600,50
124	-36.25	1.75	153	2600,50
124	-35.25	1.75	153	2600,50
124	-34.25	0.75	153	2600,50
124	-34.25	0.25	153	2600,50
124	-34.75	-0.25	153	2600,50
124	-35.75	-0.25	153	2600,50
124	-36.25	-0.75	153	2600,50
124	-40.75	-0.75	153	2600,50
124	-40.75	0.25	153	2600,50
124	-41.25	0.25	153	2600,50
124	-42.25	-0.75	153	2600,50
124	-44.75	-0.75	153	2600,50
124	-44.75	-0.25	153	2600,50
124	-43.75	0.75	153	2600,50
124	-43.25	0.75	153	2600,50
124	-42.75	0.25	153	2600,50
124	-42.25	0.25	153	2600,50
124	-41.75	0.75	153	2600,50
124	-41.75	1.25	153	2600,50
124	-42.75	2.25	153	2600,50
124	-45.25	48.75	153	2600,0
124	-45.25	49.25	153	2600,0
124	-42.75	49.25	153	2600,0
124	-42.75	47.25	153	2600,0
124	-42.25	46.75	153	2600,0
124	-42.25	46.25	153	2600,0
124	-42.75	46.25	153	2600,0
124	-43.25	46.75	153	2600,0
124	-44.25	46.75	153	2600,0
124	-44.25	47.75	153	2600,0
124	-45.25	47.75	153	2600,0
124	-45.25	48.75	153	2600,0
125	0.75	49.25	153	2550,0
125	0.75	48.75	153	2550,0
125	1.75	47.75	153	2550,0
125	2.25	47.75	153	2550,0
125	2.25	49.25	153	2550,0
125	0.75	49.25	153	2550,0
125	-33.75	-0.75	153	2600,50
125	-33.75	-0.25	153	2600,50
125	-33.25	-0.25	153	2600,50
125	-33.25	-0.75	153	2600,50
125	-33.75	-0.75	153	2600,50
125	-45.25	44.75	153	2600,0
125	-45.25	45.25	153	2600,0
125	-44.75	45.25	153	2600,0
125	-43.75	44.25	153	2600,0
125	-43.25	44.25	153	2600,0
125	-42.25	45.25	153	2600,0
125	-41.75	45.25	153	2600,0
125	-41.75	44.25	153	2600,0
125	-40.25	44.25	153	2600,0
125	-39.75	44.75	153	2600,0
125	-39.75	45.25	153	2600,0
125	-40.25	45.75	153	2600,0
125	-41.25	45.75	153	2600,0
125	-41.25	46.25	153	2600,0
125	-40.75	46.75	153	2600,0
125	-40.75	47.25	153	2600,0
125	-41.75	47.25	153	2600,0
125	-41.75	47.75	153	2600,0
125	-41.25	48.25	153	2600,0
125	-41.25	49.25	153	2600,0
125	-35.75	49.25	153	2600,0
125	-35.25	48.75	153	2600,0
125	-34.75	48.75	153	2600,0
125	-34.25	49.25	153	2600,0
125	-31.75	49.25	153	2600,0
125	-27.25	44.75	153	2600,0
125	-27.25	43.25	153	2600,0
125	-28.25	42.25	153	2600,0
125	-28.25	41.75	153	2600,0
125	-20.25	33.75	153	2600,0
125	-20.25	33.25	153	2600,0
125	-20.75	33.25	153	2600,0
125	-22.25	34.75	153	2600,0
125	-22.75	34.75	153	2600,0
125	-23.75	33.75	153	2600,0
125	-24.25	33.75	153	2600,0
125	-25.75	35.25	153	2600,0
125	-25.75	35.75	153	2600,0
125	-24.75	36.75	153	2600,0
125	-24.75	37.25	153	2600,0
125	-26.25	38.75	153	2600,0
125	-26.75	38.75	153	2600,0
125	-27.25	38.25	153	2600,0
125	-28.75	38.25	153	2600,0
125	-28.75	38.75	153	2600,0
125	-27.75	39.75	153	2600,0
125	-27.75	40.25	153	2600,0
125	-28.75	41.25	153	2600,0
125	-29.25	41.25	153	2600,0
125	-30.25	40.25	153	2600,0
125	-31.25	40.25	153	2600,0
125	-32.25	39.25	153	2600,0
125	-32.25	38.25	153	2600,0
125	-33.75	36.75	153	2600,0
125	-33.75	36.25	153	2600,0
125	-32.75	35.25	153	2600,0
125	-32.75	34.75	153	2600,0
125	-34.25	33.25	153	2600,0
125	-34.75	33.25	153	2600,0
125	-35.75	34.25	153	2600,0
125	-35.75	34.75	153	2600,0
125	-34.75	35.75	153	2600,0
125	-34.75	36.25	153	2600,0
125	-35.75	37.25	153	2600,0
125	-36.75	37.25	153	2600,0
125	-37.75	38.25	153	2600,0
125	-37.75	39.25	153	2600,0
125	-39.25	40.75	153	2600,0
125	-39.25	41.75	153	2600,0
125	-39.75	42.25	153	2600,0
125	-41.25	42.25	153	2600,0
125	-41.75	41.75	153	2600,0
125	-41.75	41.25	153	2600,0
125	-37.25	36.75	153	2600,0
125	-37.25	35.25	153	2600,0
125	-37.75	34.75	153	2600,0
125	-37.75	34.25	153	2600,0
125	-37.25	33.75	153	2600,0
125	-37.25	33.25	153	2600,0
125	-38.25	32.25	153	2600,0
125	-38.75	32.25	153	2600,0
125	-38.75	33.25	153	2600,0
125	-39.75	34.25	153	2600,0
125	-39.75	35.25	153	2600,0
125	-41.25	36.75	153	2600,0
125	-42.25	36.75	153	2600,0
125	-43.25	37.75	153	2600,0
125	-44.75	37.75	153	2600,0
125	-44.75	36.75	153	2600,0
125	-45.25	36.75	153	2600,0
125	-45.25	44.75	153	2600,0
126	4.25	48.25	153	2550,0
126	4.25	48.75	153	2550,0
126	4.75	48.75	153	2550,0
126	4.75	48.25	153	2550,0
126	4.25	48.25	153	2550,0
264	-18.75	26.25	38	2650,100
264	-18.75	26.75	38	2650,100
264	-16.75	28.75	38	2650,100
264	-14.25	28.75	38	2650,100
264	-12.75	27.25	38	2650,100
264	-12.75	26.25	38	2650,100
264	-10.25	26.25	38	2650,100
264	-9.75	26.75	38	2650,100
264	-9.25	26.75	38	2650,100
264	-8.75	26.25	38	2650,100
264	-8.75	25.75	38	2650,100
264	-9.75	24.75	38	2650,100
264	-9.75	24.25	38	2650,100
264	-9.25	24.25	38	2650,100
264	-8.25	25.25	38	2650,100
264	-7.25	25.25	38	2650,100
264	-7.25	26.25	38	2650,100
264	-5.75	26.25	38	2650,100
264	-5.75	25.75	38	2650,100
264	-6.25	25.25	38	2650,100
264	-6.25	24.75	38	2650,100
264	-3.25	21.75	38	2650,100
264	-2.75	21.75	38	2650,100
264	-2.25	22.25	38	2650,100
264	-1.75	22.25	38	2650,100
264	-1.75	21.75	38	2650,100
264	-2.25	21.25	38	2650,100
264	-2.25	20.25	38	2650,100
264	-3.75	18.75	38	2650,100
264	-3.75	18.25	38	2650,100
264	-3.25	17.75	38	2650,100
264	-2.75	17.75	38	2650,100
264	-2.25	18.25	38	2650,100
264	-2.25	19.25	38	2650,100
264	-1.25	20.25	38	2650,100
264	-0.25	20.25	38	2650,100
264	1.25	21.75	38	2650,100
264	1.75	21.75	38	2650,100
264	2.75	20.75	38	2650,100
264	3.25	20.75	38	2650,100
264	4.25	21.75	38	2650,100
264	4.75	21.75	38	2650,100
264	4.75	10.25	38	2650,100
264	3.75	10.25	38	2650,100
264	3.75	9.25	38	2650,100
264	2.75	8.25	38	2650,100
264	2.75	7.25	38	2650,100
264	1.75	6.25	38	2650,100
264	1.25	6.25	38	2650,100
264	-0.75	8.25	38	2650,100
264	-1.75	8.25	38	2650,100
264	-2.25	8.75	38	2650,100
264	-3.25	8.75	38	2650,100
264	-7.75	13.25	38	2650,100
264	-7.75	13.75	38	2650,100
264	-7.25	14.25	38	2650,100
264	-6.25	14.25	38	2650,100
264	-4.25	16.25	38	2650,100
264	-4.25	17.75	38	2650,100
264	-4.75	18.25	38	2650,100
264	-5.75	18.25	38	2650,100
264	-6.25	18.75	38	2650,100
264	-6.25	19.75	38	2650,100
264	-9.75	23.25	38	2650,100
264	-10.25	23.25	38	2650,100
264	-12.25	21.25	38	2650,100
264	-12.25	19.25	38	2650,100
264	-12.75	19.25	38	2650,100
264	-18.25	24.75	38	2650,100
264	-18.25	25.75	38	2650,100
264	-18.75	26.25	38	2650,100
264	-45.25	29.75	38	2700,100
264	-45.25	30.25	38	2700,100
264	-43.75	30.25	38	2700,100
264	-18.75	5.25	38	2700,100
264	-18.75	4.75	38	2700,100
264	-21.25	2.25	38	2700,100
264	-21.75	2.25	38	2700,100
264	-24.25	4.75	38	2700,100
264	-24.25	6.75	38	2700,100
264	-24.75	7.25	38	2700,100
264	-25.25	7.25	38	2700,100
264	-25.75	6.75	38	2700,100
264	-26.25	6.75	38	2700,100
264	-27.25	7.75	38	2700,100
264	-27.25	8.25	38	2700,100
264	-26.75	8.75	38	2700,100
264	-26.75	9.25	38	2700,100
264	-27.75	10.25	38	2700,100
264	-28.25	10.25	38	2700,100
264	-28.75	9.75	38	2700,100
264	-28.75	9.25	38	2700,100
264	-28.25	8.75	38	2700,100
264	-28.25	8.25	38	2700,100
264	-30.75	8.25	38	2700,100
264	-31.25	8.75	38	2700,100
264	-31.25	9.25	38	2700,100
264	-30.75	9.75	38	2700,100
264	-29.75	9.75	38	2700,100
264	-29.75	10.75	38	2700,100
264	-28.75	11.75	38	2700,100
264	-28.75	14.25	38	2700,100
264	-30.25	15.75	38	2700,100
264	-30.75	15.75	38	2700,100
264	-31.75	14.75	38	2700,100
264	-32.75	14.75	38	2700,100
264	-33.25	14.25	38	2700,100
264	-33.75	14.25	38	2700,100
264	-35.25	15.75	38	2700,100
264	-35.75	15.75	38	2700,100
264	-35.75	15.25	38	2700,100
264	-33.75	13.25	38	2700,100
264	-33.75	12.75	38	2700,100
264	-35.25	12.75	38	2700,100
264	-36.75	14.25	38	2700,100
264	-37.25	14.25	38	2700,100
264	-38.75	12.75	38	2700,100
264	-38.75	12.25	38	2700,100
264	-37.25	10.75	38	2700,100
264	-37.25	10.25	38	2700,100
264	-37.75	9.75	38	2700,100
264	-37.75	9.25	38	2700,100
264	-37.25	8.75	38	2700,100
264	-37.25	8.25	38	2700,100
264	-39.75	5.75	38	2700,100
264	-40.25	5.75	38	2700,100
264	-41.25	6.75	38	2700,100
264	-42.25	6.75	38	2700,100
264	-43.25	7.75	38	2700,100
264	-43.25	8.25	38	2700,100
264	-42.75	8.75	38	2700,100
264	-42.75	10.25	38	2700,100
264	-43.25	10.25	38	2700,100
264	-44.25	9.25	38	2700,100
264	-44.75	9.25	38	2700,100
264	-45.25	9.75	38	2700,100
264	-45.25	24.25	38	2700,100
264	-44.75	24.25	38	2700,100
264	-44.25	23.75	38	2700,100
264	-43.75	23.75	38	2700,100
264	-43.75	24.25	38	2700,100
264	-44.75	25.25	38	2700,100
264	-44.75	25.75	38	2700,100
264	-44.25	26.25	38	2700,100
264	-43.25	26.25	38	2700,100
264	-42.75	26.75	38	2700,100
264	-42.75	28.25	38	2700,100
264	-43.25	28.75	38	2700,100
264	-43.75	28.75	38	2700,100
264	-43.75	27.75	38	2700,100
264	-44.25	27.25	38	2700,100
264	-44.75	27.25	38	2700,100
264	-45.25	27.75	38	2700,100
264	-45.25	29.75	38	2700,100
265	-7.25	33.75	38	2650,100
265	-7.25	34.25	38	2650,100
265	-6.25	34.25	38	2650,100
265	-4.75	35.75	38	2650,100
265	-4.25	35.75	38	2650,100
265	-3.25	34.75	38	2650,100
265	-2.25	34.75	38	2650,100
265	-1.75	34.25	38	2650,100
265	-1.25	34.25	38	2650,100
265	-0.75	34.75	38	2650,100
265	-0.75	35.75	38	2650,100
265	-0.25	35.75	38	2650,100
265	4.75	30.75	38	2650,100
265	4.75	27.25	38	2650,100
265	4.25	26.75	38	2650,100
265	4.25	25.75	38	2650,100
265	3.25	25.75	38	2650,100
265	3.25	24.75	38	2650,100
265	1.25	22.75	38	2650,100
265	0.75	22.75	38	2650,100
265	0.25	23.25	38	2650,100
265	-0.25	23.25	38	2650,100
265	-0.75	22.75	38	2650,100
265	-1.25	22.75	38	2650,100
265	-1.75	23.25	38	2650,100
265	-1.75	24.25	38	2650,100
265	-2.25	24.75	38	2650,100
265	-3.25	24.75	38	2650,100
265	-3.25	25.75	38	2650,100
265	-3.75	26.25	38	2650,100
265	-4.75	26.25	38	2650,100
265	-5.75	27.25	38	2650,100
265	-5.75	28.25	38	2650,100
265	-7.75	28.25	38	2650,100
265	-8.25	28.75	38	2650,100
265	-8.25	29.25	38	2650,100
265	-7.25	30.25	38	2650,100
265	-6.75	30.25	38	2650,100
265	-6.25	29.75	38	2650,100
265	-5.75	29.75	38	2650,100
265	-5.25	30.25	38	2650,100
265	-5.25	31.75	38	2650,100
265	-5.75	32.25	38	2650,100
265	-6.75	32.25	38	2650,100
265	-6.75	33.25	38	2650,100
265	-7.25	33.75	38	2650,100
266	4.25	24.25	38	2650,100
266	4.25	24.75	38	2650,100
266	4.75	24.75	38	2650,100
266	4.75	23.25	38	2650,100
266	4.25	23.25	38	2650,100
266	4.25	24.25	38	2650,100
299	-20.25	24.75	57	2650,50
299	-20.25	25.25	57	2650,50
299	-18.75	26.75	57	2650,50
299	-17.25	26.75	57	2650,50
299	-17.25	25.25	57	2650,50
299	-19.25	23.25	57	2650,50
299	-19.75	23.25	57	2650,50
299	-20.25	23.75	57	2650,50
299	-20.25	24.75	57	2650,50
300	-14.75	30.25	57	2650,50
300	-14.75	30.75	57	2650,50
300	-12.25	33.25	57	2650,50
300	-11.75	33.25	57	2650,50
300	-10.75	32.25	57	2650,50
300	-10.75	31.75	57	2650,50
300	-13.25	29.25	57	2650,50
300	-13.75	29.25	57	2650,50
300	-14.75	30.25	57	2650,50
140	-37.75	3.25	162	2650,100
140	-37.75	3.75	162	2650,100
140	-37.25	3.75	162	2650,100
140	-36.75	3.25	162	2650,100
140	-36.75	2.25	162	2650,100
140	-35.25	0.75	162	2650,100
140	-34.75	0.75	162	2650,100
140	-34.75	1.75	162	2650,100
140	-34.25	1.75	162	2650,100
140	-33.75	1.25	162	2650,100
140	-33.25	1.25	162	2650,100
140	-32.25	2.25	162	2650,100
140	-32.25	4.25	162	2650,100
140	-31.75	4.75	162	2650,100
140	-31.25	4.75	162	2650,100
140	-30.75	4.25	162	2650,100
140	-30.75	3.25	162	2650,100
140	-30.25	3.25	162	2650,100
140	-29.75	3.75	162	2650,100
140	-29.25	3.75	162	2650,100
140	-28.75	3.25	162	2650,100
140	-28.25	3.25	162	2650,100
140	-28.25	4.25	162	2650,100
140	-26.25	6.25	162	2650,100
140	-25.75	6.25	162	2650,100
140	-23.25	3.75	162	2650,100
140	-22.75	3.75	162	2650,100
140	-21.75	4.75	162	2650,100
140	-21.25	4.75	162	2650,100
140	-20.75	4.25	162	2650,100
140	-19.75	4.25	162	2650,100
140	-18.75	3.25	162	2650,100
140	-17.75	3.25	162	2650,100
140	-17.75	2.75	162	2650,100
140	-18.75	1.75	162	2650,100
140	-18.75	1.25	162	2650,100
140	-18.25	0.75	162	2650,100
140	-18.25	0.25	162	2650,100
140	-18.75	-0.25	162	2650,100
140	-19.25	-0.25	162	2650,100
140	-19.75	0.25	162	2650,100
140	-20.25	0.25	162	2650,100
140	-21.75	-1.25	162	2650,100
140	-27.25	-1.25	162	2650,100
140	-27.25	-0.25	162	2650,100
140	-29.75	2.25	162	2650,100
140	-31.25	2.25	162	2650,100
140	-33.75	-0.25	162	2650,100
140	-33.75	-1.25	162	2650,100
140	-36.25	-1.25	162	2650,100
140	-36.25	-0.75	162	2650,100
140	-35.75	-0.25	162	2650,100
140	-35.75	0.25	162	2650,100
140	-37.75	2.25	162	2650,100
140	-37.75	3.25	162	2650,100
140	-38.75	47.25	162	2650,50
140	-38.75	47.75	162	2650,50
140	-38.25	48.25	162	2650,50
140	-37.25	48.25	162	2650,50
140	-36.75	48.75	162	2650,50
140	-35.25	48.75	162	2650,50
140	-35.25	48.25	162	2650,50
140	-36.25	47.25	162	2650,50
140	-36.25	46.75	162	2650,50
140	-35.75	46.25	162	2650,50
140	-35.75	45.75	162	2650,50
140	-36.25	45.25	162	2650,50
140	-36.75	45.25	162	2650,50
140	-37.25	45.75	162	2650,50
140	-37.75	45.75	162	2650,50
140	-38.75	44.75	162	2650,50
140	-39.25	44.75	162	2650,50
140	-39.25	45.25	162	2650,50
140	-38.75	45.75	162	2650,50
140	-38.75	47.25	162	2650,50
328	-15.25	24.75	70	2600,50
328	-15.25	25.25	70	2600,50
328	-14.75	25.25	70	2600,50
328	-12.75	23.25	70	2600,50
328	-12.25	23.25	70	2600,50
328	-11.75	23.75	70	2600,50
328	-9.75	23.75	70	2600,50
328	-9.75	24.75	70	2600,50
328	-9.25	24.75	70	2600,50
328	-8.75	24.25	70	2600,50
328	-8.25	24.25	70	2600,50
328	-8.25	25.25	70	2600,50
328	-7.25	25.25	70	2600,50
328	-6.25	26.25	70	2600,50
328	-6.25	27.25	70	2600,50
328	-4.75	27.25	70	2600,50
328	0.25	22.25	70	2600,50
328	0.25	21.75	70	2600,50
328	-2.25	19.25	70	2600,50
328	-2.25	17.75	70	2600,50
328	-1.25	16.75	70	2600,50
328	-0.25	16.75	70	2600,50
328	-0.25	15.75	70	2600,50
328	1.75	13.75	70	2600,50
328	2.25	13.75	70	2600,50
328	2.75	14.25	70	2600,50
328	3.25	14.25	70	2600,50
328	3.75	13.75	70	2600,50
328	3.75	12.75	70	2600,50
328	4.25	12.25	70	2600,50
328	4.25	11.25	70	2600,50
328	5.25	11.25	70	2600,50
328	5.25	-0.25	70	2600,50
328	4.75	-0.75	70	2600,50
328	-13.75	-0.75	70	2600,50
328	-14.25	-0.25	70	2600,50
328	-14.75	-0.25	70	2600,50
328	-15.25	-0.75	70	2600,50
328	-17.75	-0.75	70	2600,50
328	-17.75	-0.25	70	2600,50
328	-16.25	1.25	70	2600,50
328	-16.25	2.25	70	2600,50
328	-15.75	2.75	70	2600,50
328	-15.75	3.25	70	2600,50
328	-16.25	3.25	70	2600,50
328	-16.75	2.75	70	2600,50
328	-17.25	2.75	70	2600,50
328	-17.75	3.25	70	2600,50
328	-17.75	3.75	70	2600,50
328	-16.75	3.75	70	2600,50
328	-15.25	5.25	70	2600,50
328	-15.25	7.25	70	2600,50
328	-14.75	7.75	70	2600,50
328	-14.75	8.75	70	2600,50
328	-14.25	8.75	70	2600,50
328	-13.25	7.75	70	2600,50
328	-12.75	7.75	70	2600,50
328	-11.75	8.75	70	2600,50
328	-11.25	8.75	70	2600,50
328	-10.75	8.25	70	2600,50
328	-10.75	6.75	70	2600,50
328	-11.25	6.25	70	2600,50
328	-11.25	5.75	70	2600,50
328	-10.75	5.75	70	2600,50
328	-8.75	7.75	70	2600,50
328	-8.75	8.25	70	2600,50
328	-9.25	8.75	70	2600,50
328	-10.25	8.75	70	2600,50
328	-10.25	9.75	70	2600,50
328	-11.25	9.75	70	2600,50
328	-11.25	10.25	70	2600,50
328	-10.75	10.75	70	2600,50
328	-10.75	11.75	70	2600,50
328	-9.75	12.75	70	2600,50
328	-9.25	12.75	70	2600,50
328	-8.75	12.25	70	2600,50
328	-8.75	11.75	70	2600,50
328	-9.25	11.25	70	2600,50
328	-9.25	10.75	70	2600,50
328	-8.25	9.75	70	2600,50
328	-7.75	9.75	70	2600,50
328	-7.25	10.25	70	2600,50
328	-6.75	10.25	70	2600,50
328	-5.75	9.25	70	2600,50
328	-5.75	8.75	70	2600,50
328	-6.25	8.25	70	2600,50
328	-6.25	7.75	70	2600,50
328	-5.75	7.25	70	2600,50
328	-3.75	7.25	70	2600,50
328	-2.25	5.75	70	2600,50
328	-2.25	5.25	70	2600,50
328	-2.75	4.75	70	2600,50
328	-3.25	4.75	70	2600,50
328	-3.75	5.25	70	2600,50
328	-4.25	5.25	70	2600,50
328	-4.75	4.75	70	2600,50
328	-5.75	4.75	70	2600,50
328	-5.75	3.75	70	2600,50
328	-6.25	3.75	70	2600,50
328	-6.75	4.25	70	2600,50
328	-7.25	4.25	70	2600,50
328	-8.25	3.25	70	2600,50
328	-8.25	2.75	70	2600,50
328	-7.25	1.75	70	2600,50
328	-7.25	1.25	70	2600,50
328	-7.75	0.75	70	2600,50
328	-7.75	0.25	70	2600,50
328	-7.25	0.25	70	2600,50
328	-6.75	0.75	70	2600,50
328	-6.25	0.75	70	2600,50
328	-5.75	0.25	70	2600,50
328	-4.25	0.25	70	2600,50
328	-3.75	0.75	70	2600,50
328	-3.75	1.25	70	2600,50
328	-4.25	1.75	70	2600,50
328	-4.25	2.25	70	2600,50
328	-3.75	2.25	70	2600,50
328	-3.25	1.75	70	2600,50
328	-2.75	1.75	70	2600,50
328	-2.75	2.75	70	2600,50
328	-2.25	3.25	70	2600,50
328	-2.25	4.25	70	2600,50
328	-1.25	5.25	70	2600,50
328	-0.75	5.25	70	2600,50
328	-0.25	4.75	70	2600,50
328	0.25	4.75	70	2600,50
328	0.75	5.25	70	2600,50
328	0.75	8.75	70	2600,50
328	-1.75	11.25	70	2600,50
328	-2.25	11.25	70	2600,50
328	-2.25	10.25	70	2600,50
328	-2.75	9.75	70	2600,50
328	-4.25	9.75	70	2600,50
328	-5.25	10.75	70	2600,50
328	-5.25	11.25	70	2600,50
328	-3.75	12.75	70	2600,50
328	-3.75	13.25	70	2600,50
328	-5.75	15.25	70	2600,50
328	-5.75	15.75	70	2600,50
328	-4.25	17.25	70	2600,50
328	-4.25	17.75	70	2600,50
328	-5.25	18.75	70	2600,50
328	-5.25	19.75	70	2600,50
328	-7.25	21.75	70	2600,50
328	-8.25	21.75	70	2600,50
328	-8.75	22.25	70	2600,50
328	-9.25	22.25	70	2600,50
328	-10.75	20.75	70	2600,50
328	-11.75	20.75	70	2600,50
328	-11.75	19.75	70	2600,50
328	-12.25	19.75	70	2600,50
328	-12.75	20.25	70	2600,50
328	-13.25	20.25	70	2600,50
328	-13.25	19.25	70	2600,50
328	-14.25	18.25	70	2600,50
328	-14.25	17.75	70	2600,50
328	-13.25	16.75	70	2600,50
328	-13.25	16.25	70	2600,50
328	-13.75	15.75	70	2600,50
328	-14.25	15.75	70	2600,50
328	-15.25	16.75	70	2600,50
328	-16.25	16.75	70	2600,50
328	-17.25	17.75	70	2600,50
328	-17.75	17.75	70	2600,50
328	-18.75	16.75	70	2600,50
328	-19.25	16.75	70	2600,50
328	-20.75	18.25	70	2600,50
328	-20.75	18.75	70	2600,50
328	-18.75	18.75	70	2600,50
328	-17.25	20.25	70	2600,50
328	-15.75	20.25	70	2600,50
328	-15.25	19.75	70	2600,50
328	-14.75	19.75	70	2600,50
328	-14.75	20.25	70	2600,50
328	-15.25	20.75	70	2600,50
328	-15.25	21.25	70	2600,50
328	-14.25	21.25	70	2600,50
328	-14.25	22.25	70	2600,50
328	-13.25	22.25	70	2600,50
328	-13.25	22.75	70	2600,50
328	-15.25	24.75	70	2600,50
328	-20.75	47.25	70	2600,0
328	-20.75	47.75	70	2600,0
328	-19.25	49.25	70	2600,0
328	-16.75	49.25	70	2600,0
328	-16.75	47.75	70	2600,0
328	-17.75	47.75	70	2600,0
328	-20.25	45.25	70	2600,0
328	-20.75	45.25	70	2600,0
328	-21.25	45.75	70	2600,0
328	-21.25	46.25	70	2600,0
328	-20.75	46.75	70	2600,0
328	-20.75	47.25	70	2600,0
328	-44.75	9.25	70	2650,50
328	-44.75	9.75	70	2650,50
328	-43.75	9.75	70	2650,50
328	-43.25	10.25	70	2650,50
328	-42.75	10.25	70	2650,50
328	-42.25	9.75	70	2650,50
328	-42.25	9.25	70	2650,50
328	-42.75	8.75	70	2650,50
328	-42.75	8.25	70	2650,50
328	-40.75	6.25	70	2650,50
328	-40.75	4.25	70	2650,50
328	-39.75	3.25	70	2650,50
328	-39.75	2.75	70	2650,50
328	-41.25	1.25	70	2650,50
328	-41.25	0.75	70	2650,50
328	-40.75	0.25	70	2650,50
328	-40.75	-0.25	70	2650,50
328	-41.25	-0.75	70	2650,50
328	-44.75	-0.75	70	2650,50
328	-44.75	9.25	70	2650,50
328	-44.75	48.25	70	2650,0
328	-44.75	48.75	70	2650,0
328	-44.25	49.25	70	2650,0
328	-40.75	49.25	70	2650,0
328	-40.75	48.25	70	2650,0
328	-39.75	47.25	70	2650,0
328	-39.75	46.75	70	2650,0
328	-40.25	46.25	70	2650,0
328	-40.25	45.75	70	2650,0
328	-39.75	45.75	70	2650,0
328	-39.25	46.25	70	2650,0
328	-38.75	46.25	70	2650,0
328	-38.75	44.75	70	2650,0
328	-39.75	44.75	70	2650,0
328	-39.75	44.25	70	2650,0
328	-39.25	43.75	70	2650,0
328	-38.25	43.75	70	2650,0
328	-37.25	42.75	70	2650,0
328	-35.75	42.75	70	2650,0
328	-35.75	43.75	70	2650,0
328	-34.25	43.75	70	2650,0
328	-34.25	43.25	70	2650,0
328	-34.75	42.75	70	2650,0
328	-34.75	41.25	70	2650,0
328	-34.25	40.75	70	2650,0
328	-34.25	40.25	70	2650,0
328	-35.25	40.25	70	2650,0
328	-35.25	38.25	70	2650,0
328	-36.75	36.75	70	2650,0
328	-37.75	36.75	70	2650,0
328	-37.75	35.75	70	2650,0
328	-38.25	35.75	70	2650,0
328	-40.75	38.25	70	2650,0
328	-41.25	38.25	70	2650,0
328	-41.75	37.75	70	2650,0
328	-41.75	36.25	70	2650,0
328	-39.75	34.25	70	2650,0
328	-39.75	33.75	70	2650,0
328	-40.75	32.75	70	2650,0
328	-41.25	32.75	70	2650,0
328	-41.75	33.25	70	2650,0
328	-42.75	33.25	70	2650,0
328	-42.75	34.25	70	2650,0
328	-43.75	35.25	70	2650,0
328	-43.75	35.75	70	2650,0
328	-42.75	36.75	70	2650,0
328	-42.75	37.25	70	2650,0
328	-44.25	38.75	70	2650,0
328	-44.25	39.25	70	2650,0
328	-43.25	40.25	70	2650,0
328	-43.25	40.75	70	2650,0
328	-43.75	41.25	70	2650,0
328	-44.75	41.25	70	2650,0
328	-44.75	48.25	70	2650,0
80	-37.25	-0.25	138	2550,0
80	-37.25	0.25	138	2550,0
80	-36.75	0.75	138	2550,0
80	-34.75	0.75	138	2550,0
80	-34.25	1.25	138	2550,0
80	-33.75	1.25	138	2550,0
80	-33.25	0.75	138	2550,0
80	-27.25	0.75	138	2550,0
80	-26.75	0.25	138	2550,0
80	-26.75	-0.25	138	2550,0
80	-37.25	-0.25	138	2550,0
279	-43.25	42.75	44	2650,50
279	-43.25	43.25	44	2650,50
279	-42.75	43.25	44	2650,50
279	-42.25	42.75	44	2650,50
279	-41.25	42.75	44	2650,50
279	-41.25	40.75	44	2650,50
279	-40.75	40.25	44	2650,50
279	-39.75	40.25	44	2650,50
279	-38.25	38.75	44	2650,50
279	-37.75	38.75	44	2650,50
279	-37.75	39.25	44	2650,50
279	-40.25	41.75	44	2650,50
279	-40.25	42.25	44	2650,50
279	-37.25	45.25	44	2650,50
279	-36.25	45.25	44	2650,50
279	-35.75	45.75	44	2650,50
279	-35.75	46.25	44	2650,50
279	-36.25	46.75	44	2650,50
279	-36.25	47.25	44	2650,50
279	-34.75	48.75	44	2650,50
279	-27.25	48.75	44	2650,50
279	-27.25	47.75	44	2650,50
279	-26.75	47.25	44	2650,50
279	-25.75	47.25	44	2650,50
279	-24.75	46.25	44	2650,50
279	-24.75	45.75	44	2650,50
279	-27.25	43.25	44	2650,50
279	-28.25	43.25	44	2650,50
279	-28.25	42.25	44	2650,50
279	-29.75	40.75	44	2650,50
279	-30.25	40.75	44	2650,50
279	-30.75	41.25	44	2650,50
279	-31.25	41.25	44	2650,50
279	-31.25	39.25	44	2650,50
279	-33.75	36.75	44	2650,50
279	-33.75	36.25	44	2650,50
279	-32.75	35.25	44	2650,50
279	-32.75	34.75	44	2650,50
279	-33.25	34.25	44	2650,50
279	-33.25	33.75	44	2650,50
279	-32.25	32.75	44	2650,50
279	-31.25	32.75	44	2650,50
279	-30.25	31.75	44	2650,50
279	-30.25	31.25	44	2650,50
279	-30.75	30.75	44	2650,50
279	-30.75	30.25	44	2650,50
279	-29.25	28.75	44	2650,50
279	-29.25	28.25	44	2650,50
279	-30.25	27.25	44	2650,50
279	-30.25	26.75	44	2650,50
279	-29.25	26.75	44	2650,50
279	-29.25	25.25	44	2650,50
279	-29.75	24.75	44	2650,50
279	-30.25	24.75	44	2650,50
279	-31.25	25.75	44	2650,50
279	-32.25	25.75	44	2650,50
279	-33.25	26.75	44	2650,50
279	-34.75	26.75	44	2650,50
279	-34.75	26.25	44	2650,50
279	-34.25	25.75	44	2650,50
279	-34.25	25.25	44	2650,50
279	-34.75	24.75	44	2650,50
279	-34.75	23.25	44	2650,50
279	-33.75	22.25	44	2650,50
279	-33.75	20.75	44	2650,50
279	-35.25	20.75	44	2650,50
279	-35.75	21.25	44	2650,50
279	-36.75	21.25	44	2650,50
279	-38.25	22.75	44	2650,50
279	-38.25	24.25	44	2650,50
279	-37.25	25.25	44	2650,50
279	-35.25	25.25	44	2650,50
279	-35.25	25.75	44	2650,50
279	-36.25	26.75	44	2650,50
279	-36.25	28.25	44	2650,50
279	-35.75	28.75	44	2650,50
279	-35.75	29.25	44	2650,50
279	-36.75	30.25	44	2650,50
279	-36.75	31.75	44	2650,50
279	-35.75	31.75	44	2650,50
279	-35.25	32.25	44	2650,50
279	-35.25	32.75	44	2650,50
279	-35.75	33.25	44	2650,50
279	-35.75	34.25	44	2650,50
279	-37.25	34.25	44	2650,50
279	-37.25	33.25	44	2650,50
279	-38.25	32.25	44	2650,50
279	-38.75	32.25	44	2650,50
279	-39.25	32.75	44	2650,50
279	-39.25	33.75	44	2650,50
279	-40.25	33.75	44	2650,50
279	-40.25	34.75	44	2650,50
279	-40.75	34.75	44	2650,50
279	-41.25	34.25	44	2650,50
279	-41.75	34.25	44	2650,50
279	-41.75	35.25	44	2650,50
279	-42.75	35.25	44	2650,50
279	-44.25	36.75	44	2650,50
279	-44.25	37.25	44	2650,50
279	-43.75	37.75	44	2650,50
279	-43.75	38.25	44	2650,50
279	-44.25	38.75	44	2650,50
279	-44.25	39.25	44	2650,50
279	-43.75	39.75	44	2650,50
279	-43.25	39.75	44	2650,50
279	-43.25	38.75	44	2650,50
279	-41.75	38.75	44	2650,50
279	-41.75	40.25	44	2650,50
279	-42.25	40.75	44	2650,50
279	-42.25	41.75	44	2650,50
279	-43.25	42.75	44	2650,50
279	-33.75	-0.75	44	2650,100
279	-33.75	-0.25	44	2650,100
279	-31.25	2.25	44	2650,100
279	-29.75	2.25	44	2650,100
279	-27.25	-0.25	44	2650,100
279	-27.25	-0.75	44	2650,100
279	-27.75	-1.25	44	2650,100
279	-33.25	-1.25	44	2650,100
279	-33.75	-0.75	44	2650,100
141	-27.25	47.75	162	2650,50
141	-27.25	48.25	162	2650,50
141	-26.75	48.75	162	2650,50
141	-22.25	48.75	162	2650,50
141	-22.25	48.25	162	2650,50
141	-23.75	46.75	162	2650,50
141	-23.75	46.25	162	2650,50
141	-22.75	45.25	162	2650,50
141	-22.25	45.25	162	2650,50
141	-21.75	45.75	162	2650,50
141	-21.25	45.75	162	2650,50
141	-20.75	45.25	162	2650,50
141	-20.75	44.75	162	2650,50
141	-21.25	44.25	162	2650,50
141	-21.25	43.75	162	2650,50
141	-20.25	42.75	162	2650,50
141	-20.25	42.25	162	2650,50
141	-23.25	39.25	162	2650,50
141	-23.25	38.75	162	2650,50
141	-22.25	37.75	162	2650,50
141	-22.25	37.25	162	2650,50
141	-22.75	37.25	162	2650,50
141	-23.25	37.75	162	2650,50
141	-23.75	37.75	162	2650,50
141	-24.25	37.25	162	2650,50
141	-27.25	37.25	162	2650,50
141	-27.25	35.25	162	2650,50
141	-28.25	34.25	162	2650,50
141	-29.25	34.25	162	2650,50
141	-29.25	33.25	162	2650,50
141	-29.75	32.75	162	2650,50
141	-29.75	32.25	162	2650,50
141	-29.25	31.75	162	2650,50
141	-28.25	31.75	162	2650,50
141	-28.25	31.25	162	2650,50
141	-28.75	30.75	162	2650,50
141	-28.75	30.25	162	2650,50
141	-28.25	29.75	162	2650,50
141	-27.25	29.75	162	2650,50
141	-26.75	29.25	162	2650,50
141	-26.25	29.25	162	2650,50
141	-26.25	29.75	162	2650,50
141	-26.75	30.25	162	2650,50
141	-26.75	30.75	162	2650,50
141	-26.25	30.75	162	2650,50
141	-25.75	30.25	162	2650,50
141	-25.25	30.25	162	2650,50
141	-24.25	31.25	162	2650,50
141	-24.25	32.25	162	2650,50
141	-23.25	32.25	162	2650,50
141	-23.25	33.25	162	2650,50
141	-22.25	34.25	162	2650,50
141	-21.75	34.25	162	2650,50
141	-21.25	33.75	162	2650,50
141	-20.75	33.75	162	2650,50
141	-20.75	34.75	162	2650,50
141	-20.25	35.25	162	2650,50
141	-19.25	35.25	162	2650,50
141	-18.75	35.75	162	2650,50
141	-18.75	36.75	162	2650,50
141	-16.75	38.75	162	2650,50
141	-16.75	39.75	162	2650,50
141	-16.25	39.75	162	2650,50
141	-15.25	38.75	162	2650,50
141	-14.25	38.75	162	2650,50
141	-13.75	38.25	162	2650,50
141	-13.75	37.75	162	2650,50
141	-14.75	36.75	162	2650,50
141	-15.25	36.75	162	2650,50
141	-15.75	37.25	162	2650,50
141	-16.25	37.25	162	2650,50
141	-18.75	34.75	162	2650,50
141	-18.75	34.25	162	2650,50
141	-18.25	33.75	162	2650,50
141	-17.25	33.75	162	2650,50
141	-17.25	33.25	162	2650,50
141	-17.75	32.75	162	2650,50
141	-17.75	31.75	162	2650,50
141	-18.25	31.25	162	2650,50
141	-19.25	31.25	162	2650,50
141	-19.75	30.75	162	2650,50
141	-20.25	30.75	162	2650,50
141	-20.25	31.25	162	2650,50
141	-18.75	32.75	162	2650,50
141	-18.75	33.25	162	2650,50
141	-19.25	33.75	162	2650,50
141	-19.75	33.75	162	2650,50
141	-21.25	32.25	162	2650,50
141	-21.25	31.25	162	2650,50
141	-21.75	30.75	162	2650,50
141	-22.75	30.75	162	2650,50
141	-24.25	29.25	162	2650,50
141	-24.25	28.75	162	2650,50
141	-23.75	28.25	162	2650,50
141	-23.25	28.25	162	2650,50
141	-21.75	29.75	162	2650,50
141	-21.25	29.75	162	2650,50
141	-20.75	29.25	162	2650,50
141	-20.75	28.75	162	2650,50
141	-22.25	27.25	162	2650,50
141	-23.25	27.25	162	2650,50
141	-23.25	26.25	162	2650,50
141	-23.75	26.25	162	2650,50
141	-24.25	26.75	162	2650,50
141	-24.75	26.75	162	2650,50
141	-25.25	26.25	162	2650,50
141	-25.75	26.25	162	2650,50
141	-26.25	26.75	162	2650,50
141	-26.25	27.75	162	2650,50
141	-27.25	27.75	162	2650,50
141	-29.25	29.75	162	2650,50
141	-30.25	29.75	162	2650,50
141	-30.75	30.25	162	2650,50
141	-30.75	30.75	162	2650,50
141	-30.25	31.25	162	2650,50
141	-30.25	31.75	162	2650,50
141	-31.25	32.75	162	2650,50
141	-32.25	32.75	162	2650,50
141	-33.25	33.75	162	2650,50
141	-33.25	34.25	162	2650,50
141	-32.75	34.75	162	2650,50
141	-32.75	35.25	162	2650,50
141	-33.75	36.25	162	2650,50
141	-33.75	36.75	162	2650,50
141	-31.25	39.25	162	2650,50
141	-31.25	41.25	162	2650,50
141	-30.75	41.25	162	2650,50
141	-30.25	40.75	162	2650,50
141	-29.75	40.75	162	2650,50
141	-28.25	42.25	162	2650,50
141	-28.25	43.25	162	2650,50
141	-27.25	43.25	162	2650,50
141	-24.75	45.75	162	2650,50
141	-24.75	46.25	162	2650,50
141	-25.75	47.25	162	2650,50
141	-26.75	47.25	162	2650,50
141	-27.25	47.75	162	2650,50
325	-17.75	18.25	7	2650,100
325	-17.75	18.75	7	2650,100
325	-16.25	18.75	7	2650,100
325	-15.75	18.25	7	2650,100
325	-15.75	17.75	7	2650,100
325	-16.25	17.25	7	2650,100
325	-16.25	15.75	7	2650,100
325	-15.25	14.75	7	2650,100
325	-15.25	13.75	7	2650,100
325	-13.75	12.25	7	2650,100
325	-13.75	11.25	7	2650,100
325	-11.75	11.25	7	2650,100
325	-10.75	10.25	7	2650,100
325	-9.75	10.25	7	2650,100
325	-9.25	9.75	7	2650,100
325	-8.75	9.75	7	2650,100
325	-8.75	10.25	7	2650,100
325	-9.25	10.75	7	2650,100
325	-9.25	11.25	7	2650,100
325	-8.75	11.25	7	2650,100
325	-7.75	10.25	7	2650,100
325	-7.75	9.25	7	2650,100
325	-6.75	9.25	7	2650,100
325	-5.25	7.75	7	2650,100
325	-4.75	7.75	7	2650,100
325	-4.25	8.25	7	2650,100
325	-3.75	8.25	7	2650,100
325	4.75	-0.25	7	2650,100
325	4.75	-0.75	7	2650,100
325	4.25	-1.25	7	2650,100
325	-6.25	-1.25	7	2650,100
325	-9.75	2.25	7	2650,100
325	-10.25	2.25	7	2650,100
325	-11.25	1.25	7	2650,100
325	-11.75	1.25	7	2650,100
325	-12.75	2.25	7	2650,100
325	-12.75	2.75	7	2650,100
325	-11.75	2.75	7	2650,100
325	-11.25	3.25	7	2650,100
325	-11.25	3.75	7	2650,100
325	-12.25	4.75	7	2650,100
325	-12.75	4.75	7	2650,100
325	-13.75	3.75	7	2650,100
325	-14.25	3.75	7	2650,100
325	-15.25	4.75	7	2650,100
325	-15.25	5.25	7	2650,100
325	-14.25	6.25	7	2650,100
325	-14.25	7.25	7	2650,100
325	-13.25	8.25	7	2650,100
325	-13.25	8.75	7	2650,100
325	-14.25	9.75	7	2650,100
325	-14.25	10.75	7	2650,100
325	-15.25	10.75	7	2650,100
325	-16.25	11.75	7	2650,100
325	-16.25	12.75	7	2650,100
325	-17.25	12.75	7	2650,100
325	-18.25	13.75	7	2650,100
325	-19.25	13.75	7	2650,100
325	-19.25	14.25	7	2650,100
325	-17.25	16.25	7	2650,100
325	-17.25	16.75	7	2650,100
325	-17.75	17.25	7	2650,100
325	-17.75	18.25	7	2650,100
325	-6.75	48.25	7	2650,50
325	-6.75	48.75	7	2650,50
325	4.75	48.75	7	2650,50
325	4.75	45.25	7	2650,50
325	3.75	45.25	7	2650,50
325	3.25	44.75	7	2650,50
325	3.25	43.75	7	2650,50
325	2.25	43.75	7	2650,50
325	2.25	42.75	7	2650,50
325	1.75	42.25	7	2650,50
325	1.75	40.25	7	2650,50
325	0.75	39.25	7	2650,50
325	0.25	39.25	7	2650,50
325	0.25	40.75	7	2650,50
325	0.75	41.25	7	2650,50
325	0.75	41.75	7	2650,50
325	-1.75	44.25	7	2650,50
325	-2.25	44.25	7	2650,50
325	-2.75	43.75	7	2650,50
325	-2.75	41.25	7	2650,50
325	-2.25	40.75	7	2650,50
325	-2.25	40.25	7	2650,50
325	-2.75	39.75	7	2650,50
325	-3.25	39.75	7	2650,50
325	-4.25	40.75	7	2650,50
325	-4.75	40.75	7	2650,50
325	-5.25	40.25	7	2650,50
325	-5.25	39.75	7	2650,50
325	-4.75	39.25	7	2650,50
325	-4.75	38.75	7	2650,50
325	-5.25	38.75	7	2650,50
325	-5.75	39.25	7	2650,50
325	-6.25	39.25	7	2650,50
325	-6.25	36.25	7	2650,50
325	-9.75	32.75	7	2650,50
325	-10.25	32.75	7	2650,50
325	-11.25	33.75	7	2650,50
325	-11.25	34.25	7	2650,50
325	-7.75	37.75	7	2650,50
325	-7.75	38.25	7	2650,50
325	-8.75	39.25	7	2650,50
325	-8.75	40.75	7	2650,50
325	-7.75	41.75	7	2650,50
325	-7.75	42.25	7	2650,50
325	-9.25	43.75	7	2650,50
325	-9.25	44.25	7	2650,50
325	-7.25	46.25	7	2650,50
325	-7.25	47.25	7	2650,50
325	-6.75	47.75	7	2650,50
325	-6.75	48.25	7	2650,50
325	-45.25	-1.25	7	2700,100
325	-45.25	-0.75	7	2700,100
325	-44.75	-0.75	7	2700,100
325	-44.75	-1.25	7	2700,100
325	-45.25	-1.25	7	2700,100
325	-45.25	47.75	7	2700,50
325	-45.25	48.25	7	2700,50
325	-44.75	48.75	7	2700,50
325	-44.25	48.75	7	2700,50
325	-40.75	45.25	7	2700,50
325	-40.75	44.75	7	2700,50
325	-41.25	44.25	7	2700,50
325	-41.25	43.75	7	2700,50
325	-40.25	42.75	7	2700,50
325	-39.75	42.75	7	2700,50
325	-39.25	43.25	7	2700,50
325	-38.75	43.25	7	2700,50
325	-37.75	42.25	7	2700,50
325	-37.75	41.75	7	2700,50
325	-38.25	41.25	7	2700,50
325	-38.25	40.75	7	2700,50
325	-37.25	39.75	7	2700,50
325	-37.25	39.25	7	2700,50
325	-37.75	39.25	7	2700,50
325	-38.75	40.25	7	2700,50
325	-39.25	40.25	7	2700,50
325	-39.25	39.75	7	2700,50
325	-37.75	38.25	7	2700,50
325	-37.25	38.25	7	2700,50
325	-36.75	38.75	7	2700,50
325	-36.25	38.75	7	2700,50
325	-35.75	38.25	7	2700,50
325	-35.25	38.25	7	2700,50
325	-34.75	38.75	7	2700,50
325	-34.25	38.75	7	2700,50
325	-32.75	37.25	7	2700,50
325	-32.75	36.75	7	2700,50
325	-33.25	36.25	7	2700,50
325	-33.25	35.75	7	2700,50
325	-32.25	35.75	7	2700,50
325	-32.25	34.25	7	2700,50
325	-33.25	33.25	7	2700,50
325	-33.75	33.25	7	2700,50
325	-34.75	34.25	7	2700,50
325	-35.25	34.25	7	2700,50
325	-36.75	32.75	7	2700,50
325	-36.75	32.25	7	2700,50
325	-35.75	31.25	7	2700,50
325	-35.75	30.75	7	2700,50
325	-38.25	28.25	7	2700,50
325	-38.75	28.25	7	2700,50
325	-39.75	29.25	7	2700,50
325	-40.25	29.25	7	2700,50
325	-44.75	24.75	7	2700,50
325	-45.25	24.75	7	2700,50
325	-45.25	28.25	7	2700,50
325	-42.25	31.25	7	2700,50
325	-42.25	31.75	7	2700,50
325	-44.75	34.25	7	2700,50
325	-44.75	34.75	7	2700,50
325	-43.75	35.75	7	2700,50
325	-43.75	36.25	7	2700,50
325	-45.25	37.75	7	2700,50
325	-45.25	43.25	7	2700,50
325	-44.75	43.75	7	2700,50
325	-44.75	44.25	7	2700,50
325	-45.25	44.75	7	2700,50
325	-45.25	47.75	7	2700,50
325	-40.75	48.25	7	2650,0
325	-40.75	48.75	7	2650,0
325	-40.25	49.25	7	2650,0
325	-33.75	49.25	7	2650,0
325	-29.25	44.75	7	2650,0
325	-28.75	44.75	7	2650,0
325	-24.25	49.25	7	2650,0
325	-20.75	49.25	7	2650,0
325	-20.75	48.25	7	2650,0
325	-19.75	47.25	7	2650,0
325	-19.75	46.75	7	2650,0
325	-21.75	44.75	7	2650,0
325	-22.25	44.75	7	2650,0
325	-22.75	45.25	7	2650,0
325	-22.75	46.25	7	2650,0
325	-23.25	46.25	7	2650,0
325	-25.75	43.75	7	2650,0
325	-25.75	43.25	7	2650,0
325	-24.75	42.25	7	2650,0
325	-24.75	41.75	7	2650,0
325	-37.25	29.25	7	2650,0
325	-37.75	29.25	7	2650,0
325	-38.75	30.25	7	2650,0
325	-38.75	30.75	7	2650,0
325	-37.75	31.75	7	2650,0
325	-37.75	32.25	7	2650,0
325	-41.75	36.25	7	2650,0
325	-41.75	37.75	7	2650,0
325	-41.25	38.25	7	2650,0
325	-40.75	38.25	7	2650,0
325	-38.25	35.75	7	2650,0
325	-37.75	35.75	7	2650,0
325	-37.75	36.75	7	2650,0
325	-36.75	36.75	7	2650,0
325	-35.25	38.25	7	2650,0
325	-35.25	40.25	7	2650,0
325	-34.25	40.25	7	2650,0
325	-34.25	40.75	7	2650,0
325	-34.75	41.25	7	2650,0
325	-34.75	42.75	7	2650,0
325	-34.25	43.25	7	2650,0
325	-34.25	43.75	7	2650,0
325	-35.75	43.75	7	2650,0
325	-35.75	42.75	7	2650,0
325	-37.25	42.75	7	2650,0
325	-38.25	43.75	7	2650,0
325	-39.25	43.75	7	2650,0
325	-39.75	44.25	7	2650,0
325	-39.75	44.75	7	2650,0
325	-38.75	44.75	7	2650,0
325	-38.75	46.25	7	2650,0
325	-39.25	46.25	7	2650,0
325	-39.75	45.75	7	2650,0
325	-40.25	45.75	7	2650,0
325	-40.25	46.25	7	2650,0
325	-39.75	46.75	7	2650,0
325	-39.75	47.25	7	2650,0
325	-40.75	48.25	7	2650,0
356	-41.75	41.25	9	2600,0
356	-41.75	41.75	9	2600,0
356	-41.25	42.25	9	2600,0
356	-39.75	42.25	9	2600,0
356	-39.25	41.75	9	2600,0
356	-39.25	40.75	9	2600,0
356	-37.75	39.25	9	2600,0
356	-37.75	38.25	9	2600,0
356	-36.75	37.25	9	2600,0
356	-35.75	37.25	9	2600,0
356	-34.75	36.25	9	2600,0
356	-34.75	35.75	9	2600,0
356	-35.75	34.75	9	2600,0
356	-35.75	34.25	9	2600,0
356	-34.75	33.25	9	2600,0
356	-34.25	33.25	9	2600,0
356	-32.75	34.75	9	2600,0
356	-32.75	35.25	9	2600,0
356	-33.75	36.25	9	2600,0
356	-33.75	36.75	9	2600,0
356	-32.25	38.25	9	2600,0
356	-32.25	39.25	9	2600,0
356	-31.25	40.25	9	2600,0
356	-30.25	40.25	9	2600,0
356	-29.25	41.25	9	2600,0
356	-28.75	41.25	9	2600,0
356	-27.75	40.25	9	2600,0
356	-27.75	39.75	9	2600,0
356	-28.75	38.75	9	2600,0
356	-28.75	38.25	9	2600,0
356	-27.25	38.25	9	2600,0
356	-26.75	38.75	9	2600,0
356	-26.25	38.75	9	2600,0
356	-24.75	37.25	9	2600,0
356	-24.75	36.75	9	2600,0
356	-25.75	35.75	9	2600,0
356	-25.75	35.25	9	2600,0
356	-24.25	33.75	9	2600,0
356	-23.75	33.75	9	2600,0
356	-22.75	34.75	9	2600,0
356	-22.25	34.75	9	2600,0
356	-20.75	33.25	9	2600,0
356	-20.25	33.25	9	2600,0
356	-18.75	34.75	9	2600,0
356	-18.25	34.75	9	2600,0
356	-18.25	33.25	9	2600,0
356	-19.25	33.25	9	2600,0
356	-19.25	32.75	9	2600,0
356	-16.25	29.75	9	2600,0
356	-15.75	29.75	9	2600,0
356	-14.75	30.75	9	2600,0
356	-13.25	30.75	9	2600,0
356	-12.75	30.25	9	2600,0
356	-12.75	27.75	9	2600,0
356	-13.75	27.75	9	2600,0
356	-13.75	27.25	9	2600,0
356	-9.75	23.25	9	2600,0
356	-9.25	23.25	9	2600,0
356	-8.25	24.25	9	2600,0
356	-7.75	24.25	9	2600,0
356	-6.75	23.25	9	2600,0
356	-6.75	22.75	9	2600,0
356	-7.75	21.75	9	2600,0
356	-7.75	21.25	9	2600,0
356	-5.25	18.75	9	2600,0
356	-5.25	18.25	9	2600,0
356	-5.75	18.25	9	2600,0
356	-6.25	18.75	9	2600,0
356	-7.25	18.75	9	2600,0
356	-8.75	20.25	9	2600,0
356	-9.25	20.25	9	2600,0
356	-9.75	19.75	9	2600,0
356	-9.75	19.25	9	2600,0
356	-7.25	16.75	9	2600,0
356	-7.25	16.25	9	2600,0
356	-8.75	14.75	9	2600,0
356	-9.25	14.75	9	2600,0
356	-12.25	17.75	9	2600,0
356	-12.75	17.75	9	2600,0
356	-13.75	16.75	9	2600,0
356	-13.75	16.25	9	2600,0
356	-10.75	13.25	9	2600,0
356	-10.75	12.75	9	2600,0
356	-13.25	10.25	9	2600,0
356	-13.75	10.25	9	2600,0
356	-14.25	10.75	9	2600,0
356	-15.25	10.75	9	2600,0
356	-23.25	18.75	9	2600,0
356	-23.25	19.75	9	2600,0
356	-24.25	20.75	9	2600,0
356	-25.25	20.75	9	2600,0
356	-36.25	31.75	9	2600,0
356	-36.75	31.75	9	2600,0
356	-38.25	30.25	9	2600,0
356	-38.75	30.25	9	2600,0
356	-39.25	30.75	9	2600,0
356	-39.25	31.25	9	2600,0
356	-37.25	33.25	9	2600,0
356	-37.25	33.75	9	2600,0
356	-37.75	34.25	9	2600,0
356	-37.75	34.75	9	2600,0
356	-37.25	35.25	9	2600,0
356	-37.25	36.75	9	2600,0
356	-41.75	41.25	9	2600,0
145	-0.75	31.25	166	2550,0
145	-0.75	31.75	166	2550,0
145	0.25	31.75	166	2550,0
145	0.25	32.75	166	2550,0
145	0.75	32.75	166	2550,0
145	4.75	28.75	166	2550,0
145	4.75	26.25	166	2550,0
145	4.25	26.25	166	2550,0
145	-0.75	31.25	166	2550,0
145	-45.25	27.75	166	2600,0
145	-45.25	28.25	166	2600,0
145	-44.75	28.25	166	2600,0
145	-43.75	27.25	166	2600,0
145	-43.75	26.75	166	2600,0
145	-44.75	25.75	166	2600,0
145	-45.25	25.75	166	2600,0
145	-45.25	27.75	166	2600,0
334	3.25	35.25	74	2550,0
334	3.25	35.75	74	2550,0
334	4.75	35.75	74	2550,0
334	4.75	34.25	74	2550,0
334	4.25	34.25	74	2550,0
334	3.25	35.25	74	2550,0
334	-45.25	35.75	74	2600,0
334	-45.25	36.25	74	2600,0
334	-44.75	36.25	74	2600,0
334	-43.75	35.25	74	2600,0
334	-42.75	35.25	74	2600,0
334	-41.75	34.25	74	2600,0
334	-41.75	32.25	74	2600,0
334	-41.25	31.75	74	2600,0
334	-40.25	31.75	74	2600,0
334	-39.75	31.25	74	2600,0
334	-39.75	30.75	74	2600,0
334	-40.75	29.75	74	2600,0
334	-41.25	29.75	74	2600,0
334	-45.25	33.75	74	2600,0
334	-45.25	35.75	74	2600,0
335	1.25	32.25	74	2550,0
335	1.25	32.75	74	2550,0
335	1.75	32.75	74	2550,0
335	4.75	29.75	74	2550,0
335	4.75	29.25	74	2550,0
335	4.25	29.25	74	2550,0
335	1.25	32.25	74	2550,0
335	-45.25	28.75	74	2600,0
335	-45.25	29.25	74	2600,0
335	-44.75	29.25	74	2600,0
335	-43.25	27.75	74	2600,0
335	-43.25	27.25	74	2600,0
335	-43.75	27.25	74	2600,0
335	-45.25	28.75	74	2600,0
190	-44.75	37.25	202	2600,0
190	-44.75	37.75	202	2600,0
190	-43.25	37.75	202	2600,0
190	-42.25	36.75	202	2600,0
190	-41.25	36.75	202	2600,0
190	-39.75	35.25	202	2600,0
190	-39.75	34.25	202	2600,0
190	-38.75	33.25	202	2600,0
190	-38.75	31.75	202	2600,0
190	-39.25	31.25	202	2600,0
190	-39.75	31.25	202	2600,0
190	-40.25	31.75	202	2600,0
190	-41.25	31.75	202	2600,0
190	-41.75	32.25	202	2600,0
190	-41.75	34.25	202	2600,0
190	-42.75	35.25	202	2600,0
190	-43.75	35.25	202	2600,0
190	-44.75	36.25	202	2600,0
190	-44.75	37.25	202	2600,0
184	-5.75	26.25	199	2650,100
184	-5.75	26.75	199	2650,100
184	-5.25	26.75	199	2650,100
184	-4.75	26.25	199	2650,100
184	-3.75	26.25	199	2650,100
184	-3.25	25.75	199	2650,100
184	-3.25	24.75	199	2650,100
184	-2.25	24.75	199	2650,100
184	-1.75	24.25	199	2650,100
184	-1.75	23.25	199	2650,100
184	-1.25	22.75	199	2650,100
184	-0.75	22.75	199	2650,100
184	-0.25	23.25	199	2650,100
184	0.25	23.25	199	2650,100
184	0.75	22.75	199	2650,100
184	1.25	22.75	199	2650,100
184	3.25	24.75	199	2650,100
184	3.25	25.75	199	2650,100
184	4.25	25.75	199	2650,100
184	4.25	26.75	199	2650,100
184	4.75	26.75	199	2650,100
184	4.75	25.25	199	2650,100
184	4.25	24.75	199	2650,100
184	4.25	23.25	199	2650,100
184	4.75	22.75	199	2650,100
184	4.75	22.25	199	2650,100
184	3.25	20.75	199	2650,100
184	2.75	20.75	199	2650,100
184	1.75	21.75	199	2650,100
184	1.25	21.75	199	2650,100
184	-0.25	20.25	199	2650,100
184	-1.25	20.25	199	2650,100
184	-2.25	19.25	199	2650,100
184	-2.25	18.25	199	2650,100
184	-2.75	17.75	199	2650,100
184	-3.25	17.75	199	2650,100
184	-3.75	18.25	199	2650,100
184	-3.75	18.75	199	2650,100
184	-2.25	20.25	199	2650,100
184	-2.25	21.25	199	2650,100
184	-1.75	21.75	199	2650,100
184	-1.75	22.25	199	2650,100
184	-2.25	22.25	199	2650,100
184	-2.75	21.75	199	2650,100
184	-3.25	21.75	199	2650,100
184	-6.25	24.75	199	2650,100
184	-6.25	25.25	199	2650,100
184	-5.75	25.75	199	2650,100
184	-5.75	26.25	199	2650,100
184	-45.25	26.75	199	2700,100
184	-45.25	27.25	199	2700,100
184	-44.25	27.25	199	2700,100
184	-43.75	27.75	199	2700,100
184	-43.75	28.75	199	2700,100
184	-43.25	28.75	199	2700,100
184	-42.75	28.25	199	2700,100
184	-42.75	26.75	199	2700,100
184	-43.25	26.25	199	2700,100
184	-44.25	26.25	199	2700,100
184	-44.75	25.75	199	2700,100
184	-44.75	25.25	199	2700,100
184	-43.75	24.25	199	2700,100
184	-43.75	23.75	199	2700,100
184	-44.25	23.75	199	2700,100
184	-45.25	24.75	199	2700,100
184	-45.25	26.75	199	2700,100
218	-10.75	20.25	224	2550,0
218	-10.75	20.75	224	2550,0
218	-9.75	20.75	224	2550,0
218	-9.25	21.25	224	2550,0
218	-8.25	21.25	224	2550,0
218	-8.25	22.25	224	2550,0
218	-6.75	23.75	224	2550,0
218	-5.25	23.75	224	2550,0
218	-3.25	21.75	224	2550,0
218	-3.25	20.75	224	2550,0
218	-2.25	20.75	224	2550,0
218	-2.25	19.75	224	2550,0
218	-1.75	19.25	224	2550,0
218	-1.75	18.75	224	2550,0
218	-2.75	17.75	224	2550,0
218	-3.25	17.75	224	2550,0
218	-5.25	19.75	224	2550,0
218	-6.25	19.75	224	2550,0
218	-7.25	20.75	224	2550,0
218	-7.75	20.75	224	2550,0
218	-8.25	20.25	224	2550,0
218	-8.25	19.75	224	2550,0
218	-7.25	18.75	224	2550,0
218	-7.25	18.25	224	2550,0
218	-7.75	17.75	224	2550,0
218	-7.75	16.75	224	2550,0
218	-8.25	16.75	224	2550,0
218	-8.75	17.25	224	2550,0
218	-9.75	17.25	224	2550,0
218	-10.75	18.25	224	2550,0
218	-10.75	20.25	224	2550,0
180	-26.25	-0.25	195	2550,0
180	-26.25	0.25	195	2550,0
180	-25.75	0.75	195	2550,0
180	-19.75	0.75	195	2550,0
180	-19.25	1.25	195	2550,0
180	-18.75	1.25	195	2550,0
180	-17.75	0.25	195	2550,0
180	-17.75	-0.25	195	2550,0
180	-26.25	-0.25	195	2550,0
61	-21.75	7.25	134	2600,0
61	-21.75	7.75	134	2600,0
61	-21.25	7.75	134	2600,0
61	-20.75	7.25	134	2600,0
61	-20.75	6.75	134	2600,0
61	-21.25	6.25	134	2600,0
61	-21.75	6.25	134	2600,0
61	-21.75	7.25	134	2600,0
62	-20.75	8.25	134	2600,0
62	-20.75	8.75	134	2600,0
62	-20.25	8.75	134	2600,0
62	-19.75	8.25	134	2600,0
62	-19.75	7.75	134	2600,0
62	-20.25	7.75	134	2600,0
62	-20.75	8.25	134	2600,0
63	-20.75	5.25	134	2600,0
63	-20.75	5.75	134	2600,0
63	-20.25	5.75	134	2600,0
63	-20.25	5.25	134	2600,0
63	-20.75	5.25	134	2600,0
64	-19.25	6.75	134	2600,0
64	-19.25	7.25	134	2600,0
64	-18.75	7.25	134	2600,0
64	-18.25	6.75	134	2600,0
64	-18.25	6.25	134	2600,0
64	-18.75	6.25	134	2600,0
64	-19.25	6.75	134	2600,0
66	-19.25	4.75	134	2600,0
66	-19.25	5.25	134	2600,0
66	-18.75	5.25	134	2600,0
66	-18.75	4.75	134	2600,0
66	-19.25	4.75	134	2600,0
67	-18.25	2.75	134	2600,0
67	-18.25	3.25	134	2600,0
67	-16.75	3.25	134	2600,0
67	-16.25	2.75	134	2600,0
67	-16.25	2.25	134	2600,0
67	-16.75	1.75	134	2600,0
67	-17.25	1.75	134	2600,0
67	-18.25	2.75	134	2600,0
68	-16.75	4.25	134	2600,0
68	-16.75	4.75	134	2600,0
68	-16.25	4.75	134	2600,0
68	-14.25	2.75	134	2600,0
68	-14.25	2.25	134	2600,0
68	-14.75	2.25	134	2600,0
68	-16.75	4.25	134	2600,0
69	-15.25	0.75	134	2600,0
69	-15.25	1.25	134	2600,0
69	-14.75	1.25	134	2600,0
69	-14.75	0.75	134	2600,0
69	-15.25	0.75	134	2600,0
263	-20.25	0.75	37	2550,0
263	-20.25	1.25	37	2550,0
263	-18.25	3.25	37	2550,0
263	-17.25	3.25	37	2550,0
263	-16.25	4.25	37	2550,0
263	-15.75	4.25	37	2550,0
263	-14.75	3.25	37	2550,0
263	-14.25	3.25	37	2550,0
263	-13.75	3.75	37	2550,0
263	-13.25	3.75	37	2550,0
263	-12.25	2.75	37	2550,0
263	-10.75	2.75	37	2550,0
263	-10.75	3.75	37	2550,0
263	-9.75	3.75	37	2550,0
263	-8.75	4.75	37	2550,0
263	-8.25	4.75	37	2550,0
263	-7.75	4.25	37	2550,0
263	-6.75	4.25	37	2550,0
263	-5.25	2.75	37	2550,0
263	-4.75	2.75	37	2550,0
263	-3.25	4.25	37	2550,0
263	-2.75	4.25	37	2550,0
263	-2.25	3.75	37	2550,0
263	-1.75	3.75	37	2550,0
263	-0.75	4.75	37	2550,0
263	-0.25	4.75	37	2550,0
263	0.25	4.25	37	2550,0
263	1.25	4.25	37	2550,0
263	3.75	1.75	37	2550,0
263	3.75	1.25	37	2550,0
263	3.25	1.25	37	2550,0
263	2.75	1.75	37	2550,0
263	2.25	1.75	37	2550,0
263	1.25	0.75	37	2550,0
263	0.75	0.75	37	2550,0
263	-0.25	1.75	37	2550,0
263	-0.75	1.75	37	2550,0
263	-1.75	0.75	37	2550,0
263	-3.25	0.75	37	2550,0
263	-3.75	1.25	37	2550,0
263	-4.25	1.25	37	2550,0
263	-4.75	0.75	37	2550,0
263	-7.25	0.75	37	2550,0
263	-7.75	1.25	37	2550,0
263	-9.25	1.25	37	2550,0
263	-9.75	0.75	37	2550,0
263	-13.75	0.75	37	2550,0
263	-14.25	0.25	37	2550,0
263	-14.75	0.25	37	2550,0
263	-15.25	0.75	37	2550,0
263	-16.75	0.75	37	2550,0
263	-17.25	0.25	37	2550,0
263	-17.75	0.25	37	2550,0
263	-18.75	1.25	37	2550,0
263	-19.25	1.25	37	2550,0
263	-19.75	0.75	37	2550,0
263	-20.25	0.75	37	2550,0
348	-43.25	26.75	84	2600,0
348	-43.25	27.25	84	2600,0
348	-42.75	27.25	84	2600,0
348	-40.25	24.75	84	2600,0
348	-40.25	24.25	84	2600,0
348	-40.75	24.25	84	2600,0
348	-43.25	26.75	84	2600,0
349	-40.75	29.25	84	2600,0
349	-40.75	29.75	84	2600,0
349	-39.75	30.75	84	2600,0
349	-39.25	30.75	84	2600,0
349	-38.25	29.75	84	2600,0
349	-37.75	29.75	84	2600,0
349	-36.75	30.75	84	2600,0
349	-36.25	30.75	84	2600,0
349	-36.25	29.75	84	2600,0
349	-35.75	29.25	84	2600,0
349	-35.75	28.75	84	2600,0
349	-36.75	28.75	84	2600,0
349	-36.75	27.75	84	2600,0
349	-37.75	26.75	84	2600,0
349	-38.25	26.75	84	2600,0
349	-40.75	29.25	84	2600,0
292	-25.75	44.25	53	2600,0
292	-25.75	44.75	53	2600,0
292	-23.75	46.75	53	2600,0
292	-23.25	46.75	53	2600,0
292	-22.25	45.75	53	2600,0
292	-22.25	45.25	53	2600,0
292	-22.75	44.75	53	2600,0
292	-22.75	44.25	53	2600,0
292	-21.75	43.25	53	2600,0
292	-21.25	43.25	53	2600,0
292	-20.75	43.75	53	2600,0
292	-20.25	43.75	53	2600,0
292	-19.25	42.75	53	2600,0
292	-19.25	42.25	53	2600,0
292	-19.75	41.75	53	2600,0
292	-19.75	41.25	53	2600,0
292	-18.25	39.75	53	2600,0
292	-17.75	39.75	53	2600,0
292	-17.25	40.25	53	2600,0
292	-16.75	40.25	53	2600,0
292	-16.75	39.25	53	2600,0
292	-15.75	38.25	53	2600,0
292	-15.75	37.25	53	2600,0
292	-13.75	37.25	53	2600,0
292	-13.25	36.75	53	2600,0
292	-13.25	35.75	53	2600,0
292	-11.75	34.25	53	2600,0
292	-11.75	33.25	53	2600,0
292	-10.75	32.25	53	2600,0
292	-10.25	32.25	53	2600,0
292	-9.75	32.75	53	2600,0
292	-9.25	32.75	53	2600,0
292	-7.75	31.25	53	2600,0
292	-7.75	30.75	53	2600,0
292	-8.25	30.25	53	2600,0
292	-8.25	29.75	53	2600,0
292	-7.75	29.25	53	2600,0
292	-6.75	29.25	53	2600,0
292	-6.75	28.75	53	2600,0
292	-8.25	27.25	53	2600,0
292	-8.75	27.25	53	2600,0
292	-11.25	29.75	53	2600,0
292	-11.75	29.75	53	2600,0
292	-11.75	28.25	53	2600,0
292	-10.75	28.25	53	2600,0
292	-9.75	27.25	53	2600,0
292	-9.75	25.75	53	2600,0
292	-10.75	24.75	53	2600,0
292	-11.25	24.75	53	2600,0
292	-13.75	27.25	53	2600,0
292	-13.75	27.75	53	2600,0
292	-12.75	27.75	53	2600,0
292	-12.75	30.25	53	2600,0
292	-13.25	30.75	53	2600,0
292	-14.75	30.75	53	2600,0
292	-15.75	29.75	53	2600,0
292	-16.25	29.75	53	2600,0
292	-19.25	32.75	53	2600,0
292	-19.25	33.25	53	2600,0
292	-18.25	33.25	53	2600,0
292	-18.25	34.25	53	2600,0
292	-17.75	34.25	53	2600,0
292	-17.25	33.75	53	2600,0
292	-17.25	32.75	53	2600,0
292	-15.25	32.75	53	2600,0
292	-14.25	31.75	53	2600,0
292	-13.75	31.75	53	2600,0
292	-13.75	32.25	53	2600,0
292	-20.25	38.75	53	2600,0
292	-20.75	38.75	53	2600,0
292	-20.75	38.25	53	2600,0
292	-19.25	36.75	53	2600,0
292	-19.25	35.75	53	2600,0
292	-18.75	35.25	53	2600,0
292	-18.75	34.75	53	2600,0
292	-19.75	33.75	53	2600,0
292	-20.25	33.75	53	2600,0
292	-26.75	40.25	53	2600,0
292	-26.75	41.75	53	2600,0
292	-25.25	41.75	53	2600,0
292	-22.75	39.25	53	2600,0
292	-22.25	39.25	53	2600,0
292	-21.75	39.75	53	2600,0
292	-21.75	40.25	53	2600,0
292	-25.75	44.25	53	2600,0
280	-2.25	17.75	45	2600,50
280	-2.25	18.25	45	2600,50
280	1.75	22.25	45	2600,50
280	2.25	22.25	45	2600,50
280	2.75	21.75	45	2600,50
280	2.75	20.75	45	2600,50
280	5.25	18.25	45	2600,50
280	5.25	11.75	45	2600,50
280	4.75	11.25	45	2600,50
280	4.25	11.25	45	2600,50
280	4.25	12.25	45	2600,50
280	3.75	12.75	45	2600,50
280	3.75	13.75	45	2600,50
280	3.25	14.25	45	2600,50
280	2.75	14.25	45	2600,50
280	2.25	13.75	45	2600,50
280	1.75	13.75	45	2600,50
280	-0.25	15.75	45	2600,50
280	-0.25	16.75	45	2600,50
280	-1.25	16.75	45	2600,50
280	-2.25	17.75	45	2600,50
280	-44.75	17.25	45	2650,50
280	-44.75	17.75	45	2650,50
280	-44.25	17.75	45	2650,50
280	-39.25	12.75	45	2650,50
280	-38.25	12.75	45	2650,50
280	-37.75	12.25	45	2650,50
280	-37.75	11.25	45	2650,50
280	-36.75	11.25	45	2650,50
280	-36.75	10.25	45	2650,50
280	-36.25	9.75	45	2650,50
280	-36.25	9.25	45	2650,50
280	-39.75	5.75	45	2650,50
280	-40.25	5.75	45	2650,50
280	-42.75	8.25	45	2650,50
280	-42.75	8.75	45	2650,50
280	-42.25	9.25	45	2650,50
280	-42.25	9.75	45	2650,50
280	-42.75	10.25	45	2650,50
280	-43.25	10.25	45	2650,50
280	-43.75	9.75	45	2650,50
280	-44.25	9.75	45	2650,50
280	-44.75	10.25	45	2650,50
280	-44.75	17.25	45	2650,50
173	-14.75	3.25	189	2550,0
173	-14.75	3.75	189	2550,0
173	-7.25	11.25	189	2550,0
173	-5.75	11.25	189	2550,0
173	-5.25	10.75	189	2550,0
173	-5.25	9.75	189	2550,0
173	-3.75	8.25	189	2550,0
173	-2.75	8.25	189	2550,0
173	0.75	4.75	189	2550,0
173	0.75	4.25	189	2550,0
173	0.25	4.25	189	2550,0
173	-0.25	4.75	189	2550,0
173	-0.75	4.75	189	2550,0
173	-1.75	3.75	189	2550,0
173	-2.25	3.75	189	2550,0
173	-2.75	4.25	189	2550,0
173	-3.25	4.25	189	2550,0
173	-4.75	2.75	189	2550,0
173	-5.25	2.75	189	2550,0
173	-6.75	4.25	189	2550,0
173	-7.75	4.25	189	2550,0
173	-8.25	4.75	189	2550,0
173	-8.75	4.75	189	2550,0
173	-9.75	3.75	189	2550,0
173	-10.75	3.75	189	2550,0
173	-10.75	2.75	189	2550,0
173	-12.25	2.75	189	2550,0
173	-13.25	3.75	189	2550,0
173	-13.75	3.75	189	2550,0
173	-14.25	3.25	189	2550,0
173	-14.75	3.25	189	2550,0
17	-6.75	11.25	108	2550,0
17	-6.75	11.75	108	2550,0
17	4.25	22.75	108	2550,0
17	4.75	22.75	108	2550,0
17	4.75	15.25	108	2550,0
17	2.25	15.25	108	2550,0
17	1.75	15.75	108	2550,0
17	1.25	15.75	108	2550,0
17	0.25	14.75	108	2550,0
17	-0.25	14.75	108	2550,0
17	-0.75	15.25	108	2550,0
17	-1.25	15.25	108	2550,0
17	-1.25	14.75	108	2550,0
17	0.75	12.75	108	2550,0
17	0.75	12.25	108	2550,0
17	0.25	11.75	108	2550,0
17	0.25	11.25	108	2550,0
17	0.75	10.75	108	2550,0
17	1.75	10.75	108	2550,0
17	2.75	9.75	108	2550,0
17	2.75	8.25	108	2550,0
17	2.25	7.75	108	2550,0
17	1.75	7.75	108	2550,0
17	1.25	8.25	108	2550,0
17	-0.25	8.25	108	2550,0
17	-0.25	7.75	108	2550,0
17	1.75	5.75	108	2550,0
17	1.75	5.25	108	2550,0
17	1.25	4.75	108	2550,0
17	0.75	4.75	108	2550,0
17	-2.75	8.25	108	2550,0
17	-3.75	8.25	108	2550,0
17	-5.25	9.75	108	2550,0
17	-5.25	10.75	108	2550,0
17	-5.75	11.25	108	2550,0
17	-6.75	11.25	108	2550,0
17	-45.25	22.75	108	2600,0
17	-45.25	23.25	108	2600,0
17	-42.75	25.75	108	2600,0
17	-42.25	25.75	108	2600,0
17	-39.25	22.75	108	2600,0
17	-39.25	22.25	108	2600,0
17	-40.25	21.25	108	2600,0
17	-40.25	20.75	108	2600,0
17	-31.25	11.75	108	2600,0
17	-31.25	11.25	108	2600,0
17	-31.75	11.25	108	2600,0
17	-32.75	12.25	108	2600,0
17	-33.75	12.25	108	2600,0
17	-34.25	12.75	108	2600,0
17	-35.25	12.75	108	2600,0
17	-37.25	14.75	108	2600,0
17	-37.25	15.25	108	2600,0
17	-36.75	15.75	108	2600,0
17	-36.75	16.25	108	2600,0
17	-37.25	16.25	108	2600,0
17	-37.75	15.75	108	2600,0
17	-38.25	15.75	108	2600,0
17	-38.25	16.25	108	2600,0
17	-37.75	16.75	108	2600,0
17	-37.75	17.25	108	2600,0
17	-38.25	17.75	108	2600,0
17	-38.75	17.75	108	2600,0
17	-39.75	16.75	108	2600,0
17	-39.75	16.25	108	2600,0
17	-39.25	15.75	108	2600,0
17	-39.25	15.25	108	2600,0
17	-41.75	12.75	108	2600,0
17	-44.25	12.75	108	2600,0
17	-45.25	13.75	108	2600,0
17	-45.25	22.75	108	2600,0
128	-38.25	29.75	155	2600,0
128	-38.25	30.25	155	2600,0
128	-36.75	31.75	155	2600,0
128	-36.25	31.75	155	2600,0
128	-25.25	20.75	155	2600,0
128	-24.25	20.75	155	2600,0
128	-23.25	19.75	155	2600,0
128	-23.25	18.75	155	2600,0
128	-17.75	13.25	155	2600,0
128	-17.75	12.75	155	2600,0
128	-18.25	12.25	155	2600,0
128	-18.25	11.25	155	2600,0
128	-18.75	10.75	155	2600,0
128	-19.25	10.75	155	2600,0
128	-22.25	13.75	155	2600,0
128	-22.25	14.25	155	2600,0
128	-21.25	15.25	155	2600,0
128	-21.25	15.75	155	2600,0
128	-21.75	16.25	155	2600,0
128	-22.25	16.25	155	2600,0
128	-23.25	15.25	155	2600,0
128	-23.75	15.25	155	2600,0
128	-25.25	16.75	155	2600,0
128	-25.25	17.25	155	2600,0
128	-24.25	18.25	155	2600,0
128	-24.25	18.75	155	2600,0
128	-25.25	19.75	155	2600,0
128	-25.75	19.75	155	2600,0
128	-26.75	18.75	155	2600,0
128	-27.25	18.75	155	2600,0
128	-29.75	21.25	155	2600,0
128	-29.75	21.75	155	2600,0
128	-29.25	22.25	155	2600,0
128	-29.25	23.75	155	2600,0
128	-29.75	23.75	155	2600,0
128	-30.75	22.75	155	2600,0
128	-31.25	22.75	155	2600,0
128	-32.75	24.25	155	2600,0
128	-32.75	24.75	155	2600,0
128	-32.25	24.75	155	2600,0
128	-31.75	24.25	155	2600,0
128	-31.25	24.25	155	2600,0
128	-31.25	24.75	155	2600,0
128	-32.25	25.75	155	2600,0
128	-32.75	25.75	155	2600,0
128	-33.25	25.25	155	2600,0
128	-33.75	25.25	155	2600,0
128	-33.75	25.75	155	2600,0
128	-32.75	26.75	155	2600,0
128	-32.75	27.25	155	2600,0
128	-34.25	27.25	155	2600,0
128	-34.75	26.75	155	2600,0
128	-35.75	26.75	155	2600,0
128	-36.75	25.75	155	2600,0
128	-37.25	25.75	155	2600,0
128	-37.75	26.25	155	2600,0
128	-37.75	26.75	155	2600,0
128	-36.75	27.75	155	2600,0
128	-36.75	28.75	155	2600,0
128	-35.75	28.75	155	2600,0
128	-35.75	29.25	155	2600,0
128	-36.25	29.75	155	2600,0
128	-36.25	30.75	155	2600,0
128	-36.75	30.75	155	2600,0
128	-37.75	29.75	155	2600,0
128	-38.25	29.75	155	2600,0
129	-40.25	23.75	155	2600,0
129	-40.25	24.25	155	2600,0
129	-39.75	24.25	155	2600,0
129	-39.25	23.75	155	2600,0
129	-39.25	23.25	155	2600,0
129	-39.75	23.25	155	2600,0
129	-40.25	23.75	155	2600,0
329	-16.25	49.25	70	2600,0
329	-16.25	48.75	70	2600,0
329	-15.75	48.75	70	2600,0
329	-15.75	49.25	70	2600,0
329	-16.25	49.25	70	2600,0
330	-17.25	45.75	70	2600,0
330	-17.25	46.25	70	2600,0
330	-16.25	47.25	70	2600,0
330	-15.25	47.25	70	2600,0
330	-13.25	49.25	70	2600,0
330	5.25	49.25	70	2600,0
330	5.25	40.75	70	2600,0
330	3.75	40.75	70	2600,0
330	3.25	41.25	70	2600,0
330	2.75	41.25	70	2600,0
330	2.75	40.25	70	2600,0
330	2.25	39.75	70	2600,0
330	2.25	38.75	70	2600,0
330	0.25	36.75	70	2600,0
330	-0.25	36.75	70	2600,0
330	-0.75	37.25	70	2600,0
330	-0.75	37.75	70	2600,0
330	1.25	39.75	70	2600,0
330	1.25	40.25	70	2600,0
330	0.75	40.75	70	2600,0
330	0.25	40.75	70	2600,0
330	-1.75	38.75	70	2600,0
330	-1.75	37.75	70	2600,0
330	-2.75	37.75	70	2600,0
330	-7.75	32.75	70	2600,0
330	-8.25	32.75	70	2600,0
330	-8.75	33.25	70	2600,0
330	-9.75	33.25	70	2600,0
330	-10.75	34.25	70	2600,0
330	-10.75	34.75	70	2600,0
330	-10.25	35.25	70	2600,0
330	-10.25	36.25	70	2600,0
330	-7.25	39.25	70	2600,0
330	-7.25	40.25	70	2600,0
330	-6.75	40.75	70	2600,0
330	-5.75	40.75	70	2600,0
330	-5.75	41.75	70	2600,0
330	-5.25	42.25	70	2600,0
330	-5.25	42.75	70	2600,0
330	-5.75	42.75	70	2600,0
330	-6.25	42.25	70	2600,0
330	-6.75	42.25	70	2600,0
330	-7.25	42.75	70	2600,0
330	-8.75	42.75	70	2600,0
330	-13.25	38.25	70	2600,0
330	-13.75	38.25	70	2600,0
330	-14.25	38.75	70	2600,0
330	-14.25	39.25	70	2600,0
330	-13.75	39.75	70	2600,0
330	-13.75	40.25	70	2600,0
330	-14.25	40.25	70	2600,0
330	-14.75	39.75	70	2600,0
330	-15.25	39.75	70	2600,0
330	-16.25	40.75	70	2600,0
330	-16.75	40.75	70	2600,0
330	-17.75	39.75	70	2600,0
330	-18.25	39.75	70	2600,0
330	-19.75	41.25	70	2600,0
330	-19.75	41.75	70	2600,0
330	-18.75	42.75	70	2600,0
330	-18.75	43.75	70	2600,0
330	-17.25	45.25	70	2600,0
330	-17.25	45.75	70	2600,0
78	-17.25	-0.25	136	2550,0
78	-17.25	0.25	136	2550,0
78	-16.75	0.75	136	2550,0
78	-15.25	0.75	136	2550,0
78	-14.75	0.25	136	2550,0
78	-14.75	-0.25	136	2550,0
78	-17.25	-0.25	136	2550,0
340	-1.25	14.75	79	2550,0
340	-1.25	15.25	79	2550,0
340	-0.75	15.25	79	2550,0
340	-0.25	14.75	79	2550,0
340	0.25	14.75	79	2550,0
340	1.25	15.75	79	2550,0
340	1.75	15.75	79	2550,0
340	2.25	15.25	79	2550,0
340	4.25	15.25	79	2550,0
340	4.75	14.75	79	2550,0
340	4.75	4.25	79	2550,0
340	4.25	3.75	79	2550,0
340	4.25	3.25	79	2550,0
340	4.75	2.75	79	2550,0
340	4.75	2.25	79	2550,0
340	4.25	1.75	79	2550,0
340	3.75	1.75	79	2550,0
340	1.25	4.25	79	2550,0
340	1.25	4.75	79	2550,0
340	1.75	5.25	79	2550,0
340	1.75	5.75	79	2550,0
340	-0.25	7.75	79	2550,0
340	-0.25	8.25	79	2550,0
340	1.25	8.25	79	2550,0
340	1.75	7.75	79	2550,0
340	2.25	7.75	79	2550,0
340	2.75	8.25	79	2550,0
340	2.75	9.75	79	2550,0
340	1.75	10.75	79	2550,0
340	0.75	10.75	79	2550,0
340	0.25	11.25	79	2550,0
340	0.25	11.75	79	2550,0
340	0.75	12.25	79	2550,0
340	0.75	12.75	79	2550,0
340	-1.25	14.75	79	2550,0
340	-45.25	12.75	79	2600,0
340	-45.25	13.25	79	2600,0
340	-44.75	13.25	79	2600,0
340	-44.25	12.75	79	2600,0
340	-41.75	12.75	79	2600,0
340	-39.25	15.25	79	2600,0
340	-39.25	15.75	79	2600,0
340	-39.75	16.25	79	2600,0
340	-39.75	16.75	79	2600,0
340	-38.75	17.75	79	2600,0
340	-38.25	17.75	79	2600,0
340	-37.75	17.25	79	2600,0
340	-37.75	16.75	79	2600,0
340	-38.25	16.25	79	2600,0
340	-38.25	15.75	79	2600,0
340	-37.75	15.75	79	2600,0
340	-37.25	16.25	79	2600,0
340	-36.75	16.25	79	2600,0
340	-36.75	15.75	79	2600,0
340	-37.25	15.25	79	2600,0
340	-37.25	14.75	79	2600,0
340	-35.25	12.75	79	2600,0
340	-34.25	12.75	79	2600,0
340	-33.75	12.25	79	2600,0
340	-32.75	12.25	79	2600,0
340	-31.75	11.25	79	2600,0
340	-30.75	11.25	79	2600,0
340	-28.25	8.75	79	2600,0
340	-27.75	8.75	79	2600,0
340	-26.75	9.75	79	2600,0
340	-26.25	9.75	79	2600,0
340	-23.25	6.75	79	2600,0
340	-23.25	6.25	79	2600,0
340	-24.25	5.25	79	2600,0
340	-24.75	5.25	79	2600,0
340	-26.25	6.75	79	2600,0
340	-26.75	6.75	79	2600,0
340	-28.25	5.25	79	2600,0
340	-28.75	5.25	79	2600,0
340	-29.25	5.75	79	2600,0
340	-29.75	5.75	79	2600,0
340	-32.25	3.25	79	2600,0
340	-32.75	3.25	79	2600,0
340	-35.75	6.25	79	2600,0
340	-35.75	6.75	79	2600,0
340	-33.25	9.25	79	2600,0
340	-33.25	9.75	79	2600,0
340	-34.25	10.75	79	2600,0
340	-34.75	10.75	79	2600,0
340	-37.25	8.25	79	2600,0
340	-37.25	7.75	79	2600,0
340	-36.25	6.75	79	2600,0
340	-36.25	6.25	79	2600,0
340	-39.25	3.25	79	2600,0
340	-39.75	3.25	79	2600,0
340	-40.75	4.25	79	2600,0
340	-41.25	4.25	79	2600,0
340	-41.75	3.75	79	2600,0
340	-42.25	3.75	79	2600,0
340	-43.25	4.75	79	2600,0
340	-43.75	4.75	79	2600,0
340	-44.75	3.75	79	2600,0
340	-45.25	3.75	79	2600,0
340	-45.25	12.75	79	2600,0
172	-20.25	45.75	188	2650,50
172	-20.25	46.25	188	2650,50
172	-19.25	46.25	188	2650,50
172	-18.25	47.25	188	2650,50
172	-18.25	48.25	188	2650,50
172	-17.75	48.25	188	2650,50
172	-15.75	46.25	188	2650,50
172	-15.75	45.75	188	2650,50
172	-18.25	43.25	188	2650,50
172	-19.75	43.25	188	2650,50
172	-20.25	43.75	188	2650,50
172	-20.25	45.75	188	2650,50
143	-14.25	-0.25	164	2550,0
143	-14.25	0.25	164	2550,0
143	-13.75	0.75	164	2550,0
143	-9.75	0.75	164	2550,0
143	-9.25	1.25	164	2550,0
143	-7.75	1.25	164	2550,0
143	-7.25	0.75	164	2550,0
143	-4.75	0.75	164	2550,0
143	-4.25	1.25	164	2550,0
143	-3.75	1.25	164	2550,0
143	-3.25	0.75	164	2550,0
143	-1.75	0.75	164	2550,0
143	-0.75	1.75	164	2550,0
143	-0.25	1.75	164	2550,0
143	0.75	0.75	164	2550,0
143	1.25	0.75	164	2550,0
143	2.25	1.75	164	2550,0
143	2.75	1.75	164	2550,0
143	3.25	1.25	164	2550,0
143	4.25	1.25	164	2550,0
143	4.75	0.75	164	2550,0
143	4.75	0.25	164	2550,0
143	4.25	-0.25	164	2550,0
143	-14.25	-0.25	164	2550,0
143	-45.25	-0.25	164	2600,0
143	-45.25	0.25	164	2600,0
143	-44.75	0.25	164	2600,0
143	-44.75	-0.25	164	2600,0
143	-45.25	-0.25	164	2600,0
242	-39.25	22.75	25	2600,0
242	-39.25	23.25	25	2600,0
242	-38.75	23.25	25	2600,0
242	-22.75	7.25	25	2600,0
242	-22.75	6.75	25	2600,0
242	-23.25	6.75	25	2600,0
242	-39.25	22.75	25	2600,0
243	-36.75	25.25	25	2600,0
243	-36.75	25.75	25	2600,0
243	-35.75	26.75	25	2600,0
243	-34.75	26.75	25	2600,0
243	-34.25	27.25	25	2600,0
243	-32.75	27.25	25	2600,0
243	-32.75	26.75	25	2600,0
243	-33.75	25.75	25	2600,0
243	-33.75	25.25	25	2600,0
243	-33.25	25.25	25	2600,0
243	-32.75	25.75	25	2600,0
243	-32.25	25.75	25	2600,0
243	-31.25	24.75	25	2600,0
243	-31.25	24.25	25	2600,0
243	-31.75	24.25	25	2600,0
243	-32.25	24.75	25	2600,0
243	-32.75	24.75	25	2600,0
243	-32.75	24.25	25	2600,0
243	-31.25	22.75	25	2600,0
243	-30.75	22.75	25	2600,0
243	-29.75	23.75	25	2600,0
243	-29.25	23.75	25	2600,0
243	-29.25	22.25	25	2600,0
243	-29.75	21.75	25	2600,0
243	-29.75	21.25	25	2600,0
243	-27.25	18.75	25	2600,0
243	-26.75	18.75	25	2600,0
243	-25.75	19.75	25	2600,0
243	-25.25	19.75	25	2600,0
243	-24.25	18.75	25	2600,0
243	-24.25	18.25	25	2600,0
243	-25.25	17.25	25	2600,0
243	-25.25	16.75	25	2600,0
243	-23.75	15.25	25	2600,0
243	-23.25	15.25	25	2600,0
243	-22.25	16.25	25	2600,0
243	-21.75	16.25	25	2600,0
243	-21.25	15.75	25	2600,0
243	-21.25	15.25	25	2600,0
243	-22.25	14.25	25	2600,0
243	-22.25	13.75	25	2600,0
243	-19.25	10.75	25	2600,0
243	-19.25	9.75	25	2600,0
243	-18.75	9.25	25	2600,0
243	-18.75	8.25	25	2600,0
243	-18.25	7.75	25	2600,0
243	-18.25	7.25	25	2600,0
243	-18.75	7.25	25	2600,0
243	-36.75	25.25	25	2600,0
244	-23.75	10.25	25	2600,0
244	-23.75	10.75	25	2600,0
244	-23.25	10.75	25	2600,0
244	-23.25	10.25	25	2600,0
244	-23.75	10.25	25	2600,0
116	-40.25	20.75	147	2600,0
116	-40.25	21.25	147	2600,0
116	-39.25	22.25	147	2600,0
116	-38.75	22.25	147	2600,0
116	-26.75	10.25	147	2600,0
116	-26.75	9.75	147	2600,0
116	-27.75	8.75	147	2600,0
116	-28.25	8.75	147	2600,0
116	-40.25	20.75	147	2600,0
49	-20.75	38.25	130	2600,0
49	-20.75	38.75	130	2600,0
49	-20.25	38.75	130	2600,0
49	-13.75	32.25	130	2600,0
49	-13.75	31.75	130	2600,0
49	-14.25	31.75	130	2600,0
49	-15.25	32.75	130	2600,0
49	-17.25	32.75	130	2600,0
49	-17.25	33.75	130	2600,0
49	-19.25	35.75	130	2600,0
49	-19.25	36.75	130	2600,0
49	-20.75	38.25	130	2600,0
245	-1.25	7.75	26	2650,100
245	-1.25	8.25	26	2650,100
245	-0.75	8.25	26	2650,100
245	1.25	6.25	26	2650,100
245	1.75	6.25	26	2650,100
245	2.75	7.25	26	2650,100
245	2.75	8.25	26	2650,100
245	3.75	9.25	26	2650,100
245	3.75	10.25	26	2650,100
245	4.25	10.25	26	2650,100
245	4.75	9.75	26	2650,100
245	4.75	2.25	26	2650,100
245	3.25	2.25	26	2650,100
245	1.75	3.75	26	2650,100
245	1.75	4.75	26	2650,100
245	0.75	4.75	26	2650,100
245	0.25	5.25	26	2650,100
245	0.25	6.25	26	2650,100
245	-1.25	7.75	26	2650,100
245	-45.25	8.75	26	2700,100
245	-45.25	9.25	26	2700,100
245	-44.25	9.25	26	2700,100
245	-43.25	10.25	26	2700,100
245	-42.75	10.25	26	2700,100
245	-42.75	8.75	26	2700,100
245	-43.25	8.25	26	2700,100
245	-43.25	7.75	26	2700,100
245	-42.25	6.75	26	2700,100
245	-41.25	6.75	26	2700,100
245	-40.25	5.75	26	2700,100
245	-39.75	5.75	26	2700,100
245	-37.25	8.25	26	2700,100
245	-37.25	8.75	26	2700,100
245	-37.75	9.25	26	2700,100
245	-37.75	9.75	26	2700,100
245	-37.25	10.25	26	2700,100
245	-37.25	10.75	26	2700,100
245	-38.75	12.25	26	2700,100
245	-38.75	12.75	26	2700,100
245	-37.25	14.25	26	2700,100
245	-36.75	14.25	26	2700,100
245	-35.25	12.75	26	2700,100
245	-33.75	12.75	26	2700,100
245	-33.75	13.25	26	2700,100
245	-35.75	15.25	26	2700,100
245	-35.75	15.75	26	2700,100
245	-35.25	15.75	26	2700,100
245	-33.75	14.25	26	2700,100
245	-33.25	14.25	26	2700,100
245	-32.75	14.75	26	2700,100
245	-31.75	14.75	26	2700,100
245	-30.75	15.75	26	2700,100
245	-30.25	15.75	26	2700,100
245	-28.75	14.25	26	2700,100
245	-28.75	11.75	26	2700,100
245	-29.75	10.75	26	2700,100
245	-29.75	9.75	26	2700,100
245	-30.75	9.75	26	2700,100
245	-31.25	9.25	26	2700,100
245	-31.25	8.75	26	2700,100
245	-30.75	8.25	26	2700,100
245	-28.25	8.25	26	2700,100
245	-28.25	8.75	26	2700,100
245	-28.75	9.25	26	2700,100
245	-28.75	9.75	26	2700,100
245	-28.25	10.25	26	2700,100
245	-27.75	10.25	26	2700,100
245	-26.75	9.25	26	2700,100
245	-26.75	8.75	26	2700,100
245	-27.25	8.25	26	2700,100
245	-27.25	7.75	26	2700,100
245	-26.25	6.75	26	2700,100
245	-25.75	6.75	26	2700,100
245	-25.25	7.25	26	2700,100
245	-24.75	7.25	26	2700,100
245	-24.25	6.75	26	2700,100
245	-24.25	4.75	26	2700,100
245	-21.75	2.25	26	2700,100
245	-21.25	2.25	26	2700,100
245	-18.75	4.75	26	2700,100
245	-18.25	4.75	26	2700,100
245	-15.25	1.75	26	2700,100
245	-15.25	1.25	26	2700,100
245	-17.75	-1.25	26	2700,100
245	-18.25	-1.25	26	2700,100
245	-19.25	-0.25	26	2700,100
245	-19.25	0.25	26	2700,100
245	-18.25	1.25	26	2700,100
245	-18.25	1.75	26	2700,100
245	-19.25	1.75	26	2700,100
245	-19.75	2.25	26	2700,100
245	-20.25	2.25	26	2700,100
245	-20.75	1.75	26	2700,100
245	-20.75	1.25	26	2700,100
245	-20.25	0.75	26	2700,100
245	-20.25	0.25	26	2700,100
245	-20.75	0.25	26	2700,100
245	-21.25	0.75	26	2700,100
245	-21.75	0.75	26	2700,100
245	-22.25	0.25	26	2700,100
245	-23.75	0.25	26	2700,100
245	-25.75	2.25	26	2700,100
245	-27.25	2.25	26	2700,100
245	-27.75	1.75	26	2700,100
245	-27.75	1.25	26	2700,100
245	-25.75	-0.75	26	2700,100
245	-25.75	-1.25	26	2700,100
245	-26.25	-1.25	26	2700,100
245	-26.75	-0.75	26	2700,100
245	-27.75	-0.75	26	2700,100
245	-28.25	-0.25	26	2700,100
245	-29.75	-0.25	26	2700,100
245	-29.75	-1.25	26	2700,100
245	-33.25	-1.25	26	2700,100
245	-33.25	-0.75	26	2700,100
245	-30.25	2.25	26	2700,100
245	-30.25	2.75	26	2700,100
245	-31.25	3.75	26	2700,100
245	-32.75	3.75	26	2700,100
245	-33.25	3.25	26	2700,100
245	-33.75	3.25	26	2700,100
245	-34.25	3.75	26	2700,100
245	-34.25	4.25	26	2700,100
245	-32.75	5.75	26	2700,100
245	-32.75	6.25	26	2700,100
245	-33.75	7.25	26	2700,100
245	-34.25	7.25	26	2700,100
245	-36.25	5.25	26	2700,100
245	-37.25	5.25	26	2700,100
245	-37.25	3.25	26	2700,100
245	-37.75	2.75	26	2700,100
245	-37.75	2.25	26	2700,100
245	-37.25	1.75	26	2700,100
245	-35.25	1.75	26	2700,100
245	-35.25	1.25	26	2700,100
245	-35.75	0.75	26	2700,100
245	-35.75	0.25	26	2700,100
245	-34.75	-0.75	26	2700,100
245	-34.75	-1.25	26	2700,100
245	-37.25	-1.25	26	2700,100
245	-37.25	-0.75	26	2700,100
245	-36.75	-0.25	26	2700,100
245	-36.75	0.25	26	2700,100
245	-37.25	0.75	26	2700,100
245	-37.75	0.75	26	2700,100
245	-39.75	-1.25	26	2700,100
245	-40.25	-1.25	26	2700,100
245	-40.25	-0.75	26	2700,100
245	-39.75	-0.25	26	2700,100
245	-39.75	0.75	26	2700,100
245	-38.75	1.75	26	2700,100
245	-38.75	2.25	26	2700,100
245	-40.75	4.25	26	2700,100
245	-41.25	4.25	26	2700,100
245	-44.25	1.25	26	2700,100
245	-44.75	1.25	26	2700,100
245	-45.25	1.75	26	2700,100
245	-45.25	8.75	26	2700,100
245	-40.75	48.25	26	2700,50
245	-40.75	48.75	26	2700,50
245	-40.25	48.75	26	2700,50
245	-40.25	48.25	26	2700,50
245	-40.75	48.25	26	2700,50
117	-16.75	40.25	148	2600,0
117	-16.75	40.75	148	2600,0
117	-16.25	40.75	148	2600,0
117	-15.25	39.75	148	2600,0
117	-14.75	39.75	148	2600,0
117	-14.25	40.25	148	2600,0
117	-13.75	40.25	148	2600,0
117	-13.75	39.75	148	2600,0
117	-14.25	39.25	148	2600,0
117	-14.25	38.75	148	2600,0
117	-13.75	38.25	148	2600,0
117	-13.25	38.25	148	2600,0
117	-8.75	42.75	148	2600,0
117	-7.25	42.75	148	2600,0
117	-6.75	42.25	148	2600,0
117	-6.25	42.25	148	2600,0
117	-5.75	42.75	148	2600,0
117	-5.25	42.75	148	2600,0
117	-5.25	42.25	148	2600,0
117	-5.75	41.75	148	2600,0
117	-5.75	40.75	148	2600,0
117	-6.75	40.75	148	2600,0
117	-7.25	40.25	148	2600,0
117	-7.25	39.25	148	2600,0
117	-10.25	36.25	148	2600,0
117	-10.25	35.25	148	2600,0
117	-10.75	34.75	148	2600,0
117	-10.75	34.25	148	2600,0
117	-9.75	33.25	148	2600,0
117	-9.75	32.75	148	2600,0
117	-10.25	32.25	148	2600,0
117	-10.75	32.25	148	2600,0
117	-11.75	33.25	148	2600,0
117	-11.75	34.25	148	2600,0
117	-13.25	35.75	148	2600,0
117	-13.25	36.75	148	2600,0
117	-13.75	37.25	148	2600,0
117	-15.75	37.25	148	2600,0
117	-15.75	38.25	148	2600,0
117	-16.75	39.25	148	2600,0
117	-16.75	40.25	148	2600,0
326	-39.75	14.25	7	2650,50
326	-39.75	14.75	7	2650,50
326	-38.75	15.75	7	2650,50
326	-37.75	15.75	7	2650,50
326	-36.75	16.75	7	2650,50
326	-36.25	16.75	7	2650,50
326	-36.25	15.25	7	2650,50
326	-36.75	14.75	7	2650,50
326	-36.75	14.25	7	2650,50
326	-34.75	12.25	7	2650,50
326	-34.75	10.75	7	2650,50
326	-35.25	10.25	7	2650,50
326	-35.25	9.75	7	2650,50
326	-34.25	8.75	7	2650,50
326	-33.75	8.75	7	2650,50
326	-33.25	9.25	7	2650,50
326	-32.75	9.25	7	2650,50
326	-31.75	8.25	7	2650,50
326	-30.25	8.25	7	2650,50
326	-29.25	9.25	7	2650,50
326	-28.75	9.25	7	2650,50
326	-28.25	8.75	7	2650,50
326	-28.25	8.25	7	2650,50
326	-29.25	7.25	7	2650,50
326	-29.25	6.75	7	2650,50
326	-23.25	0.75	7	2650,50
326	-22.75	0.75	7	2650,50
326	-19.75	3.75	7	2650,50
326	-19.75	4.25	7	2650,50
326	-21.75	6.25	7	2650,50
326	-21.75	7.75	7	2650,50
326	-20.75	8.75	7	2650,50
326	-20.75	9.75	7	2650,50
326	-20.25	9.75	7	2650,50
326	-18.75	8.25	7	2650,50
326	-18.75	7.75	7	2650,50
326	-19.25	7.25	7	2650,50
326	-19.25	6.75	7	2650,50
326	-16.75	6.75	7	2650,50
326	-14.75	8.75	7	2650,50
326	-14.75	9.25	7	2650,50
326	-15.25	9.75	7	2650,50
326	-15.25	10.25	7	2650,50
326	-14.25	10.25	7	2650,50
326	-13.75	10.75	7	2650,50
326	-12.75	10.75	7	2650,50
326	-12.75	11.25	7	2650,50
326	-13.25	11.75	7	2650,50
326	-13.25	12.25	7	2650,50
326	-12.75	12.25	7	2650,50
326	-12.25	11.75	7	2650,50
326	-11.75	11.75	7	2650,50
326	-11.25	12.25	7	2650,50
326	-11.25	12.75	7	2650,50
326	-13.75	15.25	7	2650,50
326	-14.75	15.25	7	2650,50
326	-14.75	16.75	7	2650,50
326	-14.25	17.25	7	2650,50
326	-13.75	17.25	7	2650,50
326	-13.25	16.75	7	2650,50
326	-12.75	16.75	7	2650,50
326	-10.75	18.75	7	2650,50
326	-10.25	18.75	7	2650,50
326	-8.75	17.25	7	2650,50
326	-7.75	17.25	7	2650,50
326	-7.25	16.75	7	2650,50
326	-6.75	16.75	7	2650,50
326	-6.75	17.25	7	2650,50
326	-8.75	19.25	7	2650,50
326	-8.75	20.75	7	2650,50
326	-7.75	21.75	7	2650,50
326	-7.75	22.25	7	2650,50
326	-8.75	23.25	7	2650,50
326	-9.25	23.25	7	2650,50
326	-10.75	21.75	7	2650,50
326	-11.25	21.75	7	2650,50
326	-12.75	23.25	7	2650,50
326	-12.75	23.75	7	2650,50
326	-12.25	24.25	7	2650,50
326	-9.25	24.25	7	2650,50
326	-9.25	25.25	7	2650,50
326	-8.75	25.25	7	2650,50
326	-8.25	24.75	7	2650,50
326	-8.25	23.75	7	2650,50
326	-7.75	23.25	7	2650,50
326	-7.25	23.25	7	2650,50
326	-7.25	24.25	7	2650,50
326	-6.75	24.25	7	2650,50
326	-6.25	23.75	7	2650,50
326	-5.75	23.75	7	2650,50
326	-4.75	24.75	7	2650,50
326	-4.75	25.25	7	2650,50
326	-5.75	26.25	7	2650,50
326	-6.25	26.25	7	2650,50
326	-7.25	25.25	7	2650,50
326	-7.75	25.25	7	2650,50
326	-8.25	25.75	7	2650,50
326	-8.25	27.25	7	2650,50
326	-7.75	27.75	7	2650,50
326	-7.75	28.75	7	2650,50
326	-7.25	29.25	7	2650,50
326	-7.25	29.75	7	2650,50
326	-7.75	30.25	7	2650,50
326	-7.75	30.75	7	2650,50
326	-4.25	34.25	7	2650,50
326	-4.25	34.75	7	2650,50
326	-5.75	36.25	7	2650,50
326	-5.75	36.75	7	2650,50
326	-4.75	37.75	7	2650,50
326	-4.25	37.75	7	2650,50
326	-4.25	36.75	7	2650,50
326	-2.25	34.75	7	2650,50
326	-2.25	34.25	7	2650,50
326	-6.25	30.25	7	2650,50
326	-6.25	28.75	7	2650,50
326	-5.25	27.75	7	2650,50
326	-4.75	27.75	7	2650,50
326	-4.25	28.25	7	2650,50
326	-3.75	28.25	7	2650,50
326	0.25	24.25	7	2650,50
326	0.75	24.25	7	2650,50
326	4.25	27.75	7	2650,50
326	4.75	27.75	7	2650,50
326	4.75	24.25	7	2650,50
326	1.75	21.25	7	2650,50
326	1.75	20.75	7	2650,50
326	2.75	19.75	7	2650,50
326	2.75	19.25	7	2650,50
326	-16.25	0.25	7	2650,50
326	-16.75	0.25	7	2650,50
326	-17.75	1.25	7	2650,50
326	-18.25	1.25	7	2650,50
326	-20.25	-0.75	7	2650,50
326	-24.75	-0.75	7	2650,50
326	-27.25	1.75	7	2650,50
326	-28.25	1.75	7	2650,50
326	-29.25	2.75	7	2650,50
326	-29.25	3.75	7	2650,50
326	-30.25	4.75	7	2650,50
326	-31.25	4.75	7	2650,50
326	-34.75	8.25	7	2650,50
326	-35.25	8.25	7	2650,50
326	-35.25	6.25	7	2650,50
326	-37.25	4.25	7	2650,50
326	-37.25	2.75	7	2650,50
326	-36.25	2.75	7	2650,50
326	-35.25	1.75	7	2650,50
326	-35.25	0.75	7	2650,50
326	-34.25	-0.25	7	2650,50
326	-34.25	-0.75	7	2650,50
326	-40.75	-0.75	7	2650,50
326	-40.75	0.25	7	2650,50
326	-41.25	0.75	7	2650,50
326	-41.25	1.25	7	2650,50
326	-39.75	2.75	7	2650,50
326	-39.75	3.25	7	2650,50
326	-40.75	4.25	7	2650,50
326	-40.75	5.75	7	2650,50
326	-39.75	5.75	7	2650,50
326	-36.25	9.25	7	2650,50
326	-36.25	9.75	7	2650,50
326	-36.75	10.25	7	2650,50
326	-36.75	11.25	7	2650,50
326	-37.75	11.25	7	2650,50
326	-37.75	12.25	7	2650,50
326	-38.25	12.75	7	2650,50
326	-39.25	12.75	7	2650,50
326	-39.75	13.25	7	2650,50
326	-39.75	14.25	7	2650,50
326	-41.25	37.75	7	2700,50
326	-41.25	38.25	7	2700,50
326	-40.25	39.25	7	2700,50
326	-39.75	39.25	7	2700,50
326	-37.25	36.75	7	2700,50
326	-37.25	36.25	7	2700,50
326	-38.75	34.75	7	2700,50
326	-39.25	34.75	7	2700,50
326	-41.25	36.75	7	2700,50
326	-41.25	37.75	7	2700,50
327	4.25	42.25	7	2650,50
327	4.25	42.75	7	2650,50
327	4.75	42.75	7	2650,50
327	4.75	37.25	7	2650,50
327	3.75	36.25	7	2650,50
327	3.25	36.25	7	2650,50
327	2.25	37.25	7	2650,50
327	2.25	37.75	7	2650,50
327	3.25	38.75	7	2650,50
327	3.25	39.75	7	2650,50
327	4.25	40.75	7	2650,50
327	4.25	42.25	7	2650,50
246	-23.25	-1.25	26	2700,100
246	-23.25	-0.75	26	2700,100
246	-22.75	-0.75	26	2700,100
246	-22.75	-1.25	26	2700,100
246	-23.25	-1.25	26	2700,100
246	-39.75	46.25	26	2700,50
246	-39.75	46.75	26	2700,50
246	-37.75	48.75	26	2700,50
246	-31.25	48.75	26	2700,50
246	-31.25	48.25	26	2700,50
246	-31.75	47.75	26	2700,50
246	-31.75	46.25	26	2700,50
246	-29.75	44.25	26	2700,50
246	-29.25	44.25	26	2700,50
246	-25.75	47.75	26	2700,50
246	-25.75	48.75	26	2700,50
246	-25.25	48.75	26	2700,50
246	-24.75	48.25	26	2700,50
246	-24.25	48.25	26	2700,50
246	-23.75	48.75	26	2700,50
246	-23.25	48.75	26	2700,50
246	-22.75	48.25	26	2700,50
246	-22.75	47.75	26	2700,50
246	-23.25	47.25	26	2700,50
246	-23.25	46.75	26	2700,50
246	-21.75	45.25	26	2700,50
246	-21.75	44.75	26	2700,50
246	-22.25	44.75	26	2700,50
246	-23.25	45.75	26	2700,50
246	-23.75	45.75	26	2700,50
246	-27.25	42.25	26	2700,50
246	-27.25	41.75	26	2700,50
246	-26.25	40.75	26	2700,50
246	-26.25	40.25	26	2700,50
246	-30.25	36.25	26	2700,50
246	-30.75	36.25	26	2700,50
246	-31.25	36.75	26	2700,50
246	-31.25	37.75	26	2700,50
246	-31.75	38.25	26	2700,50
246	-32.75	38.25	26	2700,50
246	-32.75	39.25	26	2700,50
246	-33.25	39.75	26	2700,50
246	-33.25	40.75	26	2700,50
246	-34.25	40.75	26	2700,50
246	-34.75	41.25	26	2700,50
246	-35.75	41.25	26	2700,50
246	-35.75	42.25	26	2700,50
246	-36.25	42.75	26	2700,50
246	-37.25	42.75	26	2700,50
246	-38.25	43.75	26	2700,50
246	-38.25	44.75	26	2700,50
246	-38.75	45.25	26	2700,50
246	-38.75	46.25	26	2700,50
246	-39.75	46.25	26	2700,50
277	4.25	3.25	43	2550,0
277	4.25	3.75	43	2550,0
277	4.75	3.75	43	2550,0
277	4.75	3.25	43	2550,0
277	4.25	3.25	43	2550,0
277	-45.25	2.75	43	2600,0
277	-45.25	3.25	43	2600,0
277	-43.75	4.75	43	2600,0
277	-43.25	4.75	43	2600,0
277	-42.25	3.75	43	2600,0
277	-41.75	3.75	43	2600,0
277	-41.25	4.25	43	2600,0
277	-40.75	4.25	43	2600,0
277	-39.75	3.25	43	2600,0
277	-39.25	3.25	43	2600,0
277	-36.25	6.25	43	2600,0
277	-35.75	6.25	43	2600,0
277	-32.75	3.25	43	2600,0
277	-32.25	3.25	43	2600,0
277	-29.75	5.75	43	2600,0
277	-29.25	5.75	43	2600,0
277	-28.75	5.25	43	2600,0
277	-28.25	5.25	43	2600,0
277	-26.75	6.75	43	2600,0
277	-26.25	6.75	43	2600,0
277	-24.75	5.25	43	2600,0
277	-24.25	5.25	43	2600,0
277	-23.25	6.25	43	2600,0
277	-22.75	6.25	43	2600,0
277	-18.75	2.25	43	2600,0
277	-18.75	1.75	43	2600,0
277	-19.75	0.75	43	2600,0
277	-23.25	0.75	43	2600,0
277	-26.25	3.75	43	2600,0
277	-26.75	3.75	43	2600,0
277	-28.25	2.25	43	2600,0
277	-28.75	2.25	43	2600,0
277	-29.25	2.75	43	2600,0
277	-29.75	2.75	43	2600,0
277	-32.25	0.25	43	2600,0
277	-32.75	0.25	43	2600,0
277	-34.25	1.75	43	2600,0
277	-34.75	1.75	43	2600,0
277	-35.75	0.75	43	2600,0
277	-38.25	0.75	43	2600,0
277	-39.25	1.75	43	2600,0
277	-39.75	1.75	43	2600,0
277	-40.75	0.75	43	2600,0
277	-43.75	0.75	43	2600,0
277	-44.25	0.25	43	2600,0
277	-44.75	0.25	43	2600,0
277	-45.25	0.75	43	2600,0
277	-45.25	2.75	43	2600,0
278	4.25	1.25	43	2550,0
278	4.25	1.75	43	2550,0
278	4.75	1.75	43	2550,0
278	4.75	1.25	43	2550,0
278	4.25	1.25	43	2550,0
51	-2.75	43.25	132	2650,50
51	-2.75	43.75	132	2650,50
51	-2.25	44.25	132	2650,50
51	-1.75	44.25	132	2650,50
51	0.75	41.75	132	2650,50
51	0.75	41.25	132	2650,50
51	0.25	40.75	132	2650,50
51	0.25	39.25	132	2650,50
51	0.75	39.25	132	2650,50
51	1.75	40.25	132	2650,50
51	1.75	42.25	132	2650,50
51	2.25	42.75	132	2650,50
51	2.25	43.75	132	2650,50
51	3.25	43.75	132	2650,50
51	3.25	44.75	132	2650,50
51	3.75	45.25	132	2650,50
51	4.25	45.25	132	2650,50
51	4.75	44.75	132	2650,50
51	4.75	43.25	132	2650,50
51	4.25	42.75	132	2650,50
51	4.25	40.75	132	2650,50
51	3.25	39.75	132	2650,50
51	3.25	38.75	132	2650,50
51	2.25	37.75	132	2650,50
51	2.25	37.25	132	2650,50
51	3.25	36.25	132	2650,50
51	3.75	36.25	132	2650,50
51	4.25	36.75	132	2650,50
51	4.75	36.75	132	2650,50
51	4.75	28.25	132	2650,50
51	3.75	27.25	132	2650,50
51	3.25	27.25	132	2650,50
51	0.75	29.75	132	2650,50
51	0.25	29.75	132	2650,50
51	-0.75	28.75	132	2650,50
51	-0.75	27.75	132	2650,50
51	-1.75	27.75	132	2650,50
51	-2.25	27.25	132	2650,50
51	-2.75	27.25	132	2650,50
51	-3.75	28.25	132	2650,50
51	-3.75	28.75	132	2650,50
51	-1.25	31.25	132	2650,50
51	-1.25	31.75	132	2650,50
51	-2.75	33.25	132	2650,50
51	-2.75	33.75	132	2650,50
51	-2.25	34.25	132	2650,50
51	-2.25	34.75	132	2650,50
51	-4.25	36.75	132	2650,50
51	-4.25	37.75	132	2650,50
51	-4.75	37.75	132	2650,50
51	-5.75	36.75	132	2650,50
51	-6.25	36.75	132	2650,50
51	-6.25	39.25	132	2650,50
51	-5.75	39.25	132	2650,50
51	-5.25	38.75	132	2650,50
51	-4.75	38.75	132	2650,50
51	-4.75	39.25	132	2650,50
51	-5.25	39.75	132	2650,50
51	-5.25	40.25	132	2650,50
51	-4.75	40.75	132	2650,50
51	-4.25	40.75	132	2650,50
51	-3.25	39.75	132	2650,50
51	-2.75	39.75	132	2650,50
51	-2.25	40.25	132	2650,50
51	-2.25	40.75	132	2650,50
51	-2.75	41.25	132	2650,50
51	-2.75	43.25	132	2650,50
51	-45.25	43.75	132	2700,50
51	-45.25	44.25	132	2700,50
51	-44.75	44.25	132	2700,50
51	-44.75	43.75	132	2700,50
51	-45.25	43.75	132	2700,50
282	-39.25	-1.25	46	2700,100
282	-39.25	-0.75	46	2700,100
282	-37.75	0.75	46	2700,100
282	-37.25	0.75	46	2700,100
282	-36.75	0.25	46	2700,100
282	-36.75	-0.25	46	2700,100
282	-37.75	-1.25	46	2700,100
282	-39.25	-1.25	46	2700,100
118	-37.25	7.75	149	2600,0
118	-37.25	8.25	149	2600,0
118	-34.75	10.75	149	2600,0
118	-34.25	10.75	149	2600,0
118	-33.25	9.75	149	2600,0
118	-33.25	9.25	149	2600,0
118	-35.75	6.75	149	2600,0
118	-36.25	6.75	149	2600,0
118	-37.25	7.75	149	2600,0
353	-29.75	15.25	88	2650,50
353	-29.75	15.75	88	2650,50
353	-28.75	16.75	88	2650,50
353	-27.75	16.75	88	2650,50
353	-25.75	18.75	88	2650,50
353	-25.75	19.75	88	2650,50
353	-25.25	20.25	88	2650,50
353	-24.25	20.25	88	2650,50
353	-21.25	23.25	88	2650,50
353	-20.75	23.25	88	2650,50
353	-20.25	22.75	88	2650,50
353	-20.25	22.25	88	2650,50
353	-21.25	22.25	88	2650,50
353	-21.25	21.75	88	2650,50
353	-20.25	20.75	88	2650,50
353	-20.25	20.25	88	2650,50
353	-21.25	20.25	88	2650,50
353	-21.25	19.25	88	2650,50
353	-23.75	16.75	88	2650,50
353	-24.25	16.75	88	2650,50
353	-25.25	17.75	88	2650,50
353	-25.75	17.75	88	2650,50
353	-25.75	16.75	88	2650,50
353	-28.25	14.25	88	2650,50
353	-28.75	14.25	88	2650,50
353	-29.75	15.25	88	2650,50
195	-20.25	24.75	207	2650,50
195	-20.25	25.25	207	2650,50
195	-18.75	26.75	207	2650,50
195	-17.25	26.75	207	2650,50
195	-17.25	25.25	207	2650,50
195	-19.25	23.25	207	2650,50
195	-19.75	23.25	207	2650,50
195	-20.25	23.75	207	2650,50
195	-20.25	24.75	207	2650,50
196	-14.75	30.25	208	2650,50
196	-14.75	30.75	208	2650,50
196	-12.25	33.25	208	2650,50
196	-11.75	33.25	208	2650,50
196	-10.75	32.25	208	2650,50
196	-10.75	31.75	208	2650,50
196	-13.25	29.25	208	2650,50
196	-13.75	29.25	208	2650,50
196	-14.75	30.25	208	2650,50
147	-44.25	-0.25	168	2600,0
147	-44.25	0.25	168	2600,0
147	-43.75	0.75	168	2600,0
147	-40.75	0.75	168	2600,0
147	-39.75	1.75	168	2600,0
147	-39.25	1.75	168	2600,0
147	-38.25	0.75	168	2600,0
147	-35.75	0.75	168	2600,0
147	-34.75	1.75	168	2600,0
147	-34.25	1.75	168	2600,0
147	-32.75	0.25	168	2600,0
147	-32.75	-0.25	168	2600,0
147	-44.25	-0.25	168	2600,0
119	-35.25	7.75	15	2650,50
119	-35.25	8.25	15	2650,50
119	-34.75	8.25	15	2650,50
119	-31.25	4.75	15	2650,50
119	-30.25	4.75	15	2650,50
119	-29.25	3.75	15	2650,50
119	-29.25	2.75	15	2650,50
119	-28.25	1.75	15	2650,50
119	-27.25	1.75	15	2650,50
119	-25.25	-0.25	15	2650,50
119	-25.25	-0.75	15	2650,50
119	-25.75	-0.75	15	2650,50
119	-26.25	-0.25	15	2650,50
119	-27.25	-0.25	15	2650,50
119	-28.75	1.25	15	2650,50
119	-29.25	1.25	15	2650,50
119	-31.25	-0.75	15	2650,50
119	-33.75	-0.75	15	2650,50
119	-35.25	0.75	15	2650,50
119	-35.25	1.75	15	2650,50
119	-36.25	2.75	15	2650,50
119	-37.25	2.75	15	2650,50
119	-37.25	4.25	15	2650,50
119	-35.25	6.25	15	2650,50
119	-35.25	7.75	15	2650,50
119	-33.25	48.75	15	2650,0
119	-33.25	49.25	15	2650,0
119	-31.75	49.25	15	2650,0
119	-31.25	48.75	15	2650,0
119	-31.25	48.25	15	2650,0
119	-31.75	47.75	15	2650,0
119	-32.25	47.75	15	2650,0
119	-33.25	48.75	15	2650,0
258	-9.25	32.75	33	2600,0
258	-9.25	33.25	33	2600,0
258	-8.75	33.25	33	2600,0
258	-8.25	32.75	33	2600,0
258	-7.75	32.75	33	2600,0
258	-2.75	37.75	33	2600,0
258	-1.75	37.75	33	2600,0
258	-1.75	38.75	33	2600,0
258	0.25	40.75	33	2600,0
258	0.75	40.75	33	2600,0
258	1.25	40.25	33	2600,0
258	1.25	39.75	33	2600,0
258	-0.75	37.75	33	2600,0
258	-0.75	37.25	33	2600,0
258	-0.25	36.75	33	2600,0
258	0.25	36.75	33	2600,0
258	2.25	38.75	33	2600,0
258	2.25	39.75	33	2600,0
258	2.75	40.25	33	2600,0
258	2.75	41.25	33	2600,0
258	3.25	41.25	33	2600,0
258	3.75	40.75	33	2600,0
258	4.75	40.75	33	2600,0
258	5.25	40.25	33	2600,0
258	5.25	21.75	33	2600,0
258	3.75	20.25	33	2600,0
258	3.25	20.25	33	2600,0
258	2.25	21.25	33	2600,0
258	1.75	21.25	33	2600,0
258	-0.25	19.25	33	2600,0
258	-0.75	19.25	33	2600,0
258	-2.25	20.75	33	2600,0
258	-2.25	21.25	33	2600,0
258	-0.25	23.25	33	2600,0
258	-0.25	23.75	33	2600,0
258	-2.75	26.25	33	2600,0
258	-3.75	26.25	33	2600,0
258	-4.75	27.25	33	2600,0
258	-4.75	28.25	33	2600,0
258	-5.75	29.25	33	2600,0
258	-7.75	29.25	33	2600,0
258	-8.25	29.75	33	2600,0
258	-8.25	30.25	33	2600,0
258	-7.75	30.75	33	2600,0
258	-7.75	31.25	33	2600,0
258	-9.25	32.75	33	2600,0
258	-44.75	40.25	33	2650,0
258	-44.75	40.75	33	2650,0
258	-44.25	41.25	33	2650,0
258	-43.75	41.25	33	2650,0
258	-43.25	40.75	33	2650,0
258	-43.25	40.25	33	2650,0
258	-44.25	39.25	33	2650,0
258	-44.25	38.75	33	2650,0
258	-42.75	37.25	33	2650,0
258	-42.75	36.75	33	2650,0
258	-43.75	35.75	33	2650,0
258	-43.75	35.25	33	2650,0
258	-42.75	34.25	33	2650,0
258	-42.75	33.25	33	2650,0
258	-41.75	33.25	33	2650,0
258	-41.25	32.75	33	2650,0
258	-40.75	32.75	33	2650,0
258	-39.75	33.75	33	2650,0
258	-39.25	33.75	33	2650,0
258	-37.75	32.25	33	2650,0
258	-37.75	31.75	33	2650,0
258	-38.75	30.75	33	2650,0
258	-38.75	30.25	33	2650,0
258	-37.75	29.25	33	2650,0
258	-37.75	28.75	33	2650,0
258	-44.25	22.25	33	2650,0
258	-44.75	22.25	33	2650,0
258	-44.75	40.25	33	2650,0
308	-37.25	4.75	61	2700,100
308	-37.25	5.25	61	2700,100
308	-36.25	5.25	61	2700,100
308	-34.25	7.25	61	2700,100
308	-33.75	7.25	61	2700,100
308	-32.75	6.25	61	2700,100
308	-32.75	5.75	61	2700,100
308	-34.25	4.25	61	2700,100
308	-34.25	3.75	61	2700,100
308	-33.75	3.25	61	2700,100
308	-33.25	3.25	61	2700,100
308	-32.75	3.75	61	2700,100
308	-31.25	3.75	61	2700,100
308	-30.25	2.75	61	2700,100
308	-30.25	2.25	61	2700,100
308	-33.75	-1.25	61	2700,100
308	-34.25	-1.25	61	2700,100
308	-35.75	0.25	61	2700,100
308	-35.75	0.75	61	2700,100
308	-35.25	1.25	61	2700,100
308	-35.25	1.75	61	2700,100
308	-37.25	1.75	61	2700,100
308	-37.75	2.25	61	2700,100
308	-37.75	2.75	61	2700,100
308	-37.25	3.25	61	2700,100
308	-37.25	4.75	61	2700,100
40	-11.75	29.25	124	2600,0
40	-11.75	29.75	124	2600,0
40	-11.25	29.75	124	2600,0
40	-8.75	27.25	124	2600,0
40	-8.25	27.25	124	2600,0
40	-6.75	28.75	124	2600,0
40	-6.25	28.75	124	2600,0
40	-6.25	27.75	124	2600,0
40	-5.25	26.75	124	2600,0
40	-5.25	26.25	124	2600,0
40	-6.25	26.25	124	2600,0
40	-6.75	25.75	124	2600,0
40	-6.75	25.25	124	2600,0
40	-5.75	24.25	124	2600,0
40	-5.25	24.25	124	2600,0
40	-4.25	25.25	124	2600,0
40	-2.75	25.25	124	2600,0
40	-2.75	24.25	124	2600,0
40	-1.75	24.25	124	2600,0
40	-0.75	23.25	124	2600,0
40	-0.75	22.75	124	2600,0
40	-2.25	21.25	124	2600,0
40	-2.25	20.75	124	2600,0
40	-0.75	19.25	124	2600,0
40	-0.75	18.75	124	2600,0
40	-1.25	18.25	124	2600,0
40	-1.75	18.25	124	2600,0
40	-3.25	19.75	124	2600,0
40	-3.75	19.75	124	2600,0
40	-4.75	18.75	124	2600,0
40	-5.25	18.75	124	2600,0
40	-7.75	21.25	124	2600,0
40	-7.75	21.75	124	2600,0
40	-6.75	22.75	124	2600,0
40	-6.75	23.25	124	2600,0
40	-7.75	24.25	124	2600,0
40	-8.25	24.25	124	2600,0
40	-9.25	23.25	124	2600,0
40	-9.75	23.25	124	2600,0
40	-10.75	24.25	124	2600,0
40	-10.75	24.75	124	2600,0
40	-9.75	25.75	124	2600,0
40	-9.75	27.25	124	2600,0
40	-10.75	28.25	124	2600,0
40	-11.75	28.25	124	2600,0
40	-11.75	29.25	124	2600,0
52	-45.25	36.75	132	2700,50
52	-45.25	37.25	132	2700,50
52	-44.75	37.25	132	2700,50
52	-43.75	36.25	132	2700,50
52	-43.75	35.75	132	2700,50
52	-44.75	34.75	132	2700,50
52	-44.75	34.25	132	2700,50
52	-42.25	31.75	132	2700,50
52	-42.25	31.25	132	2700,50
52	-44.75	28.75	132	2700,50
52	-45.25	28.75	132	2700,50
52	-45.25	36.75	132	2700,50
176	-6.25	29.75	191	2650,50
176	-6.25	30.25	191	2650,50
176	-3.25	33.25	191	2650,50
176	-2.75	33.25	191	2650,50
176	-1.25	31.75	191	2650,50
176	-1.25	31.25	191	2650,50
176	-4.75	27.75	191	2650,50
176	-5.25	27.75	191	2650,50
176	-6.25	28.75	191	2650,50
176	-6.25	29.75	191	2650,50
229	-6.25	28.75	232	2600,0
229	-6.25	29.25	232	2600,0
229	-5.75	29.25	232	2600,0
229	-4.75	28.25	232	2600,0
229	-4.75	27.25	232	2600,0
229	-3.75	26.25	232	2600,0
229	-2.75	26.25	232	2600,0
229	-0.25	23.75	232	2600,0
229	-0.25	23.25	232	2600,0
229	-0.75	23.25	232	2600,0
229	-1.75	24.25	232	2600,0
229	-2.75	24.25	232	2600,0
229	-2.75	25.25	232	2600,0
229	-4.25	25.25	232	2600,0
229	-5.25	24.25	232	2600,0
229	-5.75	24.25	232	2600,0
229	-6.75	25.25	232	2600,0
229	-6.75	25.75	232	2600,0
229	-6.25	26.25	232	2600,0
229	-5.25	26.25	232	2600,0
229	-5.25	26.75	232	2600,0
229	-6.25	27.75	232	2600,0
229	-6.25	28.75	232	2600,0
6	-32.25	-0.25	10	2600,0
6	-32.25	0.25	10	2600,0
6	-29.75	2.75	10	2600,0
6	-29.25	2.75	10	2600,0
6	-28.75	2.25	10	2600,0
6	-28.25	2.25	10	2600,0
6	-26.75	3.75	10	2600,0
6	-26.25	3.75	10	2600,0
6	-23.25	0.75	10	2600,0
6	-19.75	0.75	10	2600,0
6	-18.75	1.75	10	2600,0
6	-18.25	1.75	10	2600,0
6	-16.75	0.25	10	2600,0
6	-16.75	-0.25	10	2600,0
6	-32.25	-0.25	10	2600,0
120	-25.25	48.75	15	2650,0
120	-25.25	49.25	15	2650,0
120	-24.75	49.25	15	2650,0
120	-24.75	48.75	15	2650,0
120	-25.25	48.75	15	2650,0
287	-18.25	11.75	5	2600,0
287	-18.25	12.25	5	2600,0
287	-17.75	12.75	5	2600,0
287	-17.25	12.75	5	2600,0
287	-15.25	10.75	5	2600,0
287	-14.25	10.75	5	2600,0
287	-13.75	10.25	5	2600,0
287	-13.25	10.25	5	2600,0
287	-10.75	12.75	5	2600,0
287	-10.75	13.25	5	2600,0
287	-13.75	16.25	5	2600,0
287	-13.75	16.75	5	2600,0
287	-12.75	17.75	5	2600,0
287	-12.25	17.75	5	2600,0
287	-9.25	14.75	5	2600,0
287	-8.75	14.75	5	2600,0
287	-7.25	16.25	5	2600,0
287	-7.25	16.75	5	2600,0
287	-9.75	19.25	5	2600,0
287	-9.75	19.75	5	2600,0
287	-9.25	20.25	5	2600,0
287	-8.75	20.25	5	2600,0
287	-7.25	18.75	5	2600,0
287	-6.25	18.75	5	2600,0
287	-5.75	18.25	5	2600,0
287	-4.75	18.25	5	2600,0
287	-3.25	16.75	5	2600,0
287	-3.25	15.75	5	2600,0
287	-2.25	14.75	5	2600,0
287	-2.25	14.25	5	2600,0
287	-6.75	9.75	5	2600,0
287	-7.25	9.75	5	2600,0
287	-8.25	10.75	5	2600,0
287	-8.75	10.75	5	2600,0
287	-11.25	8.25	5	2600,0
287	-11.25	7.75	5	2600,0
287	-10.25	7.75	5	2600,0
287	-10.25	6.25	5	2600,0
287	-10.75	6.25	5	2600,0
287	-12.75	8.25	5	2600,0
287	-13.25	8.25	5	2600,0
287	-13.25	7.25	5	2600,0
287	-14.25	6.25	5	2600,0
287	-14.25	4.25	5	2600,0
287	-14.75	3.75	5	2600,0
287	-15.25	3.75	5	2600,0
287	-18.25	6.75	5	2600,0
287	-18.25	7.75	5	2600,0
287	-18.75	8.25	5	2600,0
287	-18.75	9.25	5	2600,0
287	-19.25	9.75	5	2600,0
287	-19.25	10.25	5	2600,0
287	-18.25	11.25	5	2600,0
287	-18.25	11.75	5	2600,0
288	-22.75	6.25	5	2600,0
288	-22.75	6.75	5	2600,0
288	-22.25	6.75	5	2600,0
288	-15.75	0.25	5	2600,0
288	-15.75	-0.25	5	2600,0
288	-16.25	-0.25	5	2600,0
288	-22.75	6.25	5	2600,0
362	-31.25	48.75	94	2650,0
362	-31.25	49.25	94	2650,0
362	-25.75	49.25	94	2650,0
362	-25.25	48.75	94	2650,0
362	-25.25	48.25	94	2650,0
362	-28.75	44.75	94	2650,0
362	-29.25	44.75	94	2650,0
362	-31.75	47.25	94	2650,0
362	-31.75	47.75	94	2650,0
362	-31.25	48.25	94	2650,0
362	-31.25	48.75	94	2650,0
362	-30.75	-0.75	94	2650,50
362	-30.75	-0.25	94	2650,50
362	-29.25	1.25	94	2650,50
362	-28.75	1.25	94	2650,50
362	-27.25	-0.25	94	2650,50
362	-27.25	-0.75	94	2650,50
362	-30.75	-0.75	94	2650,50
363	-26.75	-0.25	94	2650,50
363	-26.75	-0.75	94	2650,50
363	-26.25	-0.75	94	2650,50
363	-26.25	-0.25	94	2650,50
363	-26.75	-0.25	94	2650,50
210	-2.25	26.75	218	2650,50
210	-2.25	27.25	218	2650,50
210	-1.75	27.75	218	2650,50
210	-0.75	27.75	218	2650,50
210	-0.75	28.75	218	2650,50
210	0.25	29.75	218	2650,50
210	0.75	29.75	218	2650,50
210	3.25	27.25	218	2650,50
210	3.25	26.75	218	2650,50
210	0.75	24.25	218	2650,50
210	0.25	24.25	218	2650,50
210	-2.25	26.75	218	2650,50
122	-41.25	37.75	151	2700,50
122	-41.25	38.25	151	2700,50
122	-40.25	39.25	151	2700,50
122	-39.75	39.25	151	2700,50
122	-37.25	36.75	151	2700,50
122	-37.25	36.25	151	2700,50
122	-38.75	34.75	151	2700,50
122	-39.25	34.75	151	2700,50
122	-41.25	36.75	151	2700,50
122	-41.25	37.75	151	2700,50
360	-31.75	47.25	93	2700,50
360	-31.75	47.75	93	2700,50
360	-30.75	48.75	93	2700,50
360	-26.25	48.75	93	2700,50
360	-25.75	48.25	93	2700,50
360	-25.75	47.75	93	2700,50
360	-29.25	44.25	93	2700,50
360	-29.75	44.25	93	2700,50
360	-31.75	46.25	93	2700,50
360	-31.75	47.25	93	2700,50
360	-29.75	-0.75	93	2700,100
360	-29.75	-0.25	93	2700,100
360	-28.25	-0.25	93	2700,100
360	-27.75	-0.75	93	2700,100
360	-27.75	-1.25	93	2700,100
360	-29.25	-1.25	93	2700,100
360	-29.75	-0.75	93	2700,100
361	-27.25	-0.75	93	2700,100
361	-27.25	-1.25	93	2700,100
361	-26.75	-1.25	93	2700,100
361	-26.75	-0.75	93	2700,100
361	-27.25	-0.75	93	2700,100
35	-27.75	1.25	120	2700,100
35	-27.75	1.75	120	2700,100
35	-27.25	2.25	120	2700,100
35	-25.75	2.25	120	2700,100
35	-23.75	0.25	120	2700,100
35	-22.25	0.25	120	2700,100
35	-21.75	0.75	120	2700,100
35	-21.25	0.75	120	2700,100
35	-20.75	0.25	120	2700,100
35	-20.25	0.25	120	2700,100
35	-20.25	0.75	120	2700,100
35	-20.75	1.25	120	2700,100
35	-20.75	1.75	120	2700,100
35	-20.25	2.25	120	2700,100
35	-19.75	2.25	120	2700,100
35	-19.25	1.75	120	2700,100
35	-18.25	1.75	120	2700,100
35	-18.25	1.25	120	2700,100
35	-19.25	0.25	120	2700,100
35	-19.25	-0.25	120	2700,100
35	-18.75	-0.75	120	2700,100
35	-18.75	-1.25	120	2700,100
35	-22.25	-1.25	120	2700,100
35	-22.75	-0.75	120	2700,100
35	-23.25	-0.75	120	2700,100
35	-23.75	-1.25	120	2700,100
35	-25.25	-1.25	120	2700,100
35	-27.75	1.25	120	2700,100
35	-24.75	48.25	120	2700,50
35	-24.75	48.75	120	2700,50
35	-24.25	48.75	120	2700,50
35	-24.25	48.25	120	2700,50
35	-24.75	48.25	120	2700,50
175	-4.75	18.25	190	2600,0
175	-4.75	18.75	190	2600,0
175	-3.75	19.75	190	2600,0
175	-3.25	19.75	190	2600,0
175	-1.75	18.25	190	2600,0
175	-1.75	17.75	190	2600,0
175	-2.75	16.75	190	2600,0
175	-3.25	16.75	190	2600,0
175	-4.75	18.25	190	2600,0
36	-22.75	48.25	120	2700,50
36	-22.75	48.75	120	2700,50
36	-18.25	48.75	120	2700,50
36	-18.25	48.25	120	2700,50
36	-21.25	45.25	120	2700,50
36	-21.75	45.25	120	2700,50
36	-23.25	46.75	120	2700,50
36	-23.25	47.25	120	2700,50
36	-22.75	47.75	120	2700,50
36	-22.75	48.25	120	2700,50
45	-13.25	7.75	129	2600,0
45	-13.25	8.25	129	2600,0
45	-12.75	8.25	129	2600,0
45	-10.75	6.25	129	2600,0
45	-10.75	5.75	129	2600,0
45	-11.75	4.75	129	2600,0
45	-11.75	3.75	129	2600,0
45	-13.25	2.25	129	2600,0
45	-13.75	2.25	129	2600,0
45	-14.75	3.25	129	2600,0
45	-14.75	3.75	129	2600,0
45	-14.25	4.25	129	2600,0
45	-14.25	6.25	129	2600,0
45	-13.25	7.25	129	2600,0
45	-13.25	7.75	129	2600,0
28	-11.25	7.75	117	2600,0
28	-11.25	8.25	117	2600,0
28	-8.75	10.75	117	2600,0
28	-8.25	10.75	117	2600,0
28	-7.25	9.75	117	2600,0
28	-7.25	9.25	117	2600,0
28	-9.25	7.25	117	2600,0
28	-9.25	6.25	117	2600,0
28	-11.25	4.25	117	2600,0
28	-11.75	4.25	117	2600,0
28	-11.75	4.75	117	2600,0
28	-10.25	6.25	117	2600,0
28	-10.25	7.75	117	2600,0
28	-11.25	7.75	117	2600,0
162	-3.25	15.75	180	2600,0
162	-3.25	16.25	180	2600,0
162	-2.75	16.25	180	2600,0
162	-1.25	14.75	180	2600,0
162	-1.25	14.25	180	2600,0
162	-6.25	9.25	180	2600,0
162	-6.75	9.25	180	2600,0
162	-6.75	9.75	180	2600,0
162	-2.25	14.25	180	2600,0
162	-2.25	14.75	180	2600,0
162	-3.25	15.75	180	2600,0
162	-44.75	9.25	180	2650,0
162	-44.75	9.75	180	2650,0
162	-44.25	10.25	180	2650,0
162	-42.75	10.25	180	2650,0
162	-42.25	9.75	180	2650,0
162	-41.25	9.75	180	2650,0
162	-41.25	9.25	180	2650,0
162	-41.75	8.75	180	2650,0
162	-43.25	8.75	180	2650,0
162	-43.75	9.25	180	2650,0
162	-44.75	9.25	180	2650,0
163	-4.25	6.75	180	2600,0
163	-4.25	7.25	180	2600,0
163	0.75	12.25	180	2600,0
163	1.25	12.25	180	2600,0
163	3.75	9.75	180	2600,0
163	4.25	9.75	180	2600,0
163	4.75	10.25	180	2600,0
163	5.25	10.25	180	2600,0
163	5.25	8.75	180	2600,0
163	3.75	8.75	180	2600,0
163	1.75	10.75	180	2600,0
163	1.25	10.75	180	2600,0
163	0.75	10.25	180	2600,0
163	-0.25	10.25	180	2600,0
163	-0.25	8.25	180	2600,0
163	-1.75	6.75	180	2600,0
163	-2.75	6.75	180	2600,0
163	-2.75	5.75	180	2600,0
163	-3.25	5.75	180	2600,0
163	-4.25	6.75	180	2600,0
46	-2.75	16.25	13	2600,0
46	-2.75	16.75	13	2600,0
46	-1.75	17.75	13	2600,0
46	-0.25	17.75	13	2600,0
46	0.25	17.25	13	2600,0
46	0.25	16.75	13	2600,0
46	-0.25	16.25	13	2600,0
46	-0.25	15.25	13	2600,0
46	-0.75	14.75	13	2600,0
46	-1.25	14.75	13	2600,0
46	-2.75	16.25	13	2600,0
46	-44.75	16.25	13	2650,0
46	-44.75	16.75	13	2650,0
46	-44.25	17.25	13	2650,0
46	-43.75	17.25	13	2650,0
46	-41.25	14.75	13	2650,0
46	-41.25	13.25	13	2650,0
46	-42.75	11.75	13	2650,0
46	-42.75	11.25	13	2650,0
46	-41.75	10.25	13	2650,0
46	-41.75	9.75	13	2650,0
46	-42.25	9.75	13	2650,0
46	-42.75	10.25	13	2650,0
46	-44.75	10.25	13	2650,0
46	-44.75	13.75	13	2650,0
46	-44.25	14.25	13	2650,0
46	-44.25	14.75	13	2650,0
46	-44.75	15.25	13	2650,0
46	-44.75	16.25	13	2650,0
47	-0.25	18.75	13	2600,0
47	-0.25	19.25	13	2600,0
47	1.75	21.25	13	2600,0
47	2.25	21.25	13	2600,0
47	3.75	19.75	13	2600,0
47	3.75	19.25	13	2600,0
47	3.25	18.75	13	2600,0
47	2.25	18.75	13	2600,0
47	1.25	17.75	13	2600,0
47	0.75	17.75	13	2600,0
47	-0.25	18.75	13	2600,0
48	1.25	12.25	13	2600,0
48	1.25	12.75	13	2600,0
48	3.75	12.75	13	2600,0
48	4.25	12.25	13	2600,0
48	4.75	12.25	13	2600,0
48	4.75	13.75	13	2600,0
48	4.25	14.25	13	2600,0
48	4.25	14.75	13	2600,0
48	4.75	14.75	13	2600,0
48	5.25	14.25	13	2600,0
48	5.25	10.75	13	2600,0
48	4.25	9.75	13	2600,0
48	3.75	9.75	13	2600,0
48	1.25	12.25	13	2600,0
90	-1.25	17.75	145	2600,0
90	-1.25	18.25	145	2600,0
90	-0.75	18.75	145	2600,0
90	-0.25	18.75	145	2600,0
90	0.75	17.75	145	2600,0
90	1.25	17.75	145	2600,0
90	2.25	18.75	145	2600,0
90	2.75	18.75	145	2600,0
90	2.75	18.25	145	2600,0
90	0.25	15.75	145	2600,0
90	-0.25	15.75	145	2600,0
90	-0.25	16.25	145	2600,0
90	0.25	16.75	145	2600,0
90	0.25	17.25	145	2600,0
90	-0.25	17.75	145	2600,0
90	-1.25	17.75	145	2600,0
90	3.75	19.75	145	2650,50
90	3.75	20.25	145	2650,50
90	4.25	20.25	145	2650,50
90	4.25	19.75	145	2650,50
90	3.75	19.75	145	2650,50
90	-45.25	20.75	145	2700,50
90	-45.25	21.25	145	2700,50
90	-44.25	22.25	145	2700,50
90	-43.75	22.25	145	2700,50
90	-43.75	21.75	145	2700,50
90	-44.75	20.75	145	2700,50
90	-45.25	20.75	145	2700,50
90	-40.75	24.25	145	2650,0
90	-40.75	24.75	145	2650,0
90	-40.25	24.75	145	2650,0
90	-40.25	24.25	145	2650,0
90	-40.75	24.25	145	2650,0
90	-15.25	-0.25	145	2700,100
90	-15.25	0.25	145	2700,100
90	-14.75	0.25	145	2700,100
90	-14.75	-0.25	145	2700,100
90	-15.25	-0.25	145	2700,100
101	-10.75	4.25	145	2600,0
101	-10.75	4.75	145	2600,0
101	-10.25	5.25	145	2600,0
101	-9.25	5.25	145	2600,0
101	-8.25	6.25	145	2600,0
101	-8.25	7.25	145	2600,0
101	-7.75	7.25	145	2600,0
101	-7.75	5.75	145	2600,0
101	-11.25	2.25	145	2600,0
101	-11.75	2.25	145	2600,0
101	-11.75	2.75	145	2600,0
101	-10.75	3.75	145	2600,0
101	-10.75	4.25	145	2600,0
101	-9.75	5.25	145	2650,50
101	-9.75	5.75	145	2650,50
101	-9.25	5.75	145	2650,50
101	-9.25	5.25	145	2650,50
101	-9.75	5.25	145	2650,50
101	-43.25	22.75	145	2700,50
101	-43.25	23.25	145	2700,50
101	-42.75	23.25	145	2700,50
101	-42.75	22.75	145	2700,50
101	-43.25	22.75	145	2700,50
101	-39.25	25.75	145	2650,0
101	-39.25	26.25	145	2650,0
101	-38.75	26.25	145	2650,0
101	-38.75	25.75	145	2650,0
101	-39.25	25.75	145	2650,0
108	-6.25	8.75	145	2600,0
108	-6.25	9.25	145	2600,0
108	-5.25	9.25	145	2600,0
108	-4.75	9.75	145	2600,0
108	-4.25	9.75	145	2600,0
108	-4.25	9.25	145	2600,0
108	-5.25	8.25	145	2600,0
108	-5.75	8.25	145	2600,0
108	-6.25	8.75	145	2600,0
108	-5.25	9.75	145	2650,50
108	-5.25	10.25	145	2650,50
108	-4.75	10.25	145	2650,50
108	-4.75	9.75	145	2650,50
108	-5.25	9.75	145	2650,50
108	-37.25	27.75	145	2700,50
108	-37.25	28.25	145	2700,50
108	-36.75	28.25	145	2700,50
108	-36.75	27.75	145	2700,50
108	-37.25	27.75	145	2700,50
108	-36.25	28.75	145	2650,0
108	-36.25	29.25	145	2650,0
108	-35.75	29.25	145	2650,0
108	-35.75	28.75	145	2650,0
108	-36.25	28.75	145	2650,0
109	-1.25	13.75	145	2600,0
109	-1.25	14.25	145	2600,0
109	-0.75	14.25	145	2600,0
109	-0.75	12.75	145	2600,0
109	-1.25	12.75	145	2600,0
109	-1.25	13.75	145	2600,0
109	-0.75	14.25	145	2650,50
109	-0.75	14.75	145	2650,50
109	-0.25	14.75	145	2650,50
109	-0.25	14.25	145	2650,50
109	-0.75	14.25	145	2650,50
109	-34.75	29.25	145	2700,50
109	-34.75	29.75	145	2700,50
109	-34.25	29.75	145	2700,50
109	-34.25	29.25	145	2700,50
109	-34.75	29.25	145	2700,50
109	-24.25	40.75	145	2650,0
109	-24.25	41.25	145	2650,0
109	-23.75	41.25	145	2650,0
109	-23.75	40.75	145	2650,0
109	-24.25	40.75	145	2650,0
110	-6.75	7.25	145	2600,0
110	-6.75	7.75	145	2600,0
110	-6.25	7.75	145	2600,0
110	-6.25	7.25	145	2600,0
110	-6.75	7.25	145	2600,0
110	1.25	16.25	145	2650,50
110	1.25	16.75	145	2650,50
110	1.75	16.75	145	2650,50
110	3.25	15.25	145	2650,50
110	3.25	14.75	145	2650,50
110	2.25	13.75	145	2650,50
110	1.75	13.75	145	2650,50
110	1.75	14.25	145	2650,50
110	2.25	14.75	145	2650,50
110	2.25	15.25	145	2650,50
110	1.25	16.25	145	2650,50
110	-27.75	36.25	145	2700,50
110	-27.75	36.75	145	2700,50
110	-26.25	38.25	145	2700,50
110	-25.75	38.25	145	2700,50
110	-25.75	37.75	145	2700,50
110	-26.75	36.75	145	2700,50
110	-26.75	36.25	145	2700,50
110	-25.75	36.25	145	2700,50
110	-25.75	35.75	145	2700,50
110	-26.75	34.75	145	2700,50
110	-27.25	34.75	145	2700,50
110	-27.75	35.25	145	2700,50
110	-27.75	36.25	145	2700,50
110	-41.75	22.25	145	2650,0
110	-41.75	22.75	145	2650,0
110	-41.25	22.75	145	2650,0
110	-41.25	22.25	145	2650,0
110	-41.75	22.25	145	2650,0
111	-3.75	10.25	145	2600,0
111	-3.75	10.75	145	2600,0
111	-3.25	10.75	145	2600,0
111	-3.25	10.25	145	2600,0
111	-3.75	10.25	145	2600,0
111	-8.75	5.75	145	2650,50
111	-8.75	5.25	145	2650,50
111	-8.25	5.25	145	2650,50
111	-8.25	5.75	145	2650,50
111	-8.75	5.75	145	2650,50
111	-16.75	47.25	145	2700,50
111	-16.75	47.75	145	2700,50
111	-16.25	47.75	145	2700,50
111	-16.25	47.25	145	2700,50
111	-16.75	47.25	145	2700,50
111	-39.75	24.75	145	2650,0
111	-39.75	24.25	145	2650,0
111	-39.25	24.25	145	2650,0
111	-39.25	24.75	145	2650,0
111	-39.75	24.75	145	2650,0
112	-2.25	11.75	145	2600,0
112	-2.25	12.25	145	2600,0
112	-1.75	12.25	145	2600,0
112	-1.75	11.75	145	2600,0
112	-2.25	11.75	145	2600,0
112	-4.25	10.25	145	2650,50
112	-4.25	9.75	145	2650,50
112	-3.75	9.75	145	2650,50
112	-3.25	10.25	145	2650,50
112	-3.25	10.75	145	2650,50
112	-3.75	10.75	145	2650,50
112	-4.25	10.25	145	2650,50
112	-24.25	38.75	145	2700,50
112	-24.25	39.25	145	2700,50
112	-23.75	39.25	145	2700,50
112	-23.75	38.75	145	2700,50
112	-24.25	38.75	145	2700,50
112	-32.75	31.25	145	2650,0
112	-32.75	31.75	145	2650,0
112	-32.25	31.75	145	2650,0
112	-32.25	31.25	145	2650,0
112	-32.75	31.25	145	2650,0
113	3.25	17.25	145	2600,0
113	3.25	17.75	145	2600,0
113	3.75	17.75	145	2600,0
113	3.75	17.25	145	2600,0
113	3.25	17.25	145	2600,0
113	2.75	16.75	145	2650,50
113	2.75	17.25	145	2650,50
113	3.75	18.25	145	2650,50
113	4.25	18.25	145	2650,50
113	4.25	17.75	145	2650,50
113	3.25	16.75	145	2650,50
113	2.75	16.75	145	2650,50
113	-45.25	16.75	145	2700,50
113	-45.25	17.25	145	2700,50
113	-44.75	17.25	145	2700,50
113	-44.75	16.75	145	2700,50
113	-45.25	16.75	145	2700,50
113	-25.75	38.25	145	2650,0
113	-25.75	38.75	145	2650,0
113	-25.25	38.75	145	2650,0
113	-25.25	38.25	145	2650,0
113	-25.75	38.25	145	2650,0
114	4.25	18.25	145	2600,0
114	4.25	18.75	145	2600,0
114	4.75	18.75	145	2600,0
114	4.75	18.25	145	2600,0
114	4.25	18.25	145	2600,0
114	-12.75	-0.75	145	2650,50
114	-12.75	-0.25	145	2650,50
114	-11.75	0.75	145	2650,50
114	-11.25	0.75	145	2650,50
114	-11.25	0.25	145	2650,50
114	-12.25	-0.75	145	2650,50
114	-12.75	-0.75	145	2650,50
114	-43.25	18.75	145	2700,50
114	-43.25	19.25	145	2700,50
114	-42.25	19.25	145	2700,50
114	-40.75	20.75	145	2700,50
114	-40.25	20.75	145	2700,50
114	-39.25	19.75	145	2700,50
114	-39.25	19.25	145	2700,50
114	-40.25	19.25	145	2700,50
114	-40.25	18.25	145	2700,50
114	-41.25	18.25	145	2700,50
114	-42.25	17.25	145	2700,50
114	-43.75	17.25	145	2700,50
114	-43.75	17.75	145	2700,50
114	-43.25	18.25	145	2700,50
114	-43.25	18.75	145	2700,50
114	-18.75	45.25	145	2650,0
114	-18.75	45.75	145	2650,0
114	-18.25	45.75	145	2650,0
114	-18.25	45.25	145	2650,0
114	-18.75	45.25	145	2650,0
91	-2.75	10.75	145	2600,0
91	-2.75	10.25	145	2600,0
91	-2.25	9.75	145	2600,0
91	-1.75	9.75	145	2600,0
91	-1.75	10.25	145	2600,0
91	-2.25	10.75	145	2600,0
91	-2.75	10.75	145	2600,0
91	-8.75	3.25	145	2650,50
91	-8.75	3.75	145	2650,50
91	-8.25	3.75	145	2650,50
91	-8.25	3.25	145	2650,50
91	-8.75	3.25	145	2650,50
91	-38.75	23.25	145	2700,50
91	-38.75	23.75	145	2700,50
91	-38.25	23.75	145	2700,50
91	-38.25	23.25	145	2700,50
91	-38.75	23.25	145	2700,50
91	-38.25	24.75	145	2650,0
91	-38.25	25.25	145	2650,0
91	-37.75	25.25	145	2650,0
91	-37.25	24.75	145	2650,0
91	-37.25	24.25	145	2650,0
91	-37.75	24.25	145	2650,0
91	-38.25	24.75	145	2650,0
92	-11.75	0.25	145	2600,0
92	-11.75	0.75	145	2600,0
92	-6.75	5.75	145	2600,0
92	-6.25	5.75	145	2600,0
92	-6.25	5.25	145	2600,0
92	-11.25	0.25	145	2600,0
92	-11.75	0.25	145	2600,0
92	-4.25	7.75	145	2650,50
92	-4.25	8.25	145	2650,50
92	-3.75	8.25	145	2650,50
92	-3.75	7.75	145	2650,50
92	-4.25	7.75	145	2650,50
92	-35.25	26.75	145	2700,50
92	-35.25	27.25	145	2700,50
92	-34.75	27.75	145	2700,50
92	-34.25	27.75	145	2700,50
92	-34.25	27.25	145	2700,50
92	-34.75	26.75	145	2700,50
92	-35.25	26.75	145	2700,50
92	-28.75	34.25	145	2650,0
92	-28.75	34.75	145	2650,0
92	-28.25	34.75	145	2650,0
92	-28.25	33.25	145	2650,0
92	-28.75	33.25	145	2650,0
92	-28.75	34.25	145	2650,0
93	-5.25	6.75	145	2600,0
93	-5.25	7.25	145	2600,0
93	-3.25	9.25	145	2600,0
93	-2.75	9.25	145	2600,0
93	-2.75	8.75	145	2600,0
93	-4.75	6.75	145	2600,0
93	-5.25	6.75	145	2600,0
93	-3.25	8.75	145	2650,50
93	-3.25	9.25	145	2650,50
93	-2.75	9.25	145	2650,50
93	-2.75	8.75	145	2650,50
93	-3.25	8.75	145	2650,50
93	-30.25	31.75	145	2700,50
93	-30.25	32.25	145	2700,50
93	-29.75	32.25	145	2700,50
93	-29.75	31.75	145	2700,50
93	-30.25	31.75	145	2700,50
93	-43.75	18.25	145	2650,0
93	-43.75	18.75	145	2650,0
93	-43.25	19.25	145	2650,0
93	-42.75	19.25	145	2650,0
93	-42.75	18.75	145	2650,0
93	-43.25	18.25	145	2650,0
93	-43.75	18.25	145	2650,0
94	-1.25	10.75	145	2600,0
94	-1.25	11.25	145	2600,0
94	-0.75	11.25	145	2600,0
94	-0.75	10.75	145	2600,0
94	-1.25	10.75	145	2600,0
94	-2.25	9.75	145	2650,50
94	-2.25	10.25	145	2650,50
94	-1.75	10.75	145	2650,50
94	-1.25	10.75	145	2650,50
94	-1.25	10.25	145	2650,50
94	-1.75	9.75	145	2650,50
94	-2.25	9.75	145	2650,50
94	-28.25	33.75	145	2700,50
94	-28.25	34.25	145	2700,50
94	-27.75	34.25	145	2700,50
94	-27.75	33.75	145	2700,50
94	-28.25	33.75	145	2700,50
94	-41.25	20.75	145	2650,0
94	-41.25	21.25	145	2650,0
94	-39.75	22.75	145	2650,0
94	-39.25	22.75	145	2650,0
94	-39.25	22.25	145	2650,0
94	-40.75	20.75	145	2650,0
94	-41.25	20.75	145	2650,0
95	1.75	12.75	145	2600,0
95	1.75	13.25	145	2600,0
95	2.75	14.25	145	2600,0
95	3.75	14.25	145	2600,0
95	3.75	15.25	145	2600,0
95	4.75	16.25	145	2600,0
95	5.25	16.25	145	2600,0
95	5.25	14.75	145	2600,0
95	4.25	14.75	145	2600,0
95	4.25	14.25	145	2600,0
95	4.75	13.75	145	2600,0
95	4.75	12.25	145	2600,0
95	4.25	12.25	145	2600,0
95	3.75	12.75	145	2600,0
95	1.75	12.75	145	2600,0
95	-0.75	11.25	145	2650,50
95	-0.75	11.75	145	2650,50
95	0.25	12.75	145	2650,50
95	0.75	12.75	145	2650,50
95	0.75	12.25	145	2650,50
95	-0.25	11.25	145	2650,50
95	-0.75	11.25	145	2650,50
95	-25.25	36.75	145	2700,50
95	-25.25	37.25	145	2700,50
95	-24.75	37.25	145	2700,50
95	-24.75	36.75	145	2700,50
95	-25.25	36.75	145	2700,50
95	-38.75	23.25	145	2650,0
95	-38.75	23.75	145	2650,0
95	-38.25	23.75	145	2650,0
95	-38.25	23.25	145	2650,0
95	-38.75	23.25	145	2650,0
267	-25.75	43.25	39	2650,0
267	-25.75	43.75	39	2650,0
267	-23.25	46.25	39	2650,0
267	-22.75	46.25	39	2650,0
267	-22.75	45.25	39	2650,0
267	-22.25	44.75	39	2650,0
267	-21.75	44.75	39	2650,0
267	-17.25	49.25	39	2650,0
267	-16.75	49.25	39	2650,0
267	-16.75	48.75	39	2650,0
267	-24.75	40.75	39	2650,0
267	-25.25	40.75	39	2650,0
267	-25.25	41.25	39	2650,0
267	-24.75	41.75	39	2650,0
267	-24.75	42.25	39	2650,0
267	-25.75	43.25	39	2650,0
267	-16.75	-0.75	39	2650,50
267	-16.75	-0.25	39	2650,50
267	-16.25	0.25	39	2650,50
267	-15.75	0.25	39	2650,50
267	-15.75	-0.25	39	2650,50
267	-16.25	-0.75	39	2650,50
267	-16.75	-0.75	39	2650,50
268	-22.75	38.25	39	2650,0
268	-22.75	38.75	39	2650,0
268	-13.75	47.75	39	2650,0
268	-13.25	47.75	39	2650,0
268	-12.75	47.25	39	2650,0
268	-12.75	45.75	39	2650,0
268	-13.75	44.75	39	2650,0
268	-13.75	43.75	39	2650,0
268	-14.75	42.75	39	2650,0
268	-17.75	42.75	39	2650,0
268	-17.75	40.25	39	2650,0
268	-17.25	39.75	39	2650,0
268	-17.25	39.25	39	2650,0
268	-18.25	39.25	39	2650,0
268	-18.75	38.75	39	2650,0
268	-18.75	38.25	39	2650,0
268	-18.25	37.75	39	2650,0
268	-18.25	37.25	39	2650,0
268	-18.75	36.75	39	2650,0
268	-19.25	36.75	39	2650,0
268	-20.75	38.25	39	2650,0
268	-21.25	38.25	39	2650,0
268	-21.75	37.75	39	2650,0
268	-22.25	37.75	39	2650,0
268	-22.75	38.25	39	2650,0
159	-20.75	48.25	178	2650,0
159	-20.75	48.75	178	2650,0
159	-20.25	49.25	178	2650,0
159	-17.75	49.25	178	2650,0
159	-17.75	48.75	178	2650,0
159	-19.25	47.25	178	2650,0
159	-19.75	47.25	178	2650,0
159	-20.75	48.25	178	2650,0
159	-19.75	-0.75	178	2650,50
159	-19.75	-0.25	178	2650,50
159	-18.25	1.25	178	2650,50
159	-17.75	1.25	178	2650,50
159	-16.75	0.25	178	2650,50
159	-16.75	-0.25	178	2650,50
159	-17.25	-0.75	178	2650,50
159	-19.75	-0.75	178	2650,50
341	1.75	20.75	8	2650,50
341	1.75	21.25	8	2650,50
341	4.25	23.75	8	2650,50
341	4.75	23.75	8	2650,50
341	4.75	21.25	8	2650,50
341	3.75	20.25	8	2650,50
341	3.75	19.25	8	2650,50
341	3.25	18.75	8	2650,50
341	2.75	18.75	8	2650,50
341	2.75	19.75	8	2650,50
341	1.75	20.75	8	2650,50
341	-45.25	23.75	8	2700,50
341	-45.25	24.25	8	2700,50
341	-44.75	24.75	8	2700,50
341	-44.25	24.75	8	2700,50
341	-43.25	23.75	8	2700,50
341	-43.25	22.25	8	2700,50
341	-44.25	22.25	8	2700,50
341	-44.75	21.75	8	2700,50
341	-45.25	21.75	8	2700,50
341	-45.25	23.75	8	2700,50
342	-36.75	32.25	8	2700,50
342	-36.75	32.75	8	2700,50
342	-35.25	34.25	8	2700,50
342	-34.75	34.25	8	2700,50
342	-33.75	33.25	8	2700,50
342	-33.25	33.25	8	2700,50
342	-26.25	40.25	8	2700,50
342	-26.25	40.75	8	2700,50
342	-27.25	41.75	8	2700,50
342	-27.25	42.25	8	2700,50
342	-23.75	45.75	8	2700,50
342	-23.25	45.75	8	2700,50
342	-22.25	44.75	8	2700,50
342	-22.25	44.25	8	2700,50
342	-25.25	41.25	8	2700,50
342	-25.25	40.25	8	2700,50
342	-42.25	23.25	8	2700,50
342	-42.75	23.25	8	2700,50
342	-42.75	23.75	8	2700,50
342	-35.75	30.75	8	2700,50
342	-35.75	31.25	8	2700,50
342	-36.75	32.25	8	2700,50
343	-44.25	16.75	8	2700,50
343	-44.25	17.25	8	2700,50
343	-42.25	17.25	8	2700,50
343	-41.25	18.25	8	2700,50
343	-40.25	18.25	8	2700,50
343	-40.25	19.25	8	2700,50
343	-39.25	19.25	8	2700,50
343	-39.25	19.75	8	2700,50
343	-40.25	20.75	8	2700,50
343	-40.25	21.25	8	2700,50
343	-23.75	37.75	8	2700,50
343	-21.75	37.75	8	2700,50
343	-20.25	39.25	8	2700,50
343	-19.75	39.25	8	2700,50
343	-19.25	38.75	8	2700,50
343	-19.25	38.25	8	2700,50
343	-21.25	36.25	8	2700,50
343	-22.75	36.25	8	2700,50
343	-23.25	36.75	8	2700,50
343	-23.75	36.75	8	2700,50
343	-25.25	35.25	8	2700,50
343	-25.25	34.75	8	2700,50
343	-24.75	34.25	8	2700,50
343	-24.75	33.75	8	2700,50
343	-25.25	33.25	8	2700,50
343	-25.25	30.75	8	2700,50
343	-24.75	30.25	8	2700,50
343	-24.75	29.75	8	2700,50
343	-25.25	29.75	8	2700,50
343	-26.25	30.75	8	2700,50
343	-26.75	30.75	8	2700,50
343	-27.25	30.25	8	2700,50
343	-28.25	30.25	8	2700,50
343	-28.25	29.25	8	2700,50
343	-29.25	29.25	8	2700,50
343	-29.25	28.75	8	2700,50
343	-28.25	27.75	8	2700,50
343	-28.25	27.25	8	2700,50
343	-29.75	25.75	8	2700,50
343	-30.25	25.75	8	2700,50
343	-31.25	26.75	8	2700,50
343	-31.75	26.75	8	2700,50
343	-32.75	25.75	8	2700,50
343	-33.75	25.75	8	2700,50
343	-34.25	25.25	8	2700,50
343	-34.25	23.75	8	2700,50
343	-33.75	23.25	8	2700,50
343	-33.75	22.75	8	2700,50
343	-34.75	21.75	8	2700,50
343	-35.75	21.75	8	2700,50
343	-38.25	19.25	8	2700,50
343	-38.25	18.75	8	2700,50
343	-37.75	18.25	8	2700,50
343	-37.75	17.75	8	2700,50
343	-38.25	17.25	8	2700,50
343	-39.25	17.25	8	2700,50
343	-40.25	16.25	8	2700,50
343	-40.25	15.25	8	2700,50
343	-40.75	15.25	8	2700,50
343	-41.25	15.75	8	2700,50
343	-41.75	15.75	8	2700,50
343	-42.25	15.25	8	2700,50
343	-42.75	15.25	8	2700,50
343	-44.25	16.75	8	2700,50
223	-44.25	24.75	229	2700,50
223	-44.25	25.25	229	2700,50
223	-40.25	29.25	229	2700,50
223	-39.75	29.25	229	2700,50
223	-38.75	28.25	229	2700,50
223	-38.75	27.75	229	2700,50
223	-42.75	23.75	229	2700,50
223	-43.25	23.75	229	2700,50
223	-44.25	24.75	229	2700,50
216	-9.25	6.75	223	2600,0
216	-9.25	7.25	223	2600,0
216	-7.25	9.25	223	2600,0
216	-6.75	9.25	223	2600,0
216	-6.75	8.75	223	2600,0
216	-8.75	6.75	223	2600,0
216	-9.25	6.75	223	2600,0
217	-6.25	4.75	223	2600,0
217	-6.25	5.25	223	2600,0
217	-4.75	6.75	223	2600,0
217	-4.25	6.75	223	2600,0
217	-2.75	5.25	223	2600,0
217	-2.75	4.75	223	2600,0
217	-3.25	4.25	223	2600,0
217	-3.75	4.25	223	2600,0
217	-4.25	4.75	223	2600,0
217	-4.75	4.75	223	2600,0
217	-5.25	4.25	223	2600,0
217	-5.75	4.25	223	2600,0
217	-6.25	4.75	223	2600,0
251	3.75	19.75	30	2600,0
251	3.75	20.25	30	2600,0
251	4.75	21.25	30	2600,0
251	5.25	21.25	30	2600,0
251	5.25	20.75	30	2600,0
251	4.25	19.75	30	2600,0
251	3.75	19.75	30	2600,0
251	-44.75	21.25	30	2650,0
251	-44.75	21.75	30	2650,0
251	-25.75	40.75	30	2650,0
251	-25.25	40.75	30	2650,0
251	-25.25	40.25	30	2650,0
251	-44.25	21.25	30	2650,0
251	-44.75	21.25	30	2650,0
252	-43.75	17.25	30	2650,0
252	-43.75	17.75	30	2650,0
252	-39.75	21.75	30	2650,0
252	-39.25	21.75	30	2650,0
252	-38.75	21.25	30	2650,0
252	-38.75	20.75	30	2650,0
252	-42.75	16.75	30	2650,0
252	-43.25	16.75	30	2650,0
252	-43.75	17.25	30	2650,0
253	-38.75	22.25	30	2650,0
253	-38.75	22.75	30	2650,0
253	-36.75	24.75	30	2650,0
253	-36.25	24.75	30	2650,0
253	-35.75	24.25	30	2650,0
253	-35.75	23.75	30	2650,0
253	-36.75	22.75	30	2650,0
253	-37.75	22.75	30	2650,0
253	-38.25	22.25	30	2650,0
253	-38.75	22.25	30	2650,0
254	-35.25	25.75	30	2650,0
254	-35.25	26.25	30	2650,0
254	-23.25	38.25	30	2650,0
254	-22.75	38.25	30	2650,0
254	-22.25	37.75	30	2650,0
254	-21.75	37.75	30	2650,0
254	-21.25	38.25	30	2650,0
254	-20.75	38.25	30	2650,0
254	-19.25	36.75	30	2650,0
254	-18.75	36.75	30	2650,0
254	-18.25	37.25	30	2650,0
254	-18.25	37.75	30	2650,0
254	-18.75	38.25	30	2650,0
254	-18.75	38.75	30	2650,0
254	-18.25	39.25	30	2650,0
254	-17.25	39.25	30	2650,0
254	-17.25	39.75	30	2650,0
254	-17.75	40.25	30	2650,0
254	-17.75	42.75	30	2650,0
254	-15.25	42.75	30	2650,0
254	-15.25	42.25	30	2650,0
254	-16.75	40.75	30	2650,0
254	-16.75	40.25	30	2650,0
254	-16.25	39.75	30	2650,0
254	-16.25	38.25	30	2650,0
254	-19.25	35.25	30	2650,0
254	-19.75	35.25	30	2650,0
254	-20.75	36.25	30	2650,0
254	-21.25	36.25	30	2650,0
254	-23.75	33.75	30	2650,0
254	-23.75	32.75	30	2650,0
254	-24.75	31.75	30	2650,0
254	-24.75	30.75	30	2650,0
254	-25.75	30.75	30	2650,0
254	-27.25	29.25	30	2650,0
254	-28.25	29.25	30	2650,0
254	-29.75	27.75	30	2650,0
254	-30.25	27.75	30	2650,0
254	-30.75	28.25	30	2650,0
254	-32.25	28.25	30	2650,0
254	-32.25	27.25	30	2650,0
254	-34.25	25.25	30	2650,0
254	-34.75	25.25	30	2650,0
254	-35.25	25.75	30	2650,0
29	-15.75	0.25	118	2650,50
29	-15.75	0.75	118	2650,50
29	-13.75	2.75	118	2650,50
29	-13.25	2.75	118	2650,50
29	-13.25	2.25	118	2650,50
29	-15.25	0.25	118	2650,50
29	-15.75	0.25	118	2650,50
29	-13.25	47.75	118	2650,0
29	-13.25	48.25	118	2650,0
29	-12.25	49.25	118	2650,0
29	-8.75	49.25	118	2650,0
29	-8.75	48.75	118	2650,0
29	-11.25	46.25	118	2650,0
29	-11.25	44.25	118	2650,0
29	-11.75	43.75	118	2650,0
29	-12.75	43.75	118	2650,0
29	-12.75	42.75	118	2650,0
29	-13.75	41.75	118	2650,0
29	-14.25	41.75	118	2650,0
29	-14.75	42.25	118	2650,0
29	-14.75	42.75	118	2650,0
29	-13.75	43.75	118	2650,0
29	-13.75	44.75	118	2650,0
29	-12.75	45.75	118	2650,0
29	-12.75	47.25	118	2650,0
29	-13.25	47.75	118	2650,0
29	-45.25	15.75	118	2700,50
29	-45.25	16.25	118	2700,50
29	-44.75	16.75	118	2700,50
29	-44.25	16.75	118	2700,50
29	-42.75	15.25	118	2700,50
29	-42.75	14.75	118	2700,50
29	-44.75	12.75	118	2700,50
29	-44.75	11.75	118	2700,50
29	-45.25	11.75	118	2700,50
29	-45.25	15.75	118	2700,50
30	0.75	16.75	118	2650,50
30	0.75	17.25	118	2650,50
30	2.25	18.75	118	2650,50
30	2.75	18.75	118	2650,50
30	2.75	18.25	118	2650,50
30	1.25	16.75	118	2650,50
30	0.75	16.75	118	2650,50
31	-11.75	-0.75	118	2650,50
31	-11.75	-0.25	118	2650,50
31	-11.25	-0.25	118	2650,50
31	-11.25	-0.75	118	2650,50
31	-11.75	-0.75	118	2650,50
32	-3.25	7.75	118	2650,50
32	-3.25	8.25	118	2650,50
32	-1.75	9.75	118	2650,50
32	-0.25	9.75	118	2650,50
32	0.25	9.25	118	2650,50
32	0.75	9.25	118	2650,50
32	0.75	9.75	118	2650,50
32	-0.25	10.75	118	2650,50
32	-0.25	11.25	118	2650,50
32	1.25	12.75	118	2650,50
32	1.75	12.75	118	2650,50
32	2.25	12.25	118	2650,50
32	2.75	12.25	118	2650,50
32	2.75	12.75	118	2650,50
32	2.25	13.25	118	2650,50
32	2.25	13.75	118	2650,50
32	4.25	15.75	118	2650,50
32	4.75	15.75	118	2650,50
32	4.75	10.25	118	2650,50
32	4.25	10.25	118	2650,50
32	3.75	10.75	118	2650,50
32	3.25	10.75	118	2650,50
32	1.75	9.25	118	2650,50
32	1.75	8.25	118	2650,50
32	-0.25	8.25	118	2650,50
32	-1.75	6.75	118	2650,50
32	-1.75	5.75	118	2650,50
32	-2.25	5.25	118	2650,50
32	-2.25	4.25	118	2650,50
32	-3.25	3.25	118	2650,50
32	-4.25	3.25	118	2650,50
32	-4.25	2.25	118	2650,50
32	-5.25	1.25	118	2650,50
32	-6.25	1.25	118	2650,50
32	-7.25	0.25	118	2650,50
32	-7.25	-0.75	118	2650,50
32	-9.75	-0.75	118	2650,50
32	-9.75	-0.25	118	2650,50
32	-7.25	2.25	118	2650,50
32	-6.25	2.25	118	2650,50
32	-4.25	4.25	118	2650,50
32	-3.25	4.25	118	2650,50
32	-3.25	4.75	118	2650,50
32	-3.75	5.25	118	2650,50
32	-3.75	6.75	118	2650,50
32	-3.25	7.25	118	2650,50
32	-3.25	7.75	118	2650,50
232	-13.25	2.75	235	2650,50
232	-13.25	3.25	235	2650,50
232	0.25	16.75	235	2650,50
232	0.75	16.75	235	2650,50
232	0.75	16.25	235	2650,50
232	-12.75	2.75	235	2650,50
232	-13.25	2.75	235	2650,50
233	-11.25	-0.25	235	2650,50
233	-11.25	0.25	235	2650,50
233	-3.75	7.75	235	2650,50
233	-3.25	7.75	235	2650,50
233	-3.25	7.25	235	2650,50
233	-3.75	6.75	235	2650,50
233	-3.75	5.25	235	2650,50
233	-3.25	4.75	235	2650,50
233	-3.25	4.25	235	2650,50
233	-4.25	4.25	235	2650,50
233	-6.25	2.25	235	2650,50
233	-7.25	2.25	235	2650,50
233	-10.25	-0.75	235	2650,50
233	-10.75	-0.75	235	2650,50
233	-11.25	-0.25	235	2650,50
234	-1.25	9.75	235	2650,50
234	-1.25	10.25	235	2650,50
234	-0.75	10.75	235	2650,50
234	-0.25	10.75	235	2650,50
234	0.75	9.75	235	2650,50
234	0.75	9.25	235	2650,50
234	0.25	9.25	235	2650,50
234	-0.25	9.75	235	2650,50
234	-1.25	9.75	235	2650,50
235	1.75	12.75	235	2650,50
235	1.75	13.25	235	2650,50
235	2.25	13.25	235	2650,50
235	2.75	12.75	235	2650,50
235	2.75	12.25	235	2650,50
235	2.25	12.25	235	2650,50
235	1.75	12.75	235	2650,50
96	3.75	15.75	145	2650,50
96	3.75	16.25	145	2650,50
96	4.25	16.25	145	2650,50
96	4.25	15.75	145	2650,50
96	3.75	15.75	145	2650,50
96	-19.25	42.75	145	2700,50
96	-19.25	43.25	145	2700,50
96	-17.75	44.75	145	2700,50
96	-17.25	44.75	145	2700,50
96	-17.25	44.25	145	2700,50
96	-18.75	42.75	145	2700,50
96	-19.25	42.75	145	2700,50
96	-36.75	25.25	145	2650,0
96	-36.75	25.75	145	2650,0
96	-36.25	26.25	145	2650,0
96	-35.75	26.25	145	2650,0
96	-35.75	25.75	145	2650,0
96	-36.25	25.25	145	2650,0
96	-36.75	25.25	145	2650,0
97	-16.25	45.75	145	2700,50
97	-16.25	46.25	145	2700,50
97	-15.75	46.75	145	2700,50
97	-15.25	46.75	145	2700,50
97	-15.25	46.25	145	2700,50
97	-15.75	45.75	145	2700,50
97	-16.25	45.75	145	2700,50
97	-34.75	27.25	145	2650,0
97	-34.75	27.75	145	2650,0
97	-34.25	27.75	145	2650,0
97	-34.25	27.25	145	2650,0
97	-34.75	27.25	145	2650,0
98	-14.25	47.75	145	2700,50
98	-14.25	48.25	145	2700,50
98	-13.75	48.25	145	2700,50
98	-13.75	47.75	145	2700,50
98	-14.25	47.75	145	2700,50
98	-33.75	28.25	145	2650,0
98	-33.75	28.75	145	2650,0
98	-33.25	29.25	145	2650,0
98	-32.75	29.25	145	2650,0
98	-32.75	28.75	145	2650,0
98	-33.25	28.25	145	2650,0
98	-33.75	28.25	145	2650,0
169	-25.25	40.75	186	2700,50
169	-25.25	41.25	186	2700,50
169	-21.75	44.75	186	2700,50
169	-21.25	44.75	186	2700,50
169	-21.25	44.25	186	2700,50
169	-24.75	40.75	186	2700,50
169	-25.25	40.75	186	2700,50
170	-23.25	37.75	186	2700,50
170	-23.25	38.25	186	2700,50
170	-19.25	42.25	186	2700,50
170	-18.75	42.25	186	2700,50
170	-18.75	38.75	186	2700,50
170	-19.25	38.75	186	2700,50
170	-19.75	39.25	186	2700,50
170	-20.25	39.25	186	2700,50
170	-21.75	37.75	186	2700,50
170	-23.25	37.75	186	2700,50
368	-21.25	44.75	96	2700,50
368	-21.25	45.25	96	2700,50
368	-17.75	48.75	96	2700,50
368	-17.25	48.75	96	2700,50
368	-17.25	48.25	96	2700,50
368	-20.75	44.75	96	2700,50
368	-21.25	44.75	96	2700,50
368	-17.25	-1.25	96	2700,100
368	-17.25	-0.75	96	2700,100
368	-15.25	1.25	96	2700,100
368	-14.75	1.25	96	2700,100
368	-14.75	0.75	96	2700,100
368	-16.75	-1.25	96	2700,100
368	-17.25	-1.25	96	2700,100
369	-18.75	42.25	96	2700,50
369	-18.75	42.75	96	2700,50
369	-12.75	48.75	96	2700,50
369	-12.25	48.75	96	2700,50
369	-11.25	47.75	96	2700,50
369	-11.25	46.25	96	2700,50
369	-12.25	46.25	96	2700,50
369	-12.75	45.75	96	2700,50
369	-12.75	45.25	96	2700,50
369	-12.25	44.75	96	2700,50
369	-12.25	44.25	96	2700,50
369	-14.25	44.25	96	2700,50
369	-14.25	43.25	96	2700,50
369	-15.25	43.25	96	2700,50
369	-15.75	42.75	96	2700,50
369	-16.75	42.75	96	2700,50
369	-17.75	41.75	96	2700,50
369	-17.75	40.25	96	2700,50
369	-16.75	39.25	96	2700,50
369	-16.75	38.75	96	2700,50
369	-17.75	37.75	96	2700,50
369	-18.25	37.75	96	2700,50
369	-18.75	38.25	96	2700,50
369	-18.75	42.25	96	2700,50
99	-31.25	30.75	145	2650,0
99	-31.25	31.25	145	2650,0
99	-30.75	31.25	145	2650,0
99	-30.75	30.75	145	2650,0
99	-31.25	30.75	145	2650,0
100	-30.25	31.75	145	2650,0
100	-30.25	32.25	145	2650,0
100	-29.75	32.25	145	2650,0
100	-29.75	31.75	145	2650,0
100	-30.25	31.75	145	2650,0
102	-26.75	35.25	145	2650,0
102	-26.75	35.75	145	2650,0
102	-26.25	35.75	145	2650,0
102	-26.25	35.25	145	2650,0
102	-26.75	35.25	145	2650,0
103	-25.25	36.75	145	2650,0
103	-25.25	37.25	145	2650,0
103	-24.75	37.25	145	2650,0
103	-24.75	36.75	145	2650,0
103	-25.25	36.75	145	2650,0
104	-19.75	42.25	145	2650,0
104	-19.75	42.75	145	2650,0
104	-19.25	42.75	145	2650,0
104	-19.25	42.25	145	2650,0
104	-19.75	42.25	145	2650,0
105	-17.75	44.25	145	2650,0
105	-17.75	44.75	145	2650,0
105	-17.25	44.75	145	2650,0
105	-17.25	44.25	145	2650,0
105	-17.75	44.25	145	2650,0
106	-13.25	48.75	145	2650,0
106	-13.25	49.25	145	2650,0
106	-12.75	49.25	145	2650,0
106	-12.75	48.75	145	2650,0
106	-13.25	48.75	145	2650,0
107	-44.75	14.25	145	2650,0
107	-44.75	14.75	145	2650,0
107	-44.25	14.75	145	2650,0
107	-44.25	14.25	145	2650,0
107	-44.75	14.25	145	2650,0
357	-11.25	-0.25	90	2600,0
357	-11.25	0.25	90	2600,0
357	-9.75	1.75	90	2600,0
357	-9.25	1.75	90	2600,0
357	-8.75	1.25	90	2600,0
357	-8.25	1.25	90	2600,0
357	-7.75	1.75	90	2600,0
357	-7.25	1.75	90	2600,0
357	-6.75	1.25	90	2600,0
357	-6.75	0.75	90	2600,0
357	-7.75	-0.25	90	2600,0
357	-11.25	-0.25	90	2600,0
337	-9.25	1.75	76	2600,0
337	-9.25	2.25	76	2600,0
337	-6.75	4.75	76	2600,0
337	-6.25	4.75	76	2600,0
337	-5.75	4.25	76	2600,0
337	-5.25	4.25	76	2600,0
337	-4.75	4.75	76	2600,0
337	-4.25	4.75	76	2600,0
337	-3.75	4.25	76	2600,0
337	-3.25	4.25	76	2600,0
337	-2.75	4.75	76	2600,0
337	-2.25	4.75	76	2600,0
337	-1.75	4.25	76	2600,0
337	-1.75	3.75	76	2600,0
337	-2.25	3.25	76	2600,0
337	-3.25	3.25	76	2600,0
337	-3.75	2.75	76	2600,0
337	-4.75	2.75	76	2600,0
337	-6.25	1.25	76	2600,0
337	-6.75	1.25	76	2600,0
337	-7.25	1.75	76	2600,0
337	-7.75	1.75	76	2600,0
337	-8.25	1.25	76	2600,0
337	-8.75	1.25	76	2600,0
337	-9.25	1.75	76	2600,0
130	-39.25	21.75	156	2650,0
130	-39.25	22.25	156	2650,0
130	-38.25	22.25	156	2650,0
130	-37.75	22.75	156	2650,0
130	-36.75	22.75	156	2650,0
130	-35.75	23.75	156	2650,0
130	-35.75	24.25	156	2650,0
130	-36.25	24.75	156	2650,0
130	-36.25	25.25	156	2650,0
130	-35.75	25.75	156	2650,0
130	-35.25	25.75	156	2650,0
130	-34.75	25.25	156	2650,0
130	-34.25	25.25	156	2650,0
130	-32.25	27.25	156	2650,0
130	-32.25	28.25	156	2650,0
130	-30.75	28.25	156	2650,0
130	-30.25	27.75	156	2650,0
130	-30.25	27.25	156	2650,0
130	-41.75	15.75	156	2650,0
130	-42.25	15.75	156	2650,0
130	-42.75	16.25	156	2650,0
130	-42.75	16.75	156	2650,0
130	-38.75	20.75	156	2650,0
130	-38.75	21.25	156	2650,0
130	-39.25	21.75	156	2650,0
131	-0.25	9.75	157	2600,0
131	-0.25	10.25	157	2600,0
131	0.75	10.25	157	2600,0
131	1.25	10.75	157	2600,0
131	1.75	10.75	157	2600,0
131	2.25	10.25	157	2600,0
131	2.25	9.75	157	2600,0
131	1.25	8.75	157	2600,0
131	1.25	8.25	157	2600,0
131	2.25	7.25	157	2600,0
131	2.25	6.75	157	2600,0
131	1.25	5.75	157	2600,0
131	0.75	5.75	157	2600,0
131	-0.25	6.75	157	2600,0
131	-0.75	6.75	157	2600,0
131	-2.25	5.25	157	2600,0
131	-2.75	5.25	157	2600,0
131	-2.75	6.75	157	2600,0
131	-1.75	6.75	157	2600,0
131	-0.25	8.25	157	2600,0
131	-0.25	9.75	157	2600,0
16	-25.25	34.75	107	2700,50
16	-25.25	35.25	107	2700,50
16	-23.75	36.75	107	2700,50
16	-23.25	36.75	107	2700,50
16	-22.75	36.25	107	2700,50
16	-21.25	36.25	107	2700,50
16	-19.25	38.25	107	2700,50
16	-18.75	38.25	107	2700,50
16	-18.25	37.75	107	2700,50
16	-17.75	37.75	107	2700,50
16	-16.75	38.75	107	2700,50
16	-16.75	39.25	107	2700,50
16	-17.75	40.25	107	2700,50
16	-17.75	41.75	107	2700,50
16	-16.75	42.75	107	2700,50
16	-15.75	42.75	107	2700,50
16	-15.25	43.25	107	2700,50
16	-14.25	43.25	107	2700,50
16	-14.25	44.25	107	2700,50
16	-12.25	44.25	107	2700,50
16	-12.25	44.75	107	2700,50
16	-12.75	45.25	107	2700,50
16	-12.75	45.75	107	2700,50
16	-12.25	46.25	107	2700,50
16	-11.25	46.25	107	2700,50
16	-11.25	47.25	107	2700,50
16	-10.75	47.25	107	2700,50
16	1.25	35.25	107	2700,50
16	1.25	33.75	107	2700,50
16	0.25	33.75	107	2700,50
16	-0.25	33.25	107	2700,50
16	-0.25	32.25	107	2700,50
16	-0.75	31.75	107	2700,50
16	-1.75	31.75	107	2700,50
16	-3.25	30.25	107	2700,50
16	-3.75	30.25	107	2700,50
16	-4.75	31.25	107	2700,50
16	-4.75	31.75	107	2700,50
16	-0.75	35.75	107	2700,50
16	-0.75	36.25	107	2700,50
16	-1.75	36.25	107	2700,50
16	-2.75	37.25	107	2700,50
16	-2.75	38.25	107	2700,50
16	-3.75	39.25	107	2700,50
16	-4.75	39.25	107	2700,50
16	-6.25	40.75	107	2700,50
16	-6.25	41.75	107	2700,50
16	-9.25	44.75	107	2700,50
16	-10.25	44.75	107	2700,50
16	-10.75	45.25	107	2700,50
16	-11.25	45.25	107	2700,50
16	-11.25	44.75	107	2700,50
16	-10.75	44.25	107	2700,50
16	-10.75	43.75	107	2700,50
16	-11.75	42.75	107	2700,50
16	-12.25	42.75	107	2700,50
16	-12.75	43.25	107	2700,50
16	-13.25	43.25	107	2700,50
16	-13.25	42.75	107	2700,50
16	-12.75	42.25	107	2700,50
16	-12.75	41.75	107	2700,50
16	-13.25	41.25	107	2700,50
16	-13.75	41.25	107	2700,50
16	-14.75	42.25	107	2700,50
16	-15.25	42.25	107	2700,50
16	-16.75	40.75	107	2700,50
16	-16.75	40.25	107	2700,50
16	-15.75	39.25	107	2700,50
16	-15.75	38.75	107	2700,50
16	-16.25	38.25	107	2700,50
16	-16.25	37.75	107	2700,50
16	-15.25	36.75	107	2700,50
16	-15.25	36.25	107	2700,50
16	-15.75	35.75	107	2700,50
16	-16.25	35.75	107	2700,50
16	-17.25	36.75	107	2700,50
16	-17.75	36.75	107	2700,50
16	-20.25	34.25	107	2700,50
16	-20.75	34.25	107	2700,50
16	-21.25	34.75	107	2700,50
16	-22.75	34.75	107	2700,50
16	-23.75	33.75	107	2700,50
16	-23.75	32.75	107	2700,50
16	-24.25	32.25	107	2700,50
16	-24.25	31.75	107	2700,50
16	-23.75	31.75	107	2700,50
16	-23.25	32.25	107	2700,50
16	-22.75	32.25	107	2700,50
16	-22.75	31.75	107	2700,50
16	-23.75	30.75	107	2700,50
16	-23.75	30.25	107	2700,50
16	-22.75	29.25	107	2700,50
16	-22.25	29.25	107	2700,50
16	-22.25	29.75	107	2700,50
16	-22.75	30.25	107	2700,50
16	-22.75	30.75	107	2700,50
16	-22.25	31.25	107	2700,50
16	-21.25	31.25	107	2700,50
16	-21.25	32.25	107	2700,50
16	-20.25	33.25	107	2700,50
16	-19.75	33.25	107	2700,50
16	-17.25	30.75	107	2700,50
16	-17.25	30.25	107	2700,50
16	-19.75	27.75	107	2700,50
16	-19.75	27.25	107	2700,50
16	-18.75	26.25	107	2700,50
16	-18.25	26.25	107	2700,50
16	-17.75	26.75	107	2700,50
16	-16.75	26.75	107	2700,50
16	-15.25	28.25	107	2700,50
16	-14.75	28.25	107	2700,50
16	-14.75	27.25	107	2700,50
16	-14.25	26.75	107	2700,50
16	-14.25	26.25	107	2700,50
16	-16.25	24.25	107	2700,50
16	-16.25	22.75	107	2700,50
16	-15.75	22.25	107	2700,50
16	-15.25	22.25	107	2700,50
16	-12.25	25.25	107	2700,50
16	-11.75	25.25	107	2700,50
16	-11.75	24.75	107	2700,50
16	-14.25	22.25	107	2700,50
16	-14.25	21.75	107	2700,50
16	-13.75	21.25	107	2700,50
16	-13.75	20.75	107	2700,50
16	-14.75	19.75	107	2700,50
16	-14.75	19.25	107	2700,50
16	-14.25	18.75	107	2700,50
16	-14.25	18.25	107	2700,50
16	-14.75	17.75	107	2700,50
16	-15.75	17.75	107	2700,50
16	-15.75	16.75	107	2700,50
16	-16.25	16.25	107	2700,50
16	-16.25	15.25	107	2700,50
16	-17.75	13.75	107	2700,50
16	-18.25	13.75	107	2700,50
16	-18.25	14.25	107	2700,50
16	-17.25	15.25	107	2700,50
16	-17.25	16.75	107	2700,50
16	-18.25	17.75	107	2700,50
16	-18.25	18.25	107	2700,50
16	-16.25	20.25	107	2700,50
16	-16.25	20.75	107	2700,50
16	-24.75	29.25	107	2700,50
16	-24.75	30.25	107	2700,50
16	-25.25	30.75	107	2700,50
16	-25.25	33.25	107	2700,50
16	-24.75	33.75	107	2700,50
16	-24.75	34.25	107	2700,50
16	-25.25	34.75	107	2700,50
177	-34.25	24.75	192	2700,50
177	-34.25	25.25	192	2700,50
177	-33.75	25.75	192	2700,50
177	-32.75	25.75	192	2700,50
177	-31.75	26.75	192	2700,50
177	-31.25	26.75	192	2700,50
177	-30.25	25.75	192	2700,50
177	-29.75	25.75	192	2700,50
177	-28.25	27.25	192	2700,50
177	-28.25	27.75	192	2700,50
177	-29.25	28.75	192	2700,50
177	-29.25	29.25	192	2700,50
177	-28.25	29.25	192	2700,50
177	-28.25	30.25	192	2700,50
177	-27.25	30.25	192	2700,50
177	-26.75	30.75	192	2700,50
177	-26.25	30.75	192	2700,50
177	-25.25	29.75	192	2700,50
177	-25.25	29.25	192	2700,50
177	-30.75	23.75	192	2700,50
177	-31.25	23.75	192	2700,50
177	-31.75	24.25	192	2700,50
177	-32.25	24.25	192	2700,50
177	-33.25	23.25	192	2700,50
177	-33.75	23.25	192	2700,50
177	-34.25	23.75	192	2700,50
177	-34.25	24.75	192	2700,50
309	-1.75	6.25	62	2650,50
309	-1.75	6.75	62	2650,50
309	-0.25	8.25	62	2650,50
309	1.75	8.25	62	2650,50
309	1.75	9.25	62	2650,50
309	3.25	10.75	62	2650,50
309	3.75	10.75	62	2650,50
309	4.75	9.75	62	2650,50
309	4.75	4.25	62	2650,50
309	4.25	4.25	62	2650,50
309	3.75	4.75	62	2650,50
309	3.25	4.75	62	2650,50
309	0.25	1.75	62	2650,50
309	-1.25	1.75	62	2650,50
309	-1.25	3.25	62	2650,50
309	-0.25	4.25	62	2650,50
309	-0.25	4.75	62	2650,50
309	-1.25	4.75	62	2650,50
309	-1.25	5.75	62	2650,50
309	-1.75	6.25	62	2650,50
309	-44.75	12.25	62	2700,50
309	-44.75	12.75	62	2700,50
309	-42.75	14.75	62	2700,50
309	-42.25	14.75	62	2700,50
309	-41.25	13.75	62	2700,50
309	-40.75	13.75	62	2700,50
309	-40.25	14.25	62	2700,50
309	-39.25	14.25	62	2700,50
309	-36.75	16.75	62	2700,50
309	-36.75	17.75	62	2700,50
309	-32.75	21.75	62	2700,50
309	-32.75	22.25	62	2700,50
309	-33.25	22.75	62	2700,50
309	-33.25	23.25	62	2700,50
309	-32.25	24.25	62	2700,50
309	-31.75	24.25	62	2700,50
309	-31.25	23.75	62	2700,50
309	-30.75	23.75	62	2700,50
309	-25.25	29.25	62	2700,50
309	-24.75	29.25	62	2700,50
309	-16.25	20.75	62	2700,50
309	-16.25	20.25	62	2700,50
309	-18.25	18.25	62	2700,50
309	-18.25	17.75	62	2700,50
309	-17.25	16.75	62	2700,50
309	-17.25	15.25	62	2700,50
309	-18.25	14.25	62	2700,50
309	-18.75	14.25	62	2700,50
309	-20.25	15.75	62	2700,50
309	-20.75	15.75	62	2700,50
309	-27.75	8.75	62	2700,50
309	-28.25	8.75	62	2700,50
309	-33.25	13.75	62	2700,50
309	-33.75	13.75	62	2700,50
309	-36.25	11.25	62	2700,50
309	-36.25	10.75	62	2700,50
309	-31.25	5.75	62	2700,50
309	-31.25	5.25	62	2700,50
309	-35.75	0.75	62	2700,50
309	-36.75	0.75	62	2700,50
309	-38.25	-0.75	62	2700,50
309	-38.75	-0.75	62	2700,50
309	-39.75	0.25	62	2700,50
309	-40.25	0.25	62	2700,50
309	-40.25	-0.75	62	2700,50
309	-41.75	-0.75	62	2700,50
309	-42.75	0.25	62	2700,50
309	-43.25	0.25	62	2700,50
309	-43.75	-0.25	62	2700,50
309	-45.25	-0.25	62	2700,50
309	-45.25	2.25	62	2700,50
309	-44.75	2.75	62	2700,50
309	-44.75	3.25	62	2700,50
309	-45.25	3.75	62	2700,50
309	-45.25	11.25	62	2700,50
309	-44.75	11.75	62	2700,50
309	-44.75	12.25	62	2700,50
309	3.75	46.75	62	2650,0
309	3.75	47.25	62	2650,0
309	4.25	47.75	62	2650,0
309	4.75	47.75	62	2650,0
309	4.75	46.25	62	2650,0
309	4.25	46.25	62	2650,0
309	3.75	46.75	62	2650,0
309	-45.25	46.75	62	2700,0
309	-45.25	47.25	62	2700,0
309	-44.75	47.75	62	2700,0
309	-44.25	47.75	62	2700,0
309	-43.75	47.25	62	2700,0
309	-43.25	47.25	62	2700,0
309	-41.25	49.25	62	2700,0
309	-39.75	49.25	62	2700,0
309	-39.25	48.75	62	2700,0
309	-39.25	48.25	62	2700,0
309	-42.75	44.75	62	2700,0
309	-43.25	44.75	62	2700,0
309	-44.25	45.75	62	2700,0
309	-45.25	45.75	62	2700,0
309	-45.25	46.75	62	2700,0
310	4.25	1.25	62	2650,50
310	4.25	1.75	62	2650,50
310	4.75	1.75	62	2650,50
310	4.75	-0.75	62	2650,50
310	4.25	-0.75	62	2650,50
310	4.25	1.25	62	2650,50
164	-7.25	-0.25	181	2600,0
164	-7.25	0.25	181	2600,0
164	-6.75	0.75	181	2600,0
164	-5.75	0.75	181	2600,0
164	-5.25	1.25	181	2600,0
164	-4.75	1.25	181	2600,0
164	-4.25	0.75	181	2600,0
164	-2.25	0.75	181	2600,0
164	-1.75	0.25	181	2600,0
164	-1.75	-0.25	181	2600,0
164	-7.25	-0.25	181	2600,0
197	-6.25	0.75	209	2600,0
197	-6.25	1.25	209	2600,0
197	-4.75	2.75	209	2600,0
197	-4.25	2.75	209	2600,0
197	-3.25	1.75	209	2600,0
197	-2.75	1.75	209	2600,0
197	-2.25	2.25	209	2600,0
197	-1.25	2.25	209	2600,0
197	-0.75	2.75	209	2600,0
197	-0.25	2.75	209	2600,0
197	0.25	2.25	209	2600,0
197	0.25	1.75	209	2600,0
197	-1.25	0.25	209	2600,0
197	-1.75	0.25	209	2600,0
197	-2.25	0.75	209	2600,0
197	-4.25	0.75	209	2600,0
197	-4.75	1.25	209	2600,0
197	-5.25	1.25	209	2600,0
197	-5.75	0.75	209	2600,0
197	-6.25	0.75	209	2600,0
37	-2.25	4.75	121	2600,0
37	-2.25	5.25	121	2600,0
37	-0.75	6.75	121	2600,0
37	-0.25	6.75	121	2600,0
37	0.75	5.75	121	2600,0
37	1.25	5.75	121	2600,0
37	2.25	6.75	121	2600,0
37	2.25	7.25	121	2600,0
37	1.25	8.25	121	2600,0
37	1.25	8.75	121	2600,0
37	2.25	9.75	121	2600,0
37	2.75	9.75	121	2600,0
37	3.75	8.75	121	2600,0
37	4.75	8.75	121	2600,0
37	5.25	8.25	121	2600,0
37	5.25	3.75	121	2600,0
37	2.25	0.75	121	2600,0
37	1.75	0.75	121	2600,0
37	-0.25	2.75	121	2600,0
37	-0.75	2.75	121	2600,0
37	-1.25	2.25	121	2600,0
37	-2.25	2.25	121	2600,0
37	-2.75	1.75	121	2600,0
37	-3.25	1.75	121	2600,0
37	-3.75	2.25	121	2600,0
37	-3.75	2.75	121	2600,0
37	-3.25	3.25	121	2600,0
37	-2.25	3.25	121	2600,0
37	-1.75	3.75	121	2600,0
37	-1.75	4.25	121	2600,0
37	-2.25	4.75	121	2600,0
37	-44.75	8.25	121	2650,0
37	-44.75	8.75	121	2650,0
37	-44.25	9.25	121	2650,0
37	-43.75	9.25	121	2650,0
37	-43.25	8.75	121	2650,0
37	-42.25	8.75	121	2650,0
37	-41.75	8.25	121	2650,0
37	-40.75	8.25	121	2650,0
37	-40.75	7.75	121	2650,0
37	-41.25	7.25	121	2650,0
37	-41.25	6.25	121	2650,0
37	-41.75	5.75	121	2650,0
37	-42.75	5.75	121	2650,0
37	-44.25	4.25	121	2650,0
37	-44.75	4.25	121	2650,0
37	-44.75	8.25	121	2650,0
227	-41.75	15.25	230	2650,0
227	-41.75	15.75	230	2650,0
227	-34.25	23.25	230	2650,0
227	-33.75	23.25	230	2650,0
227	-33.75	22.75	230	2650,0
227	-34.25	22.25	230	2650,0
227	-34.25	21.75	230	2650,0
227	-33.25	21.75	230	2650,0
227	-33.25	21.25	230	2650,0
227	-40.25	14.25	230	2650,0
227	-40.25	13.25	230	2650,0
227	-40.75	12.75	230	2650,0
227	-40.75	12.25	230	2650,0
227	-39.75	11.25	230	2650,0
227	-39.75	10.75	230	2650,0
227	-40.75	9.75	230	2650,0
227	-41.25	9.75	230	2650,0
227	-42.75	11.25	230	2650,0
227	-42.75	11.75	230	2650,0
227	-41.25	13.25	230	2650,0
227	-41.25	14.75	230	2650,0
227	-41.75	15.25	230	2650,0
338	-33.75	23.25	77	2650,0
338	-33.75	23.75	77	2650,0
338	-33.25	24.25	77	2650,0
338	-32.75	24.25	77	2650,0
338	-31.75	23.25	77	2650,0
338	-31.25	23.25	77	2650,0
338	-19.75	34.75	77	2650,0
338	-19.25	34.75	77	2650,0
338	-18.75	34.25	77	2650,0
338	-18.75	33.25	77	2650,0
338	-18.25	33.25	77	2650,0
338	-17.75	33.75	77	2650,0
338	-17.25	33.75	77	2650,0
338	-16.75	33.25	77	2650,0
338	-16.25	33.25	77	2650,0
338	-15.75	33.75	77	2650,0
338	-15.25	33.75	77	2650,0
338	-15.25	33.25	77	2650,0
338	-16.25	32.25	77	2650,0
338	-16.25	31.75	77	2650,0
338	-11.25	26.75	77	2650,0
338	-10.75	26.75	77	2650,0
338	-10.25	27.25	77	2650,0
338	-9.75	27.25	77	2650,0
338	-9.25	26.75	77	2650,0
338	-8.75	26.75	77	2650,0
338	-6.75	28.75	77	2650,0
338	-6.25	28.75	77	2650,0
338	-5.25	27.75	77	2650,0
338	-5.25	27.25	77	2650,0
338	-8.75	23.75	77	2650,0
338	-10.25	23.75	77	2650,0
338	-11.25	24.75	77	2650,0
338	-11.75	24.75	77	2650,0
338	-13.25	23.25	77	2650,0
338	-14.25	23.25	77	2650,0
338	-14.75	22.75	77	2650,0
338	-15.25	22.75	77	2650,0
338	-15.25	23.75	77	2650,0
338	-15.75	24.25	77	2650,0
338	-15.75	24.75	77	2650,0
338	-14.75	24.75	77	2650,0
338	-14.75	26.75	77	2650,0
338	-14.25	27.25	77	2650,0
338	-14.25	27.75	77	2650,0
338	-14.75	28.25	77	2650,0
338	-14.75	29.25	77	2650,0
338	-16.25	30.75	77	2650,0
338	-17.25	30.75	77	2650,0
338	-18.75	32.25	77	2650,0
338	-19.25	32.25	77	2650,0
338	-21.25	30.25	77	2650,0
338	-22.25	30.25	77	2650,0
338	-22.25	29.25	77	2650,0
338	-23.75	27.75	77	2650,0
338	-24.75	27.75	77	2650,0
338	-24.75	26.75	77	2650,0
338	-28.25	23.25	77	2650,0
338	-28.25	22.75	77	2650,0
338	-26.75	21.25	77	2650,0
338	-26.25	21.25	77	2650,0
338	-25.25	22.25	77	2650,0
338	-24.75	22.25	77	2650,0
338	-23.75	21.25	77	2650,0
338	-23.75	19.75	77	2650,0
338	-24.75	19.75	77	2650,0
338	-25.25	19.25	77	2650,0
338	-25.75	19.25	77	2650,0
338	-26.75	20.25	77	2650,0
338	-27.25	20.25	77	2650,0
338	-27.75	19.75	77	2650,0
338	-27.75	19.25	77	2650,0
338	-26.25	17.75	77	2650,0
338	-24.75	17.75	77	2650,0
338	-24.75	18.75	77	2650,0
338	-23.25	18.75	77	2650,0
338	-23.25	17.75	77	2650,0
338	-22.75	17.75	77	2650,0
338	-21.75	18.75	77	2650,0
338	-20.75	18.75	77	2650,0
338	-20.75	19.75	77	2650,0
338	-20.25	20.25	77	2650,0
338	-20.25	21.25	77	2650,0
338	-19.75	21.25	77	2650,0
338	-18.25	19.75	77	2650,0
338	-17.75	19.75	77	2650,0
338	-17.25	20.25	77	2650,0
338	-16.75	20.25	77	2650,0
338	-16.75	19.75	77	2650,0
338	-24.75	11.75	77	2650,0
338	-25.25	11.75	77	2650,0
338	-25.25	12.25	77	2650,0
338	-23.25	14.25	77	2650,0
338	-23.25	14.75	77	2650,0
338	-24.25	15.75	77	2650,0
338	-24.75	15.75	77	2650,0
338	-25.25	15.25	77	2650,0
338	-25.75	15.25	77	2650,0
338	-26.25	15.75	77	2650,0
338	-27.75	15.75	77	2650,0
338	-28.75	14.75	77	2650,0
338	-29.25	14.75	77	2650,0
338	-30.75	16.25	77	2650,0
338	-31.25	16.25	77	2650,0
338	-36.25	11.25	77	2650,0
338	-37.75	11.25	77	2650,0
338	-38.25	11.75	77	2650,0
338	-38.75	11.75	77	2650,0
338	-39.25	11.25	77	2650,0
338	-39.75	11.25	77	2650,0
338	-40.75	12.25	77	2650,0
338	-40.75	12.75	77	2650,0
338	-40.25	13.25	77	2650,0
338	-40.25	14.25	77	2650,0
338	-33.25	21.25	77	2650,0
338	-33.25	21.75	77	2650,0
338	-34.25	21.75	77	2650,0
338	-34.25	22.25	77	2650,0
338	-33.75	22.75	77	2650,0
338	-33.75	23.25	77	2650,0
219	-32.75	24.25	225	2650,0
219	-32.75	24.75	225	2650,0
219	-28.25	29.25	225	2650,0
219	-27.25	29.25	225	2650,0
219	-25.75	30.75	225	2650,0
219	-24.75	30.75	225	2650,0
219	-24.75	31.75	225	2650,0
219	-23.75	32.75	225	2650,0
219	-23.75	33.75	225	2650,0
219	-21.25	36.25	225	2650,0
219	-20.75	36.25	225	2650,0
219	-19.75	35.25	225	2650,0
219	-19.75	34.75	225	2650,0
219	-31.25	23.25	225	2650,0
219	-31.75	23.25	225	2650,0
219	-32.75	24.25	225	2650,0
313	-16.75	40.25	64	2650,0
313	-16.75	40.75	64	2650,0
313	-15.25	42.25	64	2650,0
313	-14.75	42.25	64	2650,0
313	-14.25	41.75	64	2650,0
313	-13.75	41.75	64	2650,0
313	-12.75	42.75	64	2650,0
313	-12.75	43.75	64	2650,0
313	-11.75	43.75	64	2650,0
313	-11.25	44.25	64	2650,0
313	-11.25	46.25	64	2650,0
313	-8.25	49.25	64	2650,0
313	-5.75	49.25	64	2650,0
313	-5.75	48.75	64	2650,0
313	-15.25	39.25	64	2650,0
313	-15.25	38.75	64	2650,0
313	-13.75	37.25	64	2650,0
313	-13.75	36.75	64	2650,0
313	-16.25	34.25	64	2650,0
313	-16.75	34.25	64	2650,0
313	-18.25	35.75	64	2650,0
313	-18.25	36.25	64	2650,0
313	-16.25	38.25	64	2650,0
313	-16.25	39.75	64	2650,0
313	-16.75	40.25	64	2650,0
313	-7.25	-0.25	64	2650,50
313	-7.25	0.25	64	2650,50
313	-6.25	1.25	64	2650,50
313	-5.25	1.25	64	2650,50
313	-4.25	2.25	64	2650,50
313	-4.25	3.25	64	2650,50
313	-3.25	3.25	64	2650,50
313	-2.25	4.25	64	2650,50
313	-2.25	5.25	64	2650,50
313	-1.75	5.75	64	2650,50
313	-1.25	5.75	64	2650,50
313	-1.25	4.75	64	2650,50
313	-0.25	4.75	64	2650,50
313	-0.25	4.25	64	2650,50
313	-1.25	3.25	64	2650,50
313	-1.25	1.75	64	2650,50
313	0.25	1.75	64	2650,50
313	3.25	4.75	64	2650,50
313	3.75	4.75	64	2650,50
313	4.75	3.75	64	2650,50
313	4.75	2.25	64	2650,50
313	4.25	1.75	64	2650,50
313	4.25	-0.25	64	2650,50
313	3.75	-0.75	64	2650,50
313	-3.75	-0.75	64	2650,50
313	-4.25	-0.25	64	2650,50
313	-4.75	-0.25	64	2650,50
313	-5.25	-0.75	64	2650,50
313	-6.75	-0.75	64	2650,50
313	-7.25	-0.25	64	2650,50
313	-45.25	2.75	64	2700,50
313	-45.25	3.25	64	2700,50
313	-44.75	3.25	64	2700,50
313	-44.75	2.75	64	2700,50
313	-45.25	2.75	64	2700,50
313	-45.25	48.75	64	2700,0
313	-45.25	49.25	64	2700,0
313	-41.75	49.25	64	2700,0
313	-41.75	48.75	64	2700,0
313	-43.25	47.25	64	2700,0
313	-43.75	47.25	64	2700,0
313	-44.25	47.75	64	2700,0
313	-45.25	47.75	64	2700,0
313	-45.25	48.75	64	2700,0
314	-4.25	48.75	64	2650,0
314	-4.25	49.25	64	2650,0
314	4.25	49.25	64	2650,0
314	4.75	48.75	64	2650,0
314	4.75	48.25	64	2650,0
314	3.75	47.25	64	2650,0
314	3.75	46.75	64	2650,0
314	4.75	45.75	64	2650,0
314	4.75	41.25	64	2650,0
314	3.25	39.75	64	2650,0
314	3.25	39.25	64	2650,0
314	4.25	39.25	64	2650,0
314	4.75	38.75	64	2650,0
314	4.75	38.25	64	2650,0
314	3.75	37.25	64	2650,0
314	2.25	37.25	64	2650,0
314	1.75	37.75	64	2650,0
314	1.25	37.75	64	2650,0
314	-0.25	36.25	64	2650,0
314	-0.75	36.25	64	2650,0
314	-0.75	36.75	64	2650,0
314	1.75	39.25	64	2650,0
314	1.75	39.75	64	2650,0
314	0.75	40.75	64	2650,0
314	0.75	41.25	64	2650,0
314	1.25	41.75	64	2650,0
314	1.25	42.25	64	2650,0
314	0.75	42.75	64	2650,0
314	-0.75	42.75	64	2650,0
314	-1.25	42.25	64	2650,0
314	-1.25	41.25	64	2650,0
314	-1.75	40.75	64	2650,0
314	-1.75	40.25	64	2650,0
314	-1.25	39.75	64	2650,0
314	-1.25	39.25	64	2650,0
314	-2.25	38.25	64	2650,0
314	-2.75	38.25	64	2650,0
314	-3.75	39.25	64	2650,0
314	-3.75	39.75	64	2650,0
314	-3.25	40.25	64	2650,0
314	-3.25	41.25	64	2650,0
314	-2.75	41.75	64	2650,0
314	-2.75	43.25	64	2650,0
314	-4.25	43.25	64	2650,0
314	-5.75	41.75	64	2650,0
314	-6.25	41.75	64	2650,0
314	-7.75	43.25	64	2650,0
314	-7.75	43.75	64	2650,0
314	-5.25	46.25	64	2650,0
314	-4.75	46.25	64	2650,0
314	-3.25	44.75	64	2650,0
314	-2.75	44.75	64	2650,0
314	-2.75	46.25	64	2650,0
314	-3.75	47.25	64	2650,0
314	-3.75	48.25	64	2650,0
314	-4.25	48.75	64	2650,0
314	-44.75	-0.75	64	2700,50
314	-44.75	-0.25	64	2700,50
314	-44.25	-0.25	64	2700,50
314	-44.25	-0.75	64	2700,50
314	-44.75	-0.75	64	2700,50
314	-45.25	44.75	64	2700,0
314	-45.25	45.25	64	2700,0
314	-44.75	45.75	64	2700,0
314	-44.25	45.75	64	2700,0
314	-43.25	44.75	64	2700,0
314	-42.75	44.75	64	2700,0
314	-39.25	48.25	64	2700,0
314	-39.25	49.25	64	2700,0
314	-37.75	49.25	64	2700,0
314	-37.75	48.75	64	2700,0
314	-44.75	41.75	64	2700,0
314	-45.25	41.75	64	2700,0
314	-45.25	44.75	64	2700,0
238	-42.25	14.75	238	2700,50
238	-42.25	15.25	238	2700,50
238	-41.75	15.75	238	2700,50
238	-41.25	15.75	238	2700,50
238	-40.75	15.25	238	2700,50
238	-40.25	15.25	238	2700,50
238	-40.25	16.25	238	2700,50
238	-39.25	17.25	238	2700,50
238	-38.25	17.25	238	2700,50
238	-37.75	17.75	238	2700,50
238	-37.75	18.25	238	2700,50
238	-38.25	18.75	238	2700,50
238	-38.25	19.25	238	2700,50
238	-35.75	21.75	238	2700,50
238	-34.75	21.75	238	2700,50
238	-33.75	22.75	238	2700,50
238	-33.25	22.75	238	2700,50
238	-32.75	22.25	238	2700,50
238	-32.75	21.75	238	2700,50
238	-36.75	17.75	238	2700,50
238	-36.75	16.75	238	2700,50
238	-39.25	14.25	238	2700,50
238	-40.25	14.25	238	2700,50
238	-40.75	13.75	238	2700,50
238	-41.25	13.75	238	2700,50
238	-42.25	14.75	238	2700,50
248	-23.75	33.25	28	2700,50
248	-23.75	33.75	28	2700,50
248	-22.75	34.75	28	2700,50
248	-21.25	34.75	28	2700,50
248	-20.75	34.25	28	2700,50
248	-20.25	34.25	28	2700,50
248	-17.75	36.75	28	2700,50
248	-17.25	36.75	28	2700,50
248	-16.25	35.75	28	2700,50
248	-15.75	35.75	28	2700,50
248	-15.25	36.25	28	2700,50
248	-15.25	36.75	28	2700,50
248	-16.25	37.75	28	2700,50
248	-16.25	38.25	28	2700,50
248	-15.75	38.75	28	2700,50
248	-15.75	39.25	28	2700,50
248	-16.75	40.25	28	2700,50
248	-16.75	40.75	28	2700,50
248	-15.25	42.25	28	2700,50
248	-14.75	42.25	28	2700,50
248	-13.75	41.25	28	2700,50
248	-13.25	41.25	28	2700,50
248	-12.75	41.75	28	2700,50
248	-12.75	42.25	28	2700,50
248	-13.25	42.75	28	2700,50
248	-13.25	43.25	28	2700,50
248	-12.75	43.25	28	2700,50
248	-12.25	42.75	28	2700,50
248	-11.75	42.75	28	2700,50
248	-10.75	43.75	28	2700,50
248	-10.75	44.25	28	2700,50
248	-11.25	44.75	28	2700,50
248	-11.25	45.25	28	2700,50
248	-10.75	45.25	28	2700,50
248	-10.25	44.75	28	2700,50
248	-9.25	44.75	28	2700,50
248	-6.25	41.75	28	2700,50
248	-6.25	40.75	28	2700,50
248	-4.75	39.25	28	2700,50
248	-3.75	39.25	28	2700,50
248	-2.75	38.25	28	2700,50
248	-2.75	37.25	28	2700,50
248	-1.75	36.25	28	2700,50
248	-0.75	36.25	28	2700,50
248	-0.75	35.75	28	2700,50
248	-6.25	30.25	28	2700,50
248	-6.25	29.75	28	2700,50
248	-5.75	29.25	28	2700,50
248	-5.75	28.25	28	2700,50
248	-5.25	27.75	28	2700,50
248	-5.25	27.25	28	2700,50
248	-6.25	26.25	28	2700,50
248	-7.25	26.25	28	2700,50
248	-8.75	24.75	28	2700,50
248	-10.25	24.75	28	2700,50
248	-10.25	25.25	28	2700,50
248	-8.25	27.25	28	2700,50
248	-8.25	27.75	28	2700,50
248	-9.25	27.75	28	2700,50
248	-9.25	28.25	28	2700,50
248	-7.75	29.75	28	2700,50
248	-7.75	30.25	28	2700,50
248	-8.75	31.25	28	2700,50
248	-9.75	31.25	28	2700,50
248	-11.25	32.75	28	2700,50
248	-11.25	33.75	28	2700,50
248	-12.25	34.75	28	2700,50
248	-12.75	34.75	28	2700,50
248	-16.25	31.25	28	2700,50
248	-16.25	30.75	28	2700,50
248	-14.75	29.25	28	2700,50
248	-13.75	29.25	28	2700,50
248	-12.75	28.25	28	2700,50
248	-12.75	27.25	28	2700,50
248	-11.75	26.25	28	2700,50
248	-11.25	26.25	28	2700,50
248	-10.25	27.25	28	2700,50
248	-9.75	27.25	28	2700,50
248	-9.75	26.75	28	2700,50
248	-11.25	25.25	28	2700,50
248	-12.25	25.25	28	2700,50
248	-15.25	22.25	28	2700,50
248	-15.75	22.25	28	2700,50
248	-16.25	22.75	28	2700,50
248	-16.25	24.25	28	2700,50
248	-14.25	26.25	28	2700,50
248	-14.25	26.75	28	2700,50
248	-14.75	27.25	28	2700,50
248	-14.75	28.25	28	2700,50
248	-15.25	28.25	28	2700,50
248	-16.75	26.75	28	2700,50
248	-17.75	26.75	28	2700,50
248	-18.25	26.25	28	2700,50
248	-18.75	26.25	28	2700,50
248	-19.75	27.25	28	2700,50
248	-19.75	27.75	28	2700,50
248	-17.25	30.25	28	2700,50
248	-17.25	30.75	28	2700,50
248	-19.75	33.25	28	2700,50
248	-20.25	33.25	28	2700,50
248	-21.25	32.25	28	2700,50
248	-21.25	31.25	28	2700,50
248	-22.25	31.25	28	2700,50
248	-22.75	30.75	28	2700,50
248	-22.75	30.25	28	2700,50
248	-22.25	29.75	28	2700,50
248	-22.25	29.25	28	2700,50
248	-22.75	29.25	28	2700,50
248	-23.75	30.25	28	2700,50
248	-23.75	30.75	28	2700,50
248	-22.75	31.75	28	2700,50
248	-22.75	32.25	28	2700,50
248	-23.25	32.25	28	2700,50
248	-23.75	31.75	28	2700,50
248	-24.25	31.75	28	2700,50
248	-24.25	32.25	28	2700,50
248	-23.75	32.75	28	2700,50
248	-23.75	33.25	28	2700,50
24	-19.25	34.75	113	2650,0
24	-19.25	35.25	113	2650,0
24	-18.75	35.75	113	2650,0
24	-18.25	35.75	113	2650,0
24	-16.75	34.25	113	2650,0
24	-16.25	34.25	113	2650,0
24	-13.75	36.75	113	2650,0
24	-13.75	37.25	113	2650,0
24	-15.25	38.75	113	2650,0
24	-15.25	39.25	113	2650,0
24	-5.25	49.25	113	2650,0
24	-4.75	49.25	113	2650,0
24	-3.75	48.25	113	2650,0
24	-3.75	47.25	113	2650,0
24	-2.75	46.25	113	2650,0
24	-2.75	44.75	113	2650,0
24	-3.25	44.75	113	2650,0
24	-4.75	46.25	113	2650,0
24	-5.25	46.25	113	2650,0
24	-7.75	43.75	113	2650,0
24	-7.75	43.25	113	2650,0
24	-6.25	41.75	113	2650,0
24	-5.75	41.75	113	2650,0
24	-4.25	43.25	113	2650,0
24	-2.75	43.25	113	2650,0
24	-2.75	41.75	113	2650,0
24	-3.25	41.25	113	2650,0
24	-3.25	40.25	113	2650,0
24	-3.75	39.75	113	2650,0
24	-3.75	39.25	113	2650,0
24	-2.75	38.25	113	2650,0
24	-2.25	38.25	113	2650,0
24	-1.25	39.25	113	2650,0
24	-1.25	39.75	113	2650,0
24	-1.75	40.25	113	2650,0
24	-1.75	40.75	113	2650,0
24	-1.25	41.25	113	2650,0
24	-1.25	42.25	113	2650,0
24	-0.75	42.75	113	2650,0
24	0.75	42.75	113	2650,0
24	1.25	42.25	113	2650,0
24	1.25	41.75	113	2650,0
24	0.75	41.25	113	2650,0
24	0.75	40.75	113	2650,0
24	1.75	39.75	113	2650,0
24	1.75	39.25	113	2650,0
24	-0.75	36.75	113	2650,0
24	-0.75	35.25	113	2650,0
24	0.75	33.75	113	2650,0
24	0.75	33.25	113	2650,0
24	-2.25	30.25	113	2650,0
24	-3.75	30.25	113	2650,0
24	-4.75	31.25	113	2650,0
24	-5.25	31.25	113	2650,0
24	-5.75	30.75	113	2650,0
24	-5.75	30.25	113	2650,0
24	-4.75	29.25	113	2650,0
24	-4.75	28.75	113	2650,0
24	-5.25	28.25	113	2650,0
24	-5.75	28.25	113	2650,0
24	-6.25	28.75	113	2650,0
24	-6.75	28.75	113	2650,0
24	-8.75	26.75	113	2650,0
24	-9.25	26.75	113	2650,0
24	-9.75	27.25	113	2650,0
24	-9.75	27.75	113	2650,0
24	-7.25	30.25	113	2650,0
24	-7.25	30.75	113	2650,0
24	-11.75	35.25	113	2650,0
24	-12.25	35.25	113	2650,0
24	-15.75	31.75	113	2650,0
24	-16.25	31.75	113	2650,0
24	-16.25	32.25	113	2650,0
24	-15.25	33.25	113	2650,0
24	-15.25	33.75	113	2650,0
24	-15.75	33.75	113	2650,0
24	-16.25	33.25	113	2650,0
24	-16.75	33.25	113	2650,0
24	-17.25	33.75	113	2650,0
24	-17.75	33.75	113	2650,0
24	-18.25	33.25	113	2650,0
24	-18.75	33.25	113	2650,0
24	-18.75	34.25	113	2650,0
24	-19.25	34.75	113	2650,0
24	-4.75	-0.75	113	2650,50
24	-4.75	-0.25	113	2650,50
24	-4.25	-0.25	113	2650,50
24	-4.25	-0.75	113	2650,50
24	-4.75	-0.75	113	2650,50
221	-24.75	27.25	227	2650,0
221	-24.75	27.75	227	2650,0
221	-23.75	27.75	227	2650,0
221	-22.25	29.25	227	2650,0
221	-22.25	30.25	227	2650,0
221	-21.25	30.25	227	2650,0
221	-19.25	32.25	227	2650,0
221	-18.75	32.25	227	2650,0
221	-17.25	30.75	227	2650,0
221	-16.25	30.75	227	2650,0
221	-14.75	29.25	227	2650,0
221	-14.75	28.25	227	2650,0
221	-14.25	27.75	227	2650,0
221	-14.25	27.25	227	2650,0
221	-14.75	26.75	227	2650,0
221	-14.75	24.75	227	2650,0
221	-15.75	24.75	227	2650,0
221	-15.75	24.25	227	2650,0
221	-15.25	23.75	227	2650,0
221	-15.25	22.75	227	2650,0
221	-14.75	22.75	227	2650,0
221	-14.25	23.25	227	2650,0
221	-13.75	23.25	227	2650,0
221	-13.75	22.75	227	2650,0
221	-16.25	20.25	227	2650,0
221	-17.25	20.25	227	2650,0
221	-17.75	19.75	227	2650,0
221	-18.25	19.75	227	2650,0
221	-19.75	21.25	227	2650,0
221	-20.25	21.25	227	2650,0
221	-20.25	20.25	227	2650,0
221	-20.75	19.75	227	2650,0
221	-20.75	18.75	227	2650,0
221	-21.75	18.75	227	2650,0
221	-22.75	17.75	227	2650,0
221	-23.25	17.75	227	2650,0
221	-23.25	18.75	227	2650,0
221	-24.75	18.75	227	2650,0
221	-24.75	17.75	227	2650,0
221	-26.25	17.75	227	2650,0
221	-27.75	19.25	227	2650,0
221	-27.75	19.75	227	2650,0
221	-27.25	20.25	227	2650,0
221	-26.75	20.25	227	2650,0
221	-25.75	19.25	227	2650,0
221	-25.25	19.25	227	2650,0
221	-24.75	19.75	227	2650,0
221	-23.75	19.75	227	2650,0
221	-23.75	21.25	227	2650,0
221	-24.75	22.25	227	2650,0
221	-25.25	22.25	227	2650,0
221	-26.25	21.25	227	2650,0
221	-26.75	21.25	227	2650,0
221	-28.25	22.75	227	2650,0
221	-28.25	23.25	227	2650,0
221	-24.75	26.75	227	2650,0
221	-24.75	27.25	227	2650,0
186	-1.25	-0.25	20	2600,0
186	-1.25	0.25	20	2600,0
186	0.25	1.75	20	2600,0
186	0.75	1.75	20	2600,0
186	1.75	0.75	20	2600,0
186	2.25	0.75	20	2600,0
186	4.75	3.25	20	2600,0
186	5.25	3.25	20	2600,0
186	5.25	1.75	20	2600,0
186	4.25	1.75	20	2600,0
186	2.25	-0.25	20	2600,0
186	-1.25	-0.25	20	2600,0
186	-44.75	3.25	20	2650,0
186	-44.75	3.75	20	2650,0
186	-43.75	3.75	20	2650,0
186	-43.25	4.25	20	2650,0
186	-42.75	4.25	20	2650,0
186	-41.25	2.75	20	2650,0
186	-41.25	1.75	20	2650,0
186	-40.25	1.75	20	2650,0
186	-40.25	1.25	20	2650,0
186	-40.75	0.75	20	2650,0
186	-44.25	0.75	20	2650,0
186	-44.75	1.25	20	2650,0
186	-44.75	3.25	20	2650,0
350	-41.75	8.25	85	2650,0
350	-41.75	8.75	85	2650,0
350	-41.25	9.25	85	2650,0
350	-40.75	9.25	85	2650,0
350	-39.75	8.25	85	2650,0
350	-39.75	7.75	85	2650,0
350	-40.25	7.25	85	2650,0
350	-40.25	6.75	85	2650,0
350	-35.75	2.25	85	2650,0
350	-35.75	1.75	85	2650,0
350	-36.75	0.75	85	2650,0
350	-37.25	0.75	85	2650,0
350	-41.75	5.25	85	2650,0
350	-41.75	5.75	85	2650,0
350	-41.25	6.25	85	2650,0
350	-41.25	7.25	85	2650,0
350	-40.75	7.75	85	2650,0
350	-40.75	8.25	85	2650,0
350	-41.75	8.25	85	2650,0
257	-40.75	9.25	32	2650,0
257	-40.75	9.75	32	2650,0
257	-38.75	11.75	32	2650,0
257	-38.25	11.75	32	2650,0
257	-37.75	11.25	32	2650,0
257	-36.25	11.25	32	2650,0
257	-31.25	16.25	32	2650,0
257	-30.75	16.25	32	2650,0
257	-29.25	14.75	32	2650,0
257	-28.75	14.75	32	2650,0
257	-27.75	15.75	32	2650,0
257	-26.25	15.75	32	2650,0
257	-25.75	15.25	32	2650,0
257	-25.25	15.25	32	2650,0
257	-24.75	15.75	32	2650,0
257	-24.25	15.75	32	2650,0
257	-23.25	14.75	32	2650,0
257	-23.25	14.25	32	2650,0
257	-25.25	12.25	32	2650,0
257	-25.25	11.25	32	2650,0
257	-31.25	5.25	32	2650,0
257	-31.25	4.75	32	2650,0
257	-28.75	2.25	32	2650,0
257	-27.25	2.25	32	2650,0
257	-26.25	3.25	32	2650,0
257	-26.25	4.25	32	2650,0
257	-25.75	4.75	32	2650,0
257	-25.25	4.75	32	2650,0
257	-24.75	4.25	32	2650,0
257	-24.25	4.25	32	2650,0
257	-21.25	7.25	32	2650,0
257	-20.25	7.25	32	2650,0
257	-19.25	8.25	32	2650,0
257	-18.25	8.25	32	2650,0
257	-17.75	8.75	32	2650,0
257	-17.75	9.75	32	2650,0
257	-16.75	10.75	32	2650,0
257	-15.75	10.75	32	2650,0
257	-14.75	11.75	32	2650,0
257	-14.75	12.75	32	2650,0
257	-14.25	13.25	32	2650,0
257	-13.25	13.25	32	2650,0
257	-13.25	14.25	32	2650,0
257	-12.25	15.25	32	2650,0
257	-11.75	15.25	32	2650,0
257	-11.75	14.75	32	2650,0
257	-12.25	14.25	32	2650,0
257	-12.25	13.75	32	2650,0
257	-6.75	8.25	32	2650,0
257	-6.25	8.25	32	2650,0
257	-5.75	8.75	32	2650,0
257	-5.75	9.25	32	2650,0
257	-6.75	10.25	32	2650,0
257	-6.75	11.25	32	2650,0
257	-7.75	11.25	32	2650,0
257	-7.75	11.75	32	2650,0
257	-6.75	12.75	32	2650,0
257	-5.75	12.75	32	2650,0
257	-4.75	13.75	32	2650,0
257	-4.25	13.75	32	2650,0
257	-3.75	13.25	32	2650,0
257	-3.25	13.25	32	2650,0
257	-2.75	13.75	32	2650,0
257	-2.75	14.75	32	2650,0
257	-2.25	15.25	32	2650,0
257	-1.75	15.25	32	2650,0
257	2.25	11.25	32	2650,0
257	3.25	11.25	32	2650,0
257	4.25	10.25	32	2650,0
257	4.25	9.25	32	2650,0
257	4.75	8.75	32	2650,0
257	4.75	6.25	32	2650,0
257	3.75	6.25	32	2650,0
257	3.25	5.75	32	2650,0
257	2.75	5.75	32	2650,0
257	1.75	6.75	32	2650,0
257	1.75	7.75	32	2650,0
257	0.75	7.75	32	2650,0
257	0.25	8.25	32	2650,0
257	-0.25	8.25	32	2650,0
257	-1.25	7.25	32	2650,0
257	-1.75	7.25	32	2650,0
257	-2.25	7.75	32	2650,0
257	-2.75	7.75	32	2650,0
257	-2.75	6.75	32	2650,0
257	-5.75	3.75	32	2650,0
257	-6.25	3.75	32	2650,0
257	-6.75	4.25	32	2650,0
257	-7.25	4.25	32	2650,0
257	-8.75	2.75	32	2650,0
257	-10.25	2.75	32	2650,0
257	-11.25	3.75	32	2650,0
257	-12.25	3.75	32	2650,0
257	-12.75	4.25	32	2650,0
257	-13.25	4.25	32	2650,0
257	-13.75	3.75	32	2650,0
257	-14.25	3.75	32	2650,0
257	-14.75	4.25	32	2650,0
257	-16.25	4.25	32	2650,0
257	-16.75	3.75	32	2650,0
257	-17.25	3.75	32	2650,0
257	-17.75	4.25	32	2650,0
257	-18.75	4.25	32	2650,0
257	-20.25	5.75	32	2650,0
257	-20.75	5.75	32	2650,0
257	-21.25	5.25	32	2650,0
257	-22.25	5.25	32	2650,0
257	-26.75	0.75	32	2650,0
257	-28.75	0.75	32	2650,0
257	-29.25	0.25	32	2650,0
257	-29.75	0.25	32	2650,0
257	-32.25	2.75	32	2650,0
257	-32.75	2.75	32	2650,0
257	-33.75	1.75	32	2650,0
257	-34.75	1.75	32	2650,0
257	-36.25	0.25	32	2650,0
257	-36.75	0.25	32	2650,0
257	-36.75	0.75	32	2650,0
257	-32.25	5.25	32	2650,0
257	-32.25	5.75	32	2650,0
257	-33.25	6.75	32	2650,0
257	-34.25	6.75	32	2650,0
257	-35.75	8.25	32	2650,0
257	-35.75	9.25	32	2650,0
257	-36.75	10.25	32	2650,0
257	-37.25	10.25	32	2650,0
257	-39.25	8.25	32	2650,0
257	-39.75	8.25	32	2650,0
257	-40.75	9.25	32	2650,0
257	-45.25	7.75	32	2700,0
257	-45.25	8.25	32	2700,0
257	-43.75	8.25	32	2700,0
257	-43.75	7.25	32	2700,0
257	-43.25	6.75	32	2700,0
257	-42.75	6.75	32	2700,0
257	-42.25	7.25	32	2700,0
257	-41.75	7.25	32	2700,0
257	-41.75	6.75	32	2700,0
257	-42.25	6.25	32	2700,0
257	-42.25	5.25	32	2700,0
257	-42.75	5.25	32	2700,0
257	-43.25	5.75	32	2700,0
257	-44.25	5.75	32	2700,0
257	-45.25	6.75	32	2700,0
257	-45.25	7.75	32	2700,0
13	-44.25	3.75	105	2650,0
13	-44.25	4.25	105	2650,0
13	-42.75	5.75	105	2650,0
13	-42.25	5.75	105	2650,0
13	-37.75	1.25	105	2650,0
13	-37.75	0.75	105	2650,0
13	-39.25	0.75	105	2650,0
13	-40.25	1.75	105	2650,0
13	-41.25	1.75	105	2650,0
13	-41.25	2.75	105	2650,0
13	-42.75	4.25	105	2650,0
13	-43.25	4.25	105	2650,0
13	-43.75	3.75	105	2650,0
13	-44.25	3.75	105	2650,0
315	-43.75	-0.25	64	2700,50
315	-43.75	-0.75	64	2700,50
315	-42.25	-0.75	64	2700,50
315	-42.25	-0.25	64	2700,50
315	-42.75	0.25	64	2700,50
315	-43.25	0.25	64	2700,50
315	-43.75	-0.25	64	2700,50
316	-40.25	-0.25	64	2700,50
316	-40.25	0.25	64	2700,50
316	-39.75	0.25	64	2700,50
316	-39.25	-0.25	64	2700,50
316	-39.25	-0.75	64	2700,50
316	-39.75	-0.75	64	2700,50
316	-40.25	-0.25	64	2700,50
317	-37.75	-0.75	64	2700,50
317	-37.75	-0.25	64	2700,50
317	-36.75	0.75	64	2700,50
317	-36.25	0.75	64	2700,50
317	-36.25	0.25	64	2700,50
317	-37.25	-0.75	64	2700,50
317	-37.75	-0.75	64	2700,50
157	2.75	-0.25	176	2600,0
157	2.75	0.25	176	2600,0
157	4.25	1.75	176	2600,0
157	4.75	1.75	176	2600,0
157	5.25	1.25	176	2600,0
157	5.25	-0.25	176	2600,0
157	2.75	-0.25	176	2600,0
157	-44.75	0.25	176	2650,0
157	-44.75	0.75	176	2650,0
157	-40.75	0.75	176	2650,0
157	-40.25	1.25	176	2650,0
157	-39.75	1.25	176	2650,0
157	-39.25	0.75	176	2650,0
157	-37.25	0.75	176	2650,0
157	-36.75	0.25	176	2650,0
157	-36.75	-0.25	176	2650,0
157	-44.25	-0.25	176	2650,0
157	-44.75	0.25	176	2650,0
152	-40.25	6.75	171	2650,0
152	-40.25	7.25	171	2650,0
152	-39.75	7.75	171	2650,0
152	-39.25	7.75	171	2650,0
152	-34.75	3.25	171	2650,0
152	-34.75	2.75	171	2650,0
152	-35.25	2.25	171	2650,0
152	-35.75	2.25	171	2650,0
152	-40.25	6.75	171	2650,0
23	-39.25	7.75	112	2650,0
23	-39.25	8.25	112	2650,0
23	-37.25	10.25	112	2650,0
23	-36.75	10.25	112	2650,0
23	-35.75	9.25	112	2650,0
23	-35.75	8.25	112	2650,0
23	-34.25	6.75	112	2650,0
23	-33.25	6.75	112	2650,0
23	-32.25	5.75	112	2650,0
23	-32.25	5.25	112	2650,0
23	-34.25	3.25	112	2650,0
23	-34.75	3.25	112	2650,0
23	-39.25	7.75	112	2650,0
213	-15.75	31.25	220	2650,0
213	-15.75	31.75	220	2650,0
213	-12.25	35.25	220	2650,0
213	-11.75	35.25	220	2650,0
213	-7.25	30.75	220	2650,0
213	-7.25	30.25	220	2650,0
213	-10.75	26.75	220	2650,0
213	-11.25	26.75	220	2650,0
213	-15.75	31.25	220	2650,0
204	-36.25	10.75	213	2700,50
204	-36.25	11.25	213	2700,50
204	-33.75	13.75	213	2700,50
204	-33.25	13.75	213	2700,50
204	-28.25	8.75	213	2700,50
204	-27.75	8.75	213	2700,50
204	-23.75	12.75	213	2700,50
204	-23.25	12.75	213	2700,50
204	-22.25	11.75	213	2700,50
204	-22.25	11.25	213	2700,50
204	-23.75	9.75	213	2700,50
204	-24.75	9.75	213	2700,50
204	-24.75	8.75	213	2700,50
204	-26.25	7.25	213	2700,50
204	-26.25	6.75	213	2700,50
204	-25.75	6.25	213	2700,50
204	-25.75	5.75	213	2700,50
204	-28.25	3.25	213	2700,50
204	-30.75	3.25	213	2700,50
204	-31.75	4.25	213	2700,50
204	-31.75	4.75	213	2700,50
204	-31.25	5.25	213	2700,50
204	-31.25	5.75	213	2700,50
204	-36.25	10.75	213	2700,50
205	-30.75	4.25	213	2700,50
205	-30.75	4.75	213	2700,50
205	-27.75	7.75	213	2700,50
205	-27.25	7.75	213	2700,50
205	-26.75	7.25	213	2700,50
205	-26.75	6.75	213	2700,50
205	-29.25	4.25	213	2700,50
205	-30.75	4.25	213	2700,50
273	-16.25	30.75	41	2700,50
273	-16.25	31.25	41	2700,50
273	-12.75	34.75	41	2700,50
273	-12.25	34.75	41	2700,50
273	-11.25	33.75	41	2700,50
273	-11.25	32.75	41	2700,50
273	-9.75	31.25	41	2700,50
273	-8.75	31.25	41	2700,50
273	-7.75	30.25	41	2700,50
273	-7.75	29.75	41	2700,50
273	-9.25	28.25	41	2700,50
273	-9.25	27.75	41	2700,50
273	-8.25	27.75	41	2700,50
273	-8.25	27.25	41	2700,50
273	-10.25	25.25	41	2700,50
273	-10.25	24.75	41	2700,50
273	-8.75	24.75	41	2700,50
273	-7.25	26.25	41	2700,50
273	-6.25	26.25	41	2700,50
273	-5.25	27.25	41	2700,50
273	-5.25	27.75	41	2700,50
273	-5.75	28.25	41	2700,50
273	-5.75	28.75	41	2700,50
273	-5.25	28.75	41	2700,50
273	-4.25	27.75	41	2700,50
273	-3.75	27.75	41	2700,50
273	2.25	33.75	41	2700,50
273	2.75	33.75	41	2700,50
273	5.25	31.25	41	2700,50
273	5.25	26.75	41	2700,50
273	4.75	26.75	41	2700,50
273	3.25	28.25	41	2700,50
273	3.25	28.75	41	2700,50
273	3.75	29.25	41	2700,50
273	4.75	29.25	41	2700,50
273	4.75	29.75	41	2700,50
273	4.25	30.25	41	2700,50
273	1.75	30.25	41	2700,50
273	1.25	29.75	41	2700,50
273	1.25	29.25	41	2700,50
273	1.75	28.75	41	2700,50
273	1.75	28.25	41	2700,50
273	1.25	28.25	41	2700,50
273	0.75	28.75	41	2700,50
273	0.25	28.75	41	2700,50
273	-0.25	28.25	41	2700,50
273	-0.25	26.25	41	2700,50
273	-1.25	25.25	41	2700,50
273	-1.75	25.25	41	2700,50
273	-2.25	25.75	41	2700,50
273	-2.75	25.75	41	2700,50
273	-4.75	23.75	41	2700,50
273	-4.75	23.25	41	2700,50
273	-4.25	22.75	41	2700,50
273	-3.75	22.75	41	2700,50
273	-2.25	24.25	41	2700,50
273	-0.75	24.25	41	2700,50
273	5.25	18.25	41	2700,50
273	5.25	12.75	41	2700,50
273	4.25	12.75	41	2700,50
273	3.25	11.75	41	2700,50
273	2.75	11.75	41	2700,50
273	-5.25	19.75	41	2700,50
273	-5.25	21.25	41	2700,50
273	-4.75	21.75	41	2700,50
273	-4.75	22.25	41	2700,50
273	-6.25	22.25	41	2700,50
273	-6.75	21.75	41	2700,50
273	-6.75	19.75	41	2700,50
273	-9.25	17.25	41	2700,50
273	-9.75	17.25	41	2700,50
273	-10.25	17.75	41	2700,50
273	-10.25	18.25	41	2700,50
273	-8.75	19.75	41	2700,50
273	-8.75	20.75	41	2700,50
273	-8.25	21.25	41	2700,50
273	-8.25	21.75	41	2700,50
273	-8.75	22.25	41	2700,50
273	-8.75	23.25	41	2700,50
273	-9.25	23.75	41	2700,50
273	-10.25	23.75	41	2700,50
273	-11.25	24.75	41	2700,50
273	-11.25	25.25	41	2700,50
273	-9.75	26.75	41	2700,50
273	-9.75	27.25	41	2700,50
273	-10.25	27.25	41	2700,50
273	-11.25	26.25	41	2700,50
273	-11.75	26.25	41	2700,50
273	-12.75	27.25	41	2700,50
273	-12.75	28.25	41	2700,50
273	-13.75	29.25	41	2700,50
273	-14.75	29.25	41	2700,50
273	-16.25	30.75	41	2700,50
273	-44.75	30.25	41	2750,50
273	-44.75	30.75	41	2750,50
273	-44.25	30.75	41	2750,50
273	-33.25	19.75	41	2750,50
273	-33.25	19.25	41	2750,50
273	-33.75	18.75	41	2750,50
273	-34.25	18.75	41	2750,50
273	-34.75	19.25	41	2750,50
273	-34.75	20.25	41	2750,50
273	-36.75	22.25	41	2750,50
273	-38.75	22.25	41	2750,50
273	-39.25	22.75	41	2750,50
273	-39.75	22.75	41	2750,50
273	-39.75	22.25	41	2750,50
273	-38.75	21.25	41	2750,50
273	-38.75	20.75	41	2750,50
273	-39.25	20.75	41	2750,50
273	-43.25	24.75	41	2750,50
273	-44.25	24.75	41	2750,50
273	-44.25	25.75	41	2750,50
273	-44.75	26.25	41	2750,50
273	-44.75	30.25	41	2750,50
274	-8.25	23.25	41	2700,50
274	-8.25	22.75	41	2700,50
274	-7.75	22.25	41	2700,50
274	-7.25	22.25	41	2700,50
274	-3.75	25.75	41	2700,50
274	-3.75	26.25	41	2700,50
274	-4.25	26.75	41	2700,50
274	-4.75	26.75	41	2700,50
274	-8.25	23.25	41	2700,50
274	-44.75	17.25	41	2750,50
274	-44.75	17.75	41	2750,50
274	-44.25	17.75	41	2750,50
274	-43.25	16.75	41	2750,50
274	-43.25	14.75	41	2750,50
274	-42.75	14.25	41	2750,50
274	-41.75	14.25	41	2750,50
274	-38.75	11.25	41	2750,50
274	-38.75	9.75	41	2750,50
274	-39.75	8.75	41	2750,50
274	-39.75	8.25	41	2750,50
274	-39.25	7.75	41	2750,50
274	-38.75	7.75	41	2750,50
274	-37.75	8.75	41	2750,50
274	-36.25	8.75	41	2750,50
274	-35.75	8.25	41	2750,50
274	-35.75	7.25	41	2750,50
274	-34.25	5.75	41	2750,50
274	-33.25	5.75	41	2750,50
274	-32.25	4.75	41	2750,50
274	-32.25	4.25	41	2750,50
274	-33.25	3.25	41	2750,50
274	-33.75	3.25	41	2750,50
274	-34.75	4.25	41	2750,50
274	-34.75	5.25	41	2750,50
274	-36.25	5.25	41	2750,50
274	-36.25	4.25	41	2750,50
274	-37.75	4.25	41	2750,50
274	-39.75	6.25	41	2750,50
274	-39.75	7.25	41	2750,50
274	-40.25	7.75	41	2750,50
274	-41.25	7.75	41	2750,50
274	-42.75	9.25	41	2750,50
274	-43.25	9.25	41	2750,50
274	-43.75	8.75	41	2750,50
274	-44.25	8.75	41	2750,50
274	-44.75	9.25	41	2750,50
274	-44.75	17.25	41	2750,50
275	4.75	9.75	41	2700,50
275	4.75	10.25	41	2700,50
275	5.25	10.25	41	2700,50
275	5.25	9.75	41	2700,50
275	4.75	9.75	41	2700,50
250	-36.25	-0.25	3	2650,0
250	-36.25	0.25	3	2650,0
250	-34.75	1.75	3	2650,0
250	-33.75	1.75	3	2650,0
250	-32.75	2.75	3	2650,0
250	-32.25	2.75	3	2650,0
250	-29.75	0.25	3	2650,0
250	-29.75	-0.25	3	2650,0
250	-36.25	-0.25	3	2650,0
201	-31.25	4.75	210	2650,0
201	-31.25	5.25	210	2650,0
201	-21.25	15.25	210	2650,0
201	-20.75	15.25	210	2650,0
201	-19.25	13.75	210	2650,0
201	-19.25	13.25	210	2650,0
201	-20.25	12.25	210	2650,0
201	-20.75	12.25	210	2650,0
201	-21.25	12.75	210	2650,0
201	-21.75	12.75	210	2650,0
201	-22.25	12.25	210	2650,0
201	-22.25	11.25	210	2650,0
201	-22.75	10.75	210	2650,0
201	-22.75	9.75	210	2650,0
201	-23.25	9.25	210	2650,0
201	-24.25	9.25	210	2650,0
201	-26.75	6.75	210	2650,0
201	-26.75	5.75	210	2650,0
201	-27.25	5.25	210	2650,0
201	-28.25	5.25	210	2650,0
201	-28.75	4.75	210	2650,0
201	-29.75	4.75	210	2650,0
201	-29.75	3.75	210	2650,0
201	-30.25	3.75	210	2650,0
201	-31.25	4.75	210	2650,0
43	-20.75	15.25	127	2650,0
43	-20.75	15.75	127	2650,0
43	-19.75	16.75	127	2650,0
43	-19.25	16.75	127	2650,0
43	-17.75	15.25	127	2650,0
43	-17.25	15.25	127	2650,0
43	-14.75	17.75	127	2650,0
43	-14.75	19.75	127	2650,0
43	-13.75	19.75	127	2650,0
43	-10.25	23.25	127	2650,0
43	-9.75	23.25	127	2650,0
43	-9.25	22.75	127	2650,0
43	-9.25	22.25	127	2650,0
43	-28.75	2.75	127	2650,0
43	-29.25	2.75	127	2650,0
43	-29.75	3.25	127	2650,0
43	-29.75	4.75	127	2650,0
43	-28.75	4.75	127	2650,0
43	-28.25	5.25	127	2650,0
43	-27.25	5.25	127	2650,0
43	-26.75	5.75	127	2650,0
43	-26.75	6.75	127	2650,0
43	-24.25	9.25	127	2650,0
43	-23.25	9.25	127	2650,0
43	-22.75	9.75	127	2650,0
43	-22.75	10.75	127	2650,0
43	-22.25	11.25	127	2650,0
43	-22.25	12.25	127	2650,0
43	-21.75	12.75	127	2650,0
43	-21.25	12.75	127	2650,0
43	-20.75	12.25	127	2650,0
43	-20.25	12.25	127	2650,0
43	-19.25	13.25	127	2650,0
43	-19.25	13.75	127	2650,0
43	-20.75	15.25	127	2650,0
215	-19.25	16.75	222	2650,0
215	-19.25	17.25	222	2650,0
215	-11.75	24.75	222	2650,0
215	-11.25	24.75	222	2650,0
215	-10.25	23.75	222	2650,0
215	-10.25	23.25	222	2650,0
215	-13.75	19.75	222	2650,0
215	-14.75	19.75	222	2650,0
215	-14.75	17.75	222	2650,0
215	-17.25	15.25	222	2650,0
215	-17.75	15.25	222	2650,0
215	-19.25	16.75	222	2650,0
318	-5.75	30.25	65	2650,0
318	-5.75	30.75	65	2650,0
318	-5.25	31.25	65	2650,0
318	-4.75	31.25	65	2650,0
318	-3.75	30.25	65	2650,0
318	-2.25	30.25	65	2650,0
318	0.75	33.25	65	2650,0
318	0.75	33.75	65	2650,0
318	-0.75	35.25	65	2650,0
318	-0.75	35.75	65	2650,0
318	1.25	37.75	65	2650,0
318	1.75	37.75	65	2650,0
318	2.25	37.25	65	2650,0
318	3.75	37.25	65	2650,0
318	4.25	37.75	65	2650,0
318	4.75	37.75	65	2650,0
318	4.75	36.25	65	2650,0
318	3.75	35.25	65	2650,0
318	3.75	33.25	65	2650,0
318	3.25	32.75	65	2650,0
318	2.75	32.75	65	2650,0
318	2.25	33.25	65	2650,0
318	1.75	33.25	65	2650,0
318	-4.25	27.25	65	2650,0
318	-4.75	27.25	65	2650,0
318	-5.25	27.75	65	2650,0
318	-5.25	28.25	65	2650,0
318	-4.75	28.75	65	2650,0
318	-4.75	29.25	65	2650,0
318	-5.75	30.25	65	2650,0
318	-45.25	40.75	65	2700,0
318	-45.25	41.25	65	2700,0
318	-37.25	49.25	65	2700,0
318	-34.75	49.25	65	2700,0
318	-34.75	48.75	65	2700,0
318	-36.25	47.25	65	2700,0
318	-36.25	46.25	65	2700,0
318	-36.75	45.75	65	2700,0
318	-37.75	45.75	65	2700,0
318	-38.75	44.75	65	2700,0
318	-39.75	44.75	65	2700,0
318	-39.75	44.25	65	2700,0
318	-39.25	43.75	65	2700,0
318	-39.25	43.25	65	2700,0
318	-39.75	42.75	65	2700,0
318	-39.75	41.75	65	2700,0
318	-42.75	38.75	65	2700,0
318	-42.75	38.25	65	2700,0
318	-42.25	37.75	65	2700,0
318	-42.25	37.25	65	2700,0
318	-44.25	37.25	65	2700,0
318	-44.75	36.75	65	2700,0
318	-45.25	36.75	65	2700,0
318	-45.25	40.75	65	2700,0
318	-36.75	-0.75	65	2700,50
318	-36.75	-0.25	65	2700,50
318	-32.25	4.25	65	2700,50
318	-31.75	4.25	65	2700,50
318	-30.75	3.25	65	2700,50
318	-28.75	3.25	65	2700,50
318	-28.75	2.75	65	2700,50
318	-29.25	2.25	65	2700,50
318	-31.25	2.25	65	2700,50
318	-31.75	1.75	65	2700,50
318	-32.75	1.75	65	2700,50
318	-33.25	1.25	65	2700,50
318	-33.25	0.25	65	2700,50
318	-34.25	-0.75	65	2700,50
318	-36.75	-0.75	65	2700,50
319	3.25	39.25	65	2650,0
319	3.25	39.75	65	2650,0
319	4.25	40.75	65	2650,0
319	4.75	40.75	65	2650,0
319	4.75	39.25	65	2650,0
319	3.25	39.25	65	2650,0
207	-23.25	12.75	215	2700,50
207	-23.25	13.25	215	2700,50
207	-20.75	15.75	215	2700,50
207	-20.25	15.75	215	2700,50
207	-18.25	13.75	215	2700,50
207	-18.25	13.25	215	2700,50
207	-25.25	6.25	215	2700,50
207	-25.75	6.25	215	2700,50
207	-26.25	6.75	215	2700,50
207	-26.25	7.25	215	2700,50
207	-24.75	8.75	215	2700,50
207	-24.75	9.75	215	2700,50
207	-23.75	9.75	215	2700,50
207	-22.25	11.25	215	2700,50
207	-22.25	11.75	215	2700,50
207	-23.25	12.75	215	2700,50
137	-14.25	21.75	16	2700,50
137	-14.25	22.25	16	2700,50
137	-11.75	24.75	16	2700,50
137	-11.25	24.75	16	2700,50
137	-10.25	23.75	16	2700,50
137	-9.25	23.75	16	2700,50
137	-8.75	23.25	16	2700,50
137	-8.75	22.25	16	2700,50
137	-8.25	21.75	16	2700,50
137	-8.25	21.25	16	2700,50
137	-8.75	20.75	16	2700,50
137	-8.75	19.75	16	2700,50
137	-10.25	18.25	16	2700,50
137	-10.75	18.25	16	2700,50
137	-11.75	19.25	16	2700,50
137	-12.25	19.25	16	2700,50
137	-15.75	15.75	16	2700,50
137	-16.25	15.75	16	2700,50
137	-16.25	16.25	16	2700,50
137	-15.75	16.75	16	2700,50
137	-15.75	17.75	16	2700,50
137	-14.75	17.75	16	2700,50
137	-14.25	18.25	16	2700,50
137	-14.25	18.75	16	2700,50
137	-14.75	19.25	16	2700,50
137	-14.75	19.75	16	2700,50
137	-13.75	20.75	16	2700,50
137	-13.75	21.25	16	2700,50
137	-14.25	21.75	16	2700,50
206	-6.25	29.75	214	2700,50
206	-6.25	30.25	214	2700,50
206	-5.25	31.25	214	2700,50
206	-4.75	31.25	214	2700,50
206	-3.75	30.25	214	2700,50
206	-3.25	30.25	214	2700,50
206	-1.75	31.75	214	2700,50
206	-0.75	31.75	214	2700,50
206	-0.25	32.25	214	2700,50
206	-0.25	33.25	214	2700,50
206	0.25	33.75	214	2700,50
206	1.25	33.75	214	2700,50
206	1.25	34.75	214	2700,50
206	1.75	34.75	214	2700,50
206	2.25	34.25	214	2700,50
206	2.25	33.75	214	2700,50
206	-3.75	27.75	214	2700,50
206	-4.25	27.75	214	2700,50
206	-6.25	29.75	214	2700,50
88	-30.75	4.25	143	2700,50
88	-30.75	4.75	143	2700,50
88	-27.75	7.75	143	2700,50
88	-27.25	7.75	143	2700,50
88	-26.75	7.25	143	2700,50
88	-26.75	6.75	143	2700,50
88	-29.25	4.25	143	2700,50
88	-30.75	4.25	143	2700,50
38	-39.75	44.25	122	2700,0
38	-39.75	44.75	122	2700,0
38	-38.75	44.75	122	2700,0
38	-37.75	45.75	122	2700,0
38	-36.75	45.75	122	2700,0
38	-36.25	46.25	122	2700,0
38	-36.25	47.25	122	2700,0
38	-34.25	49.25	122	2700,0
38	-32.75	49.25	122	2700,0
38	-32.25	48.75	122	2700,0
38	-32.25	48.25	122	2700,0
38	-33.25	48.25	122	2700,0
38	-39.25	42.25	122	2700,0
38	-39.75	42.25	122	2700,0
38	-39.75	42.75	122	2700,0
38	-39.25	43.25	122	2700,0
38	-39.25	43.75	122	2700,0
38	-39.75	44.25	122	2700,0
38	-33.25	0.75	122	2700,50
38	-33.25	1.25	122	2700,50
38	-32.75	1.75	122	2700,50
38	-31.75	1.75	122	2700,50
38	-31.25	2.25	122	2700,50
38	-29.75	2.25	122	2700,50
38	-29.75	1.75	122	2700,50
38	-32.25	-0.75	122	2700,50
38	-33.75	-0.75	122	2700,50
38	-33.75	-0.25	122	2700,50
38	-33.25	0.25	122	2700,50
38	-33.25	0.75	122	2700,50
306	-9.75	23.25	60	2650,0
306	-9.75	23.75	60	2650,0
306	-8.75	23.75	60	2650,0
306	-5.25	27.25	60	2650,0
306	-4.75	27.25	60	2650,0
306	-4.75	26.75	60	2650,0
306	-7.75	23.75	60	2650,0
306	-7.75	23.25	60	2650,0
306	-7.25	22.75	60	2650,0
306	-6.75	22.75	60	2650,0
306	-3.75	25.75	60	2650,0
306	-3.75	26.25	60	2650,0
306	-4.25	26.75	60	2650,0
306	-4.25	27.25	60	2650,0
306	1.25	32.75	60	2650,0
306	1.75	32.75	60	2650,0
306	2.75	31.75	60	2650,0
306	3.75	31.75	60	2650,0
306	4.25	31.25	60	2650,0
306	4.25	30.75	60	2650,0
306	2.25	30.75	60	2650,0
306	-0.75	27.75	60	2650,0
306	-0.75	26.75	60	2650,0
306	-1.25	26.25	60	2650,0
306	-2.25	26.25	60	2650,0
306	-2.75	25.75	60	2650,0
306	-2.75	25.25	60	2650,0
306	-1.75	25.25	60	2650,0
306	-1.25	24.75	60	2650,0
306	-0.25	24.75	60	2650,0
306	0.75	23.75	60	2650,0
306	1.25	23.75	60	2650,0
306	1.75	24.25	60	2650,0
306	1.75	25.75	60	2650,0
306	0.75	26.75	60	2650,0
306	0.75	27.25	60	2650,0
306	3.25	29.75	60	2650,0
306	3.75	29.75	60	2650,0
306	4.75	28.75	60	2650,0
306	4.75	23.25	60	2650,0
306	2.75	23.25	60	2650,0
306	2.75	21.75	60	2650,0
306	4.75	19.75	60	2650,0
306	4.75	18.25	60	2650,0
306	4.25	18.25	60	2650,0
306	-1.75	24.25	60	2650,0
306	-2.25	24.25	60	2650,0
306	-4.75	21.75	60	2650,0
306	-5.25	21.75	60	2650,0
306	-5.75	22.25	60	2650,0
306	-6.25	22.25	60	2650,0
306	-7.25	21.25	60	2650,0
306	-7.25	20.25	60	2650,0
306	-8.25	19.25	60	2650,0
306	-9.25	19.25	60	2650,0
306	-11.25	17.25	60	2650,0
306	-11.25	16.25	60	2650,0
306	-12.75	16.25	60	2650,0
306	-13.75	17.25	60	2650,0
306	-13.75	17.75	60	2650,0
306	-9.25	22.25	60	2650,0
306	-9.25	22.75	60	2650,0
306	-9.75	23.25	60	2650,0
306	-45.25	27.75	60	2700,0
306	-45.25	28.25	60	2700,0
306	-44.75	28.25	60	2700,0
306	-44.75	27.25	60	2700,0
306	-44.25	26.75	60	2700,0
306	-43.25	26.75	60	2700,0
306	-40.75	24.25	60	2700,0
306	-40.75	23.75	60	2700,0
306	-41.25	23.25	60	2700,0
306	-41.25	22.75	60	2700,0
306	-40.75	22.75	60	2700,0
306	-40.25	23.25	60	2700,0
306	-39.75	23.25	60	2700,0
306	-37.75	21.25	60	2700,0
306	-37.75	20.75	60	2700,0
306	-40.25	18.25	60	2700,0
306	-40.75	18.25	60	2700,0
306	-45.25	22.75	60	2700,0
306	-45.25	27.75	60	2700,0
333	-28.75	2.25	73	2650,0
333	-28.75	2.75	73	2650,0
333	-15.25	16.25	73	2650,0
333	-14.75	16.25	73	2650,0
333	-13.75	15.25	73	2650,0
333	-13.75	14.75	73	2650,0
333	-15.25	13.25	73	2650,0
333	-15.25	12.75	73	2650,0
333	-14.75	12.25	73	2650,0
333	-14.75	11.75	73	2650,0
333	-15.75	10.75	73	2650,0
333	-16.75	10.75	73	2650,0
333	-17.75	9.75	73	2650,0
333	-17.75	8.75	73	2650,0
333	-18.25	8.25	73	2650,0
333	-19.25	8.25	73	2650,0
333	-20.25	7.25	73	2650,0
333	-21.25	7.25	73	2650,0
333	-24.25	4.25	73	2650,0
333	-24.75	4.25	73	2650,0
333	-25.25	4.75	73	2650,0
333	-25.75	4.75	73	2650,0
333	-26.25	4.25	73	2650,0
333	-26.25	3.25	73	2650,0
333	-27.25	2.25	73	2650,0
333	-28.75	2.25	73	2650,0
144	-14.75	16.25	165	2650,0
144	-14.75	16.75	165	2650,0
144	-14.25	17.25	165	2650,0
144	-13.75	17.25	165	2650,0
144	-12.75	16.25	165	2650,0
144	-11.25	16.25	165	2650,0
144	-11.25	17.25	165	2650,0
144	-9.25	19.25	165	2650,0
144	-8.25	19.25	165	2650,0
144	-7.25	20.25	165	2650,0
144	-7.25	21.25	165	2650,0
144	-6.25	22.25	165	2650,0
144	-5.75	22.25	165	2650,0
144	-5.25	21.75	165	2650,0
144	-5.25	20.75	165	2650,0
144	-3.75	19.25	165	2650,0
144	-3.25	19.25	165	2650,0
144	-2.75	19.75	165	2650,0
144	-2.25	19.75	165	2650,0
144	-2.25	17.75	165	2650,0
144	3.25	12.25	165	2650,0
144	3.75	12.25	165	2650,0
144	4.25	12.75	165	2650,0
144	4.75	12.75	165	2650,0
144	4.75	9.25	165	2650,0
144	4.25	9.25	165	2650,0
144	4.25	10.25	165	2650,0
144	3.25	11.25	165	2650,0
144	2.25	11.25	165	2650,0
144	-1.75	15.25	165	2650,0
144	-2.25	15.25	165	2650,0
144	-2.75	14.75	165	2650,0
144	-2.75	13.75	165	2650,0
144	-3.25	13.25	165	2650,0
144	-3.75	13.25	165	2650,0
144	-4.25	13.75	165	2650,0
144	-4.75	13.75	165	2650,0
144	-5.75	12.75	165	2650,0
144	-6.75	12.75	165	2650,0
144	-7.75	11.75	165	2650,0
144	-7.75	11.25	165	2650,0
144	-6.75	11.25	165	2650,0
144	-6.75	10.25	165	2650,0
144	-5.75	9.25	165	2650,0
144	-5.75	8.75	165	2650,0
144	-6.25	8.25	165	2650,0
144	-6.75	8.25	165	2650,0
144	-12.25	13.75	165	2650,0
144	-12.25	14.25	165	2650,0
144	-11.75	14.75	165	2650,0
144	-11.75	15.25	165	2650,0
144	-12.25	15.25	165	2650,0
144	-13.25	14.25	165	2650,0
144	-13.25	13.25	165	2650,0
144	-14.25	13.25	165	2650,0
144	-14.75	12.75	165	2650,0
144	-15.25	12.75	165	2650,0
144	-15.25	13.25	165	2650,0
144	-13.75	14.75	165	2650,0
144	-13.75	15.25	165	2650,0
144	-14.75	16.25	165	2650,0
144	-45.25	11.75	165	2700,0
144	-45.25	12.25	165	2700,0
144	-44.75	12.25	165	2700,0
144	-44.25	11.75	165	2700,0
144	-44.25	11.25	165	2700,0
144	-44.75	10.75	165	2700,0
144	-44.75	10.25	165	2700,0
144	-43.75	9.25	165	2700,0
144	-43.25	9.25	165	2700,0
144	-42.75	9.75	165	2700,0
144	-42.25	9.75	165	2700,0
144	-40.75	8.25	165	2700,0
144	-39.75	8.25	165	2700,0
144	-39.25	7.75	165	2700,0
144	-39.25	6.75	165	2700,0
144	-37.25	4.75	165	2700,0
144	-37.25	4.25	165	2700,0
144	-37.75	3.75	165	2700,0
144	-38.25	3.75	165	2700,0
144	-40.25	5.75	165	2700,0
144	-40.25	6.75	165	2700,0
144	-40.75	7.25	165	2700,0
144	-42.25	7.25	165	2700,0
144	-42.75	6.75	165	2700,0
144	-43.25	6.75	165	2700,0
144	-43.75	7.25	165	2700,0
144	-43.75	8.25	165	2700,0
144	-44.75	8.25	165	2700,0
144	-45.25	8.75	165	2700,0
144	-45.25	11.75	165	2700,0
179	-7.75	23.25	194	2650,0
179	-7.75	23.75	194	2650,0
179	-4.75	26.75	194	2650,0
179	-4.25	26.75	194	2650,0
179	-3.75	26.25	194	2650,0
179	-3.75	25.75	194	2650,0
179	-6.75	22.75	194	2650,0
179	-7.25	22.75	194	2650,0
179	-7.75	23.25	194	2650,0
301	1.75	32.75	58	2650,0
301	1.75	33.25	58	2650,0
301	2.25	33.25	58	2650,0
301	2.75	32.75	58	2650,0
301	3.25	32.75	58	2650,0
301	3.75	33.25	58	2650,0
301	3.75	35.25	58	2650,0
301	4.25	35.75	58	2650,0
301	4.75	35.75	58	2650,0
301	4.75	31.25	58	2650,0
301	4.25	31.25	58	2650,0
301	3.75	31.75	58	2650,0
301	2.75	31.75	58	2650,0
301	1.75	32.75	58	2650,0
301	-45.25	35.75	58	2700,0
301	-45.25	36.25	58	2700,0
301	-44.25	37.25	58	2700,0
301	-42.25	37.25	58	2700,0
301	-42.25	37.75	58	2700,0
301	-42.75	38.25	58	2700,0
301	-42.75	38.75	58	2700,0
301	-33.25	48.25	58	2700,0
301	-32.25	48.25	58	2700,0
301	-32.25	49.25	58	2700,0
301	-27.75	49.25	58	2700,0
301	-27.75	48.75	58	2700,0
301	-29.25	47.25	58	2700,0
301	-30.25	47.25	58	2700,0
301	-30.75	46.75	58	2700,0
301	-31.75	46.75	58	2700,0
301	-31.75	46.25	58	2700,0
301	-31.25	45.75	58	2700,0
301	-31.25	45.25	58	2700,0
301	-32.75	43.75	58	2700,0
301	-33.75	43.75	58	2700,0
301	-34.25	43.25	58	2700,0
301	-34.25	42.25	58	2700,0
301	-35.75	40.75	58	2700,0
301	-36.75	40.75	58	2700,0
301	-37.75	39.75	58	2700,0
301	-38.75	39.75	58	2700,0
301	-39.25	39.25	58	2700,0
301	-39.25	38.25	58	2700,0
301	-39.75	37.75	58	2700,0
301	-40.75	37.75	58	2700,0
301	-41.25	37.25	58	2700,0
301	-41.25	36.75	58	2700,0
301	-40.75	36.25	58	2700,0
301	-40.75	35.75	58	2700,0
301	-41.25	35.25	58	2700,0
301	-41.75	35.25	58	2700,0
301	-42.25	35.75	58	2700,0
301	-42.75	35.75	58	2700,0
301	-43.25	35.25	58	2700,0
301	-43.25	34.25	58	2700,0
301	-44.25	33.25	58	2700,0
301	-44.25	32.25	58	2700,0
301	-44.75	31.75	58	2700,0
301	-45.25	31.75	58	2700,0
301	-45.25	35.75	58	2700,0
301	-31.75	-0.75	58	2700,50
301	-31.75	-0.25	58	2700,50
301	-29.75	1.75	58	2700,50
301	-29.25	1.75	58	2700,50
301	-28.75	1.25	58	2700,50
301	-28.25	1.25	58	2700,50
301	-24.75	4.75	58	2700,50
301	-24.75	5.25	58	2700,50
301	-25.25	5.75	58	2700,50
301	-25.25	6.25	58	2700,50
301	-18.25	13.25	58	2700,50
301	-17.75	13.25	58	2700,50
301	-16.25	11.75	58	2700,50
301	-16.25	11.25	58	2700,50
301	-17.25	10.25	58	2700,50
301	-17.25	9.25	58	2700,50
301	-18.25	8.25	58	2700,50
301	-18.75	8.25	58	2700,50
301	-19.25	8.75	58	2700,50
301	-19.75	8.75	58	2700,50
301	-22.75	5.75	58	2700,50
301	-22.75	4.75	58	2700,50
301	-23.25	4.25	58	2700,50
301	-24.25	4.25	58	2700,50
301	-28.25	0.25	58	2700,50
301	-28.25	-0.75	58	2700,50
301	-31.75	-0.75	58	2700,50
86	-29.25	1.75	141	2700,50
86	-29.25	2.25	141	2700,50
86	-25.75	5.75	141	2700,50
86	-25.25	5.75	141	2700,50
86	-24.75	5.25	141	2700,50
86	-24.75	4.75	141	2700,50
86	-28.25	1.25	141	2700,50
86	-28.75	1.25	141	2700,50
86	-29.25	1.75	141	2700,50
1	-17.75	13.25	1	2700,50
1	-17.75	13.75	1	2700,50
1	-16.25	15.25	1	2700,50
1	-15.75	15.25	1	2700,50
1	-14.25	13.75	1	2700,50
1	-13.75	13.75	1	2700,50
1	-11.75	15.75	1	2700,50
1	-11.25	15.75	1	2700,50
1	-10.75	15.25	1	2700,50
1	-10.75	14.75	1	2700,50
1	-11.25	14.25	1	2700,50
1	-11.25	13.75	1	2700,50
1	-9.25	11.75	1	2700,50
1	-9.25	11.25	1	2700,50
1	-9.75	11.25	1	2700,50
1	-11.25	12.75	1	2700,50
1	-11.75	12.75	1	2700,50
1	-12.25	12.25	1	2700,50
1	-14.25	12.25	1	2700,50
1	-15.25	11.25	1	2700,50
1	-15.25	10.25	1	2700,50
1	-15.75	9.75	1	2700,50
1	-15.75	8.25	1	2700,50
1	-14.75	7.25	1	2700,50
1	-13.75	7.25	1	2700,50
1	-13.75	6.25	1	2700,50
1	-8.75	1.25	1	2700,50
1	-8.25	1.25	1	2700,50
1	-7.25	2.25	1	2700,50
1	-5.75	2.25	1	2700,50
1	-5.25	1.75	1	2700,50
1	-5.25	0.75	1	2700,50
1	-4.25	-0.25	1	2700,50
1	-4.25	-0.75	1	2700,50
1	-9.75	-0.75	1	2700,50
1	-14.75	4.25	1	2700,50
1	-14.75	5.25	1	2700,50
1	-15.75	5.25	1	2700,50
1	-17.75	7.25	1	2700,50
1	-18.25	7.25	1	2700,50
1	-20.75	4.75	1	2700,50
1	-21.75	4.75	1	2700,50
1	-21.75	4.25	1	2700,50
1	-21.25	3.75	1	2700,50
1	-21.25	3.25	1	2700,50
1	-23.25	3.25	1	2700,50
1	-25.75	0.75	1	2700,50
1	-25.75	0.25	1	2700,50
1	-25.25	-0.25	1	2700,50
1	-25.25	-0.75	1	2700,50
1	-27.75	-0.75	1	2700,50
1	-28.25	-0.25	1	2700,50
1	-28.25	0.25	1	2700,50
1	-24.25	4.25	1	2700,50
1	-23.25	4.25	1	2700,50
1	-22.75	4.75	1	2700,50
1	-22.75	5.75	1	2700,50
1	-19.75	8.75	1	2700,50
1	-19.25	8.75	1	2700,50
1	-18.75	8.25	1	2700,50
1	-18.25	8.25	1	2700,50
1	-17.25	9.25	1	2700,50
1	-17.25	10.25	1	2700,50
1	-16.25	11.25	1	2700,50
1	-16.25	11.75	1	2700,50
1	-17.75	13.25	1	2700,50
1	-2.75	25.25	1	2650,0
1	-2.75	25.75	1	2650,0
1	-2.25	26.25	1	2650,0
1	-1.25	26.25	1	2650,0
1	-0.75	26.75	1	2650,0
1	-0.75	27.75	1	2650,0
1	2.25	30.75	1	2650,0
1	4.75	30.75	1	2650,0
1	4.75	29.25	1	2650,0
1	4.25	29.25	1	2650,0
1	3.75	29.75	1	2650,0
1	3.25	29.75	1	2650,0
1	0.75	27.25	1	2650,0
1	0.75	26.75	1	2650,0
1	1.75	25.75	1	2650,0
1	1.75	24.25	1	2650,0
1	1.25	23.75	1	2650,0
1	0.75	23.75	1	2650,0
1	-0.25	24.75	1	2650,0
1	-1.25	24.75	1	2650,0
1	-1.75	25.25	1	2650,0
1	-2.75	25.25	1	2650,0
1	-43.25	34.75	1	2700,0
1	-43.25	35.25	1	2700,0
1	-42.75	35.75	1	2700,0
1	-42.25	35.75	1	2700,0
1	-41.75	35.25	1	2700,0
1	-41.25	35.25	1	2700,0
1	-40.75	35.75	1	2700,0
1	-40.75	36.25	1	2700,0
1	-41.25	36.75	1	2700,0
1	-41.25	37.25	1	2700,0
1	-40.75	37.75	1	2700,0
1	-39.75	37.75	1	2700,0
1	-39.25	38.25	1	2700,0
1	-39.25	39.25	1	2700,0
1	-38.75	39.75	1	2700,0
1	-37.75	39.75	1	2700,0
1	-36.75	40.75	1	2700,0
1	-35.75	40.75	1	2700,0
1	-34.25	42.25	1	2700,0
1	-34.25	43.25	1	2700,0
1	-33.75	43.75	1	2700,0
1	-32.75	43.75	1	2700,0
1	-31.25	45.25	1	2700,0
1	-31.25	45.75	1	2700,0
1	-31.75	46.25	1	2700,0
1	-31.75	46.75	1	2700,0
1	-30.75	46.75	1	2700,0
1	-30.25	47.25	1	2700,0
1	-29.25	47.25	1	2700,0
1	-27.25	49.25	1	2700,0
1	-24.75	49.25	1	2700,0
1	-23.25	47.75	1	2700,0
1	-23.25	46.75	1	2700,0
1	-18.75	42.25	1	2700,0
1	-18.75	41.25	1	2700,0
1	-16.75	41.25	1	2700,0
1	-15.75	40.25	1	2700,0
1	-15.75	39.75	1	2700,0
1	-16.25	39.25	1	2700,0
1	-16.25	38.75	1	2700,0
1	-15.25	37.75	1	2700,0
1	-14.25	37.75	1	2700,0
1	-13.25	36.75	1	2700,0
1	-11.75	36.75	1	2700,0
1	-11.25	37.25	1	2700,0
1	-10.75	37.25	1	2700,0
1	-10.75	36.75	1	2700,0
1	-11.25	36.25	1	2700,0
1	-11.25	35.75	1	2700,0
1	-10.75	35.25	1	2700,0
1	-10.75	34.75	1	2700,0
1	-11.25	34.25	1	2700,0
1	-11.25	33.75	1	2700,0
1	-10.75	33.25	1	2700,0
1	-9.75	33.25	1	2700,0
1	-6.75	30.25	1	2700,0
1	-6.25	30.25	1	2700,0
1	1.25	37.75	1	2700,0
1	1.25	38.25	1	2700,0
1	0.25	39.25	1	2700,0
1	-0.75	39.25	1	2700,0
1	-0.75	40.25	1	2700,0
1	-1.75	41.25	1	2700,0
1	-1.75	41.75	1	2700,0
1	-1.25	41.75	1	2700,0
1	0.25	40.25	1	2700,0
1	0.75	40.25	1	2700,0
1	1.25	40.75	1	2700,0
1	1.25	41.25	1	2700,0
1	-0.75	43.25	1	2700,0
1	-1.25	43.25	1	2700,0
1	-2.25	42.25	1	2700,0
1	-2.75	42.25	1	2700,0
1	-2.75	42.75	1	2700,0
1	-1.75	43.75	1	2700,0
1	-1.75	44.25	1	2700,0
1	-2.75	45.25	1	2700,0
1	-3.25	45.25	1	2700,0
1	-4.25	44.25	1	2700,0
1	-4.25	43.75	1	2700,0
1	-3.75	43.25	1	2700,0
1	-3.75	42.75	1	2700,0
1	-4.25	42.25	1	2700,0
1	-4.75	42.25	1	2700,0
1	-6.25	43.75	1	2700,0
1	-6.25	44.75	1	2700,0
1	-6.75	44.75	1	2700,0
1	-7.25	44.25	1	2700,0
1	-7.25	43.25	1	2700,0
1	-7.75	42.75	1	2700,0
1	-8.25	42.75	1	2700,0
1	-8.25	44.25	1	2700,0
1	-6.75	45.75	1	2700,0
1	-6.75	46.25	1	2700,0
1	-7.75	47.25	1	2700,0
1	-8.25	47.25	1	2700,0
1	-11.75	43.75	1	2700,0
1	-12.25	43.75	1	2700,0
1	-12.25	44.25	1	2700,0
1	-11.75	44.75	1	2700,0
1	-11.75	45.25	1	2700,0
1	-12.25	45.75	1	2700,0
1	-12.25	46.25	1	2700,0
1	-11.75	46.25	1	2700,0
1	-11.25	45.75	1	2700,0
1	-10.75	45.75	1	2700,0
1	-10.75	46.25	1	2700,0
1	-11.25	46.75	1	2700,0
1	-11.25	47.25	1	2700,0
1	-10.75	47.75	1	2700,0
1	-10.75	48.75	1	2700,0
1	-10.25	49.25	1	2700,0
1	-2.75	49.25	1	2700,0
1	-1.75	48.25	1	2700,0
1	-1.25	48.25	1	2700,0
1	-0.25	49.25	1	2700,0
1	5.25	49.25	1	2700,0
1	5.25	39.75	1	2700,0
1	4.25	38.75	1	2700,0
1	3.75	38.75	1	2700,0
1	3.25	39.25	1	2700,0
1	2.75	39.25	1	2700,0
1	2.25	38.75	1	2700,0
1	2.25	38.25	1	2700,0
1	2.75	37.75	1	2700,0
1	2.75	36.25	1	2700,0
1	1.75	35.25	1	2700,0
1	0.75	35.25	1	2700,0
1	-1.75	32.75	1	2700,0
1	-1.75	32.25	1	2700,0
1	1.25	29.25	1	2700,0
1	1.25	28.75	1	2700,0
1	-1.75	25.75	1	2700,0
1	-1.75	25.25	1	2700,0
1	-1.25	25.25	1	2700,0
1	4.75	31.25	1	2700,0
1	5.25	31.25	1	2700,0
1	5.25	21.75	1	2700,0
1	4.25	20.75	1	2700,0
1	4.25	19.75	1	2700,0
1	3.75	19.25	1	2700,0
1	3.25	19.25	1	2700,0
1	-3.25	25.75	1	2700,0
1	-3.25	26.75	1	2700,0
1	-4.25	27.75	1	2700,0
1	-4.75	27.75	1	2700,0
1	-5.25	27.25	1	2700,0
1	-5.75	27.25	1	2700,0
1	-6.25	27.75	1	2700,0
1	-6.25	28.75	1	2700,0
1	-9.25	31.75	1	2700,0
1	-9.75	31.75	1	2700,0
1	-11.75	29.75	1	2700,0
1	-12.25	29.75	1	2700,0
1	-12.75	30.25	1	2700,0
1	-13.25	30.25	1	2700,0
1	-13.25	29.25	1	2700,0
1	-13.75	29.25	1	2700,0
1	-14.25	29.75	1	2700,0
1	-14.25	30.25	1	2700,0
1	-12.75	31.75	1	2700,0
1	-12.75	32.25	1	2700,0
1	-13.25	32.25	1	2700,0
1	-14.75	30.75	1	2700,0
1	-15.25	30.75	1	2700,0
1	-16.25	31.75	1	2700,0
1	-16.75	31.75	1	2700,0
1	-16.75	31.25	1	2700,0
1	-16.25	30.75	1	2700,0
1	-16.25	30.25	1	2700,0
1	-17.75	28.75	1	2700,0
1	-18.25	28.75	1	2700,0
1	-18.75	29.25	1	2700,0
1	-18.75	29.75	1	2700,0
1	-17.75	30.75	1	2700,0
1	-17.75	31.25	1	2700,0
1	-18.75	31.25	1	2700,0
1	-19.75	32.25	1	2700,0
1	-19.75	32.75	1	2700,0
1	-19.25	33.25	1	2700,0
1	-19.25	33.75	1	2700,0
1	-20.25	34.75	1	2700,0
1	-20.25	35.75	1	2700,0
1	-21.25	36.75	1	2700,0
1	-21.25	37.25	1	2700,0
1	-19.75	38.75	1	2700,0
1	-19.75	40.25	1	2700,0
1	-20.75	41.25	1	2700,0
1	-22.25	41.25	1	2700,0
1	-23.75	39.75	1	2700,0
1	-23.75	39.25	1	2700,0
1	-22.25	37.75	1	2700,0
1	-22.25	37.25	1	2700,0
1	-22.75	37.25	1	2700,0
1	-24.25	38.75	1	2700,0
1	-25.25	38.75	1	2700,0
1	-25.25	39.75	1	2700,0
1	-26.25	40.75	1	2700,0
1	-27.75	40.75	1	2700,0
1	-27.75	39.75	1	2700,0
1	-28.25	39.25	1	2700,0
1	-28.25	38.75	1	2700,0
1	-27.25	37.75	1	2700,0
1	-26.25	37.75	1	2700,0
1	-26.25	36.75	1	2700,0
1	-24.75	35.25	1	2700,0
1	-24.75	34.75	1	2700,0
1	-25.25	34.75	1	2700,0
1	-29.25	38.75	1	2700,0
1	-30.25	38.75	1	2700,0
1	-30.75	39.25	1	2700,0
1	-31.25	39.25	1	2700,0
1	-32.75	37.75	1	2700,0
1	-34.75	37.75	1	2700,0
1	-35.25	37.25	1	2700,0
1	-35.25	35.75	1	2700,0
1	-34.25	35.75	1	2700,0
1	-31.75	33.25	1	2700,0
1	-31.75	32.25	1	2700,0
1	-30.75	32.25	1	2700,0
1	-29.25	30.75	1	2700,0
1	-29.25	30.25	1	2700,0
1	-29.75	29.75	1	2700,0
1	-30.75	29.75	1	2700,0
1	-30.75	29.25	1	2700,0
1	-30.25	28.75	1	2700,0
1	-30.25	28.25	1	2700,0
1	-31.25	28.25	1	2700,0
1	-31.75	27.75	1	2700,0
1	-32.25	27.75	1	2700,0
1	-32.25	28.25	1	2700,0
1	-31.75	28.75	1	2700,0
1	-31.75	29.25	1	2700,0
1	-33.75	31.25	1	2700,0
1	-34.75	31.25	1	2700,0
1	-35.25	31.75	1	2700,0
1	-35.75	31.75	1	2700,0
1	-36.25	31.25	1	2700,0
1	-36.25	29.75	1	2700,0
1	-33.25	26.75	1	2700,0
1	-33.25	26.25	1	2700,0
1	-33.75	25.75	1	2700,0
1	-34.25	25.75	1	2700,0
1	-35.25	26.75	1	2700,0
1	-35.75	26.75	1	2700,0
1	-36.25	26.25	1	2700,0
1	-36.75	26.25	1	2700,0
1	-37.25	26.75	1	2700,0
1	-37.25	27.75	1	2700,0
1	-38.25	27.75	1	2700,0
1	-38.75	28.25	1	2700,0
1	-39.25	28.25	1	2700,0
1	-41.75	25.75	1	2700,0
1	-42.25	25.75	1	2700,0
1	-43.25	26.75	1	2700,0
1	-44.25	26.75	1	2700,0
1	-44.75	27.25	1	2700,0
1	-44.75	28.25	1	2700,0
1	-45.25	28.75	1	2700,0
1	-45.25	31.25	1	2700,0
1	-44.25	32.25	1	2700,0
1	-44.25	33.25	1	2700,0
1	-43.25	34.25	1	2700,0
1	-43.25	34.75	1	2700,0
1	-44.75	48.25	1	2750,0
1	-44.75	48.75	1	2750,0
1	-44.25	48.75	1	2750,0
1	-40.75	45.25	1	2750,0
1	-40.75	43.75	1	2750,0
1	-42.25	42.25	1	2750,0
1	-42.25	40.75	1	2750,0
1	-39.75	38.25	1	2750,0
1	-39.75	37.75	1	2750,0
1	-40.75	36.75	1	2750,0
1	-41.25	36.75	1	2750,0
1	-43.25	38.75	1	2750,0
1	-44.25	38.75	1	2750,0
1	-44.75	39.25	1	2750,0
1	-44.75	48.25	1	2750,0
1	-26.75	-0.75	1	2750,50
1	-26.75	-0.25	1	2750,50
1	-22.25	4.25	1	2750,50
1	-21.75	4.25	1	2750,50
1	-21.75	3.75	1	2750,50
1	-22.25	3.25	1	2750,50
1	-22.25	2.75	1	2750,50
1	-20.25	2.75	1	2750,50
1	-17.25	-0.25	1	2750,50
1	-17.25	-0.75	1	2750,50
1	-26.75	-0.75	1	2750,50
1	-45.25	29.75	1	2800,0
1	-45.25	30.25	1	2800,0
1	-44.75	30.25	1	2800,0
1	-41.25	26.75	1	2800,0
1	-41.25	25.25	1	2800,0
1	-41.75	24.75	1	2800,0
1	-41.75	23.25	1	2800,0
1	-40.75	23.25	1	2800,0
1	-39.25	21.75	1	2800,0
1	-39.25	21.25	1	2800,0
1	-39.75	20.75	1	2800,0
1	-39.75	20.25	1	2800,0
1	-38.75	19.25	1	2800,0
1	-38.25	19.25	1	2800,0
1	-37.25	20.25	1	2800,0
1	-37.25	20.75	1	2800,0
1	-38.25	21.75	1	2800,0
1	-38.25	22.25	1	2800,0
1	-37.75	22.25	1	2800,0
1	-36.75	21.25	1	2800,0
1	-35.75	21.25	1	2800,0
1	-30.25	15.75	1	2800,0
1	-30.25	15.25	1	2800,0
1	-31.25	14.25	1	2800,0
1	-31.75	14.25	1	2800,0
1	-31.75	16.25	1	2800,0
1	-32.25	16.25	1	2800,0
1	-32.75	15.75	1	2800,0
1	-33.25	15.75	1	2800,0
1	-33.25	16.25	1	2800,0
1	-32.75	16.75	1	2800,0
1	-32.75	17.25	1	2800,0
1	-33.25	17.25	1	2800,0
1	-33.75	16.75	1	2800,0
1	-34.25	16.75	1	2800,0
1	-35.75	18.25	1	2800,0
1	-38.25	18.25	1	2800,0
1	-38.75	17.75	1	2800,0
1	-40.25	17.75	1	2800,0
1	-41.25	18.75	1	2800,0
1	-41.25	19.75	1	2800,0
1	-41.75	19.75	1	2800,0
1	-42.25	19.25	1	2800,0
1	-42.25	18.25	1	2800,0
1	-43.25	17.25	1	2800,0
1	-43.25	16.75	1	2800,0
1	-42.25	15.75	1	2800,0
1	-42.25	14.75	1	2800,0
1	-41.75	14.25	1	2800,0
1	-41.75	12.75	1	2800,0
1	-42.75	11.75	1	2800,0
1	-42.75	11.25	1	2800,0
1	-41.75	10.25	1	2800,0
1	-41.25	10.25	1	2800,0
1	-40.25	11.25	1	2800,0
1	-38.75	11.25	1	2800,0
1	-37.25	9.75	1	2800,0
1	-37.25	9.25	1	2800,0
1	-38.25	8.25	1	2800,0
1	-38.75	8.25	1	2800,0
1	-39.25	8.75	1	2800,0
1	-39.75	8.75	1	2800,0
1	-39.75	8.25	1	2800,0
1	-39.25	7.75	1	2800,0
1	-39.25	7.25	1	2800,0
1	-39.75	7.25	1	2800,0
1	-45.25	12.75	1	2800,0
1	-45.25	29.75	1	2800,0
2	-6.75	6.25	1	2700,50
2	-6.75	6.75	1	2700,50
2	-5.25	8.25	1	2700,50
2	-4.75	8.25	1	2700,50
2	-4.25	7.75	1	2700,50
2	-3.25	7.75	1	2700,50
2	4.75	-0.25	1	2700,50
2	4.75	-0.75	1	2700,50
2	-0.75	-0.75	1	2700,50
2	-1.75	0.25	1	2700,50
2	-1.75	1.25	1	2700,50
2	-2.75	2.25	1	2700,50
2	-3.75	2.25	1	2700,50
2	-4.25	2.75	1	2700,50
2	-5.25	2.75	1	2700,50
2	-5.25	3.25	1	2700,50
2	-4.75	3.75	1	2700,50
2	-4.75	4.25	1	2700,50
2	-6.75	6.25	1	2700,50
2	-44.75	31.25	1	2750,0
2	-44.75	31.75	1	2750,0
2	-43.25	33.25	1	2750,0
2	-42.25	33.25	1	2750,0
2	-41.75	33.75	1	2750,0
2	-41.75	34.75	1	2750,0
2	-36.25	40.25	1	2750,0
2	-35.75	40.25	1	2750,0
2	-31.25	35.75	1	2750,0
2	-30.75	35.75	1	2750,0
2	-30.75	36.25	1	2750,0
2	-31.75	37.25	1	2750,0
2	-31.75	38.25	1	2750,0
2	-32.75	38.25	1	2750,0
2	-35.25	40.75	1	2750,0
2	-35.25	41.25	1	2750,0
2	-34.75	41.75	1	2750,0
2	-33.75	41.75	1	2750,0
2	-31.25	44.25	1	2750,0
2	-31.25	45.25	1	2750,0
2	-30.25	46.25	1	2750,0
2	-29.75	46.25	1	2750,0
2	-29.75	45.75	1	2750,0
2	-30.25	45.25	1	2750,0
2	-30.25	44.75	1	2750,0
2	-29.75	44.75	1	2750,0
2	-29.25	45.25	1	2750,0
2	-27.75	45.25	1	2750,0
2	-26.75	44.25	1	2750,0
2	-26.25	44.25	1	2750,0
2	-26.25	44.75	1	2750,0
2	-27.25	45.75	1	2750,0
2	-27.25	46.25	1	2750,0
2	-26.25	47.25	1	2750,0
2	-26.25	47.75	1	2750,0
2	-27.25	48.75	1	2750,0
2	-27.25	49.25	1	2750,0
2	-23.75	49.25	1	2750,0
2	-23.75	48.75	1	2750,0
2	-24.25	48.25	1	2750,0
2	-24.25	47.75	1	2750,0
2	-21.75	45.25	1	2750,0
2	-21.25	45.25	1	2750,0
2	-20.25	46.25	1	2750,0
2	-20.25	46.75	1	2750,0
2	-22.25	48.75	1	2750,0
2	-22.25	49.25	1	2750,0
2	-16.75	49.25	1	2750,0
2	-16.75	47.75	1	2750,0
2	-17.25	47.25	1	2750,0
2	-18.25	47.25	1	2750,0
2	-18.25	45.75	1	2750,0
2	-16.75	44.25	1	2750,0
2	-15.75	44.25	1	2750,0
2	-15.25	43.75	1	2750,0
2	-14.25	43.75	1	2750,0
2	-14.25	43.25	1	2750,0
2	-14.75	42.75	1	2750,0
2	-14.75	42.25	1	2750,0
2	-13.75	41.25	1	2750,0
2	-13.75	40.75	1	2750,0
2	-15.25	39.25	1	2750,0
2	-18.25	39.25	1	2750,0
2	-19.75	37.75	1	2750,0
2	-19.75	37.25	1	2750,0
2	-19.25	36.75	1	2750,0
2	-19.25	36.25	1	2750,0
2	-20.25	35.25	1	2750,0
2	-20.25	34.75	1	2750,0
2	-19.25	34.75	1	2750,0
2	-18.25	33.75	1	2750,0
2	-18.25	32.75	1	2750,0
2	-17.75	32.75	1	2750,0
2	-16.75	33.75	1	2750,0
2	-15.75	33.75	1	2750,0
2	-13.25	36.25	1	2750,0
2	-12.25	36.25	1	2750,0
2	-11.25	37.25	1	2750,0
2	-11.25	37.75	1	2750,0
2	-11.75	38.25	1	2750,0
2	-11.75	38.75	1	2750,0
2	-11.25	39.25	1	2750,0
2	-9.25	39.25	1	2750,0
2	-9.25	40.25	1	2750,0
2	-8.75	40.75	1	2750,0
2	-8.25	40.75	1	2750,0
2	-8.25	38.75	1	2750,0
2	-5.75	36.25	1	2750,0
2	-3.75	36.25	1	2750,0
2	-3.75	35.25	1	2750,0
2	-2.25	33.75	1	2750,0
2	-2.25	33.25	1	2750,0
2	-2.75	33.25	1	2750,0
2	-4.25	34.75	1	2750,0
2	-4.75	34.75	1	2750,0
2	-4.75	34.25	1	2750,0
2	-3.25	32.75	1	2750,0
2	-3.25	32.25	1	2750,0
2	-3.75	31.75	1	2750,0
2	-4.25	31.75	1	2750,0
2	-5.75	33.25	1	2750,0
2	-6.25	33.25	1	2750,0
2	-7.75	31.75	1	2750,0
2	-7.75	31.25	1	2750,0
2	-6.25	29.75	1	2750,0
2	-5.75	29.75	1	2750,0
2	-4.75	30.75	1	2750,0
2	-4.25	30.75	1	2750,0
2	-4.25	30.25	1	2750,0
2	-5.25	29.25	1	2750,0
2	-5.25	28.75	1	2750,0
2	-2.75	26.25	1	2750,0
2	-2.75	24.75	1	2750,0
2	-4.25	23.25	1	2750,0
2	-4.25	22.75	1	2750,0
2	-1.75	20.25	1	2750,0
2	-0.75	20.25	1	2750,0
2	-0.25	19.75	1	2750,0
2	0.25	19.75	1	2750,0
2	1.25	20.75	1	2750,0
2	1.25	21.25	1	2750,0
2	-1.25	23.75	1	2750,0
2	-1.25	24.25	1	2750,0
2	-0.75	24.25	1	2750,0
2	1.75	21.75	1	2750,0
2	2.25	21.75	1	2750,0
2	3.25	22.75	1	2750,0
2	3.25	23.25	1	2750,0
2	0.75	25.75	1	2750,0
2	0.75	26.25	1	2750,0
2	3.25	28.75	1	2750,0
2	3.25	29.25	1	2750,0
2	2.75	29.75	1	2750,0
2	1.75	29.75	1	2750,0
2	1.75	30.25	1	2750,0
2	2.25	30.75	1	2750,0
2	2.25	31.25	1	2750,0
2	0.75	32.75	1	2750,0
2	0.75	33.25	1	2750,0
2	1.25	33.25	1	2750,0
2	2.75	31.75	1	2750,0
2	3.75	31.75	1	2750,0
2	4.75	30.75	1	2750,0
2	4.75	12.25	1	2750,0
2	4.25	11.75	1	2750,0
2	3.75	11.75	1	2750,0
2	3.25	12.25	1	2750,0
2	3.25	14.25	1	2750,0
2	1.75	15.75	1	2750,0
2	1.25	15.75	1	2750,0
2	0.75	15.25	1	2750,0
2	0.25	15.25	1	2750,0
2	-1.75	17.25	1	2750,0
2	-1.75	17.75	1	2750,0
2	-1.25	18.25	1	2750,0
2	-1.25	18.75	1	2750,0
2	-4.75	22.25	1	2750,0
2	-5.25	22.25	1	2750,0
2	-5.75	21.75	1	2750,0
2	-7.25	21.75	1	2750,0
2	-9.75	24.25	1	2750,0
2	-9.75	25.75	1	2750,0
2	-6.75	28.75	1	2750,0
2	-6.75	29.25	1	2750,0
2	-8.25	30.75	1	2750,0
2	-9.25	30.75	1	2750,0
2	-9.75	31.25	1	2750,0
2	-9.75	32.25	1	2750,0
2	-11.75	34.25	1	2750,0
2	-12.75	34.25	1	2750,0
2	-13.25	34.75	1	2750,0
2	-13.75	34.75	1	2750,0
2	-14.25	34.25	1	2750,0
2	-14.25	33.75	1	2750,0
2	-13.25	32.75	1	2750,0
2	-13.25	32.25	1	2750,0
2	-13.75	32.25	1	2750,0
2	-14.75	33.25	1	2750,0
2	-15.25	33.25	1	2750,0
2	-15.25	32.75	1	2750,0
2	-14.75	32.25	1	2750,0
2	-14.75	30.75	1	2750,0
2	-15.25	30.25	1	2750,0
2	-15.25	29.75	1	2750,0
2	-13.75	28.25	1	2750,0
2	-13.25	28.25	1	2750,0
2	-12.75	28.75	1	2750,0
2	-12.25	28.75	1	2750,0
2	-11.75	28.25	1	2750,0
2	-11.75	27.25	1	2750,0
2	-10.25	25.75	1	2750,0
2	-10.25	25.25	1	2750,0
2	-10.75	24.75	1	2750,0
2	-11.25	24.75	1	2750,0
2	-12.75	26.25	1	2750,0
2	-13.25	26.25	1	2750,0
2	-15.75	23.75	1	2750,0
2	-16.25	23.75	1	2750,0
2	-16.25	25.25	1	2750,0
2	-14.25	27.25	1	2750,0
2	-14.25	27.75	1	2750,0
2	-15.75	29.25	1	2750,0
2	-16.25	29.25	1	2750,0
2	-18.75	26.75	1	2750,0
2	-18.75	26.25	1	2750,0
2	-17.75	25.25	1	2750,0
2	-17.75	24.25	1	2750,0
2	-10.75	17.25	1	2750,0
2	-10.25	17.25	1	2750,0
2	-7.75	19.75	1	2750,0
2	-6.25	19.75	1	2750,0
2	-6.25	19.25	1	2750,0
2	-8.75	16.75	1	2750,0
2	-8.75	16.25	1	2750,0
2	-6.25	13.75	1	2750,0
2	-5.75	13.75	1	2750,0
2	-3.25	16.25	1	2750,0
2	-2.75	16.25	1	2750,0
2	1.25	12.25	1	2750,0
2	1.25	11.75	1	2750,0
2	-1.25	9.25	1	2750,0
2	-1.75	9.25	1	2750,0
2	-4.75	12.25	1	2750,0
2	-5.25	12.25	1	2750,0
2	-5.25	11.75	1	2750,0
2	-2.75	9.25	1	2750,0
2	-2.75	8.25	1	2750,0
2	-1.25	6.75	1	2750,0
2	-1.25	6.25	1	2750,0
2	-1.75	6.25	1	2750,0
2	-7.25	11.75	1	2750,0
2	-7.75	11.75	1	2750,0
2	-9.75	9.75	1	2750,0
2	-10.25	9.75	1	2750,0
2	-12.75	12.25	1	2750,0
2	-12.75	12.75	1	2750,0
2	-10.75	14.75	1	2750,0
2	-10.75	15.25	1	2750,0
2	-18.25	22.75	1	2750,0
2	-18.75	22.75	1	2750,0
2	-19.25	22.25	1	2750,0
2	-19.75	22.25	1	2750,0
2	-22.75	25.25	1	2750,0
2	-23.25	25.25	1	2750,0
2	-23.25	24.75	1	2750,0
2	-20.75	22.25	1	2750,0
2	-20.75	21.75	1	2750,0
2	-21.25	21.75	1	2750,0
2	-21.75	22.25	1	2750,0
2	-22.25	22.25	1	2750,0
2	-22.25	21.75	1	2750,0
2	-21.25	20.75	1	2750,0
2	-21.25	19.75	1	2750,0
2	-20.75	19.25	1	2750,0
2	-19.75	19.25	1	2750,0
2	-18.25	17.75	1	2750,0
2	-18.25	17.25	1	2750,0
2	-19.75	15.75	1	2750,0
2	-20.25	15.75	1	2750,0
2	-21.75	17.25	1	2750,0
2	-21.75	18.25	1	2750,0
2	-22.25	18.75	1	2750,0
2	-22.75	18.75	1	2750,0
2	-23.25	18.25	1	2750,0
2	-24.25	18.25	1	2750,0
2	-24.75	17.75	1	2750,0
2	-25.25	17.75	1	2750,0
2	-26.25	18.75	1	2750,0
2	-26.75	18.75	1	2750,0
2	-27.75	17.75	1	2750,0
2	-27.75	17.25	1	2750,0
2	-26.25	15.75	1	2750,0
2	-26.25	15.25	1	2750,0
2	-27.75	13.75	1	2750,0
2	-27.75	13.25	1	2750,0
2	-27.25	12.75	1	2750,0
2	-26.75	12.75	1	2750,0
2	-25.25	14.25	1	2750,0
2	-24.75	14.25	1	2750,0
2	-23.25	12.75	1	2750,0
2	-23.25	12.25	1	2750,0
2	-24.75	10.75	1	2750,0
2	-24.75	10.25	1	2750,0
2	-24.25	10.25	1	2750,0
2	-22.75	11.75	1	2750,0
2	-22.25	11.75	1	2750,0
2	-20.25	9.75	1	2750,0
2	-20.25	9.25	1	2750,0
2	-23.25	6.25	1	2750,0
2	-24.25	6.25	1	2750,0
2	-24.25	4.25	1	2750,0
2	-26.75	1.75	1	2750,0
2	-27.25	1.75	1	2750,0
2	-30.25	4.75	1	2750,0
2	-30.25	5.25	1	2750,0
2	-27.75	7.75	1	2750,0
2	-27.75	8.25	1	2750,0
2	-33.75	14.25	1	2750,0
2	-34.75	14.25	1	2750,0
2	-34.75	14.75	1	2750,0
2	-31.75	17.75	1	2750,0
2	-31.75	19.25	1	2750,0
2	-32.75	19.25	1	2750,0
2	-33.75	20.25	1	2750,0
2	-33.75	20.75	1	2750,0
2	-32.75	21.75	1	2750,0
2	-32.75	22.25	1	2750,0
2	-33.25	22.25	1	2750,0
2	-35.75	19.75	1	2750,0
2	-36.25	19.75	1	2750,0
2	-37.25	20.75	1	2750,0
2	-37.25	21.75	1	2750,0
2	-37.75	22.25	1	2750,0
2	-37.75	23.75	1	2750,0
2	-36.75	23.75	1	2750,0
2	-36.75	24.75	1	2750,0
2	-36.25	25.25	1	2750,0
2	-36.25	25.75	1	2750,0
2	-37.25	26.75	1	2750,0
2	-37.75	26.75	1	2750,0
2	-41.75	22.75	1	2750,0
2	-42.25	22.75	1	2750,0
2	-42.75	23.25	1	2750,0
2	-43.25	23.25	1	2750,0
2	-44.25	22.25	1	2750,0
2	-44.75	22.25	1	2750,0
2	-44.75	31.25	1	2750,0
270	-15.75	15.25	40	2700,50
270	-15.75	15.75	40	2700,50
270	-12.25	19.25	40	2700,50
270	-11.75	19.25	40	2700,50
270	-10.25	17.75	40	2700,50
270	-10.25	16.75	40	2700,50
270	-4.75	11.25	40	2700,50
270	-4.75	10.25	40	2700,50
270	-3.75	10.25	40	2700,50
270	-1.25	7.75	40	2700,50
270	-1.25	6.75	40	2700,50
270	5.25	0.25	40	2700,50
270	5.25	-0.25	40	2700,50
270	4.75	-0.25	40	2700,50
270	-3.25	7.75	40	2700,50
270	-4.25	7.75	40	2700,50
270	-4.75	8.25	40	2700,50
270	-5.25	8.25	40	2700,50
270	-6.75	6.75	40	2700,50
270	-6.75	6.25	40	2700,50
270	-4.75	4.25	40	2700,50
270	-4.75	3.75	40	2700,50
270	-5.25	3.25	40	2700,50
270	-5.25	2.75	40	2700,50
270	-4.25	2.75	40	2700,50
270	-3.75	2.25	40	2700,50
270	-2.75	2.25	40	2700,50
270	-1.75	1.25	40	2700,50
270	-1.75	0.25	40	2700,50
270	-1.25	-0.25	40	2700,50
270	-1.25	-0.75	40	2700,50
270	-3.75	-0.75	40	2700,50
270	-5.25	0.75	40	2700,50
270	-5.25	1.75	40	2700,50
270	-5.75	2.25	40	2700,50
270	-7.25	2.25	40	2700,50
270	-8.25	1.25	40	2700,50
270	-8.75	1.25	40	2700,50
270	-13.75	6.25	40	2700,50
270	-13.75	7.25	40	2700,50
270	-14.75	7.25	40	2700,50
270	-15.75	8.25	40	2700,50
270	-15.75	9.75	40	2700,50
270	-15.25	10.25	40	2700,50
270	-15.25	11.25	40	2700,50
270	-14.25	12.25	40	2700,50
270	-12.25	12.25	40	2700,50
270	-11.75	12.75	40	2700,50
270	-11.25	12.75	40	2700,50
270	-9.75	11.25	40	2700,50
270	-9.25	11.25	40	2700,50
270	-9.25	11.75	40	2700,50
270	-11.25	13.75	40	2700,50
270	-11.25	14.25	40	2700,50
270	-10.75	14.75	40	2700,50
270	-10.75	15.25	40	2700,50
270	-11.25	15.75	40	2700,50
270	-11.75	15.75	40	2700,50
270	-13.75	13.75	40	2700,50
270	-14.25	13.75	40	2700,50
270	-15.75	15.25	40	2700,50
270	-2.25	48.75	40	2700,0
270	-2.25	49.25	40	2700,0
270	-0.75	49.25	40	2700,0
270	-0.75	48.75	40	2700,0
270	-1.25	48.25	40	2700,0
270	-1.75	48.25	40	2700,0
270	-2.25	48.75	40	2700,0
270	-44.75	-0.75	40	2750,50
270	-44.75	-0.25	40	2750,50
270	-44.25	-0.25	40	2750,50
270	-44.25	-0.75	40	2750,50
270	-44.75	-0.75	40	2750,50
270	-44.25	48.75	40	2750,0
270	-44.25	49.25	40	2750,0
270	-43.75	49.25	40	2750,0
270	-39.75	45.25	40	2750,0
270	-39.25	45.25	40	2750,0
270	-38.75	45.75	40	2750,0
270	-38.25	45.75	40	2750,0
270	-37.75	45.25	40	2750,0
270	-37.75	44.75	40	2750,0
270	-38.75	43.75	40	2750,0
270	-38.75	43.25	40	2750,0
270	-36.75	41.25	40	2750,0
270	-36.25	41.25	40	2750,0
270	-36.25	41.75	40	2750,0
270	-37.25	42.75	40	2750,0
270	-37.25	43.25	40	2750,0
270	-36.75	43.75	40	2750,0
270	-36.25	43.75	40	2750,0
270	-35.25	42.75	40	2750,0
270	-34.75	42.75	40	2750,0
270	-32.25	45.25	40	2750,0
270	-32.25	45.75	40	2750,0
270	-33.25	46.75	40	2750,0
270	-33.25	47.75	40	2750,0
270	-33.75	48.25	40	2750,0
270	-34.75	48.25	40	2750,0
270	-35.25	48.75	40	2750,0
270	-35.25	49.25	40	2750,0
270	-33.75	49.25	40	2750,0
270	-31.25	46.75	40	2750,0
270	-30.75	46.75	40	2750,0
270	-30.25	47.25	40	2750,0
270	-30.25	47.75	40	2750,0
270	-31.25	48.75	40	2750,0
270	-31.25	49.25	40	2750,0
270	-30.75	49.25	40	2750,0
270	-29.75	48.25	40	2750,0
270	-29.25	48.25	40	2750,0
270	-28.25	49.25	40	2750,0
270	-27.75	49.25	40	2750,0
270	-26.25	47.75	40	2750,0
270	-26.25	47.25	40	2750,0
270	-27.25	46.25	40	2750,0
270	-27.25	45.75	40	2750,0
270	-26.25	44.75	40	2750,0
270	-26.25	44.25	40	2750,0
270	-26.75	44.25	40	2750,0
270	-27.75	45.25	40	2750,0
270	-29.25	45.25	40	2750,0
270	-29.75	44.75	40	2750,0
270	-30.25	44.75	40	2750,0
270	-30.25	45.25	40	2750,0
270	-29.75	45.75	40	2750,0
270	-29.75	46.25	40	2750,0
270	-30.25	46.25	40	2750,0
270	-31.25	45.25	40	2750,0
270	-31.25	44.25	40	2750,0
270	-33.75	41.75	40	2750,0
270	-34.75	41.75	40	2750,0
270	-35.25	41.25	40	2750,0
270	-35.25	40.75	40	2750,0
270	-32.75	38.25	40	2750,0
270	-31.75	38.25	40	2750,0
270	-31.75	37.25	40	2750,0
270	-30.75	36.25	40	2750,0
270	-30.75	35.75	40	2750,0
270	-31.25	35.75	40	2750,0
270	-35.75	40.25	40	2750,0
270	-36.25	40.25	40	2750,0
270	-41.75	34.75	40	2750,0
270	-41.75	33.75	40	2750,0
270	-42.25	33.25	40	2750,0
270	-42.75	33.25	40	2750,0
270	-42.75	35.25	40	2750,0
270	-44.75	37.25	40	2750,0
270	-44.75	38.75	40	2750,0
270	-43.25	38.75	40	2750,0
270	-41.25	36.75	40	2750,0
270	-40.75	36.75	40	2750,0
270	-39.75	37.75	40	2750,0
270	-39.75	38.25	40	2750,0
270	-42.25	40.75	40	2750,0
270	-42.25	42.25	40	2750,0
270	-40.75	43.75	40	2750,0
270	-40.75	45.25	40	2750,0
270	-44.25	48.75	40	2750,0
183	-8.25	22.75	198	2700,50
183	-8.25	23.25	198	2700,50
183	-4.75	26.75	198	2700,50
183	-4.25	26.75	198	2700,50
183	-3.75	26.25	198	2700,50
183	-3.75	25.75	198	2700,50
183	-7.25	22.25	198	2700,50
183	-7.75	22.25	198	2700,50
183	-8.25	22.75	198	2700,50
370	-29.25	-0.25	97	2650,0
370	-29.25	0.25	97	2650,0
370	-28.75	0.75	97	2650,0
370	-27.25	0.75	97	2650,0
370	-26.75	0.25	97	2650,0
370	-26.75	-0.25	97	2650,0
370	-29.25	-0.25	97	2650,0
198	-6.75	21.25	21	2700,50
198	-6.75	21.75	21	2700,50
198	-6.25	22.25	21	2700,50
198	-4.75	22.25	21	2700,50
198	-4.75	21.75	21	2700,50
198	-5.25	21.25	21	2700,50
198	-5.25	19.75	21	2700,50
198	2.75	11.75	21	2700,50
198	3.25	11.75	21	2700,50
198	4.25	12.75	21	2700,50
198	4.75	12.75	21	2700,50
198	5.25	12.25	21	2700,50
198	5.25	10.75	21	2700,50
198	4.75	10.25	21	2700,50
198	4.75	9.75	21	2700,50
198	5.25	9.25	21	2700,50
198	5.25	0.75	21	2700,50
198	4.75	0.75	21	2700,50
198	-1.25	6.75	21	2700,50
198	-1.25	7.75	21	2700,50
198	-3.75	10.25	21	2700,50
198	-4.75	10.25	21	2700,50
198	-4.75	11.25	21	2700,50
198	-10.25	16.75	21	2700,50
198	-10.25	17.25	21	2700,50
198	-9.25	17.25	21	2700,50
198	-6.75	19.75	21	2700,50
198	-6.75	21.25	21	2700,50
198	-44.75	8.25	21	2750,50
198	-44.75	8.75	21	2750,50
198	-43.75	8.75	21	2750,50
198	-43.25	9.25	21	2750,50
198	-42.75	9.25	21	2750,50
198	-41.25	7.75	21	2750,50
198	-40.25	7.75	21	2750,50
198	-39.75	7.25	21	2750,50
198	-39.75	6.25	21	2750,50
198	-37.75	4.25	21	2750,50
198	-36.25	4.25	21	2750,50
198	-36.25	5.25	21	2750,50
198	-34.75	5.25	21	2750,50
198	-34.75	4.25	21	2750,50
198	-33.75	3.25	21	2750,50
198	-33.25	3.25	21	2750,50
198	-31.75	4.75	21	2750,50
198	-31.75	5.25	21	2750,50
198	-32.25	5.75	21	2750,50
198	-32.25	6.25	21	2750,50
198	-31.75	6.75	21	2750,50
198	-30.75	6.75	21	2750,50
198	-30.25	7.25	21	2750,50
198	-29.25	7.25	21	2750,50
198	-28.75	7.75	21	2750,50
198	-27.75	7.75	21	2750,50
198	-27.75	8.75	21	2750,50
198	-27.25	9.25	21	2750,50
198	-26.25	9.25	21	2750,50
198	-25.75	9.75	21	2750,50
198	-25.75	10.75	21	2750,50
198	-25.25	10.75	21	2750,50
198	-24.25	9.75	21	2750,50
198	-24.25	9.25	21	2750,50
198	-25.25	9.25	21	2750,50
198	-25.75	8.75	21	2750,50
198	-25.75	8.25	21	2750,50
198	-25.25	7.75	21	2750,50
198	-25.25	7.25	21	2750,50
198	-25.75	6.75	21	2750,50
198	-26.25	6.75	21	2750,50
198	-26.75	7.25	21	2750,50
198	-27.25	7.25	21	2750,50
198	-27.25	6.75	21	2750,50
198	-26.75	6.25	21	2750,50
198	-26.75	5.75	21	2750,50
198	-28.75	5.75	21	2750,50
198	-30.25	4.25	21	2750,50
198	-30.25	3.75	21	2750,50
198	-29.75	3.25	21	2750,50
198	-29.75	2.25	21	2750,50
198	-27.75	0.25	21	2750,50
198	-27.75	-0.25	21	2750,50
198	-28.25	-0.75	21	2750,50
198	-30.75	-0.75	21	2750,50
198	-31.25	-0.25	21	2750,50
198	-31.75	-0.25	21	2750,50
198	-32.25	-0.75	21	2750,50
198	-43.75	-0.75	21	2750,50
198	-44.75	0.25	21	2750,50
198	-44.75	8.25	21	2750,50
198	-43.25	48.75	21	2750,0
198	-43.25	49.25	21	2750,0
198	-35.75	49.25	21	2750,0
198	-35.75	48.75	21	2750,0
198	-39.25	45.25	21	2750,0
198	-39.75	45.25	21	2750,0
198	-43.25	48.75	21	2750,0
165	-4.75	23.25	182	2700,50
165	-4.75	23.75	182	2700,50
165	-2.75	25.75	182	2700,50
165	-2.25	25.75	182	2700,50
165	-1.75	25.25	182	2700,50
165	-1.25	25.25	182	2700,50
165	-0.25	26.25	182	2700,50
165	-0.25	28.25	182	2700,50
165	0.25	28.75	182	2700,50
165	0.75	28.75	182	2700,50
165	1.25	28.25	182	2700,50
165	2.25	28.25	182	2700,50
165	3.75	26.75	182	2700,50
165	3.75	26.25	182	2700,50
165	3.25	26.25	182	2700,50
165	2.25	27.25	182	2700,50
165	1.75	27.25	182	2700,50
165	1.25	26.75	182	2700,50
165	1.25	26.25	182	2700,50
165	3.75	23.75	182	2700,50
165	3.75	22.75	182	2700,50
165	4.75	22.75	182	2700,50
165	5.25	22.25	182	2700,50
165	5.25	18.75	182	2700,50
165	4.75	18.75	182	2700,50
165	-0.75	24.25	182	2700,50
165	-2.25	24.25	182	2700,50
165	-3.75	22.75	182	2700,50
165	-4.25	22.75	182	2700,50
165	-4.75	23.25	182	2700,50
165	-44.75	21.25	182	2750,50
165	-44.75	21.75	182	2750,50
165	-44.25	21.75	182	2750,50
165	-41.25	18.75	182	2750,50
165	-39.75	18.75	182	2750,50
165	-39.75	19.25	182	2750,50
165	-41.25	20.75	182	2750,50
165	-41.25	21.25	182	2750,50
165	-40.75	21.25	182	2750,50
165	-39.25	19.75	182	2750,50
165	-38.75	19.75	182	2750,50
165	-38.25	20.25	182	2750,50
165	-37.75	20.25	182	2750,50
165	-36.75	19.25	182	2750,50
165	-36.75	18.75	182	2750,50
165	-37.25	18.25	182	2750,50
165	-37.25	17.75	182	2750,50
165	-36.25	16.75	182	2750,50
165	-35.25	16.75	182	2750,50
165	-35.25	16.25	182	2750,50
165	-36.25	15.25	182	2750,50
165	-36.25	13.75	182	2750,50
165	-35.75	13.25	182	2750,50
165	-35.25	13.25	182	2750,50
165	-34.75	13.75	182	2750,50
165	-34.25	13.75	182	2750,50
165	-33.25	12.75	182	2750,50
165	-33.25	12.25	182	2750,50
165	-33.75	11.75	182	2750,50
165	-33.75	10.75	182	2750,50
165	-34.75	9.75	182	2750,50
165	-34.75	9.25	182	2750,50
165	-34.25	9.25	182	2750,50
165	-33.25	10.25	182	2750,50
165	-32.75	10.25	182	2750,50
165	-32.25	9.75	182	2750,50
165	-31.75	9.75	182	2750,50
165	-31.25	10.25	182	2750,50
165	-31.25	10.75	182	2750,50
165	-31.75	11.25	182	2750,50
165	-31.75	12.75	182	2750,50
165	-31.25	12.75	182	2750,50
165	-30.25	11.75	182	2750,50
165	-28.25	11.75	182	2750,50
165	-28.25	11.25	182	2750,50
165	-29.25	10.25	182	2750,50
165	-29.25	9.75	182	2750,50
165	-28.75	9.75	182	2750,50
165	-27.25	11.25	182	2750,50
165	-26.75	11.25	182	2750,50
165	-25.75	10.25	182	2750,50
165	-25.75	9.75	182	2750,50
165	-26.25	9.25	182	2750,50
165	-27.25	9.25	182	2750,50
165	-27.75	8.75	182	2750,50
165	-27.75	7.75	182	2750,50
165	-28.75	7.75	182	2750,50
165	-29.25	7.25	182	2750,50
165	-30.25	7.25	182	2750,50
165	-30.75	6.75	182	2750,50
165	-31.75	6.75	182	2750,50
165	-32.25	6.25	182	2750,50
165	-32.25	5.75	182	2750,50
165	-31.75	5.25	182	2750,50
165	-31.75	4.75	182	2750,50
165	-32.25	4.75	182	2750,50
165	-33.25	5.75	182	2750,50
165	-34.25	5.75	182	2750,50
165	-35.75	7.25	182	2750,50
165	-35.75	8.25	182	2750,50
165	-36.25	8.75	182	2750,50
165	-37.75	8.75	182	2750,50
165	-38.75	7.75	182	2750,50
165	-39.25	7.75	182	2750,50
165	-39.75	8.25	182	2750,50
165	-39.75	8.75	182	2750,50
165	-38.75	9.75	182	2750,50
165	-38.75	11.25	182	2750,50
165	-41.75	14.25	182	2750,50
165	-42.75	14.25	182	2750,50
165	-43.25	14.75	182	2750,50
165	-43.25	16.75	182	2750,50
165	-44.75	18.25	182	2750,50
165	-44.75	21.25	182	2750,50
249	1.25	29.25	29	2700,50
249	1.25	29.75	29	2700,50
249	1.75	30.25	29	2700,50
249	4.25	30.25	29	2700,50
249	4.75	29.75	29	2700,50
249	4.75	29.25	29	2700,50
249	3.75	29.25	29	2700,50
249	3.25	28.75	29	2700,50
249	3.25	28.25	29	2700,50
249	5.25	26.25	29	2700,50
249	5.25	22.75	29	2700,50
249	3.75	22.75	29	2700,50
249	3.75	23.75	29	2700,50
249	1.25	26.25	29	2700,50
249	1.25	26.75	29	2700,50
249	1.75	27.25	29	2700,50
249	2.25	27.25	29	2700,50
249	3.25	26.25	29	2700,50
249	3.75	26.25	29	2700,50
249	3.75	26.75	29	2700,50
249	1.25	29.25	29	2700,50
249	-44.75	25.25	29	2750,50
249	-44.75	25.75	29	2750,50
249	-44.25	25.75	29	2750,50
249	-44.25	24.75	29	2750,50
249	-43.25	24.75	29	2750,50
249	-39.25	20.75	29	2750,50
249	-38.75	20.75	29	2750,50
249	-38.75	21.25	29	2750,50
249	-39.75	22.25	29	2750,50
249	-39.75	22.75	29	2750,50
249	-39.25	22.75	29	2750,50
249	-38.75	22.25	29	2750,50
249	-36.75	22.25	29	2750,50
249	-34.75	20.25	29	2750,50
249	-34.75	19.25	29	2750,50
249	-34.25	18.75	29	2750,50
249	-33.75	18.75	29	2750,50
249	-33.25	19.25	29	2750,50
249	-32.75	19.25	29	2750,50
249	-13.25	-0.25	29	2750,50
249	-13.25	-0.75	29	2750,50
249	-16.75	-0.75	29	2750,50
249	-20.25	2.75	29	2750,50
249	-22.25	2.75	29	2750,50
249	-22.25	3.25	29	2750,50
249	-21.75	3.75	29	2750,50
249	-21.75	4.25	29	2750,50
249	-22.25	4.25	29	2750,50
249	-26.25	0.25	29	2750,50
249	-26.75	0.25	29	2750,50
249	-30.25	3.75	29	2750,50
249	-30.25	4.25	29	2750,50
249	-28.75	5.75	29	2750,50
249	-26.75	5.75	29	2750,50
249	-26.75	6.25	29	2750,50
249	-27.25	6.75	29	2750,50
249	-27.25	7.25	29	2750,50
249	-26.75	7.25	29	2750,50
249	-26.25	6.75	29	2750,50
249	-25.75	6.75	29	2750,50
249	-25.25	7.25	29	2750,50
249	-25.25	7.75	29	2750,50
249	-25.75	8.25	29	2750,50
249	-25.75	8.75	29	2750,50
249	-25.25	9.25	29	2750,50
249	-24.25	9.25	29	2750,50
249	-24.25	9.75	29	2750,50
249	-25.25	10.75	29	2750,50
249	-26.25	10.75	29	2750,50
249	-26.75	11.25	29	2750,50
249	-27.25	11.25	29	2750,50
249	-28.75	9.75	29	2750,50
249	-29.25	9.75	29	2750,50
249	-29.25	10.25	29	2750,50
249	-28.25	11.25	29	2750,50
249	-28.25	11.75	29	2750,50
249	-30.25	11.75	29	2750,50
249	-31.25	12.75	29	2750,50
249	-31.75	12.75	29	2750,50
249	-31.75	11.25	29	2750,50
249	-31.25	10.75	29	2750,50
249	-31.25	10.25	29	2750,50
249	-31.75	9.75	29	2750,50
249	-32.25	9.75	29	2750,50
249	-32.75	10.25	29	2750,50
249	-33.25	10.25	29	2750,50
249	-34.25	9.25	29	2750,50
249	-34.75	9.25	29	2750,50
249	-34.75	9.75	29	2750,50
249	-33.75	10.75	29	2750,50
249	-33.75	11.75	29	2750,50
249	-33.25	12.25	29	2750,50
249	-33.25	12.75	29	2750,50
249	-34.25	13.75	29	2750,50
249	-34.75	13.75	29	2750,50
249	-35.25	13.25	29	2750,50
249	-35.75	13.25	29	2750,50
249	-36.25	13.75	29	2750,50
249	-36.25	15.25	29	2750,50
249	-35.25	16.25	29	2750,50
249	-35.25	16.75	29	2750,50
249	-36.25	16.75	29	2750,50
249	-37.25	17.75	29	2750,50
249	-37.25	18.25	29	2750,50
249	-36.75	18.75	29	2750,50
249	-36.75	19.25	29	2750,50
249	-37.75	20.25	29	2750,50
249	-38.25	20.25	29	2750,50
249	-38.75	19.75	29	2750,50
249	-39.25	19.75	29	2750,50
249	-40.75	21.25	29	2750,50
249	-41.25	21.25	29	2750,50
249	-41.25	20.75	29	2750,50
249	-39.75	19.25	29	2750,50
249	-39.75	18.75	29	2750,50
249	-41.25	18.75	29	2750,50
249	-44.75	22.25	29	2750,50
249	-44.75	25.25	29	2750,50
249	-16.75	48.25	29	2750,0
249	-16.75	48.75	29	2750,0
249	-16.25	49.25	29	2750,0
249	-12.75	49.25	29	2750,0
249	4.75	31.75	29	2750,0
249	4.75	31.25	29	2750,0
249	4.25	31.25	29	2750,0
249	3.75	31.75	29	2750,0
249	2.75	31.75	29	2750,0
249	1.25	33.25	29	2750,0
249	1.25	34.25	29	2750,0
249	0.25	34.25	29	2750,0
249	0.25	35.25	29	2750,0
249	-0.75	35.25	29	2750,0
249	-0.75	36.25	29	2750,0
249	-1.25	36.75	29	2750,0
249	-2.25	36.75	29	2750,0
249	-2.25	37.75	29	2750,0
249	-2.75	38.25	29	2750,0
249	-3.75	38.25	29	2750,0
249	-5.25	39.75	29	2750,0
249	-5.25	40.75	29	2750,0
249	-7.25	42.75	29	2750,0
249	-7.75	42.75	29	2750,0
249	-7.75	42.25	29	2750,0
249	-7.25	41.75	29	2750,0
249	-7.25	41.25	29	2750,0
249	-7.75	41.25	29	2750,0
249	-8.25	41.75	29	2750,0
249	-8.75	41.75	29	2750,0
249	-9.25	41.25	29	2750,0
249	-9.75	41.25	29	2750,0
249	-9.75	42.25	29	2750,0
249	-10.25	42.75	29	2750,0
249	-12.25	42.75	29	2750,0
249	-12.25	44.75	29	2750,0
249	-13.25	45.75	29	2750,0
249	-14.25	45.75	29	2750,0
249	-14.75	46.25	29	2750,0
249	-15.75	46.25	29	2750,0
249	-16.75	47.25	29	2750,0
249	-16.75	48.25	29	2750,0
249	-45.25	30.75	29	2800,0
249	-45.25	31.25	29	2800,0
249	-44.75	31.25	29	2800,0
249	-41.75	28.25	29	2800,0
249	-41.75	27.75	29	2800,0
249	-42.25	27.75	29	2800,0
249	-45.25	30.75	29	2800,0
212	-26.75	0.25	22	2650,0
212	-26.75	0.75	22	2650,0
212	-22.25	5.25	22	2650,0
212	-21.25	5.25	22	2650,0
212	-20.75	5.75	22	2650,0
212	-20.25	5.75	22	2650,0
212	-18.75	4.25	22	2650,0
212	-17.75	4.25	22	2650,0
212	-17.25	3.75	22	2650,0
212	-16.75	3.75	22	2650,0
212	-16.25	4.25	22	2650,0
212	-14.75	4.25	22	2650,0
212	-14.25	3.75	22	2650,0
212	-13.75	3.75	22	2650,0
212	-13.25	4.25	22	2650,0
212	-12.75	4.25	22	2650,0
212	-12.25	3.75	22	2650,0
212	-11.25	3.75	22	2650,0
212	-10.25	2.75	22	2650,0
212	-8.75	2.75	22	2650,0
212	-7.25	4.25	22	2650,0
212	-6.75	4.25	22	2650,0
212	-6.25	3.75	22	2650,0
212	-5.75	3.75	22	2650,0
212	-4.25	5.25	22	2650,0
212	-3.25	5.25	22	2650,0
212	-2.25	6.25	22	2650,0
212	-1.75	6.25	22	2650,0
212	-0.75	5.25	22	2650,0
212	-0.75	4.75	22	2650,0
212	-1.75	3.75	22	2650,0
212	-1.75	3.25	22	2650,0
212	-0.75	2.25	22	2650,0
212	-0.25	2.25	22	2650,0
212	0.75	3.25	22	2650,0
212	1.75	3.25	22	2650,0
212	2.25	3.75	22	2650,0
212	2.75	3.75	22	2650,0
212	3.25	3.25	22	2650,0
212	3.75	3.25	22	2650,0
212	4.25	3.75	22	2650,0
212	4.75	3.75	22	2650,0
212	4.75	1.25	22	2650,0
212	4.25	0.75	22	2650,0
212	3.75	0.75	22	2650,0
212	3.25	1.25	22	2650,0
212	2.75	1.25	22	2650,0
212	2.25	0.75	22	2650,0
212	0.75	0.75	22	2650,0
212	0.25	1.25	22	2650,0
212	-0.25	1.25	22	2650,0
212	-0.75	0.75	22	2650,0
212	-1.75	0.75	22	2650,0
212	-2.25	0.25	22	2650,0
212	-2.75	0.25	22	2650,0
212	-3.75	1.25	22	2650,0
212	-4.25	1.25	22	2650,0
212	-4.75	0.75	22	2650,0
212	-8.25	0.75	22	2650,0
212	-9.25	1.75	22	2650,0
212	-12.25	1.75	22	2650,0
212	-12.75	2.25	22	2650,0
212	-13.25	2.25	22	2650,0
212	-14.75	0.75	22	2650,0
212	-17.25	0.75	22	2650,0
212	-19.25	2.75	22	2650,0
212	-19.75	2.75	22	2650,0
212	-20.75	1.75	22	2650,0
212	-23.25	1.75	22	2650,0
212	-23.75	2.25	22	2650,0
212	-24.25	2.25	22	2650,0
212	-26.25	0.25	22	2650,0
212	-26.75	0.25	22	2650,0
212	-45.25	2.75	22	2700,0
212	-45.25	3.25	22	2700,0
212	-43.25	3.25	22	2700,0
212	-41.75	4.75	22	2700,0
212	-41.25	4.75	22	2700,0
212	-39.25	2.75	22	2700,0
212	-38.25	2.75	22	2700,0
212	-37.25	1.75	22	2700,0
212	-36.25	1.75	22	2700,0
212	-35.75	1.25	22	2700,0
212	-35.75	0.75	22	2700,0
212	-36.25	0.25	22	2700,0
212	-36.75	0.25	22	2700,0
212	-37.25	0.75	22	2700,0
212	-38.25	0.75	22	2700,0
212	-39.25	1.75	22	2700,0
212	-39.75	1.75	22	2700,0
212	-40.75	0.75	22	2700,0
212	-41.25	0.75	22	2700,0
212	-42.25	1.75	22	2700,0
212	-43.75	1.75	22	2700,0
212	-44.25	1.25	22	2700,0
212	-44.75	1.25	22	2700,0
212	-45.25	1.75	22	2700,0
212	-45.25	2.75	22	2700,0
289	-26.25	-0.25	50	2650,0
289	-26.25	0.25	50	2650,0
289	-24.25	2.25	50	2650,0
289	-23.75	2.25	50	2650,0
289	-23.25	1.75	50	2650,0
289	-20.75	1.75	50	2650,0
289	-19.75	2.75	50	2650,0
289	-19.25	2.75	50	2650,0
289	-17.25	0.75	50	2650,0
289	-14.75	0.75	50	2650,0
289	-13.25	2.25	50	2650,0
289	-12.75	2.25	50	2650,0
289	-12.25	1.75	50	2650,0
289	-9.25	1.75	50	2650,0
289	-8.25	0.75	50	2650,0
289	-4.75	0.75	50	2650,0
289	-4.25	1.25	50	2650,0
289	-3.75	1.25	50	2650,0
289	-2.75	0.25	50	2650,0
289	-2.75	-0.25	50	2650,0
289	-26.25	-0.25	50	2650,0
12	-5.25	20.75	104	2650,0
12	-5.25	21.25	104	2650,0
12	-2.25	24.25	104	2650,0
12	-1.75	24.25	104	2650,0
12	4.75	17.75	104	2650,0
12	4.75	13.25	104	2650,0
12	3.75	12.25	104	2650,0
12	3.25	12.25	104	2650,0
12	-2.25	17.75	104	2650,0
12	-2.25	19.75	104	2650,0
12	-2.75	19.75	104	2650,0
12	-3.25	19.25	104	2650,0
12	-3.75	19.25	104	2650,0
12	-5.25	20.75	104	2650,0
12	-45.25	16.75	104	2700,0
12	-45.25	17.25	104	2700,0
12	-44.75	17.25	104	2700,0
12	-43.25	15.75	104	2700,0
12	-43.25	15.25	104	2700,0
12	-44.75	13.75	104	2700,0
12	-45.25	13.75	104	2700,0
12	-45.25	16.75	104	2700,0
7	-25.75	0.25	100	2700,50
7	-25.75	0.75	100	2700,50
7	-23.25	3.25	100	2700,50
7	-22.75	3.25	100	2700,50
7	-20.75	1.25	100	2700,50
7	-20.75	0.25	100	2700,50
7	-19.75	0.25	100	2700,50
7	-19.25	-0.25	100	2700,50
7	-19.25	-0.75	100	2700,50
7	-24.75	-0.75	100	2700,50
7	-25.75	0.25	100	2700,50
7	-24.25	48.75	100	2700,0
7	-24.25	49.25	100	2700,0
7	-18.75	49.25	100	2700,0
7	-14.25	44.75	100	2700,0
7	-14.25	44.25	100	2700,0
7	-17.25	41.25	100	2700,0
7	-18.75	41.25	100	2700,0
7	-18.75	42.25	100	2700,0
7	-23.25	46.75	100	2700,0
7	-23.25	47.75	100	2700,0
7	-24.25	48.75	100	2700,0
320	-21.75	4.25	66	2700,50
320	-21.75	4.75	66	2700,50
320	-20.75	4.75	66	2700,50
320	-18.25	7.25	66	2700,50
320	-17.75	7.25	66	2700,50
320	-15.75	5.25	66	2700,50
320	-14.75	5.25	66	2700,50
320	-14.75	4.25	66	2700,50
320	-10.25	-0.25	66	2700,50
320	-10.25	-0.75	66	2700,50
320	-18.75	-0.75	66	2700,50
320	-19.75	0.25	66	2700,50
320	-20.75	0.25	66	2700,50
320	-20.75	1.25	66	2700,50
320	-22.25	2.75	66	2700,50
320	-22.25	3.25	66	2700,50
320	-21.25	3.25	66	2700,50
320	-21.25	3.75	66	2700,50
320	-21.75	4.25	66	2700,50
320	-18.25	48.75	66	2700,0
320	-18.25	49.25	66	2700,0
320	-10.75	49.25	66	2700,0
320	-10.75	47.75	66	2700,0
320	-11.25	47.25	66	2700,0
320	-11.25	46.75	66	2700,0
320	-10.75	46.25	66	2700,0
320	-10.75	45.75	66	2700,0
320	-11.25	45.75	66	2700,0
320	-11.75	46.25	66	2700,0
320	-12.25	46.25	66	2700,0
320	-12.25	45.75	66	2700,0
320	-11.75	45.25	66	2700,0
320	-11.75	44.75	66	2700,0
320	-12.25	44.25	66	2700,0
320	-12.25	43.75	66	2700,0
320	-11.75	43.75	66	2700,0
320	-8.25	47.25	66	2700,0
320	-7.75	47.25	66	2700,0
320	-6.75	46.25	66	2700,0
320	-6.75	45.75	66	2700,0
320	-8.25	44.25	66	2700,0
320	-8.25	42.75	66	2700,0
320	-7.75	42.75	66	2700,0
320	-7.25	43.25	66	2700,0
320	-7.25	44.25	66	2700,0
320	-6.75	44.75	66	2700,0
320	-6.25	44.75	66	2700,0
320	-6.25	43.75	66	2700,0
320	-4.75	42.25	66	2700,0
320	-4.25	42.25	66	2700,0
320	-3.75	42.75	66	2700,0
320	-3.75	43.25	66	2700,0
320	-4.25	43.75	66	2700,0
320	-4.25	44.25	66	2700,0
320	-3.25	45.25	66	2700,0
320	-2.75	45.25	66	2700,0
320	-1.75	44.25	66	2700,0
320	-1.75	43.75	66	2700,0
320	-2.75	42.75	66	2700,0
320	-2.75	42.25	66	2700,0
320	-2.25	42.25	66	2700,0
320	-1.25	43.25	66	2700,0
320	-0.75	43.25	66	2700,0
320	1.25	41.25	66	2700,0
320	1.25	40.75	66	2700,0
320	0.75	40.25	66	2700,0
320	0.25	40.25	66	2700,0
320	-1.25	41.75	66	2700,0
320	-1.75	41.75	66	2700,0
320	-1.75	41.25	66	2700,0
320	-0.75	40.25	66	2700,0
320	-0.75	39.25	66	2700,0
320	0.25	39.25	66	2700,0
320	1.25	38.25	66	2700,0
320	1.25	37.75	66	2700,0
320	-6.25	30.25	66	2700,0
320	-6.75	30.25	66	2700,0
320	-9.75	33.25	66	2700,0
320	-10.75	33.25	66	2700,0
320	-11.25	33.75	66	2700,0
320	-11.25	34.25	66	2700,0
320	-10.75	34.75	66	2700,0
320	-10.75	35.25	66	2700,0
320	-11.25	35.75	66	2700,0
320	-11.25	36.25	66	2700,0
320	-10.75	36.75	66	2700,0
320	-10.75	37.25	66	2700,0
320	-11.25	37.25	66	2700,0
320	-11.75	36.75	66	2700,0
320	-13.25	36.75	66	2700,0
320	-14.25	37.75	66	2700,0
320	-15.25	37.75	66	2700,0
320	-16.25	38.75	66	2700,0
320	-16.25	39.25	66	2700,0
320	-15.75	39.75	66	2700,0
320	-15.75	40.25	66	2700,0
320	-16.75	41.25	66	2700,0
320	-16.75	41.75	66	2700,0
320	-14.25	44.25	66	2700,0
320	-14.25	44.75	66	2700,0
320	-18.25	48.75	66	2700,0
307	-45.25	18.75	60	2700,0
307	-45.25	19.25	60	2700,0
307	-44.75	19.25	60	2700,0
307	-42.75	17.25	60	2700,0
307	-42.75	16.25	60	2700,0
307	-41.25	14.75	60	2700,0
307	-40.25	14.75	60	2700,0
307	-39.25	13.75	60	2700,0
307	-39.25	12.75	60	2700,0
307	-34.25	7.75	60	2700,0
307	-34.25	7.25	60	2700,0
307	-36.75	4.75	60	2700,0
307	-37.25	4.75	60	2700,0
307	-39.25	6.75	60	2700,0
307	-39.25	7.75	60	2700,0
307	-39.75	8.25	60	2700,0
307	-40.75	8.25	60	2700,0
307	-42.25	9.75	60	2700,0
307	-42.25	10.25	60	2700,0
307	-40.25	12.25	60	2700,0
307	-40.25	12.75	60	2700,0
307	-41.25	13.75	60	2700,0
307	-41.75	13.75	60	2700,0
307	-43.75	11.75	60	2700,0
307	-44.25	11.75	60	2700,0
307	-45.25	12.75	60	2700,0
307	-45.25	13.25	60	2700,0
307	-43.25	15.25	60	2700,0
307	-43.25	15.75	60	2700,0
307	-45.25	17.75	60	2700,0
307	-45.25	18.75	60	2700,0
240	-35.25	36.75	24	2700,0
240	-35.25	37.25	24	2700,0
240	-34.75	37.75	24	2700,0
240	-32.75	37.75	24	2700,0
240	-31.25	39.25	24	2700,0
240	-30.75	39.25	24	2700,0
240	-30.25	38.75	24	2700,0
240	-29.25	38.75	24	2700,0
240	-25.25	34.75	24	2700,0
240	-24.75	34.75	24	2700,0
240	-24.75	35.25	24	2700,0
240	-26.25	36.75	24	2700,0
240	-26.25	37.75	24	2700,0
240	-27.25	37.75	24	2700,0
240	-28.25	38.75	24	2700,0
240	-28.25	39.25	24	2700,0
240	-27.75	39.75	24	2700,0
240	-27.75	40.75	24	2700,0
240	-26.25	40.75	24	2700,0
240	-25.25	39.75	24	2700,0
240	-25.25	38.75	24	2700,0
240	-24.25	38.75	24	2700,0
240	-22.75	37.25	24	2700,0
240	-22.25	37.25	24	2700,0
240	-22.25	37.75	24	2700,0
240	-23.75	39.25	24	2700,0
240	-23.75	39.75	24	2700,0
240	-22.25	41.25	24	2700,0
240	-20.75	41.25	24	2700,0
240	-19.75	40.25	24	2700,0
240	-19.75	38.75	24	2700,0
240	-21.25	37.25	24	2700,0
240	-21.25	36.75	24	2700,0
240	-20.25	35.75	24	2700,0
240	-20.25	34.75	24	2700,0
240	-19.25	33.75	24	2700,0
240	-19.25	33.25	24	2700,0
240	-19.75	32.75	24	2700,0
240	-19.75	32.25	24	2700,0
240	-18.75	31.25	24	2700,0
240	-17.75	31.25	24	2700,0
240	-17.75	30.75	24	2700,0
240	-18.75	29.75	24	2700,0
240	-18.75	29.25	24	2700,0
240	-18.25	28.75	24	2700,0
240	-17.75	28.75	24	2700,0
240	-16.25	30.25	24	2700,0
240	-16.25	30.75	24	2700,0
240	-16.75	31.25	24	2700,0
240	-16.75	31.75	24	2700,0
240	-16.25	31.75	24	2700,0
240	-15.25	30.75	24	2700,0
240	-14.75	30.75	24	2700,0
240	-13.25	32.25	24	2700,0
240	-12.75	32.25	24	2700,0
240	-12.75	31.75	24	2700,0
240	-14.25	30.25	24	2700,0
240	-14.25	29.75	24	2700,0
240	-13.75	29.25	24	2700,0
240	-13.25	29.25	24	2700,0
240	-13.25	30.25	24	2700,0
240	-12.75	30.25	24	2700,0
240	-12.25	29.75	24	2700,0
240	-12.25	29.25	24	2700,0
240	-33.75	7.75	24	2700,0
240	-34.25	7.75	24	2700,0
240	-39.25	12.75	24	2700,0
240	-39.25	13.75	24	2700,0
240	-40.25	14.75	24	2700,0
240	-41.25	14.75	24	2700,0
240	-42.75	16.25	24	2700,0
240	-42.75	17.25	24	2700,0
240	-45.25	19.75	24	2700,0
240	-45.25	22.25	24	2700,0
240	-44.75	22.25	24	2700,0
240	-40.75	18.25	24	2700,0
240	-40.25	18.25	24	2700,0
240	-37.75	20.75	24	2700,0
240	-37.75	21.25	24	2700,0
240	-39.75	23.25	24	2700,0
240	-40.25	23.25	24	2700,0
240	-40.75	22.75	24	2700,0
240	-41.25	22.75	24	2700,0
240	-41.25	23.25	24	2700,0
240	-40.75	23.75	24	2700,0
240	-40.75	24.25	24	2700,0
240	-41.75	25.25	24	2700,0
240	-41.75	25.75	24	2700,0
240	-39.25	28.25	24	2700,0
240	-38.75	28.25	24	2700,0
240	-38.25	27.75	24	2700,0
240	-37.25	27.75	24	2700,0
240	-37.25	26.75	24	2700,0
240	-36.75	26.25	24	2700,0
240	-36.25	26.25	24	2700,0
240	-35.75	26.75	24	2700,0
240	-35.25	26.75	24	2700,0
240	-34.25	25.75	24	2700,0
240	-33.75	25.75	24	2700,0
240	-33.25	26.25	24	2700,0
240	-33.25	26.75	24	2700,0
240	-36.25	29.75	24	2700,0
240	-36.25	31.25	24	2700,0
240	-35.75	31.75	24	2700,0
240	-35.25	31.75	24	2700,0
240	-34.75	31.25	24	2700,0
240	-33.75	31.25	24	2700,0
240	-31.75	29.25	24	2700,0
240	-31.75	28.75	24	2700,0
240	-32.25	28.25	24	2700,0
240	-32.25	27.75	24	2700,0
240	-31.75	27.75	24	2700,0
240	-31.25	28.25	24	2700,0
240	-30.25	28.25	24	2700,0
240	-30.25	28.75	24	2700,0
240	-30.75	29.25	24	2700,0
240	-30.75	29.75	24	2700,0
240	-29.75	29.75	24	2700,0
240	-29.25	30.25	24	2700,0
240	-29.25	30.75	24	2700,0
240	-30.75	32.25	24	2700,0
240	-31.75	32.25	24	2700,0
240	-31.75	33.25	24	2700,0
240	-34.25	35.75	24	2700,0
240	-35.25	35.75	24	2700,0
240	-35.25	36.75	24	2700,0
240	2.75	22.75	24	2650,0
240	2.75	23.25	24	2650,0
240	4.25	23.25	24	2650,0
240	4.75	22.75	24	2650,0
240	4.75	20.25	24	2650,0
240	4.25	20.25	24	2650,0
240	2.75	21.75	24	2650,0
240	2.75	22.75	24	2650,0
321	-15.25	40.25	66	2700,0
321	-15.25	39.75	66	2700,0
321	-14.25	38.75	66	2700,0
321	-13.75	38.75	66	2700,0
321	-11.25	41.25	66	2700,0
321	-11.25	41.75	66	2700,0
321	-12.25	42.75	66	2700,0
321	-12.75	42.75	66	2700,0
321	-15.25	40.25	66	2700,0
127	-2.75	7.25	154	2650,0
127	-2.75	7.75	154	2650,0
127	-2.25	7.75	154	2650,0
127	-1.75	7.25	154	2650,0
127	-1.25	7.25	154	2650,0
127	-0.25	8.25	154	2650,0
127	0.25	8.25	154	2650,0
127	0.75	7.75	154	2650,0
127	1.75	7.75	154	2650,0
127	1.75	6.75	154	2650,0
127	2.75	5.75	154	2650,0
127	3.25	5.75	154	2650,0
127	3.75	6.25	154	2650,0
127	4.25	6.25	154	2650,0
127	4.75	5.75	154	2650,0
127	4.75	4.25	154	2650,0
127	3.75	3.25	154	2650,0
127	3.25	3.25	154	2650,0
127	2.75	3.75	154	2650,0
127	2.25	3.75	154	2650,0
127	1.75	3.25	154	2650,0
127	0.75	3.25	154	2650,0
127	-0.25	2.25	154	2650,0
127	-0.75	2.25	154	2650,0
127	-1.75	3.25	154	2650,0
127	-1.75	3.75	154	2650,0
127	-0.75	4.75	154	2650,0
127	-0.75	5.25	154	2650,0
127	-1.75	6.25	154	2650,0
127	-2.25	6.25	154	2650,0
127	-3.25	5.25	154	2650,0
127	-3.75	5.25	154	2650,0
127	-3.75	5.75	154	2650,0
127	-2.75	6.75	154	2650,0
127	-2.75	7.25	154	2650,0
127	-45.25	5.75	154	2700,0
127	-45.25	6.25	154	2700,0
127	-44.75	6.25	154	2700,0
127	-44.25	5.75	154	2700,0
127	-43.25	5.75	154	2700,0
127	-42.75	5.25	154	2700,0
127	-42.25	5.25	154	2700,0
127	-42.25	6.25	154	2700,0
127	-41.25	7.25	154	2700,0
127	-40.75	7.25	154	2700,0
127	-40.25	6.75	154	2700,0
127	-40.25	5.75	154	2700,0
127	-38.25	3.75	154	2700,0
127	-37.75	3.75	154	2700,0
127	-37.25	4.25	154	2700,0
127	-36.75	4.25	154	2700,0
127	-34.75	2.25	154	2700,0
127	-34.75	1.75	154	2700,0
127	-35.25	1.25	154	2700,0
127	-35.75	1.25	154	2700,0
127	-36.25	1.75	154	2700,0
127	-37.25	1.75	154	2700,0
127	-38.25	2.75	154	2700,0
127	-39.25	2.75	154	2700,0
127	-41.25	4.75	154	2700,0
127	-41.75	4.75	154	2700,0
127	-43.25	3.25	154	2700,0
127	-44.75	3.25	154	2700,0
127	-45.25	3.75	154	2700,0
127	-45.25	5.75	154	2700,0
22	-44.75	10.25	111	2700,0
22	-44.75	10.75	111	2700,0
22	-41.75	13.75	111	2700,0
22	-41.25	13.75	111	2700,0
22	-40.25	12.75	111	2700,0
22	-40.25	12.25	111	2700,0
22	-43.25	9.25	111	2700,0
22	-43.75	9.25	111	2700,0
22	-44.75	10.25	111	2700,0
158	-15.25	39.75	177	2700,0
158	-15.25	40.25	177	2700,0
158	-12.75	42.75	177	2700,0
158	-12.25	42.75	177	2700,0
158	-11.25	41.75	177	2700,0
158	-11.25	41.25	177	2700,0
158	-13.75	38.75	177	2700,0
158	-14.25	38.75	177	2700,0
158	-15.25	39.75	177	2700,0
192	-2.25	-0.25	204	2650,0
192	-2.25	0.25	204	2650,0
192	-1.75	0.75	204	2650,0
192	-0.75	0.75	204	2650,0
192	-0.25	1.25	204	2650,0
192	0.25	1.25	204	2650,0
192	0.75	0.75	204	2650,0
192	2.25	0.75	204	2650,0
192	2.75	1.25	204	2650,0
192	3.25	1.25	204	2650,0
192	3.75	0.75	204	2650,0
192	4.75	0.75	204	2650,0
192	4.75	0.25	204	2650,0
192	4.25	-0.25	204	2650,0
192	-2.25	-0.25	204	2650,0
192	-45.25	0.75	204	2700,0
192	-45.25	1.25	204	2700,0
192	-44.25	1.25	204	2700,0
192	-43.75	1.75	204	2700,0
192	-42.25	1.75	204	2700,0
192	-41.25	0.75	204	2700,0
192	-40.75	0.75	204	2700,0
192	-39.75	1.75	204	2700,0
192	-39.25	1.75	204	2700,0
192	-38.25	0.75	204	2700,0
192	-37.25	0.75	204	2700,0
192	-36.75	0.25	204	2700,0
192	-36.75	-0.25	204	2700,0
192	-45.25	-0.25	204	2700,0
192	-45.25	0.75	204	2700,0
271	2.25	38.25	40	2700,0
271	2.25	38.75	40	2700,0
271	2.75	39.25	40	2700,0
271	3.25	39.25	40	2700,0
271	3.75	38.75	40	2700,0
271	4.25	38.75	40	2700,0
271	4.75	39.25	40	2700,0
271	5.25	39.25	40	2700,0
271	5.25	37.75	40	2700,0
271	3.75	36.25	40	2700,0
271	3.75	35.75	40	2700,0
271	5.25	34.25	40	2700,0
271	5.25	31.75	40	2700,0
271	-1.25	25.25	40	2700,0
271	-1.75	25.25	40	2700,0
271	-1.75	25.75	40	2700,0
271	1.25	28.75	40	2700,0
271	1.25	29.25	40	2700,0
271	-1.75	32.25	40	2700,0
271	-1.75	32.75	40	2700,0
271	0.75	35.25	40	2700,0
271	1.75	35.25	40	2700,0
271	2.75	36.25	40	2700,0
271	2.75	37.75	40	2700,0
271	2.25	38.25	40	2700,0
271	-29.75	2.25	40	2750,50
271	-29.75	2.75	40	2750,50
271	-29.25	2.75	40	2750,50
271	-26.75	0.25	40	2750,50
271	-26.75	-0.25	40	2750,50
271	-27.25	-0.75	40	2750,50
271	-27.75	-0.75	40	2750,50
271	-27.75	0.25	40	2750,50
271	-29.75	2.25	40	2750,50
271	-44.75	33.25	40	2750,0
271	-44.75	33.75	40	2750,0
271	-44.25	33.75	40	2750,0
271	-43.75	33.25	40	2750,0
271	-43.75	32.75	40	2750,0
271	-44.25	32.25	40	2750,0
271	-44.75	32.25	40	2750,0
271	-44.75	33.25	40	2750,0
272	-31.75	-0.75	40	2750,50
272	-31.75	-0.25	40	2750,50
272	-31.25	-0.25	40	2750,50
272	-31.25	-0.75	40	2750,50
272	-31.75	-0.75	40	2750,50
3	-32.25	39.75	1	2750,0
3	-32.25	40.25	1	2750,0
3	-29.75	42.75	1	2750,0
3	-29.25	42.75	1	2750,0
3	-26.75	40.25	1	2750,0
3	-26.75	39.75	1	2750,0
3	-29.25	37.25	1	2750,0
3	-29.75	37.25	1	2750,0
3	-32.25	39.75	1	2750,0
4	-24.25	41.75	1	2750,0
4	-24.25	42.25	1	2750,0
4	-23.25	42.25	1	2750,0
4	-23.25	43.25	1	2750,0
4	-22.25	43.25	1	2750,0
4	-21.75	43.75	1	2750,0
4	-21.25	43.75	1	2750,0
4	-19.25	41.75	1	2750,0
4	-19.25	39.25	1	2750,0
4	-20.25	38.25	1	2750,0
4	-21.75	38.25	1	2750,0
4	-22.25	38.75	1	2750,0
4	-24.25	38.75	1	2750,0
4	-24.75	39.25	1	2750,0
4	-24.75	39.75	1	2750,0
4	-23.75	40.75	1	2750,0
4	-23.75	41.25	1	2750,0
4	-24.25	41.75	1	2750,0
5	-7.25	26.75	1	2750,0
5	-7.25	27.25	1	2750,0
5	-6.25	28.25	1	2750,0
5	-5.75	28.25	1	2750,0
5	-5.75	27.25	1	2750,0
5	-4.75	27.25	1	2750,0
5	-3.25	25.75	1	2750,0
5	-3.25	25.25	1	2750,0
5	-4.25	24.25	1	2750,0
5	-4.75	24.25	1	2750,0
5	-7.25	26.75	1	2750,0
199	-33.25	48.75	21	2750,0
199	-33.25	49.25	21	2750,0
199	-31.75	49.25	21	2750,0
199	-30.25	47.75	21	2750,0
199	-30.25	47.25	21	2750,0
199	-30.75	46.75	21	2750,0
199	-31.25	46.75	21	2750,0
199	-33.25	48.75	21	2750,0
200	-30.25	48.75	21	2750,0
200	-30.25	49.25	21	2750,0
200	-28.75	49.25	21	2750,0
200	-28.75	48.75	21	2750,0
200	-29.25	48.25	21	2750,0
200	-29.75	48.25	21	2750,0
200	-30.25	48.75	21	2750,0
187	-36.75	4.25	200	2700,0
187	-36.75	4.75	200	2700,0
187	-34.25	7.25	200	2700,0
187	-33.75	7.25	200	2700,0
187	-31.75	5.25	200	2700,0
187	-31.75	4.75	200	2700,0
187	-34.25	2.25	200	2700,0
187	-34.75	2.25	200	2700,0
187	-36.75	4.25	200	2700,0
182	-33.75	7.25	197	2700,0
182	-33.75	7.75	197	2700,0
182	-32.75	8.75	197	2700,0
182	-31.75	8.75	197	2700,0
182	-31.25	9.25	197	2700,0
182	-30.75	9.25	197	2700,0
182	-30.75	8.25	197	2700,0
182	-29.75	7.25	197	2700,0
182	-29.25	7.25	197	2700,0
182	-26.75	9.75	197	2700,0
182	-26.75	10.25	197	2700,0
182	-27.75	11.25	197	2700,0
182	-28.75	11.25	197	2700,0
182	-28.75	11.75	197	2700,0
182	-28.25	12.25	197	2700,0
182	-26.75	12.25	197	2700,0
182	-24.75	10.25	197	2700,0
182	-24.75	9.75	197	2700,0
182	-25.25	9.25	197	2700,0
182	-25.25	8.25	197	2700,0
182	-27.75	5.75	197	2700,0
182	-28.75	5.75	197	2700,0
182	-29.75	4.75	197	2700,0
182	-29.75	4.25	197	2700,0
182	-26.75	1.25	197	2700,0
182	-26.75	0.75	197	2700,0
182	-27.25	0.25	197	2700,0
182	-27.75	0.25	197	2700,0
182	-30.75	3.25	197	2700,0
182	-31.25	3.25	197	2700,0
182	-33.25	1.25	197	2700,0
182	-33.75	1.25	197	2700,0
182	-34.25	1.75	197	2700,0
182	-34.25	2.25	197	2700,0
182	-31.75	4.75	197	2700,0
182	-31.75	5.25	197	2700,0
182	-33.75	7.25	197	2700,0
19	-32.25	8.75	11	2700,0
19	-32.25	9.25	11	2700,0
19	-9.75	31.75	11	2700,0
19	-9.25	31.75	11	2700,0
19	-6.25	28.75	11	2700,0
19	-6.25	28.25	11	2700,0
19	-9.25	25.25	11	2700,0
19	-9.25	24.25	11	2700,0
19	-10.25	24.25	11	2700,0
19	-11.75	22.75	11	2700,0
19	-11.75	21.75	11	2700,0
19	-12.75	21.75	11	2700,0
19	-14.75	19.75	11	2700,0
19	-14.75	19.25	11	2700,0
19	-14.25	18.75	11	2700,0
19	-14.25	18.25	11	2700,0
19	-15.75	16.75	11	2700,0
19	-17.75	16.75	11	2700,0
19	-20.75	13.75	11	2700,0
19	-20.75	12.75	11	2700,0
19	-21.75	12.75	11	2700,0
19	-24.25	10.25	11	2700,0
19	-24.75	10.25	11	2700,0
19	-26.75	12.25	11	2700,0
19	-28.25	12.25	11	2700,0
19	-28.75	11.75	11	2700,0
19	-28.75	11.25	11	2700,0
19	-27.75	11.25	11	2700,0
19	-26.75	10.25	11	2700,0
19	-26.75	9.75	11	2700,0
19	-29.25	7.25	11	2700,0
19	-29.75	7.25	11	2700,0
19	-30.75	8.25	11	2700,0
19	-30.75	9.25	11	2700,0
19	-31.25	9.25	11	2700,0
19	-31.75	8.75	11	2700,0
19	-32.25	8.75	11	2700,0
168	-36.25	-0.25	185	2700,0
168	-36.25	0.25	185	2700,0
168	-35.75	0.75	185	2700,0
168	-34.25	0.75	185	2700,0
168	-33.75	0.25	185	2700,0
168	-33.75	-0.25	185	2700,0
168	-36.25	-0.25	185	2700,0
351	-35.25	0.75	86	2700,0
351	-35.25	1.25	86	2700,0
351	-34.75	1.75	86	2700,0
351	-34.25	1.75	86	2700,0
351	-33.75	1.25	86	2700,0
351	-33.25	1.25	86	2700,0
351	-31.25	3.25	86	2700,0
351	-30.75	3.25	86	2700,0
351	-29.25	1.75	86	2700,0
351	-29.25	1.25	86	2700,0
351	-29.75	0.75	86	2700,0
351	-32.75	0.75	86	2700,0
351	-33.25	0.25	86	2700,0
351	-33.75	0.25	86	2700,0
351	-34.25	0.75	86	2700,0
351	-35.25	0.75	86	2700,0
345	-29.75	4.25	81	2700,0
345	-29.75	4.75	81	2700,0
345	-28.75	5.75	81	2700,0
345	-27.75	5.75	81	2700,0
345	-25.25	8.25	81	2700,0
345	-25.25	9.25	81	2700,0
345	-24.75	9.25	81	2700,0
345	-24.25	8.75	81	2700,0
345	-24.25	7.75	81	2700,0
345	-23.75	7.25	81	2700,0
345	-22.75	7.25	81	2700,0
345	-21.75	6.25	81	2700,0
345	-20.25	6.25	81	2700,0
345	-18.25	8.25	81	2700,0
345	-17.75	8.25	81	2700,0
345	-17.75	7.75	81	2700,0
345	-20.25	5.25	81	2700,0
345	-21.25	5.25	81	2700,0
345	-21.75	4.75	81	2700,0
345	-22.75	4.75	81	2700,0
345	-23.25	4.25	81	2700,0
345	-23.75	4.25	81	2700,0
345	-24.25	4.75	81	2700,0
345	-25.75	4.75	81	2700,0
345	-25.75	3.25	81	2700,0
345	-25.25	2.75	81	2700,0
345	-25.25	2.25	81	2700,0
345	-26.25	1.25	81	2700,0
345	-26.75	1.25	81	2700,0
345	-29.75	4.25	81	2700,0
295	-24.75	9.25	56	2700,0
295	-24.75	9.75	56	2700,0
295	-21.75	12.75	56	2700,0
295	-20.75	12.75	56	2700,0
295	-20.75	13.75	56	2700,0
295	-17.75	16.75	56	2700,0
295	-15.75	16.75	56	2700,0
295	-14.75	17.75	56	2700,0
295	-14.25	17.75	56	2700,0
295	-13.75	17.25	56	2700,0
295	-12.75	17.25	56	2700,0
295	-11.75	16.25	56	2700,0
295	-11.25	16.25	56	2700,0
295	-9.75	17.75	56	2700,0
295	-9.75	18.25	56	2700,0
295	-11.75	20.25	56	2700,0
295	-12.25	20.25	56	2700,0
295	-13.75	18.75	56	2700,0
295	-14.25	18.75	56	2700,0
295	-14.75	19.25	56	2700,0
295	-14.75	19.75	56	2700,0
295	-12.75	21.75	56	2700,0
295	-11.75	21.75	56	2700,0
295	-11.75	22.75	56	2700,0
295	-10.25	24.25	56	2700,0
295	-9.25	24.25	56	2700,0
295	-9.25	25.25	56	2700,0
295	-6.75	27.75	56	2700,0
295	-6.25	27.75	56	2700,0
295	-5.75	27.25	56	2700,0
295	-5.75	26.75	56	2700,0
295	-8.25	24.25	56	2700,0
295	-8.25	23.75	56	2700,0
295	-6.25	21.75	56	2700,0
295	-5.75	21.75	56	2700,0
295	-3.25	24.25	56	2700,0
295	-3.25	24.75	56	2700,0
295	-5.25	26.75	56	2700,0
295	-5.25	27.25	56	2700,0
295	-4.75	27.75	56	2700,0
295	-4.25	27.75	56	2700,0
295	-3.25	26.75	56	2700,0
295	-3.25	25.75	56	2700,0
295	-2.25	24.75	56	2700,0
295	-2.25	24.25	56	2700,0
295	-20.25	6.25	56	2700,0
295	-21.75	6.25	56	2700,0
295	-22.75	7.25	56	2700,0
295	-23.75	7.25	56	2700,0
295	-24.25	7.75	56	2700,0
295	-24.25	8.75	56	2700,0
295	-24.75	9.25	56	2700,0
347	-38.25	45.75	83	2750,0
347	-38.25	46.25	83	2750,0
347	-35.75	48.75	83	2750,0
347	-35.25	48.75	83	2750,0
347	-34.75	48.25	83	2750,0
347	-33.75	48.25	83	2750,0
347	-33.25	47.75	83	2750,0
347	-33.25	46.75	83	2750,0
347	-32.25	45.75	83	2750,0
347	-32.25	45.25	83	2750,0
347	-34.75	42.75	83	2750,0
347	-35.25	42.75	83	2750,0
347	-36.25	43.75	83	2750,0
347	-36.75	43.75	83	2750,0
347	-37.25	43.25	83	2750,0
347	-37.25	42.75	83	2750,0
347	-36.25	41.75	83	2750,0
347	-36.25	41.25	83	2750,0
347	-36.75	41.25	83	2750,0
347	-38.75	43.25	83	2750,0
347	-38.75	43.75	83	2750,0
347	-37.75	44.75	83	2750,0
347	-37.75	45.25	83	2750,0
347	-38.25	45.75	83	2750,0
146	-33.25	-0.25	167	2700,0
146	-33.25	0.25	167	2700,0
146	-32.75	0.75	167	2700,0
146	-29.75	0.75	167	2700,0
146	-29.25	1.25	167	2700,0
146	-28.75	1.25	167	2700,0
146	-27.75	0.25	167	2700,0
146	-27.75	-0.25	167	2700,0
146	-33.25	-0.25	167	2700,0
211	-14.25	17.75	219	2700,0
211	-14.25	18.25	219	2700,0
211	-12.25	20.25	219	2700,0
211	-11.75	20.25	219	2700,0
211	-9.75	18.25	219	2700,0
211	-9.75	17.75	219	2700,0
211	-11.25	16.25	219	2700,0
211	-11.75	16.25	219	2700,0
211	-12.75	17.25	219	2700,0
211	-13.75	17.25	219	2700,0
211	-14.25	17.75	219	2700,0
202	-8.25	23.75	211	2700,0
202	-8.25	24.25	211	2700,0
202	-5.75	26.75	211	2700,0
202	-5.25	26.75	211	2700,0
202	-3.25	24.75	211	2700,0
202	-3.25	24.25	211	2700,0
202	-5.75	21.75	211	2700,0
202	-6.25	21.75	211	2700,0
202	-8.25	23.75	211	2700,0
239	3.75	35.75	239	2700,0
239	3.75	36.25	239	2700,0
239	4.75	37.25	239	2700,0
239	5.25	37.25	239	2700,0
239	5.25	34.75	239	2700,0
239	4.75	34.75	239	2700,0
239	3.75	35.75	239	2700,0
239	-44.75	36.25	239	2750,0
239	-44.75	36.75	239	2750,0
239	-44.25	36.75	239	2750,0
239	-42.75	35.25	239	2750,0
239	-42.75	33.75	239	2750,0
239	-43.25	33.25	239	2750,0
239	-43.75	33.25	239	2750,0
239	-44.75	34.25	239	2750,0
239	-44.75	36.25	239	2750,0
286	-25.75	4.25	49	2700,0
286	-25.75	4.75	49	2700,0
286	-24.25	4.75	49	2700,0
286	-23.75	4.25	49	2700,0
286	-23.25	4.25	49	2700,0
286	-22.75	4.75	49	2700,0
286	-21.75	4.75	49	2700,0
286	-21.25	5.25	49	2700,0
286	-20.25	5.25	49	2700,0
286	-17.75	7.75	49	2700,0
286	-17.75	8.75	49	2700,0
286	-16.25	10.25	49	2700,0
286	-14.75	10.25	49	2700,0
286	-13.75	9.25	49	2700,0
286	-13.75	8.75	49	2700,0
286	-14.25	8.25	49	2700,0
286	-14.25	7.75	49	2700,0
286	-12.75	6.25	49	2700,0
286	-11.75	6.25	49	2700,0
286	-11.25	5.75	49	2700,0
286	-11.25	5.25	49	2700,0
286	-11.75	4.75	49	2700,0
286	-12.75	4.75	49	2700,0
286	-12.75	3.75	49	2700,0
286	-15.75	0.75	49	2700,0
286	-16.25	0.75	49	2700,0
286	-17.25	1.75	49	2700,0
286	-18.25	1.75	49	2700,0
286	-19.25	2.75	49	2700,0
286	-19.75	2.75	49	2700,0
286	-20.75	1.75	49	2700,0
286	-22.75	1.75	49	2700,0
286	-23.25	1.25	49	2700,0
286	-23.75	1.25	49	2700,0
286	-23.75	2.25	49	2700,0
286	-24.25	2.25	49	2700,0
286	-25.75	0.75	49	2700,0
286	-26.25	0.75	49	2700,0
286	-26.25	1.25	49	2700,0
286	-25.25	2.25	49	2700,0
286	-25.25	2.75	49	2700,0
286	-25.75	3.25	49	2700,0
286	-25.75	4.25	49	2700,0
203	-27.25	-0.25	212	2700,0
203	-27.25	0.25	212	2700,0
203	-26.75	0.75	212	2700,0
203	-25.75	0.75	212	2700,0
203	-24.25	2.25	212	2700,0
203	-23.75	2.25	212	2700,0
203	-23.75	1.25	212	2700,0
203	-23.25	0.75	212	2700,0
203	-11.75	0.75	212	2700,0
203	-11.25	1.25	212	2700,0
203	-10.75	1.25	212	2700,0
203	-10.25	0.75	212	2700,0
203	-8.25	0.75	212	2700,0
203	-7.75	0.25	212	2700,0
203	-7.75	-0.25	212	2700,0
203	-27.25	-0.25	212	2700,0
14	-15.75	10.25	106	2700,0
14	-15.75	10.75	106	2700,0
14	-2.25	24.25	106	2700,0
14	-1.75	24.25	106	2700,0
14	5.25	17.25	106	2700,0
14	5.25	11.75	106	2700,0
14	4.75	11.25	106	2700,0
14	4.25	11.25	106	2700,0
14	3.25	12.25	106	2700,0
14	2.75	12.25	106	2700,0
14	2.75	11.75	106	2700,0
14	3.25	11.25	106	2700,0
14	3.25	9.75	106	2700,0
14	2.75	9.75	106	2700,0
14	2.25	10.25	106	2700,0
14	2.25	11.25	106	2700,0
14	1.75	11.75	106	2700,0
14	1.75	12.75	106	2700,0
14	-0.25	14.75	106	2700,0
14	-1.75	14.75	106	2700,0
14	-2.75	13.75	106	2700,0
14	-3.25	13.75	106	2700,0
14	-4.25	14.75	106	2700,0
14	-4.75	14.75	106	2700,0
14	-4.75	14.25	106	2700,0
14	-3.75	13.25	106	2700,0
14	-3.75	12.75	106	2700,0
14	-7.25	9.25	106	2700,0
14	-8.25	9.25	106	2700,0
14	-8.75	8.75	106	2700,0
14	-8.75	7.75	106	2700,0
14	-9.25	7.25	106	2700,0
14	-10.25	7.25	106	2700,0
14	-10.25	6.25	106	2700,0
14	-10.75	5.75	106	2700,0
14	-11.25	5.75	106	2700,0
14	-11.75	6.25	106	2700,0
14	-12.75	6.25	106	2700,0
14	-14.25	7.75	106	2700,0
14	-14.25	8.25	106	2700,0
14	-13.75	8.75	106	2700,0
14	-13.75	9.25	106	2700,0
14	-14.75	10.25	106	2700,0
14	-15.75	10.25	106	2700,0
14	-44.75	16.25	106	2750,0
14	-44.75	16.75	106	2750,0
14	-44.25	16.75	106	2750,0
14	-41.25	13.75	106	2750,0
14	-40.25	13.75	106	2750,0
14	-38.75	12.25	106	2750,0
14	-37.75	12.25	106	2750,0
14	-35.75	10.25	106	2750,0
14	-35.75	9.25	106	2750,0
14	-34.25	7.75	106	2750,0
14	-33.25	7.75	106	2750,0
14	-30.75	5.25	106	2750,0
14	-30.75	4.75	106	2750,0
14	-31.25	4.25	106	2750,0
14	-31.75	4.25	106	2750,0
14	-39.25	11.75	106	2750,0
14	-39.75	11.75	106	2750,0
14	-41.75	9.75	106	2750,0
14	-42.25	9.75	106	2750,0
14	-43.25	10.75	106	2750,0
14	-43.25	11.25	106	2750,0
14	-41.75	12.75	106	2750,0
14	-41.75	13.25	106	2750,0
14	-42.25	13.25	106	2750,0
14	-42.75	12.75	106	2750,0
14	-43.75	12.75	106	2750,0
14	-44.25	12.25	106	2750,0
14	-44.75	12.25	106	2750,0
14	-44.75	16.25	106	2750,0
15	-3.25	18.75	106	2700,0
15	-3.25	19.25	106	2700,0
15	-0.75	21.75	106	2700,0
15	-0.25	21.75	106	2700,0
15	2.25	19.25	106	2700,0
15	2.25	18.75	106	2700,0
15	-0.25	16.25	106	2700,0
15	-0.75	16.25	106	2700,0
15	-3.25	18.75	106	2700,0
81	-23.25	0.75	139	2700,0
81	-23.25	1.25	139	2700,0
81	-22.75	1.75	139	2700,0
81	-20.75	1.75	139	2700,0
81	-19.75	2.75	139	2700,0
81	-19.25	2.75	139	2700,0
81	-18.25	1.75	139	2700,0
81	-17.25	1.75	139	2700,0
81	-16.75	1.25	139	2700,0
81	-16.75	0.75	139	2700,0
81	-23.25	0.75	139	2700,0
87	-3.25	18.75	142	2700,0
87	-3.25	19.25	142	2700,0
87	-0.75	21.75	142	2700,0
87	-0.25	21.75	142	2700,0
87	2.25	19.25	142	2700,0
87	2.25	18.75	142	2700,0
87	-0.25	16.25	142	2700,0
87	-0.75	16.25	142	2700,0
87	-3.25	18.75	142	2700,0
42	-32.25	39.75	126	2750,0
42	-32.25	40.25	126	2750,0
42	-29.75	42.75	126	2750,0
42	-29.25	42.75	126	2750,0
42	-26.75	40.25	126	2750,0
42	-26.75	39.75	126	2750,0
42	-29.25	37.25	126	2750,0
42	-29.75	37.25	126	2750,0
42	-32.25	39.75	126	2750,0
166	-24.25	47.75	183	2750,0
166	-24.25	48.25	183	2750,0
166	-23.25	49.25	183	2750,0
166	-22.75	49.25	183	2750,0
166	-20.25	46.75	183	2750,0
166	-20.25	46.25	183	2750,0
166	-21.25	45.25	183	2750,0
166	-21.75	45.25	183	2750,0
166	-24.25	47.75	183	2750,0
208	-4.75	14.25	216	2700,0
208	-4.75	14.75	216	2700,0
208	-4.25	14.75	216	2700,0
208	-3.25	13.75	216	2700,0
208	-2.75	13.75	216	2700,0
208	-1.75	14.75	216	2700,0
208	-0.25	14.75	216	2700,0
208	1.75	12.75	216	2700,0
208	1.75	11.75	216	2700,0
208	2.25	11.25	216	2700,0
208	2.25	10.25	216	2700,0
208	2.75	9.75	216	2700,0
208	3.25	9.75	216	2700,0
208	3.25	11.25	216	2700,0
208	2.75	11.75	216	2700,0
208	2.75	12.25	216	2700,0
208	3.25	12.25	216	2700,0
208	4.25	11.25	216	2700,0
208	5.25	11.25	216	2700,0
208	5.25	5.75	216	2700,0
208	4.75	5.25	216	2700,0
208	4.25	5.25	216	2700,0
208	2.25	7.25	216	2700,0
208	0.75	7.25	216	2700,0
208	0.25	6.75	216	2700,0
208	-0.75	6.75	216	2700,0
208	-1.25	6.25	216	2700,0
208	-1.75	6.25	216	2700,0
208	-2.75	7.25	216	2700,0
208	-2.75	7.75	216	2700,0
208	-1.25	9.25	216	2700,0
208	-1.25	9.75	216	2700,0
208	-2.75	11.25	216	2700,0
208	-2.75	12.25	216	2700,0
208	-3.25	12.25	216	2700,0
208	-5.25	10.25	216	2700,0
208	-5.75	10.25	216	2700,0
208	-5.75	10.75	216	2700,0
208	-3.75	12.75	216	2700,0
208	-3.75	13.25	216	2700,0
208	-4.75	14.25	216	2700,0
208	-44.75	11.25	216	2750,0
208	-44.75	11.75	216	2750,0
208	-43.75	12.75	216	2750,0
208	-42.75	12.75	216	2750,0
208	-42.25	13.25	216	2750,0
208	-41.75	13.25	216	2750,0
208	-41.75	12.75	216	2750,0
208	-43.25	11.25	216	2750,0
208	-43.25	10.75	216	2750,0
208	-42.25	9.75	216	2750,0
208	-41.75	9.75	216	2750,0
208	-39.75	11.75	216	2750,0
208	-39.25	11.75	216	2750,0
208	-35.25	7.75	216	2750,0
208	-35.25	7.25	216	2750,0
208	-35.75	7.25	216	2750,0
208	-36.75	8.25	216	2750,0
208	-37.25	8.25	216	2750,0
208	-39.25	6.25	216	2750,0
208	-40.75	6.25	216	2750,0
208	-41.75	7.25	216	2750,0
208	-42.25	7.25	216	2750,0
208	-42.25	6.25	216	2750,0
208	-43.75	4.75	216	2750,0
208	-44.25	4.75	216	2750,0
208	-44.75	5.25	216	2750,0
208	-44.75	11.25	216	2750,0
332	-12.75	4.25	72	2700,0
332	-12.75	4.75	72	2700,0
332	-11.75	4.75	72	2700,0
332	-11.25	5.25	72	2700,0
332	-9.75	5.25	72	2700,0
332	-5.25	0.75	72	2700,0
332	-4.75	0.75	72	2700,0
332	-2.75	2.75	72	2700,0
332	-1.25	2.75	72	2700,0
332	-0.25	1.75	72	2700,0
332	1.25	1.75	72	2700,0
332	1.75	2.25	72	2700,0
332	2.25	2.25	72	2700,0
332	2.75	1.75	72	2700,0
332	2.75	1.25	72	2700,0
332	2.25	0.75	72	2700,0
332	0.25	0.75	72	2700,0
332	-0.25	0.25	72	2700,0
332	-0.75	0.25	72	2700,0
332	-1.75	1.25	72	2700,0
332	-2.25	1.25	72	2700,0
332	-2.75	0.75	72	2700,0
332	-3.75	0.75	72	2700,0
332	-4.75	-0.25	72	2700,0
332	-7.25	-0.25	72	2700,0
332	-8.25	0.75	72	2700,0
332	-10.25	0.75	72	2700,0
332	-10.75	1.25	72	2700,0
332	-11.25	1.25	72	2700,0
332	-11.75	0.75	72	2700,0
332	-15.25	0.75	72	2700,0
332	-15.25	1.25	72	2700,0
332	-12.75	3.75	72	2700,0
332	-12.75	4.25	72	2700,0
27	-10.25	6.75	116	2700,0
27	-10.25	7.25	116	2700,0
27	-9.25	7.25	116	2700,0
27	-8.75	7.75	116	2700,0
27	-8.75	8.75	116	2700,0
27	-8.25	9.25	116	2700,0
27	-7.25	9.25	116	2700,0
27	-6.25	10.25	116	2700,0
27	-5.25	10.25	116	2700,0
27	-3.25	12.25	116	2700,0
27	-2.75	12.25	116	2700,0
27	-2.75	11.25	116	2700,0
27	-1.25	9.75	116	2700,0
27	-1.25	9.25	116	2700,0
27	-2.75	7.75	116	2700,0
27	-2.75	7.25	116	2700,0
27	-1.75	6.25	116	2700,0
27	-1.25	6.25	116	2700,0
27	-0.75	6.75	116	2700,0
27	0.25	6.75	116	2700,0
27	0.75	7.25	116	2700,0
27	2.25	7.25	116	2700,0
27	4.25	5.25	116	2700,0
27	5.25	5.25	116	2700,0
27	5.25	3.75	116	2700,0
27	3.25	1.75	116	2700,0
27	2.75	1.75	116	2700,0
27	2.25	2.25	116	2700,0
27	1.75	2.25	116	2700,0
27	1.25	1.75	116	2700,0
27	-0.25	1.75	116	2700,0
27	-1.25	2.75	116	2700,0
27	-2.75	2.75	116	2700,0
27	-4.75	0.75	116	2700,0
27	-5.25	0.75	116	2700,0
27	-9.75	5.25	116	2700,0
27	-10.75	5.25	116	2700,0
27	-10.75	5.75	116	2700,0
27	-10.25	6.25	116	2700,0
27	-10.25	6.75	116	2700,0
27	-44.75	4.25	116	2750,0
27	-44.75	4.75	116	2750,0
27	-43.75	4.75	116	2750,0
27	-42.25	6.25	116	2750,0
27	-42.25	7.25	116	2750,0
27	-41.75	7.25	116	2750,0
27	-40.75	6.25	116	2750,0
27	-39.25	6.25	116	2750,0
27	-37.25	8.25	116	2750,0
27	-36.75	8.25	116	2750,0
27	-35.75	7.25	116	2750,0
27	-34.75	7.25	116	2750,0
27	-31.75	4.25	116	2750,0
27	-31.75	3.75	116	2750,0
27	-32.75	3.75	116	2750,0
27	-33.25	3.25	116	2750,0
27	-36.25	3.25	116	2750,0
27	-36.75	2.75	116	2750,0
27	-37.25	2.75	116	2750,0
27	-37.75	3.25	116	2750,0
27	-38.75	3.25	116	2750,0
27	-39.25	3.75	116	2750,0
27	-39.75	3.75	116	2750,0
27	-40.75	2.75	116	2750,0
27	-41.25	2.75	116	2750,0
27	-42.25	3.75	116	2750,0
27	-42.75	3.75	116	2750,0
27	-43.25	3.25	116	2750,0
27	-43.75	3.25	116	2750,0
27	-44.75	4.25	116	2750,0
354	4.25	20.25	89	2700,0
354	4.25	20.75	89	2700,0
354	4.75	21.25	89	2700,0
354	5.25	21.25	89	2700,0
354	5.25	17.75	89	2700,0
354	4.75	17.75	89	2700,0
354	3.75	18.75	89	2700,0
354	3.75	19.25	89	2700,0
354	4.25	19.75	89	2700,0
354	4.25	20.25	89	2700,0
354	-44.75	21.25	89	2750,0
354	-44.75	21.75	89	2750,0
354	-43.25	23.25	89	2750,0
354	-42.75	23.25	89	2750,0
354	-42.25	22.75	89	2750,0
354	-42.25	22.25	89	2750,0
354	-44.25	20.25	89	2750,0
354	-44.75	20.25	89	2750,0
354	-44.75	21.25	89	2750,0
355	-41.75	22.75	89	2750,0
355	-41.75	22.25	89	2750,0
355	-40.75	21.25	89	2750,0
355	-40.75	20.75	89	2750,0
355	-41.25	20.25	89	2750,0
355	-42.25	20.25	89	2750,0
355	-42.25	19.25	89	2750,0
355	-43.25	18.25	89	2750,0
355	-43.75	18.25	89	2750,0
355	-44.25	18.75	89	2750,0
355	-44.75	18.75	89	2750,0
355	-44.75	17.25	89	2750,0
355	-41.25	13.75	89	2750,0
355	-40.25	13.75	89	2750,0
355	-38.75	12.25	89	2750,0
355	-37.75	12.25	89	2750,0
355	-35.75	10.25	89	2750,0
355	-35.75	9.25	89	2750,0
355	-34.25	7.75	89	2750,0
355	-33.25	7.75	89	2750,0
355	-30.75	5.25	89	2750,0
355	-30.25	5.25	89	2750,0
355	-27.75	7.75	89	2750,0
355	-27.75	8.25	89	2750,0
355	-33.75	14.25	89	2750,0
355	-34.75	14.25	89	2750,0
355	-34.75	14.75	89	2750,0
355	-31.75	17.75	89	2750,0
355	-31.75	19.25	89	2750,0
355	-32.75	19.25	89	2750,0
355	-33.75	20.25	89	2750,0
355	-33.75	20.75	89	2750,0
355	-32.75	21.75	89	2750,0
355	-32.75	22.25	89	2750,0
355	-33.25	22.25	89	2750,0
355	-35.75	19.75	89	2750,0
355	-36.25	19.75	89	2750,0
355	-37.25	20.75	89	2750,0
355	-37.25	21.75	89	2750,0
355	-37.75	22.25	89	2750,0
355	-37.75	23.75	89	2750,0
355	-36.75	23.75	89	2750,0
355	-36.75	24.75	89	2750,0
355	-36.25	25.25	89	2750,0
355	-36.25	25.75	89	2750,0
355	-37.25	26.75	89	2750,0
355	-37.75	26.75	89	2750,0
355	-41.75	22.75	89	2750,0
8	-24.25	41.75	101	2750,0
8	-24.25	42.25	101	2750,0
8	-23.25	42.25	101	2750,0
8	-23.25	43.25	101	2750,0
8	-22.25	43.25	101	2750,0
8	-21.75	43.75	101	2750,0
8	-21.25	43.75	101	2750,0
8	-19.25	41.75	101	2750,0
8	-19.25	39.25	101	2750,0
8	-20.25	38.25	101	2750,0
8	-21.75	38.25	101	2750,0
8	-22.25	38.75	101	2750,0
8	-24.25	38.75	101	2750,0
8	-24.75	39.25	101	2750,0
8	-24.75	39.75	101	2750,0
8	-23.75	40.75	101	2750,0
8	-23.75	41.25	101	2750,0
8	-24.25	41.75	101	2750,0
33	-18.25	46.75	119	2750,0
33	-18.25	47.25	119	2750,0
33	-16.75	47.25	119	2750,0
33	-15.75	46.25	119	2750,0
33	-14.75	46.25	119	2750,0
33	-14.25	45.75	119	2750,0
33	-13.25	45.75	119	2750,0
33	-12.25	44.75	119	2750,0
33	-12.25	42.75	119	2750,0
33	-10.25	42.75	119	2750,0
33	-9.75	42.25	119	2750,0
33	-9.75	41.25	119	2750,0
33	-9.25	41.25	119	2750,0
33	-8.75	41.75	119	2750,0
33	-8.25	41.75	119	2750,0
33	-7.75	41.25	119	2750,0
33	-7.25	41.25	119	2750,0
33	-7.25	41.75	119	2750,0
33	-7.75	42.25	119	2750,0
33	-7.75	42.75	119	2750,0
33	-7.25	42.75	119	2750,0
33	-5.25	40.75	119	2750,0
33	-5.25	39.75	119	2750,0
33	-3.75	38.25	119	2750,0
33	-2.75	38.25	119	2750,0
33	-2.25	37.75	119	2750,0
33	-2.25	36.75	119	2750,0
33	-1.25	36.75	119	2750,0
33	-0.75	36.25	119	2750,0
33	-0.75	35.25	119	2750,0
33	0.25	35.25	119	2750,0
33	0.25	34.25	119	2750,0
33	1.25	34.25	119	2750,0
33	1.25	33.75	119	2750,0
33	0.75	33.25	119	2750,0
33	0.75	32.75	119	2750,0
33	2.25	31.25	119	2750,0
33	2.25	30.75	119	2750,0
33	1.25	29.75	119	2750,0
33	0.75	29.75	119	2750,0
33	-1.75	32.25	119	2750,0
33	-1.75	32.75	119	2750,0
33	-1.25	33.25	119	2750,0
33	-1.25	33.75	119	2750,0
33	-2.25	33.75	119	2750,0
33	-3.75	35.25	119	2750,0
33	-3.75	36.25	119	2750,0
33	-5.75	36.25	119	2750,0
33	-8.25	38.75	119	2750,0
33	-8.25	40.75	119	2750,0
33	-8.75	40.75	119	2750,0
33	-9.25	40.25	119	2750,0
33	-9.25	39.25	119	2750,0
33	-11.25	39.25	119	2750,0
33	-11.75	38.75	119	2750,0
33	-11.75	38.25	119	2750,0
33	-11.25	37.75	119	2750,0
33	-11.25	37.25	119	2750,0
33	-12.25	36.25	119	2750,0
33	-13.25	36.25	119	2750,0
33	-15.75	33.75	119	2750,0
33	-16.75	33.75	119	2750,0
33	-17.75	32.75	119	2750,0
33	-18.25	32.75	119	2750,0
33	-18.25	33.75	119	2750,0
33	-19.25	34.75	119	2750,0
33	-20.25	34.75	119	2750,0
33	-20.25	35.25	119	2750,0
33	-19.25	36.25	119	2750,0
33	-19.25	36.75	119	2750,0
33	-19.75	37.25	119	2750,0
33	-19.75	37.75	119	2750,0
33	-18.25	39.25	119	2750,0
33	-15.25	39.25	119	2750,0
33	-13.75	40.75	119	2750,0
33	-13.75	41.25	119	2750,0
33	-14.75	42.25	119	2750,0
33	-14.75	42.75	119	2750,0
33	-14.25	43.25	119	2750,0
33	-14.25	43.75	119	2750,0
33	-15.25	43.75	119	2750,0
33	-15.75	44.25	119	2750,0
33	-16.75	44.25	119	2750,0
33	-18.25	45.75	119	2750,0
33	-18.25	46.75	119	2750,0
160	-44.75	19.25	179	2750,0
160	-44.75	19.75	179	2750,0
160	-42.25	22.25	179	2750,0
160	-41.75	22.25	179	2750,0
160	-40.75	21.25	179	2750,0
160	-40.75	20.75	179	2750,0
160	-41.25	20.25	179	2750,0
160	-42.25	20.25	179	2750,0
160	-42.25	19.25	179	2750,0
160	-43.25	18.25	179	2750,0
160	-43.75	18.25	179	2750,0
160	-44.75	19.25	179	2750,0
148	-4.25	-0.25	169	2700,0
148	-4.25	0.25	169	2700,0
148	-3.75	0.75	169	2700,0
148	-2.75	0.75	169	2700,0
148	-2.25	1.25	169	2700,0
148	-1.75	1.25	169	2700,0
148	-0.75	0.25	169	2700,0
148	-0.75	-0.25	169	2700,0
148	-4.25	-0.25	169	2700,0
79	-0.25	-0.25	137	2700,0
79	-0.25	0.25	137	2700,0
79	0.25	0.75	137	2700,0
79	2.25	0.75	137	2700,0
79	2.75	1.25	137	2700,0
79	3.25	1.25	137	2700,0
79	3.75	0.75	137	2700,0
79	4.25	0.75	137	2700,0
79	4.75	1.25	137	2700,0
79	5.25	1.25	137	2700,0
79	5.25	-0.25	137	2700,0
79	-0.25	-0.25	137	2700,0
79	-44.75	0.25	137	2750,0
79	-44.75	0.75	137	2750,0
79	-37.75	0.75	137	2750,0
79	-37.25	1.25	137	2750,0
79	-36.75	1.25	137	2750,0
79	-35.75	0.25	137	2750,0
79	-35.75	-0.25	137	2750,0
79	-44.25	-0.25	137	2750,0
79	-44.75	0.25	137	2750,0
352	3.25	1.25	87	2700,0
352	3.25	1.75	87	2700,0
352	4.75	3.25	87	2700,0
352	5.25	3.25	87	2700,0
352	5.25	1.75	87	2700,0
352	4.25	0.75	87	2700,0
352	3.75	0.75	87	2700,0
352	3.25	1.25	87	2700,0
352	-44.75	3.25	87	2750,0
352	-44.75	3.75	87	2750,0
352	-44.25	3.75	87	2750,0
352	-43.75	3.25	87	2750,0
352	-43.25	3.25	87	2750,0
352	-42.75	3.75	87	2750,0
352	-42.25	3.75	87	2750,0
352	-41.25	2.75	87	2750,0
352	-40.75	2.75	87	2750,0
352	-39.75	3.75	87	2750,0
352	-39.25	3.75	87	2750,0
352	-38.75	3.25	87	2750,0
352	-37.75	3.25	87	2750,0
352	-37.25	2.75	87	2750,0
352	-36.75	2.75	87	2750,0
352	-36.25	3.25	87	2750,0
352	-33.25	3.25	87	2750,0
352	-32.75	3.75	87	2750,0
352	-31.25	3.75	87	2750,0
352	-28.75	1.25	87	2750,0
352	-28.75	0.75	87	2750,0
352	-31.75	0.75	87	2750,0
352	-32.25	0.25	87	2750,0
352	-32.75	0.25	87	2750,0
352	-33.75	1.25	87	2750,0
352	-34.25	1.25	87	2750,0
352	-35.25	0.25	87	2750,0
352	-35.75	0.25	87	2750,0
352	-36.75	1.25	87	2750,0
352	-37.25	1.25	87	2750,0
352	-37.75	0.75	87	2750,0
352	-44.25	0.75	87	2750,0
352	-44.75	1.25	87	2750,0
352	-44.75	3.25	87	2750,0
224	-23.25	24.75	23	2750,0
224	-23.25	25.25	23	2750,0
224	-22.75	25.25	23	2750,0
224	-19.75	22.25	23	2750,0
224	-19.25	22.25	23	2750,0
224	-18.75	22.75	23	2750,0
224	-18.25	22.75	23	2750,0
224	-10.75	15.25	23	2750,0
224	-10.75	14.75	23	2750,0
224	-12.75	12.75	23	2750,0
224	-12.75	12.25	23	2750,0
224	-10.25	9.75	23	2750,0
224	-9.75	9.75	23	2750,0
224	-7.75	11.75	23	2750,0
224	-7.25	11.75	23	2750,0
224	-1.75	6.25	23	2750,0
224	-1.75	5.75	23	2750,0
224	-2.25	5.25	23	2750,0
224	-3.25	5.25	23	2750,0
224	-3.75	4.75	23	2750,0
224	-4.25	4.75	23	2750,0
224	-4.25	5.25	23	2750,0
224	-3.75	5.75	23	2750,0
224	-3.75	6.25	23	2750,0
224	-4.75	6.25	23	2750,0
224	-5.25	6.75	23	2750,0
224	-5.75	6.75	23	2750,0
224	-10.75	1.75	23	2750,0
224	-13.25	1.75	23	2750,0
224	-14.25	2.75	23	2750,0
224	-15.25	2.75	23	2750,0
224	-16.25	3.75	23	2750,0
224	-17.25	3.75	23	2750,0
224	-17.75	4.25	23	2750,0
224	-18.25	4.25	23	2750,0
224	-20.25	2.25	23	2750,0
224	-20.75	2.25	23	2750,0
224	-21.25	2.75	23	2750,0
224	-24.75	2.75	23	2750,0
224	-26.75	0.75	23	2750,0
224	-28.25	0.75	23	2750,0
224	-31.25	3.75	23	2750,0
224	-31.25	4.25	23	2750,0
224	-30.75	4.75	23	2750,0
224	-30.25	4.75	23	2750,0
224	-27.25	1.75	23	2750,0
224	-26.75	1.75	23	2750,0
224	-24.25	4.25	23	2750,0
224	-24.25	6.25	23	2750,0
224	-23.25	6.25	23	2750,0
224	-20.25	9.25	23	2750,0
224	-20.25	9.75	23	2750,0
224	-22.25	11.75	23	2750,0
224	-22.75	11.75	23	2750,0
224	-24.25	10.25	23	2750,0
224	-24.75	10.25	23	2750,0
224	-24.75	10.75	23	2750,0
224	-23.25	12.25	23	2750,0
224	-23.25	12.75	23	2750,0
224	-24.75	14.25	23	2750,0
224	-25.25	14.25	23	2750,0
224	-26.75	12.75	23	2750,0
224	-27.25	12.75	23	2750,0
224	-27.75	13.25	23	2750,0
224	-27.75	13.75	23	2750,0
224	-26.25	15.25	23	2750,0
224	-26.25	15.75	23	2750,0
224	-27.75	17.25	23	2750,0
224	-27.75	17.75	23	2750,0
224	-26.75	18.75	23	2750,0
224	-26.25	18.75	23	2750,0
224	-25.25	17.75	23	2750,0
224	-24.75	17.75	23	2750,0
224	-24.25	18.25	23	2750,0
224	-23.25	18.25	23	2750,0
224	-22.75	18.75	23	2750,0
224	-22.25	18.75	23	2750,0
224	-21.75	18.25	23	2750,0
224	-21.75	17.25	23	2750,0
224	-20.25	15.75	23	2750,0
224	-19.75	15.75	23	2750,0
224	-18.25	17.25	23	2750,0
224	-18.25	17.75	23	2750,0
224	-19.75	19.25	23	2750,0
224	-20.75	19.25	23	2750,0
224	-21.25	19.75	23	2750,0
224	-21.25	20.75	23	2750,0
224	-22.25	21.75	23	2750,0
224	-22.25	22.25	23	2750,0
224	-21.75	22.25	23	2750,0
224	-21.25	21.75	23	2750,0
224	-20.75	21.75	23	2750,0
224	-20.75	22.25	23	2750,0
224	-23.25	24.75	23	2750,0
225	-19.25	14.75	23	2750,0
225	-19.25	15.25	23	2750,0
225	-17.75	16.75	23	2750,0
225	-17.25	16.75	23	2750,0
225	-14.75	14.25	23	2750,0
225	-14.75	13.75	23	2750,0
225	-16.25	12.25	23	2750,0
225	-16.75	12.25	23	2750,0
225	-19.25	14.75	23	2750,0
226	-18.75	8.25	23	2750,0
226	-18.75	8.75	23	2750,0
226	-17.75	9.75	23	2750,0
226	-17.25	9.75	23	2750,0
226	-16.75	9.25	23	2750,0
226	-16.25	9.25	23	2750,0
226	-15.25	10.25	23	2750,0
226	-14.75	10.25	23	2750,0
226	-12.25	7.75	23	2750,0
226	-12.25	7.25	23	2750,0
226	-14.75	4.75	23	2750,0
226	-15.25	4.75	23	2750,0
226	-18.75	8.25	23	2750,0
41	-15.25	32.75	125	2750,0
41	-15.25	33.25	125	2750,0
41	-14.75	33.25	125	2750,0
41	-13.75	32.25	125	2750,0
41	-13.25	32.25	125	2750,0
41	-13.25	32.75	125	2750,0
41	-14.25	33.75	125	2750,0
41	-14.25	34.25	125	2750,0
41	-13.75	34.75	125	2750,0
41	-13.25	34.75	125	2750,0
41	-12.75	34.25	125	2750,0
41	-11.75	34.25	125	2750,0
41	-9.75	32.25	125	2750,0
41	-9.75	31.25	125	2750,0
41	-9.25	30.75	125	2750,0
41	-8.25	30.75	125	2750,0
41	-6.75	29.25	125	2750,0
41	-6.75	28.75	125	2750,0
41	-9.75	25.75	125	2750,0
41	-10.25	25.75	125	2750,0
41	-11.75	27.25	125	2750,0
41	-11.75	28.25	125	2750,0
41	-12.25	28.75	125	2750,0
41	-12.75	28.75	125	2750,0
41	-13.25	28.25	125	2750,0
41	-13.75	28.25	125	2750,0
41	-15.25	29.75	125	2750,0
41	-15.25	30.25	125	2750,0
41	-14.75	30.75	125	2750,0
41	-14.75	32.25	125	2750,0
41	-15.25	32.75	125	2750,0
9	-18.75	26.25	102	2750,0
9	-18.75	26.75	102	2750,0
9	-16.25	29.25	102	2750,0
9	-15.75	29.25	102	2750,0
9	-14.25	27.75	102	2750,0
9	-14.25	27.25	102	2750,0
9	-16.25	25.25	102	2750,0
9	-16.25	23.75	102	2750,0
9	-15.75	23.75	102	2750,0
9	-13.25	26.25	102	2750,0
9	-12.75	26.25	102	2750,0
9	-11.25	24.75	102	2750,0
9	-10.75	24.75	102	2750,0
9	-10.25	25.25	102	2750,0
9	-9.75	25.25	102	2750,0
9	-9.75	24.25	102	2750,0
9	-7.25	21.75	102	2750,0
9	-5.75	21.75	102	2750,0
9	-5.25	22.25	102	2750,0
9	-4.75	22.25	102	2750,0
9	-1.25	18.75	102	2750,0
9	-1.25	18.25	102	2750,0
9	-1.75	17.75	102	2750,0
9	-1.75	17.25	102	2750,0
9	0.25	15.25	102	2750,0
9	0.75	15.25	102	2750,0
9	1.25	15.75	102	2750,0
9	1.75	15.75	102	2750,0
9	3.25	14.25	102	2750,0
9	3.25	12.25	102	2750,0
9	3.75	11.75	102	2750,0
9	4.75	11.75	102	2750,0
9	4.75	9.25	102	2750,0
9	1.75	6.25	102	2750,0
9	1.75	5.75	102	2750,0
9	2.75	4.75	102	2750,0
9	2.75	2.25	102	2750,0
9	2.25	2.25	102	2750,0
9	-1.25	5.75	102	2750,0
9	-1.25	6.75	102	2750,0
9	-2.75	8.25	102	2750,0
9	-2.75	9.25	102	2750,0
9	-5.25	11.75	102	2750,0
9	-5.25	12.25	102	2750,0
9	-4.75	12.25	102	2750,0
9	-1.75	9.25	102	2750,0
9	-1.25	9.25	102	2750,0
9	1.25	11.75	102	2750,0
9	1.25	12.25	102	2750,0
9	-2.75	16.25	102	2750,0
9	-2.75	17.25	102	2750,0
9	-5.25	19.75	102	2750,0
9	-7.75	19.75	102	2750,0
9	-10.25	17.25	102	2750,0
9	-10.75	17.25	102	2750,0
9	-17.75	24.25	102	2750,0
9	-17.75	25.25	102	2750,0
9	-18.75	26.25	102	2750,0
9	-42.25	18.75	102	2800,0
9	-42.25	19.25	102	2800,0
9	-41.75	19.75	102	2800,0
9	-41.25	19.75	102	2800,0
9	-41.25	18.75	102	2800,0
9	-40.25	17.75	102	2800,0
9	-38.75	17.75	102	2800,0
9	-38.25	18.25	102	2800,0
9	-35.75	18.25	102	2800,0
9	-34.25	16.75	102	2800,0
9	-33.75	16.75	102	2800,0
9	-33.25	17.25	102	2800,0
9	-32.75	17.25	102	2800,0
9	-32.75	16.75	102	2800,0
9	-33.25	16.25	102	2800,0
9	-33.25	15.75	102	2800,0
9	-32.75	15.75	102	2800,0
9	-32.25	16.25	102	2800,0
9	-31.75	16.25	102	2800,0
9	-31.75	13.75	102	2800,0
9	-38.75	6.75	102	2800,0
9	-38.75	6.25	102	2800,0
9	-38.25	5.75	102	2800,0
9	-38.25	5.25	102	2800,0
9	-39.25	5.25	102	2800,0
9	-42.25	2.25	102	2800,0
9	-42.75	2.25	102	2800,0
9	-42.75	2.75	102	2800,0
9	-39.75	5.75	102	2800,0
9	-39.75	6.25	102	2800,0
9	-40.75	6.25	102	2800,0
9	-41.75	7.25	102	2800,0
9	-43.75	7.25	102	2800,0
9	-45.25	8.75	102	2800,0
9	-45.25	12.25	102	2800,0
9	-44.75	12.25	102	2800,0
9	-39.75	7.25	102	2800,0
9	-39.25	7.25	102	2800,0
9	-39.25	7.75	102	2800,0
9	-39.75	8.25	102	2800,0
9	-39.75	8.75	102	2800,0
9	-39.25	8.75	102	2800,0
9	-38.75	8.25	102	2800,0
9	-38.25	8.25	102	2800,0
9	-37.25	9.25	102	2800,0
9	-37.25	9.75	102	2800,0
9	-38.75	11.25	102	2800,0
9	-40.25	11.25	102	2800,0
9	-41.25	10.25	102	2800,0
9	-41.75	10.25	102	2800,0
9	-42.75	11.25	102	2800,0
9	-42.75	11.75	102	2800,0
9	-41.75	12.75	102	2800,0
9	-41.75	14.25	102	2800,0
9	-42.25	14.75	102	2800,0
9	-42.25	15.75	102	2800,0
9	-43.25	16.75	102	2800,0
9	-43.25	17.25	102	2800,0
9	-42.25	18.25	102	2800,0
9	-42.25	18.75	102	2800,0
336	-7.75	31.25	75	2750,0
336	-7.75	31.75	75	2750,0
336	-6.25	33.25	75	2750,0
336	-5.75	33.25	75	2750,0
336	-4.25	31.75	75	2750,0
336	-3.75	31.75	75	2750,0
336	-3.25	32.25	75	2750,0
336	-3.25	32.75	75	2750,0
336	-4.75	34.25	75	2750,0
336	-4.75	34.75	75	2750,0
336	-4.25	34.75	75	2750,0
336	-2.75	33.25	75	2750,0
336	-2.25	33.25	75	2750,0
336	-1.75	33.75	75	2750,0
336	-1.25	33.75	75	2750,0
336	-1.25	33.25	75	2750,0
336	-1.75	32.75	75	2750,0
336	-1.75	32.25	75	2750,0
336	0.75	29.75	75	2750,0
336	2.75	29.75	75	2750,0
336	3.25	29.25	75	2750,0
336	3.25	28.75	75	2750,0
336	0.75	26.25	75	2750,0
336	-0.25	26.25	75	2750,0
336	-1.25	25.25	75	2750,0
336	-1.25	23.75	75	2750,0
336	1.25	21.25	75	2750,0
336	1.25	20.75	75	2750,0
336	0.25	19.75	75	2750,0
336	-0.25	19.75	75	2750,0
336	-0.75	20.25	75	2750,0
336	-1.75	20.25	75	2750,0
336	-4.25	22.75	75	2750,0
336	-4.25	23.25	75	2750,0
336	-2.75	24.75	75	2750,0
336	-2.75	26.25	75	2750,0
336	-5.25	28.75	75	2750,0
336	-5.25	29.25	75	2750,0
336	-4.25	30.25	75	2750,0
336	-4.25	30.75	75	2750,0
336	-4.75	30.75	75	2750,0
336	-5.75	29.75	75	2750,0
336	-6.25	29.75	75	2750,0
336	-7.75	31.25	75	2750,0
139	-35.25	-0.25	161	2750,0
139	-35.25	0.25	161	2750,0
139	-34.25	1.25	161	2750,0
139	-33.75	1.25	161	2750,0
139	-32.75	0.25	161	2750,0
139	-32.75	-0.25	161	2750,0
139	-35.25	-0.25	161	2750,0
153	-19.25	14.75	172	2750,0
153	-19.25	15.25	172	2750,0
153	-17.75	16.75	172	2750,0
153	-17.25	16.75	172	2750,0
153	-14.75	14.25	172	2750,0
153	-14.75	13.75	172	2750,0
153	-16.25	12.25	172	2750,0
153	-16.75	12.25	172	2750,0
153	-19.25	14.75	172	2750,0
167	-7.25	26.75	184	2750,0
167	-7.25	27.25	184	2750,0
167	-6.25	28.25	184	2750,0
167	-5.75	28.25	184	2750,0
167	-5.75	27.25	184	2750,0
167	-4.75	27.25	184	2750,0
167	-3.25	25.75	184	2750,0
167	-3.25	25.25	184	2750,0
167	-4.25	24.25	184	2750,0
167	-4.75	24.25	184	2750,0
167	-7.25	26.75	184	2750,0
151	-32.25	-0.25	170	2750,0
151	-32.25	0.25	170	2750,0
151	-31.75	0.75	170	2750,0
151	-20.25	0.75	170	2750,0
151	-19.75	0.25	170	2750,0
151	-19.75	-0.25	170	2750,0
151	-32.25	-0.25	170	2750,0
193	-26.25	0.75	205	2750,0
193	-26.25	1.25	205	2750,0
193	-24.75	2.75	205	2750,0
193	-21.25	2.75	205	2750,0
193	-20.75	2.25	205	2750,0
193	-20.25	2.25	205	2750,0
193	-18.25	4.25	205	2750,0
193	-17.75	4.25	205	2750,0
193	-17.25	3.75	205	2750,0
193	-16.25	3.75	205	2750,0
193	-15.25	2.75	205	2750,0
193	-14.25	2.75	205	2750,0
193	-13.25	1.75	205	2750,0
193	-10.75	1.75	205	2750,0
193	-8.25	4.25	205	2750,0
193	-7.75	4.25	205	2750,0
193	-7.25	3.75	205	2750,0
193	-7.25	2.75	205	2750,0
193	-6.25	1.75	205	2750,0
193	-6.25	1.25	205	2750,0
193	-7.25	0.25	205	2750,0
193	-7.75	0.25	205	2750,0
193	-8.25	0.75	205	2750,0
193	-14.25	0.75	205	2750,0
193	-16.25	2.75	205	2750,0
193	-16.75	2.75	205	2750,0
193	-19.25	0.25	205	2750,0
193	-19.75	0.25	205	2750,0
193	-20.25	0.75	205	2750,0
193	-26.25	0.75	205	2750,0
53	-18.75	8.25	133	2750,0
53	-18.75	8.75	133	2750,0
53	-17.75	9.75	133	2750,0
53	-17.25	9.75	133	2750,0
53	-16.75	9.25	133	2750,0
53	-16.25	9.25	133	2750,0
53	-15.25	10.25	133	2750,0
53	-14.75	10.25	133	2750,0
53	-12.25	7.75	133	2750,0
53	-12.25	7.25	133	2750,0
53	-14.75	4.75	133	2750,0
53	-15.25	4.75	133	2750,0
53	-18.75	8.25	133	2750,0
142	-1.25	24.75	163	2750,0
142	-1.25	25.25	163	2750,0
142	-0.25	26.25	163	2750,0
142	0.25	26.25	163	2750,0
142	3.25	23.25	163	2750,0
142	3.25	22.75	163	2750,0
142	2.25	21.75	163	2750,0
142	1.75	21.75	163	2750,0
142	-1.25	24.75	163	2750,0
181	-8.75	16.25	196	2750,0
181	-8.75	16.75	196	2750,0
181	-5.75	19.75	196	2750,0
181	-5.25	19.75	196	2750,0
181	-2.75	17.25	196	2750,0
181	-2.75	16.75	196	2750,0
181	-5.75	13.75	196	2750,0
181	-6.25	13.75	196	2750,0
181	-8.75	16.25	196	2750,0
302	-19.25	-0.25	59	2750,0
302	-19.25	0.25	59	2750,0
302	-16.75	2.75	59	2750,0
302	-16.25	2.75	59	2750,0
302	-14.25	0.75	59	2750,0
302	-8.25	0.75	59	2750,0
302	-7.75	0.25	59	2750,0
302	-7.75	-0.25	59	2750,0
302	-19.25	-0.25	59	2750,0
237	-41.75	27.25	237	2800,0
237	-41.75	27.75	237	2800,0
237	-41.25	27.75	237	2800,0
237	-21.25	7.75	237	2800,0
237	-21.25	7.25	237	2800,0
237	-21.75	7.25	237	2800,0
237	-25.25	10.75	237	2800,0
237	-26.25	10.75	237	2800,0
237	-28.75	13.25	237	2800,0
237	-28.75	14.25	237	2800,0
237	-29.25	14.25	237	2800,0
237	-30.75	12.75	237	2800,0
237	-31.75	12.75	237	2800,0
237	-35.75	8.75	237	2800,0
237	-35.75	7.25	237	2800,0
237	-34.75	7.25	237	2800,0
237	-32.75	5.25	237	2800,0
237	-32.75	3.75	237	2800,0
237	-33.25	3.25	237	2800,0
237	-33.75	3.25	237	2800,0
237	-37.25	6.75	237	2800,0
237	-37.75	6.75	237	2800,0
237	-37.75	5.75	237	2800,0
237	-38.25	5.75	237	2800,0
237	-38.75	6.25	237	2800,0
237	-38.75	6.75	237	2800,0
237	-30.25	15.25	237	2800,0
237	-30.25	15.75	237	2800,0
237	-35.75	21.25	237	2800,0
237	-36.75	21.25	237	2800,0
237	-37.75	22.25	237	2800,0
237	-38.25	22.25	237	2800,0
237	-38.25	21.75	237	2800,0
237	-37.25	20.75	237	2800,0
237	-37.25	20.25	237	2800,0
237	-38.25	19.25	237	2800,0
237	-38.75	19.25	237	2800,0
237	-39.75	20.25	237	2800,0
237	-39.75	20.75	237	2800,0
237	-39.25	21.25	237	2800,0
237	-39.25	21.75	237	2800,0
237	-40.75	23.25	237	2800,0
237	-41.75	23.25	237	2800,0
237	-41.75	24.75	237	2800,0
237	-41.25	25.25	237	2800,0
237	-41.25	26.75	237	2800,0
237	-41.75	27.25	237	2800,0
290	-7.75	4.25	51	2750,0
290	-7.75	4.75	51	2750,0
290	-5.75	6.75	51	2750,0
290	-5.25	6.75	51	2750,0
290	-4.75	6.25	51	2750,0
290	-3.75	6.25	51	2750,0
290	-3.75	5.75	51	2750,0
290	-4.25	5.25	51	2750,0
290	-4.25	4.75	51	2750,0
290	-3.75	4.75	51	2750,0
290	-3.25	5.25	51	2750,0
290	-2.25	5.25	51	2750,0
290	-1.75	5.75	51	2750,0
290	-1.25	5.75	51	2750,0
290	2.25	2.25	51	2750,0
290	2.75	2.25	51	2750,0
290	2.75	4.25	51	2750,0
290	3.75	4.25	51	2750,0
290	4.25	4.75	51	2750,0
290	4.75	4.75	51	2750,0
290	4.75	1.25	51	2750,0
290	4.25	0.75	51	2750,0
290	0.75	0.75	51	2750,0
290	0.25	1.25	51	2750,0
290	-0.25	1.25	51	2750,0
290	-0.75	0.75	51	2750,0
290	-2.25	0.75	51	2750,0
290	-2.75	1.25	51	2750,0
290	-3.25	1.25	51	2750,0
290	-3.75	0.75	51	2750,0
290	-5.25	0.75	51	2750,0
290	-7.25	2.75	51	2750,0
290	-7.25	3.75	51	2750,0
290	-7.75	4.25	51	2750,0
290	-45.25	4.75	51	2800,0
290	-45.25	5.25	51	2800,0
290	-43.25	7.25	51	2800,0
290	-41.75	7.25	51	2800,0
290	-40.75	6.25	51	2800,0
290	-39.75	6.25	51	2800,0
290	-39.75	5.75	51	2800,0
290	-42.75	2.75	51	2800,0
290	-42.75	1.75	51	2800,0
290	-43.75	0.75	51	2800,0
290	-45.25	0.75	51	2800,0
290	-45.25	4.75	51	2800,0
10	-40.25	13.75	102	2800,0
10	-40.25	14.25	102	2800,0
10	-39.25	15.25	102	2800,0
10	-37.75	15.25	102	2800,0
10	-37.25	14.75	102	2800,0
10	-37.25	13.25	102	2800,0
10	-38.25	12.25	102	2800,0
10	-38.75	12.25	102	2800,0
10	-40.25	13.75	102	2800,0
222	-7.25	-0.25	228	2750,0
222	-7.25	0.25	228	2750,0
222	-6.25	1.25	228	2750,0
222	-5.75	1.25	228	2750,0
222	-5.25	0.75	228	2750,0
222	-3.75	0.75	228	2750,0
222	-3.25	1.25	228	2750,0
222	-2.75	1.25	228	2750,0
222	-2.25	0.75	228	2750,0
222	-0.75	0.75	228	2750,0
222	-0.25	1.25	228	2750,0
222	0.25	1.25	228	2750,0
222	0.75	0.75	228	2750,0
222	3.75	0.75	228	2750,0
222	4.25	0.25	228	2750,0
222	4.25	-0.25	228	2750,0
222	-7.25	-0.25	228	2750,0
178	1.75	5.75	193	2750,0
178	1.75	6.25	193	2750,0
178	4.25	8.75	193	2750,0
178	4.75	8.75	193	2750,0
178	4.75	5.25	193	2750,0
178	3.75	4.25	193	2750,0
178	3.25	4.25	193	2750,0
178	1.75	5.75	193	2750,0
178	-45.25	7.75	193	2800,0
178	-45.25	8.25	193	2800,0
178	-44.75	8.25	193	2800,0
178	-43.75	7.25	193	2800,0
178	-43.75	6.75	193	2800,0
178	-44.75	5.75	193	2800,0
178	-45.25	5.75	193	2800,0
178	-45.25	7.75	193	2800,0
171	-40.25	13.75	187	2800,0
171	-40.25	14.25	187	2800,0
171	-39.25	15.25	187	2800,0
171	-37.75	15.25	187	2800,0
171	-37.25	14.75	187	2800,0
171	-37.25	13.25	187	2800,0
171	-38.25	12.25	187	2800,0
171	-38.75	12.25	187	2800,0
171	-40.25	13.75	187	2800,0
11	4.25	0.25	103	2750,0
11	4.25	0.75	103	2750,0
11	4.75	0.75	103	2750,0
11	4.75	0.25	103	2750,0
11	4.25	0.25	103	2750,0
11	-45.25	-0.25	103	2800,0
11	-45.25	0.25	103	2800,0
11	-44.75	0.75	103	2800,0
11	-43.75	0.75	103	2800,0
11	-42.25	2.25	103	2800,0
11	-41.25	2.25	103	2800,0
11	-39.75	3.75	103	2800,0
11	-39.25	3.75	103	2800,0
11	-37.25	1.75	103	2800,0
11	-37.25	1.25	103	2800,0
11	-37.75	0.75	103	2800,0
11	-40.25	0.75	103	2800,0
11	-40.75	1.25	103	2800,0
11	-41.25	1.25	103	2800,0
11	-41.75	0.75	103	2800,0
11	-42.75	0.75	103	2800,0
11	-43.75	-0.25	103	2800,0
11	-45.25	-0.25	103	2800,0
371	-41.75	2.25	98	2800,0
371	-41.75	2.75	98	2800,0
371	-39.25	5.25	98	2800,0
371	-37.75	5.25	98	2800,0
371	-37.75	4.75	98	2800,0
371	-38.25	4.25	98	2800,0
371	-38.25	3.75	98	2800,0
371	-36.75	2.25	98	2800,0
371	-35.75	2.25	98	2800,0
371	-35.25	1.75	98	2800,0
371	-33.75	1.75	98	2800,0
371	-31.75	3.75	98	2800,0
371	-31.75	5.25	98	2800,0
371	-34.25	7.75	98	2800,0
371	-34.25	8.25	98	2800,0
371	-33.25	9.25	98	2800,0
371	-32.75	9.25	98	2800,0
371	-30.25	6.75	98	2800,0
371	-30.25	6.25	98	2800,0
371	-30.75	5.75	98	2800,0
371	-30.75	4.25	98	2800,0
371	-27.75	1.25	98	2800,0
371	-27.75	0.75	98	2800,0
371	-31.75	0.75	98	2800,0
371	-32.25	0.25	98	2800,0
371	-32.75	0.25	98	2800,0
371	-33.25	0.75	98	2800,0
371	-36.25	0.75	98	2800,0
371	-39.25	3.75	98	2800,0
371	-39.75	3.75	98	2800,0
371	-41.25	2.25	98	2800,0
371	-41.75	2.25	98	2800,0
269	-37.75	6.25	4	2800,0
269	-37.75	6.75	4	2800,0
269	-37.25	6.75	4	2800,0
269	-33.75	3.25	4	2800,0
269	-33.25	3.25	4	2800,0
269	-32.75	3.75	4	2800,0
269	-32.75	5.25	4	2800,0
269	-34.75	7.25	4	2800,0
269	-35.75	7.25	4	2800,0
269	-35.75	8.75	4	2800,0
269	-31.75	12.75	4	2800,0
269	-30.75	12.75	4	2800,0
269	-29.25	14.25	4	2800,0
269	-28.75	14.25	4	2800,0
269	-28.75	13.25	4	2800,0
269	-26.25	10.75	4	2800,0
269	-25.25	10.75	4	2800,0
269	-21.75	7.25	4	2800,0
269	-20.75	7.25	4	2800,0
269	-16.25	2.75	4	2800,0
269	-16.25	2.25	4	2800,0
269	-16.75	2.25	4	2800,0
269	-18.25	3.75	4	2800,0
269	-19.75	3.75	4	2800,0
269	-21.25	2.25	4	2800,0
269	-21.75	2.25	4	2800,0
269	-22.75	3.25	4	2800,0
269	-23.75	3.25	4	2800,0
269	-24.25	3.75	4	2800,0
269	-24.75	3.75	4	2800,0
269	-27.25	1.25	4	2800,0
269	-27.75	1.25	4	2800,0
269	-30.75	4.25	4	2800,0
269	-30.75	5.75	4	2800,0
269	-30.25	6.25	4	2800,0
269	-30.25	6.75	4	2800,0
269	-32.75	9.25	4	2800,0
269	-33.25	9.25	4	2800,0
269	-34.25	8.25	4	2800,0
269	-34.25	7.75	4	2800,0
269	-31.75	5.25	4	2800,0
269	-31.75	3.75	4	2800,0
269	-33.75	1.75	4	2800,0
269	-35.25	1.75	4	2800,0
269	-35.75	2.25	4	2800,0
269	-36.75	2.25	4	2800,0
269	-38.25	3.75	4	2800,0
269	-38.25	4.25	4	2800,0
269	-37.75	4.75	4	2800,0
269	-37.75	6.25	4	2800,0
236	-43.25	-0.25	236	2800,0
236	-43.25	0.25	236	2800,0
236	-42.75	0.75	236	2800,0
236	-41.75	0.75	236	2800,0
236	-41.25	1.25	236	2800,0
236	-40.75	1.25	236	2800,0
236	-40.25	0.75	236	2800,0
236	-37.75	0.75	236	2800,0
236	-37.25	1.25	236	2800,0
236	-36.75	1.25	236	2800,0
236	-36.25	0.75	236	2800,0
236	-33.25	0.75	236	2800,0
236	-32.75	0.25	236	2800,0
236	-32.75	-0.25	236	2800,0
236	-43.25	-0.25	236	2800,0
194	-32.25	-0.25	206	2800,0
194	-32.25	0.25	206	2800,0
194	-31.75	0.75	206	2800,0
194	-27.25	0.75	206	2800,0
194	-26.75	0.25	206	2800,0
194	-26.75	-0.25	206	2800,0
194	-32.25	-0.25	206	2800,0
358	-27.25	0.75	91	2800,0
358	-27.25	1.25	91	2800,0
358	-24.75	3.75	91	2800,0
358	-24.25	3.75	91	2800,0
358	-23.75	3.25	91	2800,0
358	-22.75	3.25	91	2800,0
358	-21.75	2.25	91	2800,0
358	-21.25	2.25	91	2800,0
358	-19.75	3.75	91	2800,0
358	-18.25	3.75	91	2800,0
358	-16.75	2.25	91	2800,0
358	-15.75	2.25	91	2800,0
358	-14.75	1.25	91	2800,0
358	-14.75	0.75	91	2800,0
358	-19.25	0.75	91	2800,0
358	-19.75	1.25	91	2800,0
358	-20.25	1.25	91	2800,0
358	-20.75	0.75	91	2800,0
358	-24.25	0.75	91	2800,0
358	-24.75	1.25	91	2800,0
358	-25.25	1.25	91	2800,0
358	-26.25	0.25	91	2800,0
358	-26.75	0.25	91	2800,0
358	-27.25	0.75	91	2800,0
241	-26.25	-0.25	240	2800,0
241	-26.25	0.25	240	2800,0
241	-25.25	1.25	240	2800,0
241	-24.75	1.25	240	2800,0
241	-24.25	0.75	240	2800,0
241	-20.75	0.75	240	2800,0
241	-20.25	1.25	240	2800,0
241	-19.75	1.25	240	2800,0
241	-19.25	0.75	240	2800,0
241	-14.25	0.75	240	2800,0
241	-13.75	0.25	240	2800,0
241	-13.75	-0.25	240	2800,0
241	-26.25	-0.25	240	2800,0
