x	y
0.2220434189552	0.313169353382133
0.366359468523959	0.663647762179483
0.0617090590720797	0.0858268093376291
0.142130984387181	0.249998345563261
-0.136379457126444	0.223957270683138
-0.00378881322986301	0.00406175427576075
-0.326434745933344	0.61623184049375
0.116731701850359	0.212982733434519
0.00106511137296544	0.00158248859045005
0.337208638658295	0.817816719043201
-0.055590859615975	0.082544558548024
0.279332472936742	0.630180742409473
0.269316128063598	0.561183355508244
-0.0268320769080626	0.0274330687700532
0.00662746349278286	0.00722635556106524
-0.377191587125052	0.866864985116508
0.0733608097102941	0.114724424414269
-0.105283797861355	0.183707770572439
0.334901872889445	0.786880042842863
0.110458845072959	0.196566952304038
-0.028372793251227	0.0394497216128115
-0.334162286072659	0.546994589545698
0.151068733882841	0.229927590032629
-0.00357040228909144	0.005074292667539
0.162030157267597	0.33554567084821
-0.0507234012875995	0.0881577879822184
-0.264085230316483	0.555467556834904
0.133992027198163	0.250333490310212
0.185946882175957	0.301560387702305
0.0649053923193186	0.0830841308435598
0.0612528472389203	0.0851281722592695
0.0691698848503181	0.12501893102592
0.0264640876586846	0.046681512024199
0.0369827529966569	0.0663882510205654
-0.125404535736512	0.230704820821194
-0.201665030214603	0.405982399618471
0.107503214287609	0.196749825581093
-0.220226856454861	0.346349616065907
-0.411124944522232	0.990785764682945
-0.0348305477851762	0.0527324279946703
-0.115015912150445	0.239741349897065
-0.25358782614642	0.603297198365971
0.416627413937868	1.15912840192654
0.109343150531974	0.206974064848959
-0.102415340087855	0.166251958406412
0.443573235809022	1.09456669590814
-0.0156410460459253	0.0210616068463398
0.0954116233632305	0.155041989963223
-0.352011101985657	0.940647628265386
-0.116904672559053	0.22303056403994
-0.0833527032040965	0.153075022666454
-0.118410662923524	0.217130713802249
-0.11724091770155	0.20107506753897
0.15883080163477	0.327352356968215
-0.1488353361146	0.293177572011624
-0.0326374012744038	0.0528491746814964
-0.261349250253055	0.500816137901094
-0.120990041329431	0.22675902446744
0.065551104686365	0.0966270278269826
0.250086556302788	0.355564510870578
0.227759869691196	0.370322237419531
0.00947486445942929	0.0122054477552274
0.0173926778827622	0.0221338724634694
0.211815145847918	0.352989956381857
-0.0518997163822783	0.0809958926256757
-0.118079529184738	0.192548917875771
0.139370247239283	0.242006536581339
0.379236258426381	1.10768719179035
-0.213799365139837	0.415643653270466
-0.00550247750283189	0.008763868721879
0.314585824459052	0.83495792107771
-0.301988112250417	0.68146590167316
0.264691192720469	0.5427118700028
-0.0816611077352108	0.131795049387336
-0.169738214362855	0.304106497072247
0.286692893048094	0.607991457119323
-0.885358243322654	2.46528576681396
0.508984158162081	1.17935266254627
-0.0618392300969513	0.0752243974918043
0.530964654731374	1.28553770241061
0.0270627808208085	0.0393580175266424
0.340151943497173	0.82783818506209
0.0863151543835304	0.146063901850041
-0.265669314630411	0.546831048483587
0.329738499097522	0.723632281458963
0.247111575480013	0.632776597867317
-0.345436712414856	1.01303524017777
-0.109062929083051	0.195001235873193
0.135682485275148	0.254121551026712
0.227268939587802	0.451683989326102
-0.480648696697871	1.17418861950388
-0.480691685988984	1.17427291837468
-0.0553851689885327	0.0943395091057852
-0.240091311813083	0.568714438758249
-0.0194255268736903	0.0348779321242817
0.0442171993124791	0.0808842492289651
-0.0711262431469755	0.136937431671636
-0.161591881046915	0.357097121406673
0.164844190447271	0.331878865703074
0.212067555648879	0.422186598612955
0.107397227067466	0.182251135014047
-0.414867422217652	1.0198079240194
0.491540195677935	1.26272037998174
-0.0657008497851473	0.103149198172044
0.36513549105796	0.973194060931956
-0.231104699453256	0.451062025750463
0.0507751129625012	0.0741664724565244
-0.123339262777792	0.240124031096046
0.0226225429672001	0.0453892851042891
0.00200553953233011	0.0038873871885508
-0.158378898788865	0.40026875135869
0.137842411159385	0.300582938983248
0.137592112088319	0.29179502712795
0.0875350363084339	0.163910110271123
0.105140168357349	0.161186256406343
-0.278792735179837	0.613804584178956
0.484649825392869	1.51747819431169
-0.193641365191661	0.412210762127009
0.569046096078962	1.68261679159346
-0.132295242558493	0.21080937737338
-0.0142855126691389	0.0213757685904504
0.178989389889189	0.535845988820395
-0.0788331779603146	0.173572852948931
0.0930149786475496	0.20389750947279
-0.0488794165560479	0.0881937928073129
-0.162818787952574	0.354650639374038
-0.0674277288804969	0.133844800571228
-0.136748213163948	0.22467468142456
0.0487583203585832	0.0756846034147706
0.198757692058846	0.442718421574587
0.290810872472074	0.780818355318105
-0.318006402688039	0.761766572630106
-0.156862341939042	0.2660534410266
0.0648113388859619	0.0784511080574792
-0.172108194945559	0.400159005441132
-0.216640806692283	0.631311489221526
0.0777317207940169	0.207903151780419
-0.104337751572682	0.308508568668844
-0.234134234813021	0.874462477278773
0.0612179855195187	0.139455666234983
-0.0218882140275079	0.0437774864216511
-0.261037500471292	0.78844818029641
-0.0404658772691879	0.0597132771765249
0.0771436762843894	0.139186023730771
0.312377197333265	0.800182368355778
0.0951154110433049	0.17234139654432
0.232471822632072	0.722568956012189
0.164087366329207	0.401944233256588
0.278436730601447	0.956701378263967
0.300967363472615	0.886701188960757
-0.223269278676872	0.316862668855387
0.592668323818975	1.47765511959301
0.2017568766432	0.292743693150752
-0.260812896623191	0.558860700242214
-0.115381564212192	0.167955111676263
0.432804444304692	0.773626862221303
0.0970689725551093	0.137427469403384
-0.036477105671894	0.0508755120650767
0.250358917717547	0.657791805510731
0.0727617431981088	0.133166205715545
-0.213282113099678	0.482808363037752
-0.126979373891686	0.252832383402334
-0.0447180238973614	0.0789657483303577
-0.152727353879672	0.302521808318493
-0.118761358862766	0.221796710144843
0.131520109286778	0.252908134549551
0.0234870850497852	0.0314738916062868
0.00412242496036175	0.00560285262453822
-0.179834194984046	0.331044472185736
-0.363674905158146	1.04373593128204
0.283059950648095	0.723922687266797
0.1592801345631	0.328520738465224
0.0545268673749815	0.0963113921023291
-0.0281907773163223	0.0391896690216527
0.0125357635104864	0.0184623134415075
0.188767023181178	0.283027577609631
-0.461966876251682	0.907323133745659
-0.0559699177930682	0.0895115211507948
0.0360768588003177	0.05216786333413
0.369123008025745	0.660270284541975
-0.252004385189497	0.421713067339184
-0.209113889110339	0.296772601964545
-0.0192321437074255	0.0282892072707534
-0.271772239863218	0.619381581671741
-0.138224207123974	0.301306074576305
0.250679140525224	0.521812335660478
0.0380430636083715	0.0513673887033856
-0.0231975697959434	0.0349676781691091
0.190889873077229	0.387637796523867
0.478175697256096	1.11270902908725
0.0288600132422008	0.046962217275301
0.173747255963591	0.327157115521637
-0.163106091268469	0.311213897844207
-0.100291038583882	0.174991073064371
-0.231718940315987	0.441742405410603
0.356023000453499	0.854711184000189
0.297679425696735	0.679090121935602
0.269758500438407	0.567946979550511
0.399435875342353	0.790427450522891
0.0327466506735476	0.0345203418645292
0.241750576672742	0.329935770568987
0.0764336465499932	0.116591141927819
0.197021000075257	0.38884304558159
-0.176380547750469	0.330356903212583
0.0733759091402342	0.130654368559075
0.0457499850452933	0.0724690738789214
0.505802923966309	1.58520406570311
-0.466272766777227	1.22870409835351
0.0991782531237041	0.170699750838525
-0.0411260107162406	0.0624054436557652
0.0301615448943049	0.0428594468733498
-0.326202708026856	0.782458372772578
0.283232801802684	0.724507838077498
0.0387619626096966	0.0562507037872546
-0.418508361288573	1.10738730976884
-0.0288830024875388	0.036333454224164
-0.303298449618199	0.525900388579299
0.0343673679152531	0.0402711516140512
0.322428052468896	0.486718379262903
0.202042261834346	0.382179506455102
-0.0232498927236756	0.033287960643115
-0.175800968574527	0.417640320120161
0.46516141617539	1.42988781039718
0.185771315128233	0.348230117723483
0.153785458947088	0.282343184370029
0.206535149325044	0.40064481937472
0.560941847691113	1.87709171740711
-0.112376927005577	0.18350338748654
-0.355091035826894	0.921689467747779
0.0341692799615446	0.0474014131378775
0.0855710790113554	0.139790083080354
-0.0942429076621972	0.149306318138544
-0.06123286310948	0.0936031051356475
-0.146546189956222	0.247436606163766
0.0152068991384401	0.0242073115839041
-0.42755581218975	1.25061226528534
-0.28465643141545	0.506946957454647
0.348873220438542	0.458136043966403
0.307566779384489	0.530390411908943
-0.253992598436931	0.532162903462583
0.183609413106469	0.40075603905938
0.463860536062345	1.19099416883085
0.258430260618067	0.661451942976702
0.264703580838903	0.598285317373383
-0.320683293794896	0.877369284518175
-0.0934268660143709	0.172179324076842
0.0732133679093704	0.105615116264288
-0.311411987293482	0.704125223480773
-0.236024581385485	0.429241295085588
0.1090273984311	0.20623865324798
-0.0193021459992831	0.0304479904176575
0.200340033386958	0.346640945977706
-0.0549906623996804	0.0765534647172992
-0.00892025348010917	0.012688613213215
-0.116992939015426	0.175275372975204
-0.161558255056101	0.272822580867538
-0.287848577627365	0.540679830585775
0.375535285737243	0.890726827658137
0.32516185578633	0.662691940902767
-0.0280137802235083	0.035200553026207
0.137987084138438	0.185453566515536
0.148862552468877	0.208295953973087
-0.594543495303151	1.49788444415849
-0.0106094005377455	0.0169481125218332
-0.383825542884524	1.04002933700967
-0.141945006057295	0.245908349551978
0.0166755340018074	0.0186370079461596
-0.883993758397899	2.31188485568643
-0.0229103594263559	0.0288808385026909
-0.353521376177735	0.740012619778065
0.0958642340452292	0.142149015773467
-0.015378207717007	0.0213269556113773
-0.252070248053338	0.526857755709193
0.0841080078185281	0.137063929186694
0.321318348552581	0.794853289037652
-0.0135167385160044	0.019834593597488
0.0250418209786451	0.0372566492527858
0.0426213756334267	0.0687853542045222
0.354014066432647	0.804809238328488
-0.110077872888191	0.188318935974633
0.575533087751552	1.98493472063245
0.165859373577358	0.266532502651794
-0.0914886984836757	0.107150613554455
-0.197079487304835	0.280101151184429
0.222163525604541	0.464630453391708
0.540543057490667	1.79480721499363
0.157202745178688	0.348013673091271
-0.191175463849085	0.420331590497363
0.252772423085822	0.532629957053454
-0.177593231904216	0.347292499978885
0.378234211550491	0.994155728939853
-0.269333698290007	0.611799743565242
0.0978231865072891	0.166786903836927
0.299697052927307	0.69821793793161
0.0681076701284067	0.104786089327785
-0.0851055530523613	0.153233534976716
0.125082214582268	0.2153297958747
-0.192947858661652	0.37923397049474
-0.044332331180011	0.0688666488653659
0.288792760568418	0.689543204186056
0.415383879358786	1.18636067259244
-0.0477670234729138	0.0813419949055461
0.34717855519157	0.940261083425163
0.0125159845354782	0.017354491610583
0.580176480307367	1.14605072927299
0.0677260564512792	0.111624223772829
0.0988020316563911	0.168694710215366
0.173064130777138	0.343476512067728
0.235540958972537	0.527836815772723
-0.0830092335136471	0.116478824896925
0.318745507080891	0.751027414398504
-0.0272659071655743	0.0366933563925953
-0.228937908902308	0.502593723376293
-0.120505997676492	0.248206533085113
-0.0554031152412065	0.0999534109825111
0.332573719418305	0.915872293065419
-0.378964706003002	0.923003970111225
0.40046403366563	0.816714911381196
-0.0730409528141712	0.105820006750345
0.173069187915024	0.346181731460401
0.235895871285257	0.564589351327855
0.162243451452432	0.322868391401937
0.125615457472374	0.226275225370817
0.0921603223154115	0.165018481902378
-0.238539637816985	0.410780504670194
0.0478378664046588	0.0784106659248619
-0.382980272621062	0.861522620616333
0.193763622730952	0.398274956884828
0.283305294761447	0.573755737544903
0.141152955937133	0.245578354868122
-0.00928648562210573	0.0138770570994538
-0.143544547499937	0.282477330403373
0.149850659326432	0.334891191418435
-0.151979757073854	0.311611008159274
-0.336145235586271	0.749175054120541
0.10820814453952	0.141085279014075
0.23136577379076	0.466661995824682
-0.250884461102864	0.492335292394718
0.114290016166127	0.181015438100138
-0.213305291832899	0.414422868822672
0.327554813872885	0.513701078330741
0.521452133649857	1.50075636633978
0.048192881862866	0.0747425424830368
-0.00485454234559606	0.00740984157828391
0.00294980257111397	0.00518991282438767
-0.101029058121261	0.194670028482688
0.0799892542032622	0.128505427955348
0.399174327012965	0.789801773742249
-0.0793883259124545	0.131160095438965
0.150525462974601	0.349941262000948
-0.0319392788137596	0.0527818039944324
0.112948879393349	0.168875682356655
0.0652872086326211	0.0836140597357509
0.320966701872079	0.627118627221051
0.520228581835851	1.33427982671747
-0.0784424421764699	0.126982679027736
0.0843626726086584	0.126086018615632
0.0645937291826627	0.102465598825346
0.290577858569765	0.707421646987745
-0.150191086680751	0.301773368137932
-0.113863439438581	0.224836419561756
-0.041622002506322	0.0560669864969236
-0.166387412962089	0.203389301599819
0.0323757471080456	0.0447946002159215
0.015018258111618	0.019699605599581
0.24884055056285	0.458581766797678
0.468629968185105	1.1530255775924
0.149638256033004	0.194307565887342
-0.077102137164852	0.133410793438071
-0.477758396887444	1.14258186465779
-0.104320975568893	0.197644532412712
0.323040089974142	0.894129417755145
-0.114983982463999	0.231080451336238
0.0942015758909753	0.139349902471991
-0.144214200399178	0.197184150889719
0.00231382993039978	0.00337295957046916
0.0826431561823337	0.152481535581921
-0.476391749940162	1.36701962360949
-0.5333916970717	1.19520321042294
0.262436288691417	0.396134208873672
-0.0428458113852233	0.0578227020168898
0.219526709604216	0.45348389522357
0.324410252957365	0.66050140471485
-0.0366692183991734	0.0478509320034394
0.275637316041705	0.455032887670791
-0.0271788477053806	0.0365726024335751
0.227221503587679	0.482451704867241
-0.1917904400089	0.391778721505037
0.621191508132689	2.30041504823509
0.165423411419204	0.24569317840107
-0.183281585414017	0.242197999967464
0.279204722448568	0.550266718642973
0.0666015468200137	0.0899093582038969
0.673388083856359	1.94660642371522
0.157236575999499	0.276403455850252
0.68673178637379	1.49559361290333
0.244268810097716	0.529460308634359
0.305924116967733	0.518896809527322
0.225595915906516	0.443107282111315
0.152652077526772	0.307087670598034
-0.246744005158075	0.54625918542153
0.25034030825422	0.516034276397878
0.216275956936024	0.333047102268483
0.0702189048585565	0.117068347473583
-0.0286824644263153	0.045403824950205
-0.186220877317213	0.402191933307392
-0.514986451375871	1.1520263474444
0.398845752267665	0.753761737582066
-0.0614057737049733	0.0832747875852198
0.292855295534835	0.632366328501463
0.103793145382303	0.14994892102884
0.0770459231642027	0.117638398827902
0.0969283091766236	0.151786634052424
-0.215298624931892	0.369238633570227
0.272966339703212	0.515626787211065
-0.417904239657839	0.924463753649535
0.0639198770068109	0.100478855023828
0.273712632638476	0.584890971558904
0.049962621082836	0.0749858121168006
-0.283046153872637	0.620735959713622
0.0164566709044913	0.0216244154921681
-0.238413538356003	0.476455583216121
0.283865333215661	0.581490761777553
0.533170987599692	1.44829590616219
-0.12349609193242	0.20756058307706
-0.117458658235988	0.187084533382811
-0.361709505715395	0.703736994051573
0.0262706107103995	0.0341876132169517
0.461675011437013	1.23702481001917
-0.265396766841752	0.497175311663729
0.072974018858984	0.105232771902627
0.147538340373905	0.251084265769335
-0.124183714388822	0.213354897563769
0.0465899968910425	0.0591941102268838
0.0511966049517134	0.0718481302181434
-0.476017034195303	1.13654752878603
-0.410755326187414	0.930038630270449
0.281719797572508	0.563199032911952
-0.333716712609527	0.647187691936062
0.132550425769354	0.212343976518543
0.541558325646125	1.60120052284005
-0.44353853130745	0.869952406456413
0.0536523817712047	0.0816917521685122
0.100942904797649	0.168177644399299
-0.0345905211586833	0.0495787962253237
0.233473157011032	0.517457412596908
0.119211024255551	0.191968789170818
0.328062579497503	0.694906620095536
-0.156435109450559	0.265194170103191
-0.25755012610749	0.517198017900058
-0.123145996711263	0.190987828410155
-0.100246158275755	0.150014233858228
-0.243368372447825	0.453804898956359
-0.0280489395054589	0.0412480309600332
-0.275592445753238	0.568676449837116
0.161134601192236	0.290160813104799
-0.287695728556452	0.540274700370035
-0.0110558238757152	0.0133719432587
0.373721704927927	0.765842705309688
0.234599721691496	0.441132504975996
-0.127062926092368	0.185592095601803
-0.00646916810301214	0.00813148003299228
-0.594609603598493	1.33857862820155
0.0445514162778591	0.0639066560172658
-0.256110714603407	0.525905366091863
-0.582653213446456	1.65067989395692
-0.278218713978586	0.50747346288907
0.147320585394688	0.234704210761001
0.328368566314078	0.687771076618382
0.520906766239396	1.5143613677467
-0.693965724237863	1.83875445433416
-0.379620395040613	0.797448448882137
-0.384335140871259	0.865747040044858
0.0892626619240402	0.135654615468677
-0.192901930365141	0.363064808904109
-0.376667255714544	0.826991910827146
-0.113010905204111	0.174633799993698
-0.234429357293133	0.476667178272756
0.259991220792422	0.578222266107321
-0.24020714680126	0.458058952090239
0.194856938473212	0.354370853144918
-0.43885933765598	0.998009137080667
-0.545474641789687	1.42447730934701
0.161390437453642	0.273272291753398
-0.396760938289347	0.895458545032729
0.164150552883049	0.243463315255578
-0.125943296978809	0.183715112491716
0.0832970763445554	0.140335205567651
0.0253811950172753	0.0368071296488003
-0.176877033615835	0.317077096273536
0.0286143723063037	0.0417059053623114
0.0826103014927643	0.128306294261351
0.355334448629369	0.83532312155226
-0.265031978677199	0.545175350307836
0.273309676845529	0.589503340580151
0.171788824570664	0.26373313043354
-0.0725676840425458	0.119541429182977
0.165401646103632	0.265651677976122
-0.0606037176319582	0.0821034138402323
0.109639642670374	0.170796579544212
0.149126160009341	0.254315323192218
0.15241413758255	0.279302910711755
0.193695468079815	0.377232727198554
0.191328948627514	0.368079015084649
-0.00375847625030757	0.00519886625177543
-0.143226889260495	0.229276424232998
-0.618011700343373	1.42871898806015
-0.397984340417632	0.736859394584817
0.315931681858101	0.449508750234028
-0.1385882987394	0.175862836914653
0.0504035470616043	0.0706604082924079
0.158672402400712	0.28218200039031
0.452695633460778	1.0044661530888
0.0528341588582867	0.0773951492761199
0.189275109117358	0.359813239444218
0.42205454525499	0.974247317994077
0.479162888532369	1.11577961870476
0.182651689941946	0.291441871857466
0.252829133845505	0.532728985182429
-0.121149647416986	0.1984263776354
-0.0899277954691433	0.145809217033911
0.103329660919934	0.157981373961783
0.275318181875894	0.60104228856227
-0.0347548322061645	0.0468280667456181
0.191103897172328	0.342361883705752
-0.413364103501718	0.829613569870929
0.0281781080386131	0.0354793725282403
0.106948673081163	0.147254019765256
-0.0281656949194112	0.0366992702017088
0.401850474779358	0.796965457742592
0.101016166286238	0.152420903108448
-0.424720745457438	0.830921143514177
-0.0970912277505431	0.131883462829749
0.0480133025179416	0.061077790511364
-0.00558661646922688	0.00725862382093738
-0.0326470170807818	0.0466480282449516
-0.255022447556799	0.463889668887503
0.451708440670043	1.02904278598859
-0.155105065406089	0.25605753254167
0.0785289532301227	0.0936495624156439
-0.293221592351304	0.580047035051747
-0.358513447496914	0.6054458289897
-0.246323494529326	0.339409898154221
0.193796843446205	0.32502803371315
0.218724095810308	0.447343456688841
-0.107638048368356	0.170677399870262
-0.239231389804881	0.467259788272041
0.41987582682787	1.0494830924311
0.191137283652827	0.342489247084052
-0.278772222996803	0.563129641040403
-0.116220000271827	0.194978487033745
-0.161076535441014	0.300320126062102
0.18946401853206	0.338718181885868
-0.00343801090112321	0.0050093947852806
0.186408132562165	0.349707150211025
-0.184075828246665	0.337755777569525
0.0867273725708642	0.1243018649549
-0.157821762207108	0.22363019621312
0.160661194345073	0.234173413797444
0.369885052580992	0.672594920839733
0.355845047041307	0.871165502447378
-0.37750664217295	0.638801862049737
-0.481127869057173	0.945860196616976
0.143606876183209	0.196998353939054
0.693451573776513	1.4898273912361
-0.0541206937733015	0.0632042435368831
0.0360443426625745	0.0463706833833428
0.0726775794116908	0.10003276256602
-0.155475320366756	0.256801594179143
-0.499737865854804	1.14270976119289
-0.0803957522661894	0.123187286569374
-0.43957948937311	0.930603626114703
0.122899088986255	0.179130142987946
0.059787529877338	0.0750829135110042
0.433139273583668	0.787874160400459
-0.11909791011564	0.179019933737564
-0.348434950217668	0.811741425937568
-0.197594958797264	0.34783767767723
-0.0835775626232202	0.124641209215506
-0.204802776120347	0.388123183277019
-0.250357792778175	0.490981045941713
-0.109726448668223	0.164621079004986
-0.108258629989483	0.181050707576803
-0.466300870204979	1.1364952503679
0.085044996950415	0.121630222083251
-0.1926131751396	0.319504328765961
0.125976582162271	0.174631159562923
-0.311356893048827	0.525236573680073
-0.195466835869539	0.296953828758835
0.29843343722709	0.570930653999205
0.106394785481041	0.163372760682433
0.0785628641256476	0.104843216063079
0.187922788412357	0.331813455642832
0.0739758835756499	0.101984773558851
0.209522468794949	0.379061907753755
0.343554331993409	0.639406998408432
-0.248218164429693	0.426932708747748
0.830405014708327	2.30382275531871
0.398973142770227	0.765904907038376
0.456447712630428	1.22829853058128
0.263822567135847	0.529245954933909
0.0920378998796385	0.147550310028129
0.140959601207985	0.233080446971629
-0.0902712020055794	0.13907749935256
-0.176411418880272	0.32331212619514
0.374486894297785	0.828722617639117
0.458756883533381	1.26464462901781
-0.129997360483241	0.201334023528135
-0.407791093009957	0.919840398552972
-0.193595111919278	0.348000298068998
0.0389553180328912	0.052674405738182
0.399084403515846	0.707480785720946
0.150700475871066	0.243818464852186
0.169883247857415	0.29699072997324
-0.213731718144113	0.355205595856442
0.144985161825955	0.230266689736393
-0.0830760048440253	0.116580179872622
-0.00614780055946194	0.00799109224214994
-0.496253008692191	1.1074129976908
-0.392527926672474	0.866891570236349
0.292423917632613	0.534638042517718
-0.225552311877163	0.387062779092041
-0.0235780481778902	0.0318350766119961
0.231422250798056	0.382935280507821
0.492779017663546	1.23621324826325
-0.792006238763916	2.28656905435851
0.211183368616659	0.351670076523089
-0.245348880232531	0.458644274404231
-0.273939622122605	0.47270937895897
0.0443827706942776	0.0610749787500172
0.326543300650565	0.682510771858012
-0.222752622305661	0.413564579607637
-0.340833704581114	0.678685362313576
0.00519782304991682	0.00751651087400878
-0.0164481614525754	0.0228433798267075
-0.240188591970324	0.401661737088392
-0.355441630838223	0.745685756088377
-0.0173364132588737	0.0247832396441373
-0.125734843454268	0.216551307601758
-0.150511176082423	0.267343193121626
-0.415818565719817	1.0233021385791
0.172421068740735	0.285793384982876
0.246411064747791	0.395990100015
0.354471603495525	0.814969321049381
0.219593547700179	0.383025471441303
0.580044673264159	1.65252697302847
-0.656427718238009	1.66492157826747
0.369718287205999	0.703376916902167
0.348885426883404	0.708856630498927
0.189728197291161	0.284662934957682
-0.0682662885574978	0.101470040140444
-0.139727253021474	0.241252066710725
-0.23259862089955	0.432652798191709
-0.097461326593911	0.141634591408492
-0.187250855285148	0.345093116964316
-0.61484737863279	1.71798914514427
-0.0155391490546034	0.0195814336960021
0.0894711689521231	0.130138613282361
-0.0536514217663562	0.0701197497579614
-0.0127119640797034	0.0148155133717682
0.161843179885879	0.27427207588666
0.0612575714183986	0.0924944975570269
-0.014679172594624	0.0197474612907303
0.455373364477566	0.955351786918441
-0.240675801497067	0.459279692933225
0.223508800291506	0.433514698192924
0.106496930685973	0.146542551146245
-0.3190244646452	0.664915057751456
0.158145226989758	0.28102742847655
-0.296611078928676	0.679837140439957
-0.282712773612107	0.670025754859724
0.598616688037448	1.76987288592553
-0.152157951294185	0.200064136952449
-0.249828930494963	0.532341024080035
-0.111135086861018	0.181129583313463
-0.0265286298772802	0.0399243832796976
0.0412158637643241	0.0582888374016771
-0.397753564051198	0.736237727068614
0.0368592008668997	0.0585190451192941
0.426801397417438	0.940169900914555
-0.0926686383129925	0.146444841181184
-0.0275726235188891	0.0425798375179002
-0.0790630098000733	0.133929747239886
-0.120325048622454	0.185860357979455
0.5059417687503	1.18597590064981
-0.139232492559123	0.240209272444511
0.352756413987567	0.774253350860202
0.131747018686469	0.17336261786484
0.0902086184256349	0.13134468758463
0.167715546505916	0.307573837588173
0.29041344491132	0.61886302937312
-0.222890853685256	0.413902283794252
0.217099492430039	0.373021194639311
-0.265485482799234	0.532799197266998
-0.340331996988637	0.710257032719658
-0.328872390162818	0.685414039968397
0.188404289537355	0.306334107114854
0.299427140638495	0.697295200781968
-0.269244466417091	0.529235886857892
-0.0269110571117253	0.042483206585098
-0.0478000418566088	0.0746512807727996
0.305944767140344	0.634098482856846
-0.289180698289561	0.456057355343563
-0.151833595302634	0.243175181450492
-0.293673245435998	0.622501576736346
0.0726222971070561	0.109165904800377
-0.104290268358719	0.169804252446091
0.000647599127751829	0.000802945302412345
-0.305205652652748	0.675529862618612
-0.236339411670094	0.405940807716279
0.077006899771215	0.122139841958418
-0.100613824261968	0.183249390860414
-0.204751899125245	0.405528711256099
0.100371676837296	0.157897762461919
-0.0302556544573575	0.0434320347459455
-0.107126960400146	0.199196802097674
-0.100415620314069	0.185962538178742
0.102332546047316	0.154655192468104
0.0144733899747492	0.0203158865700092
-0.474718030601026	1.13200872151954
-0.148348164247759	0.281320962048504
-0.216881359736097	0.361930013713524
0.417284352175444	1.11814159866613
-0.0166839997799953	0.0244569397800661
-0.258584188724607	0.507016440612536
-0.305525210844354	0.63358163697823
-0.515186705618158	1.51577625012314
-0.114065476452731	0.186677196870489
-0.211825520780249	0.410794990631776
-0.341379458099738	0.713397397940417
0.0138599162651548	0.0181543493340145
-0.374940667652973	0.729185388432243
-0.118660533174665	0.189260275726687
0.21106182056065	0.382550821355331
-0.100388291352562	0.159022401361043
-0.153242718817522	0.208769536428537
0.0607862627309411	0.0917038487992646
-0.0619897205077759	0.0809918220596996
0.221369535155083	0.458462083012574
0.0816966900742357	0.126730902944858
0.145559381385233	0.259578193386707
-0.312465545607501	0.6357394742066
0.0500506567034705	0.0757956940540409
-0.0294609765055281	0.0434165176267776
-0.812494166672577	2.3974345360874
0.0846594329303656	0.121013227307504
0.0624655354575233	0.0979968029001053
0.131565238779891	0.21045179039707
-0.707327957555875	2.03429018525521
0.212782798922133	0.424046305358376
0.0314074547433125	0.0502063993567847
0.134534768366884	0.25153594259926
-0.269952200376901	0.531068177082871
0.216473704963124	0.371725720960743
0.203607545158291	0.361463728598073
0.352085352999806	0.807175060442388
0.295449603555562	0.56338599869498
-0.152678399005951	0.244870989045576
0.0619074893297033	0.100321766922339
0.191036890127027	0.342255885296775
0.325416829508598	0.663404072505497
0.464263010227467	1.1931236726734
0.244771256897213	0.486260042280703
0.177237521833688	0.319109583171434
-0.0605442095446981	0.0897758218544702
-0.327569481452256	0.650814234821841
0.0666382196885789	0.0899713662375926
0.639413103696924	1.99054122905599
0.307305045164044	0.645005673563404
0.0921237784661557	0.128097734702074
-0.0894702500522929	0.129972098517623
0.154184417207703	0.220075345987092
0.0560229563917063	0.0799397614580489
-0.52809718991501	1.32400485607006
-0.449390039545897	1.00022698405789
-0.460224789615181	1.09531011619107
0.293273591359411	0.646503058850502
-0.079603385942619	0.11526281043227
-0.340744295955291	0.894831028836471
-0.151522254731934	0.26358983735764
0.295280252722111	0.665229165407757
-0.0554250248969774	0.0907689736227121
0.122852886901952	0.20077731091626
0.103166782163727	0.172525000154278
-0.204538874357407	0.369183877520157
-0.567160928014415	1.57602722823299
-0.0507066105009862	0.0731531089131788
0.138563424812642	0.213413031821274
0.0453702704496006	0.0625296976887945
-0.0886234336448066	0.12051269191999
0.436691107544084	1.21510195917184
-0.0206195609906764	0.0259255372051525
-0.452003992535749	1.09915669035503
0.0251893325687446	0.0374832086041178
0.418682114064843	1.12338637343289
-0.0173796671878412	0.0267366534573252
-0.194697712936935	0.341777503209113
-0.0778987414624408	0.122552922362043
0.232622874191882	0.436291801600388
-0.571340472323158	1.19118788526685
-0.458291426895821	1.06899698126776
0.0920313687368655	0.134278910799418
0.320141608480222	0.76278616504472
0.480809861508109	1.30932848724944
-0.181880045623511	0.292699486778213
-0.382205802676987	0.897317417414726
-0.159361487858366	0.284082278765417
0.0950071354942061	0.146942152360637
0.0398216136101077	0.0583932310496361
-0.45503927180524	1.12897890957083
-0.122284233554954	0.189440691520089
-0.109964202644152	0.165009967224505
-0.0608149742538728	0.0929114788181849
0.421012465525168	1.00676303680029
-0.0623866515677564	0.0927537203498384
0.0739619262614647	0.11675789454055
0.126510614149306	0.198925925901388
-0.0488627306867703	0.0724349818467567
0.278771515576639	0.548905405863435
0.15729280114419	0.292757400444517
0.456839434108239	0.945455779464475
-0.0843065631462974	0.118492381863025
-0.77044191637914	2.22453585222836
0.246065403267933	0.494611116823558
-0.14531288566283	0.269074570607837
0.147695317448915	0.235415249501128
0.0588621881843204	0.0842881623126337
0.0163556265937068	0.023824785946827
0.128519969245229	0.213734671549075
0.198998708566399	0.371343248984533
-0.1572114018775	0.266785371108794
0.0017428640849075	0.00248391118513694
-0.316699507146587	0.629223431890225
0.00773478027938523	0.0102552432331091
0.030436668420871	0.0432673868773064
-0.192076877573216	0.327255333689971
0.138923978318057	0.241039414136547
0.0926767853847146	0.142876466702931
0.0019515517800254	0.00246291318032647
-0.0372075759570634	0.0502988129678574
-0.0177741147080074	0.0247250953524035
-0.413465416824257	0.829930348707228
-0.0213284390511052	0.0277979695986953
-0.56890306602533	1.63829698897957
-0.157910151335965	0.280874275092252
-0.37983458737774	0.797797125088168
-0.0690712828669609	0.0994893703185277
0.399327772992023	0.778564942027061
-0.304645348015049	0.673766696748782
0.111511813723021	0.19198194818765
0.0758271203223661	0.12003042578234
-0.124724079718155	0.229232638317943
0.0446912263512699	0.0706676131989749
-0.378835630052761	0.834156944965148
-0.0590011941789041	0.0746110623918548
0.462283998587905	1.22588107882555
0.151166216046002	0.276468108375415
0.0288033441858392	0.0419916817948219
0.168268736762563	0.293486655691227
-0.0217500832225455	0.0283598745528362
0.28260489083383	0.571812867034567
-0.289807730715139	0.570917208429149
0.270092875014862	0.563274858840359
-0.0251491985891943	0.0413242392832823
-0.0697636529830604	0.112335195820009
-0.107657136113321	0.179875488926033
-0.306874570082148	0.637507336528501
0.257038704298164	0.494915730515387
0.35292753399559	0.792560528852195
-0.108921351069985	0.163232284042047
0.0237131822402632	0.0307599295156821
-0.0891755416517045	0.121339336196982
0.235968968063212	0.449313671021455
-0.272366575978456	0.484396667224747
0.179691161255318	0.327772860501697
-0.0494773526109287	0.071259906474059
0.375771346302948	0.812763887175612
-0.186102485572365	0.357862578994853
-0.0740472906887509	0.122266900571357
0.0586488584006498	0.0938432870291523
-0.0436057539760432	0.0627919924391747
0.476080872420092	1.12074737037999
0.283693150800703	0.574788991809961
0.21759283003648	0.374138163615999
-0.26868320559037	0.576186878528884
0.011534141369169	0.0173598142609334
-0.1707955029077	0.258551278768603
0.323655689461139	0.650355777665771
0.123262761180077	0.190969308793221
-0.456760209075163	1.06378542138701
-0.391446906820568	0.863289436441268
-0.365628947521993	0.802727339368171
0.138762764614783	0.240746290607442
-0.124740729856611	0.198740850039597
0.00710892713767855	0.00942000222987657
-0.317494726137971	0.631295196488157
0.399282054399619	0.914642057932409
0.0972018897761509	0.152270662023521
-0.618338539708063	1.53255019490295
0.11270405345889	0.158299140201614
-0.214887650053191	0.357740740638578
-0.161018425341871	0.243814448935468
0.147669058878279	0.22109612620173
0.0668984436283226	0.0946577311291024
0.0641331358419036	0.0934312783834099
0.398983502497566	0.91391350819245
-0.0495315661772319	0.076986667247548
0.255941254088553	0.486821839741957
0.0148010381007067	0.0194068757230387
-0.287358054230595	0.619109310848886
-0.140674563011519	0.243261395539523
0.174110656196022	0.309018426272888
0.0946941461163435	0.153731902690366
0.398505741269988	0.966055659685774
-0.21840281706328	0.342833272390842
0.251580701160916	0.465024092566116
0.104019682759661	0.142727661996494
0.429999861431122	0.85913212182056
0.067087310944078	0.106842250496303
0.143966059766769	0.277225841314796
0.520886572252652	1.33654617821313
-0.052833070681389	0.080391299879813
-0.0683831861864115	0.101659754122177
0.429271440093426	0.856833822751566
-0.202694024422855	0.374130153197141
-0.174950988281394	0.282203199491817
0.25441551663235	0.483080716023615
-0.216997554771217	0.351206710057411
0.216546766118474	0.371842849435363
0.322305109542279	0.630582900875903
0.145340901584267	0.259107303936921
0.00409659894582887	0.00556397663024295
0.348362243647873	0.71645156225601
-0.286585369826962	0.616814997446981
0.0537562520225209	0.084746837474489
-0.223096331987206	0.40371830236165
-0.119379155248633	0.179506882794262
0.372299002968337	0.741368024567362
0.348630201686144	0.717260772020986
-0.165165064127137	0.280477005573272
-0.0415375938042961	0.0613738618626816
-0.221640278356791	0.421287684492868
0.39626370819779	1.06019294748925
-0.238341982220193	0.476256990420985
0.138946710322514	0.263568791038614
0.767030203445363	2.71319708751099
0.208008448006347	0.371474898063126
-0.00647073292105301	0.00922170663881597
0.0325820365556126	0.0450890338759658
-0.152776175954323	0.251408534630822
-0.0722228802617875	0.113604613927661
-0.163475333075429	0.305806133081766
0.0375736163509292	0.0544446344337392
0.426446505470382	0.92650117028803
0.0733181554163902	0.105773358448353
-0.0701707306780718	0.104586738831425
-0.274011125524307	0.564337138253911
-0.105856148819489	0.172696154739026
0.229557186804853	0.462044323494655
-0.0703167285278743	0.1102737670775
-0.29223094188841	0.577619065145532
0.261343258922101	0.522698768160896
-0.154870308316366	0.255554489676841
-0.184215717199123	0.338083122113083
0.584819776614045	1.65297985030785
-0.0885227690438077	0.136032805637411
-0.568620157093443	1.63705237565821
0.0590846664981588	0.0741479737353215
-0.127594826095548	0.191798890689099
0.329395554917728	0.70680009061915
0.156010846566941	0.276297785377321
-0.475338145737696	1.34311814111566
0.132493723254128	0.245007398528844
0.0433347718930352	0.059553994661863
-0.00856400168550846	0.0121762339797064
-0.0493239611988507	0.0710281879327923
-0.256182347876827	0.41653974327611
-0.133730116078132	0.21352330799549
0.416742275061343	1.14874483693808
-0.145915194383936	0.240329010899586
-0.00509010757878968	0.00724336481840053
-0.0560625079816526	0.0807837974277629
0.274765406311924	0.520175612171572
-0.128639628059289	0.193664116338572
-0.379351444701352	0.886925585147223
0.0435875003344609	0.0642740098936443
0.361983256424369	0.93582656301903
0.17137613887777	0.280517472060786
0.03557260792166	0.0494402702709712
0.535242510354227	1.06290712506289
-0.510390811591931	1.08770691947866
-0.15376806834565	0.253392638145609
0.0423736587503174	0.0646204614693302
0.0647186457150703	0.102692420840618
-0.575776019108407	1.38760441952134
0.0345580760751439	0.0479658697910399
-0.0414909704815324	0.0595820087373454
0.143534625099072	0.240563371000147
-0.0420702196713237	0.0586226621779679
0.122657853070178	0.178735563629117
-0.279932508747249	0.470216171569812
0.534641940863336	1.62042092250692
0.176226404574771	0.354205335783169
0.25837015567497	0.498421797070863
-0.0454917250634187	0.0594494277590349
0.231531893511251	0.429054584322735
-0.0877906634705013	0.127238078335925
0.020395936095919	0.0251334509149623
-0.400032901892349	0.863490280438588
-0.321871424474576	0.624109637408639
-0.0689992349477796	0.0873014895388227
0.629479666062685	1.56047500772408
-0.573626290036907	1.22904503781506
-0.193015763557561	0.34665421573915
-0.202733751505877	0.409021027793559
-0.130239267576639	0.21903047712568
-0.204291356303362	0.349665241302158
-0.274505329733669	0.56573786240894
0.120475442522567	0.204239369567885
-0.0610741002238055	0.0959227538322445
-0.104565281435427	0.15172858792235
-0.158007149699457	0.268382538703147
-0.0603894202701801	0.0847089630065876
-0.472291809610573	1.29108260159751
-0.194756291689764	0.37573390930404
-0.200921001578494	0.378676084431861
0.443870232401967	1.09555375639109
-0.352531752441067	0.771229128868623
-0.0225317601419314	0.0313247283210989
0.318431271647603	0.596304900251094
-0.0640727546604834	0.0925456766426405
0.0141744591103826	0.0191469646316259
0.175146481043758	0.291268214125074
0.129233659178332	0.203943093887145
0.186684702248023	0.303045174162946
0.195759432921567	0.360120790862651
0.235718060992951	0.443881693507092
-0.402070403391653	0.928326657474424
0.182985856601529	0.338514822069724
-0.175931604758654	0.31492444361051
-0.0847774801822027	0.126635665503151
0.200688792509427	0.317639423604617
0.292423917632613	0.534638042517718
-0.554588921333528	1.27508905698553
0.351475770344866	0.752555882910662
-0.137381241583222	0.24856929928615
0.0364379310725572	0.0527172291577659
0.296076227855835	0.667673986721211
0.334933681196743	0.771427500028492
0.0858277202664108	0.129757000781526
-0.413995368422703	0.895392952978596
-0.40348784076181	0.890263857798256
0.0573079954102041	0.0819132416340871
-0.0605667411046517	0.0820520974260101
-0.32528087109207	0.581031570429372
0.00110300954562053	0.00143193226991588
-0.33670042808976	0.750542797017825
-0.09918294651014	0.161648952388312
0.0271227602224388	0.0394451491498658
-0.0788176115678515	0.107036446522222
0.142702063008811	0.209777526768356
0.251414064918024	0.470208409766095
-0.0262943793954404	0.0364355652093131
0.607193584482686	1.43966411930984
-0.212668811835891	0.403436049442052
0.00661778461566007	0.00876470922675434
0.00599751941574128	0.008472708432327
0.00381279434998648	0.00449528515477938
0.144330851868993	0.198118475433468
-0.018017633764387	0.0271138043083802
0.332440375744887	0.770832199200426
-0.047178968232666	0.0717306211284269
-0.101537201032413	0.169509249361507
0.258847489654689	0.505133746588244
0.0493191925635444	0.0791493937385981
-0.348406843078728	0.811514765443705
-0.060427254551288	0.0922664016269627
-0.167640135377779	0.292647740426397
-0.31713850624355	0.732403612830383
0.313948349556984	0.714428411667452
-0.303393427097117	0.600665932616105
0.260644357057263	0.449861553507714
-0.0801475703680585	0.126514705730068
0.10041515383726	0.165807466940779
-0.0955701026675445	0.138516465105606
0.484410111722761	1.26445896139226
-0.448620042725938	0.997710904953428
0.225235295358413	0.400333070783037
0.0896826076439121	0.130480196103691
0.0185413398681766	0.0254461182763614
0.337950430396238	0.607258322509653
-0.0680251785114621	0.0920824427476825
-0.00461725208837789	0.00579801888393038
0.373981624429966	0.787223024434497
0.278049728796765	0.541019400553745
-0.326416306662221	0.550980940618241
-0.065052505927849	0.0940835755967839
0.114899338326053	0.182142673492649
-0.19401857012529	0.331475893785813
0.279429365417834	0.550763718339384
-0.0887359814233833	0.143529927341618
0.39708867363701	0.737116383919422
0.0790080473605555	0.10549591793611
0.42906928485262	0.84315445260736
0.0224095200388062	0.0266316721410679
0.232583239641285	0.474355873571907
-0.0593802962486195	0.0878770830905448
0.168106432315981	0.293165820380085
-0.118080823676649	0.188226067544272
-0.372724842480848	0.762617576830582
0.318226915088724	0.611706088617942
0.133517300526159	0.201979113941769
0.372336404334489	0.78223144708548
0.0509422520173906	0.0624901276114098
-0.0210731028553368	0.0245297690373328
-0.260583150868274	0.463114077859275
-0.134417422577611	0.214828903771259
-0.202203250605968	0.41600772103118
-0.00448627284985772	0.00638006114326318
-0.594917674714305	1.37183852724746
-0.261309050392919	0.500691062840842
0.0678753593652019	0.0961901294117013
0.174698030041799	0.269257780093661
-0.526674132653507	1.31868136256028
-0.117279931249482	0.171029981004435
-0.205542078002612	0.322066825212374
-0.285118671829211	0.50789247296729
-0.111628371349776	0.172146248792139
-0.461776344107571	1.00539777066152
-0.156143145047419	0.213487534209891
0.0155860961142222	0.0181292624014602
-0.295217896482121	0.496935406660492
-0.0473190200767938	0.071956919329205
-0.0786278944639349	0.123842625083693
0.17560428732783	0.315536787743139
-0.029447832797263	0.0433896316260966
-0.0503179402685326	0.0725544594168287
-0.12536315626363	0.199913617453919
0.159805753366567	0.284454002013566
0.33446057155546	0.785373188249269
0.0289503948592016	0.0410543612677346
0.153696408470076	0.252319536993755
0.33343867135711	0.766593423017131
-0.0751642365384098	0.111759616504298
0.21039533457452	0.414117560405087
0.180990583380379	0.310100700627058
0.159889477731491	0.284784786204785
-0.224937027087289	0.4187030957988
0.0703281536648332	0.117277210220412
0.232124064910655	0.473217022704232
-0.327073860075901	0.585417894320047
0.186052670446761	0.301782541498857
0.173575006738964	0.288173501391448
0.0774178388409659	0.127256966582689
0.128532465016697	0.226190619932525
-0.0860053685437073	0.124322319302023
0.576573991299591	1.15644884673445
-0.219405876319917	0.333213857052115
0.120460382514742	0.194310158104316
0.728129635178618	2.3189340704596
0.199343673230355	0.314990660717935
0.41826847815739	1.07734921956135
0.552181559728017	1.55785249314432
0.134327315306233	0.227258235555941
0.0787421041379375	0.120474953124028
-0.0140968452734115	0.0195110936724426
-0.0786707208101578	0.0995225408826461
-0.0828980892151879	0.100778758480386
0.0743515889995379	0.0974623923673716
0.281512053849727	0.481443330143369
-0.0299451100418688	0.0417300973588741
-0.0212599882747319	0.0303536686206688
-0.452126707651008	1.02830668665133
-0.121136109224389	0.187352622013655
-0.252470311000466	0.42272860714995
-0.0220998225498704	0.0288295281924907
-0.132067633928506	0.180402267611923
-0.0129514249235909	0.0162741117174219
-0.125313328081898	0.182647856654884
-0.0783676685221111	0.0916954817140434
-0.0279568769131316	0.0286185862325565
-0.285286072643066	0.508396111113141
0.258147670721204	0.497857668484144
-0.193471168610918	0.396280339175121
-0.334730504526406	0.649870998442856
-0.0636644428498987	0.0833703849304309
0.519861846084644	1.10858410260417
0.681198323190717	2.08134175293277
-0.21440562475358	0.387892890537318
0.0020259423084569	0.00288787022045851
-0.0944444260302742	0.133055360498918
0.0475376854501409	0.0736436389319394
0.200536114817821	0.44779661107412
0.167944762379466	0.292815509023452
0.214617178802987	0.432639177476158
0.822079585736913	2.02378306713047
0.0186671022177342	0.020020263675751
0.0635083763726472	0.0767743209979525
0.0264259520520165	0.0383947474916909
0.0774590024065971	0.118326332219149
-0.260876654511925	0.513012005633645
0.155780678051039	0.28930691149658
0.254071182461405	0.482115931828117
0.174685332706805	0.310355290776615
-0.203813222212557	0.385773986251475
0.149675956736095	0.25544597530817
0.0989539667083627	0.155398017052069
-0.0268932652800031	0.0361735516638778
-0.214931465486609	0.368481609163608
0.0273198772627449	0.0421078251792537
0.230804111831664	0.570103798864284
-0.0834690799323475	0.117172305505043
0.230573604885218	0.464712335591723
-0.211613977296137	0.419449233198906
-0.156052318107097	0.332988198297009
-0.202114003281119	0.415787582685853
-0.145854645388491	0.240247416120309
-0.300160685101429	0.715626501639844
0.381040025641533	1.1246607483276
-0.13086853095235	0.275125757947825
0.0940673696308853	0.163589464114105
-0.162024843287915	0.260175794578943
-0.100856165694959	0.159832146158295
0.201244681278389	0.376602701665444
0.00785587119670096	0.0127741017063717
0.00719264213267977	0.0101736937984756
-0.173233185389741	0.286759485580155
0.304274836490344	0.50745926047644
0.127516932670961	0.189208153034883
0.0186252969950824	0.0255625477830536
0.350476412047	0.731564243467909
0.208714501115744	0.342189311160222
-0.217783882625674	0.440871184188844
-0.124218491528507	0.213432400334829
-0.00489387670423327	0.00677631115744159
-0.0885227690438077	0.136032805637411
-0.770363532221557	1.58113302766608
-0.343962324773815	0.511186761278398
0.3142174971819	0.446277242582603
0.127838108458516	0.177596100904384
-0.235878962706276	0.416902620908468
-0.308641524182627	0.642452900027625
0.263032172601611	0.454846387766038
-0.0727053048790638	0.0952268469478031
0.358413889414013	0.546406935352087
-0.0895194359561525	0.113292670876746
-0.0245649094917307	0.0263238100703332
-0.140867571940225	0.179132070935399
-0.316612514311875	0.548730113645145
-0.128628747226014	0.227007122813216
-0.0504008788412537	0.0703676487751459
-0.597314231362912	1.69424548846393
-0.526789128432695	1.31924950837075
-0.67718312393505	2.15322374588574
0.0428405447991861	0.0631091242376811
-0.161535404711685	0.259216108259782
-0.393027578074297	0.767979612665349
-0.129343448953426	0.194881952688214
0.0418160289463229	0.0615122950175827
-0.0485472907236159	0.0698308368190978
-0.203188483518441	0.393039735253535
-0.338192736710004	0.724226030570284
-0.0891524161029444	0.144378108559991
-0.024622618347763	0.0395800861060187
-0.178710023641905	0.363827207711609
0.174229308663307	0.268388660597725
0.114409678517393	0.132557312965337
-0.110002859071248	0.134262119110184
0.276645592059224	0.61062524400432
0.199109843629649	0.371612911862163
-0.123992062486026	0.208538765820251
0.0917237947373946	0.174082454170048
0.166737215114197	0.305385252519858
-0.128124357125293	0.225996798447763
0.120764373286521	0.239394900004777
0.338439821595866	0.806356877755953
0.172186372086729	0.304970311570345
0.0632298024358013	0.10272221677819
-0.0100281710426793	0.0160033894602753
-0.179833503499989	0.359869117324572
-0.0167598331355144	0.0285331803253932
0.021472923829299	0.0340482315522838
-0.365104931884529	0.800990303546339
-0.131231788773618	0.221012744742514
-0.142197115071999	0.227304055032428
-0.411731792485488	0.887842763832621
-0.581240467430679	1.58720655815002
-0.234840935200135	0.426531300663427
-0.0604876200782215	0.0923615339696201
0.035994872089358	0.0570582094677928
0.108848069254163	0.185097667651808
-0.00212589430703015	0.00293919207772565
0.197748787301197	0.394098880029967
-0.00408953649515237	0.00565807217588331
0.0903477699423564	0.144477274454347
0.546797163416955	1.41235702297217
-0.122644683387077	0.173017090157335
-0.193101921817965	0.320536881119753
-0.0976280406554469	0.150583188484323
0.688998614498692	1.93200500279588
-0.060285019533831	0.0816385836611324
-0.211014465119462	0.40870033714249
-0.614691722420383	1.8438797691061
-0.194103276095816	0.382165195263618
0.310424720019201	0.689432708914598
0.37310386956943	0.784620381766883
-0.316368084538352	0.548078442783233
0.160574286137009	0.253329153933537
0.099864266563708	0.150445804535105
-0.204329035440933	0.329788558403598
-0.485276314100286	1.13168244491856
-0.0851818903624989	0.119847741315554
-0.0378468309390147	0.0406118744270972
-0.202145692375093	0.247476044953539
-0.200084195962526	0.25506678917122
-0.387163734274951	0.736209591961248
-0.240266944128566	0.294089313642033
0.314266098679711	0.561857521701293
-0.0356830491289693	0.0497176560342291
-0.251707502098214	0.421052563461587
0.69040779787608	1.9386331169979
-0.222936719548136	0.392414772032534
0.290736359399465	0.530561907923495
-0.338480744058754	0.816939895241273
0.0214313305643346	0.0264332742688883
0.189042643204958	0.337677860925887
-0.13236160816574	0.205646601189705
-0.0981282168981831	0.142722096836237
0.220451536842183	0.345901181489874
0.0255719101323202	0.0332516918541732
0.253817678684807	0.535661785365215
-0.105859840893137	0.176362334642876
0.270443944575845	0.497018629747671
0.009555482999971	0.0132031898515494
-0.252936617475128	0.423728606062842
-0.500587292035791	0.960334393551682
0.514900376329677	1.34746548397165
-0.582898107144009	1.65236521222082
0.169996101146393	0.297231917500632
-0.295629623430986	0.652856794070026
0.0693699640485109	0.128870472601099
-0.139042327057471	0.28781166660698
0.0707613314135814	0.121825190274287
0.148121199890291	0.207077183757968
0.281215784390239	0.480750644088909
-0.134335563390329	0.189896129805104
0.371979528537015	0.750748562775312
0.111792079949109	0.156856213332177
-0.0708997021051334	0.079491554663568
0.231096654967185	0.501883169896059
0.225097547173062	0.476806857405358
-0.29509593011691	0.651210123698276
0.299510262674017	0.691136657860553
0.137735127065408	0.281882904944353
-0.280284066493968	0.552311375241919
0.238983038238459	0.46163393211451
-0.10675476112192	0.165148769760218
-0.36852089602163	0.811183843672435
-0.0564182010952037	0.0838457255623234
-0.0211824460087823	0.0318310272400673
0.0623424446899332	0.0906237492215583
-0.148528706644452	0.2305438563576
-0.173367278611019	0.294580594592379
-0.0950295063831204	0.158370261832501
0.228636130698766	0.49496418154955
-0.461686028644552	1.25986806345908
0.295681621848751	0.666110301589867
0.0816005666073485	0.131386279957653
-0.388282117748041	0.797242215286157
-0.492365013530063	0.891188436961133
-0.346724650970446	0.401973632924077
-0.282630974398884	0.344978539614276
0.0480513103457516	0.0496676962904459
-0.267974758925086	0.355556853778589
-0.0443921125668959	0.0496222340213186
0.304614116464978	0.396509912401122
0.194008975727442	0.325451832916417
-0.119548741200343	0.209866055462804
0.187804029320778	0.331573968928566
0.398926151878246	0.94618520613556
0.118391522753118	0.207492979689912
0.179030381079967	0.348506296190571
0.0991803425804143	0.133627942996266
0.0725369705845447	0.0998193958528191
-0.0637912097237836	0.0835313669493656
0.295254835909955	0.652372086637823
0.45673864439426	0.988546979686489
-0.052342910619575	0.0817397845815563
-0.123062168990751	0.206667762054116
-0.0384743152255542	0.0581424179104392
0.0125887170377334	0.0189718456414357
0.0789808859174425	0.0998787483585007
-0.527953213246189	1.09822224468346
-0.357325527463051	0.513655369321805
0.578266502153162	1.32431711323665
-0.177386231872164	0.332747174395578
0.478433266777234	1.08240131090643
-0.00847942449398378	0.0130049996951159
0.0299444800909529	0.0452380084556585
0.137597761447122	0.238309405274056
0.140918656847225	0.258989357081785
0.205442234103805	0.394161317557838
-0.235424168741021	0.490165391910825
-0.0217181296191589	0.032651500814358
0.305260828594328	0.74872150685583
0.123312732645659	0.211778032413769
-0.271772239863218	0.619381581671741
-0.0724052957332506	0.113907393223939
-0.347779905080014	0.710650054817708
0.487885761460976	1.27903980253837
0.00233291657540824	0.00317143781419191
-0.173809716698236	0.310143767399376
-0.184791173340007	0.347010650329614
-0.204865350496803	0.340948387358476
0.282874633772364	0.572589243888464
0.00863669041383752	0.0122352340220479
0.0683565525903865	0.101165445763902
-0.134445299612482	0.258169603357802
0.108791242363542	0.184998152353965
0.17690599450478	0.318434715783805
0.179194085004775	0.326671470374479
-0.40883520685868	0.799703103707858
-0.290427788064971	0.45871216735196
-0.356188626837731	0.63789285486066
-0.289179486811844	0.543861053341204
-0.160632836859485	0.243136514424139
0.118416581039583	0.180328456902447
0.0927236559648372	0.12901087535728
-0.0771320625802562	0.11506587968794
-0.0001175842375501	0.000163863883802902
0.31424863598753	0.569938041853686
0.113895752409405	0.189567822154951
0.335850794237219	0.797774995185118
-0.0976704277980189	0.141966765135076
0.0157119226133565	0.0239662002043715
-0.127416552815428	0.191499629272514
-0.233047718778584	0.444869284249231
-0.0976947856578647	0.158885544129073
-0.177864857291034	0.32650106089316
0.123818472509067	0.222419809847075
-0.123769754939207	0.17482973833193
0.0194069139310297	0.0198645174393381
-0.168875397019236	0.223011534158225
-0.203558784943136	0.40259804782705
-0.58343690290973	1.71141505957247
-0.198632219770253	0.389813151210942
0.0751936037134506	0.12318013976409
-0.126579262594988	0.251863913411571
0.328823625975732	0.720716229757808
-0.0401385238251558	0.0592055678189341
0.0445373450738249	0.0612614016182604
0.0790932530876376	0.105623576038828
0.130282446693963	0.219263191087347
-0.0717000505951027	0.125904975825069
-0.383016916001282	1.03688002485379
-0.0652274869370017	0.106974133743783
0.16399037408388	0.329720428327479
-0.45128102572719	1.26698027863069
-0.0887006586591202	0.15024497016027
-0.276904171098806	0.572335520367182
0.267133766653093	0.549502412609562
0.0428108192369917	0.0587906317818911
0.0380083330853997	0.0513319069273721
-0.203898856753829	0.39480062392507
-0.0168357363515996	0.0233932177765873
-0.0789096284136567	0.107170011187478
-0.0000996727728271922	0.000140170534312628
0.442579264232923	1.1164944002123
-0.291398981394869	0.575366491977134
0.221813549492199	0.4595846001813
-0.195295339409054	0.393159321756672
0.0489124022874574	0.0712378939933895
0.0158091900929167	0.0241313336929834
-0.078199502367843	0.128973068193499
-0.341461803175451	0.777324819549549
-0.210838798561822	0.408305540395241
0.106080056766762	0.171457467039982
0.118067341852134	0.199463198045044
0.377520999247047	0.916279344973018
-0.246778976305591	0.493703712747031
-0.150089222754323	0.26641143324915
0.0645251995622877	0.0978594911461969
0.0370536672105488	0.0417156227292671
0.165252578414224	0.245345368428738
-0.0523940104298045	0.0709200842918258
-0.1756408356483	0.29931558439726
-0.516003494389736	1.31970614797065
0.262990734463436	0.461191202448493
0.314827745186871	0.724276872236961
0.180274223146766	0.332208770340518
0.102152209600158	0.154336789354297
-0.130908999446871	0.241010605172195
-0.271460795449369	0.570943222107321
-0.403379343947611	0.767813974961553
-0.116215290380023	0.184761834066774
-0.279760369389126	0.550905690083217
-0.400665551201223	1.07324075985272
-0.218739746177837	0.504543625218681
-0.0991283427104671	0.187414235152344
0.0716239739039389	0.123427827438148
0.0466369256601006	0.0802529701194471
-0.107500837065614	0.199990076435842
0.061085137521159	0.0956289991617635
-0.0294550537035478	0.0370813966637266
0.0331376965381759	0.0459026292873669
-0.129901406161276	0.229692826672992
-0.108863781876969	0.190985567495829
0.324802808752089	0.828731384347904
-0.0501211301175799	0.0699645766379627
0.110842698217181	0.182055188506591
0.0957152180161045	0.141902998535451
-0.470881853649157	1.19384654117461
-0.360859832212648	0.809921133614878
0.0366612649318574	0.0530540467827625
0.452764843795362	1.2901745029697
0.279878354494807	0.552003540014988
-0.0402334999159567	0.0609770993088806
-0.142468076733986	0.194325198764205
0.117373852982067	0.147709048483729
0.210303403849374	0.284054430604972
0.267178306946858	0.555107091909947
-0.141349675111754	0.21984468699878
0.167868592816204	0.232316940967604
-0.348815825331522	0.642728594084933
0.147023366770248	0.234141654581569
-0.134230357885278	0.195497068702525
0.314898936579612	0.579433125050617
0.0460741399257282	0.0730157259715517
-0.0600398005439779	0.0889552243014189
-0.475334844826454	0.761189496643493
0.202779937284167	0.294591720270069
0.228932270545001	0.418203224971276
-0.0632782267361421	0.108524141279735
-0.285153852993458	0.757381822108102
-0.0864647964646908	0.156046920443235
0.181656459432161	0.376773977776677
-0.155319980668299	0.295333486349657
-0.0402586025184932	0.0625846452817194
0.327590528424516	0.685582261466691
0.154459518034174	0.253846352799567
0.0412896858296151	0.0606918591413001
-0.0212300924923376	0.0311158261540678
-0.650635678276295	1.7154212142655
0.0462415986855016	0.0664894767488448
-0.153533905162738	0.252939634634245
-0.143351851022996	0.235206712408742
0.0727098876510057	0.100059819714593
-0.142432765021039	0.252244860418178
-0.154747787098431	0.282328572720623
-0.101771337542814	0.161535580089884
0.317805163927549	0.461314079434106
-0.136953442809637	0.137894106501198
0.307570371161814	0.409801351394459
-0.270582464191981	0.480342872320674
-0.564255827325377	1.53590546926214
-0.122757253680032	0.190285574496244
0.428279634038111	0.867256725717613
0.642487144971156	1.70240676626043
-0.493908640480372	0.917924161537448
-0.514652605263661	1.12622489388521
0.0358173937144611	0.0550239619862691
0.420108554619323	1.02712123069516
0.34914098380899	0.718705694148282
0.225851196526477	0.406372811304241
0.0889624198540235	0.141950093029136
-0.29081892011201	0.653047121053493
-0.627767297183668	1.94666126932094
-0.208762449391292	0.464340410552433
0.000734756908757303	0.00111248832282654
0.0798006915594047	0.128127794640469
0.295451476441937	0.66570430193262
0.120276570786865	0.183578870863229
-0.233325055680549	0.422985506109443
-0.165818259266098	0.295464362987445
0.0123702047831913	0.0186379248100873
-0.0382228907972047	0.0592031332513099
-0.0792316291132432	0.130899989197104
0.351821173254737	0.797704679303445
0.257075696321208	0.5498502187689
0.0356746709735813	0.0495862117691174
0.418765818965168	1.05684874129696
-0.0161984597453532	0.0224897150893382
-0.726134732256261	1.80449400051967
-0.545367284720678	1.02093901136477
-0.159051250282719	0.159924140328106
-0.411635916548266	0.545737763839513
-0.192166426942685	0.327345188028106
0.0790932530876376	0.105623576038828
0.0384285249244581	0.0519164550107357
-0.116738803147526	0.185723927832631
0.215345546864943	0.40083083897835
0.130788970961224	0.206729276688771
0.334578681085466	0.793345336426178
0.0211796416083748	0.026120694124955
0.130915799358888	0.194968142230738
-0.0535694721355349	0.0769003919173482
0.0393342799212727	0.0592303477124921
0.0571707272735761	0.0715806509000164
0.348739126435646	0.717477311146138
0.0664988605781979	0.0981429202320983
0.439486019813275	1.12926007517576
-0.0233791257045021	0.0369152998648124
-0.0533873102620675	0.0912071202771954
0.518675931241668	1.70469029052254
-0.0492336879507394	0.0784553495856346
-0.135642130086171	0.244714044586881
-0.0410296337633188	0.0605811945200873
0.437843952344507	1.12329203514817
0.200191336072915	0.374117249254446
0.360595923086653	0.930946276363158
0.0716153327186962	0.119663030735068
0.013918753199791	0.0200375265449132
0.0525415534100061	0.0826758985705469
-0.0495768814394697	0.071417811325891
-0.0794845301327342	0.115068870723767
-0.0952196927295975	0.161781605409442
-0.183583660174293	0.304558031034434
-0.409116011663793	0.800396400377754
0.467256834824246	0.870564503158579
-0.310587846765846	0.412800222915311
0.238809197965215	0.31950988526696
0.00919396512793726	0.0118409678558045
-0.103282654069392	0.145494847620854
-0.348777242484649	0.642837851819084
-0.239876100363634	0.457098719496034
0.214083454396553	0.362189925945942
0.165890614384612	0.246518471732172
0.0184776639279028	0.0235455597775949
-0.306765227890576	0.48499415081403
0.0787780410006118	0.120561384968089
0.0376110419826683	0.0597895566397728
-0.121425193741818	0.148044083618747
0.356720357563305	0.523187605723903
-0.443180352051262	1.0309734230117
-0.315166526239444	0.913093212320018
-0.400115932883886	1.26684869896464
0.0505636825531176	0.0946287524143562
0.152811529621545	0.319576528432103
-0.107943428457355	0.180428965438746
0.0490467446636818	0.0829449799159972
-0.112734865896501	0.184181314447823
-0.110776813018602	0.166434461166415
0.148775718676177	0.208138502343127
-0.244383883167976	0.521503482460012
-0.0869046823001069	0.137363009525512
-0.107294030661882	0.156265815289613
-0.102074917924044	0.162076861929124
-0.326337702515285	0.726319158347376
0.309172001282943	0.650190021839267
0.0918707191280938	0.147238722202081
-0.42659201056905	1.17128856812082
-0.0835775626232202	0.124641209215506
-0.133977642480474	0.236295802258436
0.497697514684202	0.979799540857547
-0.595147374252575	1.11613557294396
0.354176369801005	0.508408492788848
0.119875681717192	0.162787258892808
0.303839532100608	0.506427718331748
0.131679980846636	0.173244069912257
0.00687154706600174	0.00910300673622473
0.777053395206551	1.74426393394703
0.244271788247028	0.386130983449313
0.532770210594224	1.07446674340898
-0.112110402505052	0.141918641890788
0.00714169033595185	0.0094625338297183
0.0413339905693067	0.0584678174110014
0.3734528991971	0.835296343310219
0.825431373934536	2.85081637526668
-0.0132622037761718	0.0160805527739541
0.114736775285128	0.171948143109557
-0.142053768930562	0.273964173480471
-0.0746683976210717	0.138912529349316
-0.256932924394485	0.63259154858351
0.166536106539935	0.352417706703441
0.268810197783437	0.626782692502574
0.209977836137558	0.440516426080476
-0.370070806902738	0.866140371490412
-0.0747814804977512	0.114675876556863
0.122534493265178	0.219728629439536
0.119582525938841	0.19267375564683
-0.226042756880504	0.468770398953248
0.0769922145703387	0.134845539288938
0.358722206486506	0.889906897565936
-0.0212641851252418	0.0311709381059609
0.0475768524404376	0.0549558367216999
-0.149405249842437	0.182223017975472
0.00000783806717699419	0.00000665854375550497
0.334984947615281	0.763566819606607
-0.438103627797814	0.995460263571558
0.210617647100732	0.317704252331771
0.097750130154106	0.159342864824698
-0.433703642961055	0.804481415738468
-0.0266395787984674	0.027239728575225
0.0345174135479008	0.0404526288647294
0.0290479083924344	0.0366052043943651
0.265376088802051	0.549920218161769
0.127057370003006	0.176364552198324
-0.0416483121632686	0.0580032305473626
-0.21364120441399	0.365679087490653
0.605347540932764	1.75693792339435
0.0563807788758596	0.0837820306007474
0.100687556020264	0.151827671481721
0.138836129589604	0.286533343726259
0.211540036661242	0.531081162495336
0.366713691165562	1.12621519611778
-0.0426769764953166	0.0693687966633535
-0.115863088143148	0.203839923402242
-0.171317777328474	0.321351376881735
-0.222336523031539	0.422955677572476
-0.317307253098939	0.550412934545145
-0.0352610039570764	0.0395099780969986
-0.0996901793775526	0.181300932297664
0.00750714286056554	0.0108843640909746
-0.0165362792852045	0.0248310309592641
0.025336906462481	0.0377096317859883
-0.112062982193723	0.192298372345043
-0.126084402911555	0.183952383098263
0.137376174903956	0.19812637216541
0.221458570128577	0.312247752299744
0.0950041092810514	0.118687625484553
-0.230616625452166	0.438951464143745
-0.347926472490021	0.74499071553069
-0.112599847834225	0.158727114118647
-0.247031810090649	0.4374657124949
-0.0293382458223232	0.0408502793847463
-0.0289402734574203	0.0390378359520169
-0.192275219130305	0.300212419429861
-0.107611928719139	0.156781828362829
0.0699454786502249	0.103680294557035
-0.334372270239274	0.649015918017019
-0.213583409424533	0.405628322516413
0.202929416283682	0.294869631505562
-0.300703648391851	0.566045954064989
-0.521512416320271	1.22504817741008
-0.0602659438820802	0.0987762145457801
0.0941464324454769	0.152706677903801
0.083920366018568	0.14152894392601
0.283110003265163	0.718387252896386
-0.280579464030894	0.663031834921671
0.322607352885781	0.806553984364252
0.231892365578837	0.508498973440499
0.0439184425431054	0.0693607618007458
0.39690466469458	1.00208920353641
-0.251260563820802	0.480729519499614
-0.0671715567519816	0.0848232419026686
-0.0611723016610225	0.0935035184405365
0.179465637980177	0.365349607003967
0.619353325810228	2.17008601986264
-0.140256103004366	0.223515860585976
-0.409765037915728	0.80225298721975
0.188548677255009	0.333125707019924
0.0849557668998386	0.115666449341537
0.212582294081636	0.321337085873782
0.331016917729283	0.735500435202334
-0.0749755945534403	0.115022831973153
0.104167110307643	0.159380782729432
0.141764728523035	0.208133410604475
0.0425634419764629	0.0626788018589339
-0.0496095973718615	0.0736152786617303
-0.408570512651889	0.966075816518975
-0.0843622156632808	0.1108101004937
-0.154323078881344	0.260770312710343
0.34888561535753	0.717987558683153
-0.218609216718783	0.45261611112062
0.399948843057976	0.826760216810157
0.427047884704371	0.940874829011405
-0.113955496036789	0.18645956979573
-0.294527371725707	0.688196223458355
0.173992321554201	0.397479196509463
-0.499023573976319	1.43670119212834
-0.211936850493175	0.487487826076159
0.121894622660002	0.225808223231283
0.485467832340988	1.53582612236135
0.0530869274949729	0.0777895636241147
0.145340901584267	0.259107303936921
-0.116332011009779	0.184987234841763
-0.119511736073767	0.16289000681347
0.461969124803432	0.901277163205292
-0.236440157175143	0.471074512081322
-0.0937235352142678	0.155862381936936
-0.12464998251653	0.22906712400951
-0.179220611052249	0.358336691688021
-0.219215815778675	0.444742444403297
-0.102948387688706	0.145009194257906
-0.00132964586348918	0.00137142368672046
0.434548818206312	0.738840826268551
0.395367546528461	0.975785137910508
-0.152137691431248	0.243804769682432
-0.040942972023169	0.060466828741473
0.209911396893074	0.379948909458396
0.14736982183194	0.265709289665191
-0.124494815429281	0.213900353641126
-0.324990121870482	0.547694560078004
0.210502161134338	0.38518907662667
-0.151816862103855	0.243179080893113
0.195651037429888	0.406666752568059
-0.594419572115064	0.920884845919945
-0.45888618000815	0.877786667956107
0.149753189831524	0.271036722385063
-0.153727169842488	0.423839739888532
0.134288212886674	0.310078041970146
0.171512034312364	0.448312826559857
-0.0113845654492988	0.020724613767554
0.133810499139187	0.270249216125413
0.409069117076442	1.38548313458075
0.654137175414393	2.10300494097363
-0.239123354179193	0.466976102252203
-0.0779623572892476	0.126123255873563
-0.0000179025186520981	0.0000306019450874354
0.256984864851567	0.549632807624639
-0.0841169073834572	0.13629848619471
-0.0169018635400234	0.0293126662444629
-0.0766293741550954	0.148155091137016
0.200374167224499	0.426119262882198
-0.282526544887764	0.390037969704881
0.716547487749561	1.33247902798914
0.126417733901505	0.125940891613053
0.0340868337004679	0.0491287797020498
-0.314659083327794	0.594104436703053
-0.436268258140468	1.05587029778296
0.240473110891649	0.423147704033942
-0.0867368692000918	0.137092775875219
0.363193909586302	0.58581885382448
-0.00212589430703015	0.00293919207772565
-0.0217992976047898	0.0335726206528313
0.12526236554384	0.217564137311693
-0.118045475749758	0.17716631511163
-0.0730082432395379	0.105765572173217
-0.441930286811903	1.17641348876094
0.129223933984728	0.24581851311933
0.51278623568196	1.35558946293504
0.253556514539092	0.475388616454232
-0.135623468602865	0.289967039162268
-0.0605876371787349	0.0735939167359884
-0.366289308956456	0.80483237242021
0.317108435869124	0.73158252018411
0.383100522054844	1.27890781189803
-0.266073408078237	0.690419856333343
-0.0235340149226236	0.0371690799640875
-0.268940124727826	0.62335603476462
0.00267233313305438	0.00435871147168484
0.0635388513477309	0.124461099801674
0.36178970371622	0.952526043819841
0.502128509257485	1.22238305639503
-0.172812760150411	0.270270864152468
0.0659232556485006	0.0972348600115226
-0.144933894521324	0.263000970583186
0.811369305255958	2.5770241816387
0.185772228200746	0.301219905885604
0.114018912825528	0.205595040111799
0.379030887419152	1.05231842900542
0.157357345902656	0.321248546696954
-0.00132948551583715	0.00223821067819584
0.22705783167757	0.368900468914343
0.043230250132568	0.0467962721736974
0.0434779039515905	0.0521781539628796
0.432467911673339	1.27856855897669
0.492014778591915	1.48159630745012
0.052068755394691	0.0839022458979713
0.396451653511166	1.03088437462098
0.500173567176554	1.42949763741774
-0.169978923214836	0.37814728637065
-0.105059446617898	0.210246945495561
-0.110705545993274	0.225636693510675
0.221613954456646	0.312509018099856
0.374808692968239	0.789558538281785
0.634944336417531	1.55582990976996
0.422938057937015	0.927434438597553
-0.29925082649194	0.487674931672389
0.560327477697323	1.18954475512001
0.055475584718256	0.0876683513907205
-0.0394066797526316	0.0596370902149875
0.206098778630525	0.395807423996104
0.352071721028281	0.79854318797716
-0.248077644951599	0.439815623685268
0.342529943384859	0.883292049787285
-0.0432025029075068	0.0603013902897231
0.419154506428194	1.05827007571121
0.237490641787404	0.406147070700329
0.234917186203792	0.395429811065974
0.0952642417587399	0.141090274004233
0.148996742792637	0.237808384776238
0.0373059865663885	0.0503338745444671
0.0846947883750658	0.121085740392716
-0.0287036272672962	0.0422443526088768
-0.181771351679387	0.316857703325323
0.138006821176311	0.185495157112358
0.0934481530998386	0.0845223667749168
-0.376089553329506	0.434409057981263
0.350746392569367	0.47165486284117
0.326550090683518	0.511673253856545
-0.39621168065656	0.611197367673763
-0.371371307025271	0.514668350918497
-0.318079441823446	0.735386334742075
-0.459631635409572	1.18393446574744
0.0705276883206581	0.113822381908221
-0.171459273915213	0.33504759038286
0.400395325095482	0.873957835591419
-0.275495983966629	0.476304450431454
0.203405498815896	0.327172229293854
0.0626070756532478	0.101614241125301
-0.0538076865406723	0.0878797385192313
-0.253200331152268	0.472619986969378
-0.254678510781	0.636372770466685
-0.213817922802199	0.484426555476568
0.0103744387990345	0.0147287356119566
0.470248165363303	0.84912095617175
-0.245734401249042	0.33844529424869
-0.376878951806278	0.637302473613696
-0.144448288036146	0.197548128274221
0.106566511835798	0.146674420847663
0.0353855695068663	0.0415069385676677
-0.19508607176172	0.342629927729221
-0.209535455074711	0.4049406236148
0.145265910215102	0.25894972392134
0.0254420732753933	0.0355797886898701
0.0973008122322149	0.158552680037369
-0.0293530337031161	0.0432513294018251
1.03352483196366	3.79110972336678
0.026062115336372	0.0339087857528849
-0.158260083145079	0.231683385674133
0.0536840087830322	0.0696471946005415
-0.195883867198634	0.297695954600674
0.482635370912718	1.30239876595818
-0.154680395170092	0.255231702853614
-0.174103461419738	0.303442947647147
-0.110862030540472	0.155924957052612
-0.137370374211443	0.167949064192961
-0.269993120377166	0.252063602096528
-0.230474072954384	0.229289695045684
-0.159962668235322	0.169694432215073
-0.202147645190474	0.236587244046644
0.136426797924458	0.155480379563004
-0.0476458417466011	0.0534567997302753
0.107159057411014	0.18177776571367
-0.279130058924432	0.50977817046948
0.847535476655863	2.85382180460359
0.209506652836894	0.379029531263508
0.172166307132408	0.22116161853752
-0.248911558875299	0.428514796966044
-0.127355131542915	0.167390270662594
0.203955147230743	0.386736070830379
-0.132258587180593	0.227966512328394
-0.334859199497479	0.682826740651724
-0.211431494593373	0.419021060097776
-0.0401205502059629	0.0782204288306061
0.192788573300403	0.439037979131161
-0.0323410584496963	0.052345441938313
0.251207720862696	0.357577822595321
-0.397383549983319	0.735373480660327
-0.182306176655855	0.240718518404889
-0.0406958438388123	0.0494208090248651
0.0170874130878712	0.0224687978015518
0.697306184519815	1.63560785608491
-0.186798002938199	0.344044013994577
0.11792625912922	0.189553050408049
0.0212614065377964	0.0292749699816182
0.132149031695123	0.199561945194485
0.0492588432934597	0.0765109480538298
0.26305883845695	0.58806726654582
0.164384421852555	0.282337601660756
-0.230915222812822	0.439740865757108
-0.151816862103855	0.243179080893113
-0.042914125059914	0.0579134196683418
0.0294649280209784	0.0444758551754626
0.354245241389583	0.796406336884665
0.115152899495348	0.182605424820758
0.190632971874655	0.318239708104281
-0.155357557959009	0.212264402450901
0.127508663412341	0.127175596836901
0.397244670366435	0.513104484305054
-0.627914260494405	1.04323287509058
-0.512114038169819	0.901015883083169
0.718983667690643	1.62076708571444
0.315436853531724	0.448583998620858
0.153444151015043	0.265796493312846
-0.460208494105962	1.35943298293674
0.138188317626488	0.250886152182506
-0.0347716925083323	0.0512743037400073
-0.19644509632225	0.379844231109114
-0.157810270330848	0.274438584824499
0.300494518024307	0.484038901391297
0.00926306162605644	0.0119306590939738
0.457580524538973	0.962426538694492
-0.288145623329685	0.582379455704888
0.41976911567878	1.02597741508652
0.460023005455281	1.46874520668963
0.283255284097708	0.48514073153018
0.181433580597771	0.334903029649781
-0.402746423804945	0.98727390014454
0.0852227768074044	0.172075908701303
0.0444953155607064	0.0799052210673764
0.27259319409606	0.587397402263623
0.100288273948835	0.184519581801802
-0.291674299162418	0.655734427037495
0.264851610153427	0.652053794119379
-0.175764739171077	0.335811060538129
0.0593643023015225	0.0744961166335744
0.339064189373645	0.381143732517652
0.335590610302645	0.366777430403151
-0.557406974331003	0.831592395071723
-0.660977344944602	1.56687901650896
-0.137893770507952	0.22690158577623
0.109609163340509	0.161368616959147
0.0573568048917369	0.105179424484681
-0.261621065136066	0.501488230071286
0.0675625552791126	0.0998854803797064
0.0557376475342855	0.0794904983926834
0.265834394760169	0.47376128736369
0.0916216825843181	0.146790626142428
0.195867996129906	0.333117481059887
-0.203924536536376	0.385796130700345
-0.130735469396532	0.220024225729559
0.400389115736045	0.862590744901939
0.32228319132287	0.646576461085389
-0.202800686546493	0.400636402746792
-0.169735335993718	0.25654574813778
0.0329589749966241	0.0516317545487387
-0.232054936133823	0.431383339830413
0.209764862284649	0.466456714685156
-0.0488936580886115	0.0778644966838027
0.0805991849840393	0.102098858703564
-0.411798986692559	0.614303158201336
-0.199438612027252	0.264124241310286
0.113090725500905	0.178800595038002
-0.255663674907603	0.465444785917297
0.147807565514116	0.278892285747497
-0.227815951991973	0.543573368823899
0.145964662175496	0.245421842168255
-0.35255874357461	0.931990548292615
0.0871755973678066	0.15371403105634
-0.00030501271191867	0.000440946816797914
-0.518336018292032	1.39912570091259
0.354528349017997	0.815255789182054
0.101020022754966	0.166960890408268
0.190447104232209	0.34086108369907
-0.0999900866008417	0.174385360963886
0.0222314943558002	0.0318238633136477
-0.158780622259602	0.288920012466199
-0.491149216791538	1.0444419833202
-0.343406659511505	0.510085216349687
0.297362457778532	0.470057303235347
0.242106138650583	0.47445619474033
0.0670222618767322	0.0989989311872867
0.226523995831535	0.407883947791968
0.381167717956206	1.07951587829826
0.415537697577716	1.18698969520335
0.103652605026983	0.1497188584957
0.482743773738905	1.06544802208584
0.196041153289668	0.329538321246372
-0.00472887528426118	0.0059357007444063
0.0356746709735813	0.0495862117691174
0.0307378057050103	0.0437088269970934
0.045308070493829	0.0675649921073214
0.485925901680331	1.51003902239541
-0.0295629594706463	0.042394207990389
-0.255018364878288	0.522951851232353
-0.246661488132136	0.54601070557959
0.0315639021425774	0.0493345027320323
0.106301545773512	0.186498889486684
-0.096191741104108	0.148047199792217
-0.227450842177702	0.379660178776389
-0.247061505666408	0.437490467308717
-0.0918381129868129	0.144970068113873
0.239255226543476	0.506054993083247
0.316427516988535	0.72947586456047
-0.162055349993664	0.314794341393586
-0.179447162083418	0.393130411948369
-0.186263760354569	0.373229422578941
0.325819874558528	0.66449300399503
-0.220226856454861	0.346349616065907
0.0862770738129699	0.135950015302449
-0.0984142337160545	0.133864817224999
0.00323563249922256	0.00395304629781807
0.52071339804642	1.33603489949297
0.0961129859236946	0.179722096688942
0.526421158392638	1.4721240476454
0.0129749649165468	0.01750316689049
-0.193248273948021	0.311649049593426
0.398273177664914	0.878534251343558
0.257589953603905	0.556523983978486
0.0443991327181219	0.063671857655857
0.175864524201956	0.335098859928884
0.265627272999117	0.601055301351871
0.25552260736861	0.540299399436803
0.445358881754929	1.0879437823237
-0.0692849844054787	0.0939513266813811
-0.211085435859098	0.408932022419796
-0.325575718670059	0.752307578922068
-0.084771965277309	0.137468232463684
0.236787210620631	0.499052928520554
-0.076365485365303	0.123267886408186
-0.211630926107711	0.419387650103473
0.674208245763719	2.22197927183414
0.229843317750344	0.462719359832325
-0.331131128621184	0.722354138831896
0.190398833121156	0.314190101335921
-0.121233117792058	0.198631094685418
-0.100383556347273	0.167298033305646
0.396993466204936	0.950310910077318
0.0567845149842828	0.0811085594392307
0.138825000170005	0.284608888054416
0.0122535418182135	0.0202016926141914
-0.142729283265848	0.270455704653458
0.0787958238244012	0.0821844515692468
-0.183872968995297	0.215485122939476
0.162536543577776	0.22043186937284
-0.269588577781052	0.39832078529377
-0.0462005309432882	0.0517631483991213
-0.166733426204141	0.211836379111223
0.443961454954611	1.09596372065297
-0.202354187703314	0.399549931094121
0.480688725102383	1.33716099723469
0.0971414399021287	0.171083979619275
-0.331049861177743	0.780797664430569
-0.362999322990524	0.851101458834152
0.471854751328773	1.13525992666718
0.296257085613755	0.668299143112795
0.228306131852949	0.411994732640938
0.263408941412599	0.468028491313619
-0.167320598782354	0.284907591475017
0.0744818454258816	0.121882762251751
0.100028766791807	0.150716793857532
-0.00487662049002262	0.00590903388384092
-0.193798952221617	0.321989531514287
-0.31002056332925	0.552506133141119
0.229852322399838	0.294223831103508
0.118317387852904	0.149020089390812
0.584553524302937	1.13725421346939
0.0251517219769075	0.036469227846363
-0.261410300811567	0.450723253534881
0.311785464789059	0.686711242452851
0.478403620845211	1.59642687144538
0.0404186894047749	0.0683754004869656
-0.00698597851697565	0.0102067795641103
0.263444196054439	0.339427489137495
-0.073701766268526	0.089781641844883
0.175739488019844	0.207024153627516
-0.0937096227906874	0.131909462641391
-0.226379082249266	0.322469821699964
0.188559733220217	0.23319499778402
0.254939256166798	0.48438603497091
-0.212205321952385	0.402278145179652
0.183735265156061	0.382408972043286
-0.308224545837748	0.641237963276802
-0.317051518173709	0.758701548712916
-0.154866308952269	0.294229504621278
0.135800278284558	0.232478259759505
-0.527017612559081	1.5294237356496
-0.160109847761615	0.249380003959985
0.302863436112905	0.625161056215739
0.311841204708559	0.693936196822306
0.176299013003597	0.296962567395748
-0.074365049628853	0.104246234215514
0.082688286124526	0.123302900193659
-0.00468427916517974	0.00588266850943716
0.39937776915886	0.766932013348065
0.472632889735506	1.12357761068055
-0.030963978150663	0.0390490935722433
0.0207777912273111	0.0256144722729053
-0.169015237457506	0.255263996734556
0.24446897906647	0.386481316778011
-0.389528657233503	0.897414769531907
0.0663599400392652	0.0938474362899517
0.0423195134650706	0.0682708032719738
-0.416944353029258	1.1583541646075
-0.098784415873429	0.179430697481453
0.399990891017693	1.01278338402532
0.0639929971690772	0.0774096336109729
-0.703905106132701	1.7511089287061
-0.394562401123262	0.831453855575502
0.00915834849883795	0.0117948193008353
0.39805647742166	0.82105575262837
-0.134866441897853	0.190769871909573
0.024135038286517	0.0346433500994727
-0.117575531688214	0.187297620378274
0.42587891537911	0.937307824289307
-0.0367516225168218	0.0496551714090292
-0.376196919871025	0.732873621460757
-0.615310179515295	1.81577834804876
0.0914361211307718	0.133332928812139
-0.00198848051523248	0.00266730932540558
0.039060486022604	0.0528249644635603
0.37472747031718	0.829288531642823
-0.046683534487749	0.0709219860438803
0.397361235514441	0.897648549116721
-0.112630380045843	0.183879725456258
0.145344267891938	0.25673319195632
0.191450597048828	0.31635247416388
0.0433937429173131	0.0639677652607631
0.13424029877159	0.215485217490153
-0.413739599775428	0.955745913318108
0.415292919457939	1.11004798872006
-0.441556456832636	1.02526909045801
0.0530058353936312	0.0776599234627548
0.488460544157349	1.2808756293865
0.0449930712391338	0.0619604493672917
0.0807928269222437	0.11892349607739
-0.318817684216405	0.553899179231465
0.0232501137669135	0.033335681487831
-0.638937484317329	1.5498966913955
-0.353269454867691	0.739248749754547
0.244406099434259	0.437501413456026
0.398591739464378	0.753135015339417
-0.0829184460208271	0.123523681753824
0.341209411974871	0.633541366483532
-0.0735646682093738	0.106642753649827
0.123842909606139	0.159196124563185
0.195232459224929	0.302966618743645
-0.0166055761820488	0.0260850420753071
0.684629523996527	1.94109809611541
-0.467394920360181	1.16061699946228
-0.0739358898476089	0.122053356813758
-0.632046668063523	2.42125623224193
-0.00149314787179365	0.00247124637812154
0.00755325050416984	0.0119428047886792
-0.12464998251653	0.22906712400951
-0.346050854120561	0.83427641390368
0.199102147530115	0.440275479428802
0.283119840345636	0.647724713861227
0.0676096435546695	0.103952487240341
0.104481589606015	0.18891878717865
-0.125519934447829	0.182988807536172
-0.467139249222559	0.943426946356808
0.564611536741847	0.987374381016396
0.604558548490409	1.10437419579414
0.20169207110812	0.227846655501809
-0.0326017211550646	0.0396350573909089
0.194555766598989	0.353761347245049
-0.213257031782171	0.46511892526967
-0.182084962179906	0.267095721261773
-0.250105783693464	0.431180581440571
-0.441129263422641	0.84367242955359
0.261686163405683	0.394719611030916
0.230437276558843	0.338172688862922
0.299813984165756	0.58177806002068
-0.388501104864848	0.637243705611081
-0.856321308253744	1.71477100899812
-0.42260849494367	0.511644227989724
0.0199058752003318	0.0213673771096748
-0.235872712039285	0.491343732629995
0.120223532809323	0.263235485779009
0.0131898357825618	0.0204981798595631
0.328438399143646	0.703697290847961
-0.219985305602028	0.427108688521213
-0.119066802048904	0.178935199204793
-0.10308549260796	0.154841521824332
-0.00445095976027586	0.00615972653215785
0.130504660863754	0.250606775511693
-0.0629987785298245	0.101102492640777
0.10953820367387	0.161247285965128
0.0332563575100971	0.0492187710752964
-0.0731266193483769	0.123590132990013
-0.0475547316515079	0.0682957095362655
0.075364344458581	0.119213842455648
-0.0531150244413986	0.0851422659682309
0.140363872792416	0.268877565867776
-0.0078667755705908	0.0123128045981223
-0.114023458939609	0.161004170407404
0.238966868522177	0.319778417168374
0.358591072771791	0.536843127053454
-0.00517622832527864	0.0079058908287987
0.0255621533265633	0.0292584333294066
-0.0153381680102443	0.0206509685897547
0.167899880800543	0.32804749353456
-0.0165616553423016	0.0297071864449234
-0.0358176980338873	0.0653412771544394
-0.302667896216667	0.77240485915909
-0.374032281873602	1.05685064580238
-0.162136782167985	0.315001371275993
0.603515396861333	2.36067720110981
0.189736388409226	0.384658946697835
-0.42763443999404	1.19163199785162
0.240366445424269	0.469817305755286
0.1047358363563	0.160471884024993
0.779881842671754	1.46036619331764
-0.00299643926528237	0.00307046019799245
-0.311883496668942	0.41484695480589
0.238131973219216	0.318431158393994
0.106140863138113	0.162932437006325
-0.00483017548243553	0.00704510270940963
-0.420437871594825	0.801111108774896
0.0390956399236386	0.0528718152655944
-0.500454290577123	0.983780047171202
-0.142661926213903	0.194720521742273
0.131129181286106	0.172429939601173
0.010242891932174	0.0132041970715136
0.285564061683032	0.418312644615658
-0.0620362336483801	0.0559874362455302
0.077765752245137	0.074560331393852
0.296161513111475	0.467384576214316
-0.153405591817195	0.273567937446207
-0.112053549012721	0.22054918723302
0.0296212678225289	0.0482580984317742
0.0264180285542111	0.0369958539064771
-0.179688149417568	0.34531932765487
0.0272937345252337	0.0382608265237363
-0.179154876365659	0.351139576891508
0.0683028346383348	0.105116548504294
0.0425313712483585	0.070188346643258
0.0642493762150702	0.111197228879512
-0.00605019838716925	0.00760425686040871
0.171138745045761	0.338710598634111
0.492837935276253	1.25225332489714
0.105579416745993	0.18503032584951
-0.410616811513417	1.1020607847125
-0.221810238114076	0.421692166743797
0.110445341580983	0.196462414592162
-0.106725235567674	0.174361414793537
-0.172013094075224	0.268750061277868
-0.197367530044204	0.260840713007437
-0.167322864710059	0.220557442068396
-0.0155872170605508	0.0216246325665235
0.210938431665322	0.386343131784187
0.0560062219078381	0.0862949978284345
-0.034002322187008	0.0514103072788865
0.172523630887826	0.342168464932629
0.211478425680323	0.387640043258613
-0.0851071573856292	0.147100158938435
0.453737373421151	1.3446387766732
-0.0531841790960397	0.0786818124539025
-0.121360859214448	0.213608255168814
-0.0616392600477566	0.101245051704459
-0.314301924008944	0.593053126424229
0.0928454307274752	0.143192993683426
0.0569057830112771	0.0878041413481903
0.0217815994246084	0.0291282843632345
-0.31275748175561	0.636425570278816
-0.506505176106694	1.21345876084744
-0.313334404758714	0.666128470617116
0.112553506291148	0.19407547627678
0.257495422142567	0.436920158140881
-0.619268063068892	1.32923160000746
-0.346226164770889	0.635922106181005
-0.194118290076528	0.303948339815777
0.253506550828349	0.529670305871581
-0.4075491026241	0.962690904570334
-0.0736979925408786	0.103207193421667
0.236727564398365	0.455818984419063
0.156624750660176	0.224120052549263
-0.205673158466068	0.322213914110175
-0.0291854318715647	0.0406311948477111
-0.0604628564498714	0.0818990803022872
-0.0717430476686407	0.107148191943241
0.0280070541467098	0.0352565022727257
-0.577579664384408	1.42481406777585
-0.0734899327634028	0.102890313121226
0.373016044769618	0.763991968307285
0.081464262125402	0.14030522833743
-0.156611823535836	0.321113652863936
0.0445923333441237	0.0705067755561623
0.0789168722959468	0.09978819119527
-0.697482058683597	1.80998190676084
-0.0080096385774749	0.0104284387715557
-0.256420869172061	0.51413097319236
-0.0216375658623435	0.0300450258381063
-0.328416673883129	0.732648926300167
0.292367860537724	0.541599158219752
-0.0873938854685375	0.118651195796627
0.0558811094711334	0.0829789555712239
0.101031186570501	0.152449461106192
-0.367676444379322	0.809128066473411
-0.144609898908915	0.262279397013826
-0.312667976132713	0.589005141750124
0.214771288244259	0.399532347357074
0.0830454828175896	0.123896863672248
-0.0846549437554447	0.103101204058465
0.0420128809471803	0.0454252742359851
-0.433553888681598	0.804065857469717
0.153910132030283	0.269339419641582
-0.0645333697586129	0.0845977565281911
-0.0681680631114167	0.10130624843071
-0.0690127818196355	0.0935210603772926
0.00381577523169612	0.00576256576613139
-0.104144969782812	0.186138439273747
0.272409444201626	0.586839693845159
0.31559349736872	0.838786447284135
-0.119393763254878	0.21924418463679
-0.538943815742108	1.54178009041476
-0.119073257798888	0.194463388416475
-0.474663630818269	1.00955658784412
-0.206026311635834	0.3230386761313
0.0951003996234768	0.140864900187496
-0.268085137768932	0.574219334458731
0.199561572827634	0.344936902474904
0.00412242496036175	0.00560285262453822
-0.284574561800062	0.548256627380535
0.302448768061384	0.610223918711735
0.204738269545271	0.329865038182399
0.351074006476118	0.47217003475677
0.261600309948768	0.394569372439101
-0.86672031754501	1.68397196588148
0.0581571379960741	0.0617670034685231
0.142763542731044	0.209883325966345
-0.267483990455687	0.538459492181578
-0.213989284024401	0.366455500120614
-0.289377457207539	0.501194846296742
0.397465546264823	0.749837840916387
-0.196212844301835	0.278642250262215
0.17119764516899	0.302697861240301
-0.454332485721539	0.844633177652441
-0.0217057309003227	0.0263242757477451
-0.228440638267788	0.314052554425397
-0.388350534994808	0.57905101319396
0.43362807270512	0.775783821270746
0.0730408369910517	0.0956192058169141
0.0401177903115543	0.0566515023520702
-0.124946245836759	0.229707199542678
-0.196134368192422	0.403227860009436
-0.075651365329161	0.11259482239825
-0.434594558230001	1.0322994093942
0.29005581300279	0.611228644066877
0.151972431628061	0.246263214707213
0.0464214524478955	0.0693320421098683
0.102499382872377	0.17740542030963
0.00307149407977248	0.00387630368992237
0.219949001177661	0.379252477499089
0.603123228773318	1.88814165463021
0.236683327818566	0.404453753959645
0.102078422758502	0.154223138483804
-0.306331321156262	0.590714367438299
0.0807570542017288	0.125096230213467
0.283356268660849	0.654353411976537
-0.035391841548859	0.0507908143771742
0.110650787222029	0.136244295752276
-0.053719028020448	0.0547877784022658
0.0405735147585349	0.0505285360922626
0.185860584322585	0.327213605011055
0.0269959620153164	0.0415885663848237
-0.0217140240418584	0.0334371869139566
-0.510785050663021	1.45151251178026
-0.00541916620840538	0.00680818989585727
0.0735538188570122	0.101353107531444
-0.259671026524162	0.461045868628187
0.297086986809924	0.670784147134716
-0.0823051744463252	0.126477340829722
-0.0877906634705013	0.127238078335925
0.443936524267182	1.08289727688803
0.0137688626686386	0.0185917607059382
-0.0856720440782353	0.12812784730109
0.0548996734057004	0.0748572365272315
-0.370809662852202	0.86865594892838
-0.155794911134634	0.263872704365902
0.100118660334376	0.150882881710843
0.108782168690681	0.169274340187152
0.223692746816574	0.396870583153351
-0.0480341973667449	0.071121533281474
0.199555224850243	0.372620639602284
0.00940352225599096	0.0121133594494509
0.324651773962504	0.66124523720309
-0.582582748017941	1.6508174866165
-0.261962180133077	0.45195075061801
-0.0919479411712909	0.145169510914428
0.135238991724012	0.217315037857097
0.353625680058855	0.803589992476397
-0.194767676171873	0.359186648992643
-0.0439773682464379	0.0573410214525911
0.334016641379629	0.760604042561291
0.451852112037236	1.01583244315282
0.0441170790999812	0.0606838325552466
0.0421481791790393	0.0620301325448714
0.00788615681521697	0.0104574134441607
-0.0170282113789231	0.0243343832574424
-0.119728519260125	0.180114518254712
-0.0337845967110447	0.0483646535583348
-0.441311088064775	1.17386949758192
-0.0894057271090708	0.144800817168276
-0.422012453355637	1.1369742263384
0.276214907157564	0.529985612795144
0.667992194459991	1.94876303936485
-0.202016859298274	0.247451155735544
-0.646249240076873	1.31715233923327
-0.0580737475293024	0.0733551973421959
0.696991256686857	1.93746861952595
0.0794646003144097	0.11155560498903
-0.170392470106192	0.257833428892807
-0.159296756079109	0.240736038655445
0.0796428124736315	0.117076361759676
0.244872080480333	0.491419483122321
0.294308751725541	0.553485099777083
-0.482603745751333	1.22315181673457
0.211204650652255	0.419913772171107
0.0871006193211723	0.11888391607438
0.328980181621956	0.713363278358747
0.399581277499905	0.837312654168748
0.376386684438	0.88398880300896
-0.449933900365237	0.812569344402151
0.428322034489362	0.854360074941781
-0.295891608790936	0.677585400185514
0.0855781683608301	0.14469011137425
0.329519906914644	0.860501555588834
-0.269001931588415	0.542501675673648
-0.0475972267399044	0.0761514424318624
-0.092005224601912	0.152522307158536
-0.32551893037793	0.694685530060133
0.0903911287287607	0.155142353725847
-0.083150629999953	0.140771576170447
0.680083415941422	2.22627978556332
0.200066401650303	0.400072807045166
-0.226285041608857	0.388698281061614
-0.117969806276413	0.192345713087614
0.130096453940621	0.21673736567219
-0.25402727983976	0.425858028586587
-0.230123344279324	0.516032955057863
-0.394562401123262	0.831453855575502
-0.546750668518826	1.4299054207488
0.20987967383219	0.379872556778237
0.0279824278185061	0.0364747805826889
-0.0600395745078307	0.0916205584806323
0.136933678928477	0.2229221754572
-0.0578564224162918	0.0730751408776104
0.090929533422814	0.126235502216618
-0.0849764920559156	0.111690288155127
-0.0304980502249117	0.0469881068441904
-0.254677083913334	0.47635557096304
0.374309391839472	0.818408623561227
-0.0869466368575711	0.144252582358951
-0.00472818737452101	0.00572875907381661
-0.318665762318179	0.663895541881725
-0.328056289650848	0.652234084948469
-0.241836313239172	0.462181294285883
-0.354629085709995	0.707632404391333
-0.318694542023707	0.584989211645685
-0.176623703196662	0.351710520828074
0.128710014349405	0.202994183569
0.396967985609845	0.622529248738319
0.00498685027926809	0.00565915899268944
-0.00331077548867812	0.00370455603550223
0.00393733815452518	0.00481094399772093
0.0254339824108106	0.0330539125320374
0.537151443513222	1.44735765558131
-0.258063375094104	0.457325781992536
-0.194584234318373	0.304857469752599
-0.193731006282124	0.356775244210013
-0.175874787847871	0.336097039354652
0.0292506079201771	0.0426693546742724
0.302656543984554	0.617722721301244
0.229451857155864	0.378682059361016
0.0327284623299243	0.0484011431041396
0.0436448305368388	0.0689026341874847
-0.228629179489271	0.37021640796265
-0.269246314782741	0.43782388173818
0.298149692143321	0.471691493311349
0.434385852060246	1.24076754494176
0.381106930266462	1.06073427519656
-0.054581803421207	0.0983297587556965
0.436217866493973	1.20144100364406
0.330653339926818	0.726449609419826
-0.432687749205597	0.872099727586871
0.133597722444262	0.214296551708979
0.151393636389609	0.261542076816309
0.110855926940883	0.190638344039083
-0.326861930847765	0.756685309354736
0.00835998843026035	0.0136019122680574
0.0820060363571724	0.127260335856598
0.239233494394252	0.462258799236881
0.506778326125557	1.36349181907792
-0.0471250949516476	0.076649954943589
-0.0134323298766401	0.0206525831789465
0.130901926416507	0.241534828239941
-0.0295784787354724	0.0447207080942142
0.12422109916574	0.223323468503695
-0.284843627705199	0.626366925946896
-0.142828384943966	0.247731318314981
-0.493304611411382	1.32895048860189
-0.306814802834153	0.637202637794415
0.374806785118369	0.878667596961825
0.251325921015741	0.464408450279453
0.259204270418156	0.506142593942218
-0.324830362698596	0.74982701976648
-0.20467519435882	0.330542065225095
0.0965024452385699	0.106169986963162
0.143457916821994	0.196761090075846
-0.544282470743773	1.04561360830602
0.272376744962469	0.441401462897588
0.465628223003024	0.896402180301264
0.635677833321614	1.55855058128911
-0.094960561814356	0.150583629294735
0.0712207321823654	0.106844966964423
0.837318235283264	2.97996719496897
-0.185519843593546	0.38592213455725
0.012791705758084	0.0177415688679868
0.0090680503535779	0.0139044869805941
0.187582755246194	0.331107957386344
-0.231063067219841	0.45098762330219
-0.0200355726033948	0.0334817679460169
-0.135734387492388	0.198076188183503
0.149603506372828	0.209442429140782
0.326346988427648	0.681817709963368
-0.0457362728766324	0.0597881260227627
0.299790665699704	0.482548829686587
0.217586646251234	0.335456139395205
0.286264163681057	0.505877630184149
-0.594815598560618	1.46750281647269
-0.280210828244111	0.512395709775118
-0.45902958737236	1.35435053618617
-0.179449472592031	0.358910558672009
-0.0596035841865213	0.0908888245262568
-0.0255911013207707	0.0354348131230872
0.160564917850474	0.302814830147139
0.113504584694741	0.195966711197085
0.0246566556778729	0.0366631072348604
0.141757125978166	0.249172435556926
-0.273668989936804	0.526299541246071
0.152064275449758	0.27603816615891
-0.0226683128293485	0.0333009168209136
0.0774082576668471	0.118254972185943
0.294444418406027	0.656378417104843
-0.0680137792867587	0.10105519742854
-0.123314664076479	0.19128993503608
0.11567654988764	0.183561927467636
0.3203902370095	0.784686893863913
-0.279130058924432	0.50977817046948
0.0166042318263442	0.0185569083384498
-0.23208392638976	0.231231876479844
0.637791139073552	1.23494870557939
-0.0428375206769515	0.0413868653855285
-0.294068723423011	0.420935256328045
0.558825295458348	1.18444504262367
-0.672799097575266	1.00011610354591
0.292795554474033	0.645059002008968
0.438085479785717	1.1851764161771
0.022613738996972	0.0323955664698552
0.147488191795676	0.250978888756488
-0.072819666054182	0.105446798367853
-0.196972015669792	0.346594469293616
-0.215451974026521	0.358947317219392
0.233863960209027	0.393218999405778
-0.466266474513338	1.04066902098817
-0.0394526308071745	0.0637623377006831
0.0342264319499664	0.0537139218614516
-0.264292632958089	0.696092954273121
-0.276349984573195	0.662386488195127
0.0205671354342618	0.0282996839101904
0.087230040207481	0.10016628286383
-0.0369459876351073	0.0396085574678366
0.150499903892542	0.195602848285848
0.105648383631041	0.162078876689941
0.0242386453661412	0.0360150406156711
-0.0410933157498294	0.062362111903754
-0.00283874373333127	0.00451954200084123
0.112880239974544	0.209848542810174
-0.0718583244239627	0.103943592412993
-0.153302691413993	0.201880317736745
0.138562734482982	0.213375286627181
-0.389660454233403	1.04011083322534
-0.183211810004204	0.303812984583364
0.510516006859302	1.16717277173466
0.229255489876017	0.456603657906904
0.156800337781542	0.208235325303301
-0.0907915483297886	0.106272660088565
-0.409342489357018	0.736627552077092
0.311273668378246	0.546875218425532
-0.193028005195686	0.320378645661952
-0.290275665314887	0.588142888985361
0.108249304926184	0.141159492696068
0.092754688991136	0.129072721785927
0.159962979961975	0.232988507463957
0.248289868341285	0.451819266079454
-0.0574228828481698	0.0724876140120066
-0.3448239642732	0.476715776417548
-0.215838053892291	0.274871823039517
0.154992736451332	0.236974975904239
-0.058998619524896	0.0826256767382369
0.00121166846398664	0.00169197407306467
-0.0613387709924365	0.100708381223587
0.0896848906222724	0.13634685294377
-0.916914833107111	3.32516677250251
0.203243017932949	0.411761331475599
-0.493954094614496	1.20740443435832
0.0907927366155841	0.145294269096274
-0.0606316645906465	0.0994321864776995
-0.0176054035923067	0.0264765098311948
0.051804193011579	0.0786590617892983
0.0164347529666277	0.0245385436580563
0.130378750527829	0.217274463633253
-0.21309406877771	0.413849428248544
0.0430092320294955	0.06945872662809
0.128673000998639	0.224606327965951
0.0450281809731946	0.0620213787738044
-0.411288971842907	0.741504825444917
0.374576629863869	0.838978302209078
0.186054168701489	0.372040124407108
0.17540809067228	0.315105038796657
-0.258937367362767	0.459372252041564
0.0359103866753466	0.0582294643948565
0.161631799621599	0.321379982577092
0.27444907522837	0.592671900824233
-0.324737392697958	0.547202135999238
-0.430337342142225	0.933934477515784
-0.102327910055863	0.144028536398616
-0.0105556211847569	0.0154311698876445
0.0326470770600842	0.0433088012795695
-0.0683965846559902	0.0960518171895931
-0.175775995757959	0.314623185781891
-0.193294993115704	0.329869949610699
-0.212931578688584	0.384401164156784
0.0179902768570122	0.0253687607156456
-0.321918330915506	0.730477011995997
-0.204636962442205	0.396528361894485
-0.202306965446991	0.373201169156906
-0.0183472734446052	0.0269554652934557
-0.508503555149509	1.39785222583909
-0.306937517045628	0.664140891392914
0.0561915793475977	0.0866128609502954
0.0689526603021298	0.110991088345626
0.00584004614478638	0.00772978870142738
0.172524510792566	0.324275265624535
0.303060492784116	0.618915563600938
0.262094727745872	0.524753541912711
0.136221645446147	0.16923261373791
0.267540708208432	0.418692338372887
0.178221261152847	0.256782019442694
0.226441457752558	0.367619584736475
0.654841511040657	1.96630611807487
0.180510661540528	0.287194689495804
0.103695747995318	0.173544886385266
-0.127487317494267	0.239608603873486
0.123297426289116	0.211665516298674
-0.0973450011009202	0.165963265250504
-0.00431165223178621	0.00462212879815223
0.128286219280787	0.178297286003572
0.0305515623592221	0.0371276299617172
0.206017494740272	0.367048395459248
-0.156880001648926	0.222051939716046
0.0735057445377774	0.0962735200099152
0.354755605929998	0.833293068674891
-0.239405815862762	0.456018812612914
-0.122643996729451	0.205862951317538
0.441339610866087	1.09907990452235
-0.383460116959044	0.989251570848565
0.0954471620791952	0.167612016656559
-0.128520691621517	0.210767371411389
0.399035852819879	0.924905119011966
-0.0198420971958041	0.0266627913148962
-0.0501211549320186	0.0759137091488799
-0.15530345573785	0.256450735582256
0.0617291987710129	0.0932770590481873
0.067943858797667	0.104509681510002
0.0468658435150567	0.0674474087939684
-0.0421426514837554	0.0568033222468002
0.103879329902191	0.17390569891864
0.222116787616855	0.38866886924661
-0.0514015463095287	0.0742157464437946
0.160468082592189	0.288620908763278
-0.0239355852391587	0.0361151883374506
-0.0794497069344594	0.125294532794325
-0.0462632534869621	0.0702403903735725
0.192207255835552	0.437453650717598
0.201583905349689	0.478679062531115
0.168744524705344	0.344352816452243
0.316516178605791	0.855643117843642
-0.0233647060576037	0.0360690708896266
-0.398896581531074	0.800558224717853
0.237522628451031	0.317411949236991
0.077211020176969	0.0804192585291822
0.58794119123591	0.956311832565328
0.157848237748719	0.193517486403351
-0.460800467811376	0.784558552795203
-0.630210861454817	1.01203721193773
0.230027352602228	0.294465963568514
-0.113534784871611	0.175582105140155
-0.533730254089189	1.67867215669263
0.0212083865110209	0.0292039775219824
0.129820371753731	0.216225345114524
-0.345563631491507	0.439790607429708
0.223826381765652	0.357357338023065
0.334972358865961	0.573371589962259
-0.361042445444358	0.739090443736092
0.1948103201988	0.326993816481975
-0.155818939812292	0.205707630881999
0.429201505662112	0.921583594262147
-0.324972411911299	0.692744563441274
-0.140214209495047	0.259775994174025
-0.27513159372157	0.603048392308428
0.256680372755747	0.5487941315944
-0.183630489901694	0.320980417496786
0.184712515691425	0.321342899868377
-0.112810544828378	0.174273365054732
0.621017678011236	1.73523210965839
-0.141173280302233	0.21947785344384
0.341259639728289	0.855194782664459
0.0841423330886626	0.13714977408773
0.0565948394121963	0.0807986694920861
-0.021537734786391	0.0280779929544856
-0.23836938576528	0.410446848350644
-0.0606755741050663	0.0926790951934488
-0.0442334791759168	0.0618226418400214
0.504146815902766	1.17937516247869
-0.0235611280916881	0.0346461335230077
0.00256807143300633	0.00374537806253225
-0.283000930798302	0.634981259130674
-0.204909401186029	0.341112625016145
0.0811447618079034	0.1257727707
-0.612651828555592	1.86448490279496
-0.0715873081917158	0.112496188579859
0.19647633514567	0.361764407853875
-0.084242628567321	0.148995682903691
-0.348412639490203	0.843142159483356
-0.338752674929251	0.847475829376729
0.220933864738636	0.546549818365776
-0.171316686961973	0.373101039098512
0.185494242568265	0.367597478037665
0.178184855402208	0.279294770036582
0.0712313629930961	0.0830524526731158
0.517016060919215	0.679761805146688
-0.446247218205133	0.690758698840385
0.183082855256212	0.221239829158505
-0.234439856119964	0.29878906641694
-0.109393455447644	0.133443799374415
-0.0125726677140147	0.0107229747565773
-0.143876030736375	0.255360796280731
-0.426610149339802	1.18623030372686
0.420553659367455	0.981197459276086
-0.0350412876565184	0.0487790187225197
0.245705184078806	0.440491118526713
-0.205304206607509	0.331812003768489
-0.552611972421196	1.2117081091913
0.201632391910661	0.377494918945166
-0.302115071784664	0.493871680887206
-0.222752622305661	0.413564579607637
-0.0234658767845497	0.0353816722947595
-0.255004696403765	0.463832401770522
-0.0789772128539517	0.114248876968317
-0.454745343539149	1.03722154371457
-0.0219951648673606	0.0286882620966763
0.267608004825576	0.484100084471582
0.193956611033587	0.352357051136459
0.480698813166869	1.3088999029894
-0.0489139089312576	0.0745561303663378
0.182373863231513	0.267748074473226
0.579173179849275	1.64867928284852
-0.321270542474832	0.622503941446179
-0.708237023123623	1.99618896974651
0.105482800453494	0.161764673165264
-0.264016546240459	0.493745176889151
-0.170694226402586	0.250370851515698
0.30551423517186	0.625693666951004
0.042996657006212	0.0656341938371663
0.0483636702922813	0.0793270888734313
0.466265329087067	1.18664367657268
0.17808406342044	0.361800501267519
0.139869523602198	0.265669954636305
0.200873260753738	0.379346984090495
0.164997342794646	0.301511406419129
0.0338295144147783	0.0518108870889462
0.115669322264157	0.209054106293569
0.176241861439473	0.316956755399255
-0.405562451334539	0.897102603037827
-0.0233461849670809	0.0351991975775629
0.206706308232703	0.401044736787476
-0.134749196610877	0.238009343840706
-0.167060842461213	0.291406190196998
-0.479018128100199	1.04520890121141
0.466378986572312	1.18714336928428
-0.364373852111389	0.798626028986386
0.159763109501772	0.269917025821944
0.350782117670202	0.767891565107957
-0.0181305349417773	0.0272862576956327
-0.463427611667612	1.30585602030397
-0.016421784519782	0.0234482588824463
0.00298625045650593	0.00364816929773324
0.483515924784481	0.77279305890981
-0.0584551533003261	0.0738658963440946
0.0802360030878001	0.10159673745049
0.111300836472352	0.156057251019082
-0.256166278907693	0.416527563900746
0.0468835679441558	0.0541139842744583
-0.675706060621716	2.18356361720388
-0.0755968722157542	0.112519737688835
0.0851784343507691	0.149652418004933
-0.191258195335823	0.374845223434684
-0.0441432137340842	0.0596810886894507
-0.251623086108088	0.420872617572677
0.545098871089549	1.42453610086328
0.0251657631438618	0.0374487362461523
0.448165321287711	1.03096306952593
-0.123155458451373	0.173838998426603
-0.120983861555068	0.187079501596131
0.848433329570283	2.29881728795275
0.316198180789176	0.58274333945658
0.451110790394703	1.01334164042013
-0.506574629962855	1.34510708412253
-0.458614990422001	1.16123092028029
-0.0388319624651382	0.0489620843813539
-0.295739382248362	0.525767563939302
-0.05906186332347	0.0798446458397091
0.120475442522567	0.204239369567885
0.0104680770421148	0.0144803922404752
-0.159125908569173	0.233174744537107
0.457801531298912	0.977379293817851
0.375667381555363	0.910105860173612
-0.305604965112409	0.63381152397187
-0.262934243862448	0.552228103782294
-0.0662783094237891	0.101244671000128
0.0455186042134919	0.0627326713594767
0.232179738467705	0.473348316127511
-0.0481792628680715	0.0608023574556136
0.173238197162202	0.307243480150406
-0.131888957569068	0.21002657483608
0.331989062901957	0.746364617855769
0.599274494089647	1.91153812328199
0.178229356482865	0.30097501173666
-0.112376927005577	0.18350338748654
-0.241224911882376	0.460553893589781
0.0459750287009405	0.0583694690886811
0.349697704074284	0.729361990340182
0.0212581018896039	0.0284073021605304
0.556829382821159	1.73647679896836
-0.163388040054895	0.26986540571018
-0.247832723968118	0.439271198739842
-0.19466012493296	0.33283525748898
-0.24534138346093	0.501559496747519
-0.222832623563588	0.424173009974475
-0.135192186502412	0.238928245167395
-0.615380501706008	1.5218667901101
-0.0722330484456227	0.0878588182300165
0.33576421428245	0.575202719148283
0.0675604291646729	0.0957145250169617
0.556667560451801	1.19827930835041
0.219623003858528	0.344260446563972
-0.117846935648492	0.187801495787817
0.483497479213751	1.30595096422398
0.20314047301158	0.41498292081661
-0.440235930888672	1.00243376922629
-0.18708478349189	0.352502944128698
-0.00381415750316968	0.00527552684947911
-0.162214958978664	0.321192209604583
0.525016051071001	1.67303828019583
0.0357289186092839	0.0548782769853697
0.212516787079631	0.354414213775962
0.112533088345816	0.158016511707634
-0.121463031358526	0.17106100865423
-0.265938990374299	0.498479682926732
-0.0850411598131491	0.119634635699631
0.374619147762879	0.897048158024784
0.152883749371327	0.280267837037233
0.118348217811119	0.180183983051773
0.37198589853476	0.75047469478782
-0.316853859257988	0.629617096620978
-0.139849358311949	0.217066411710403
-0.210673766309362	0.426016377109506
0.148379451236509	0.222382176997228
0.348745765025221	0.70846818543152
-0.405964931423396	1.01324743303214
-0.663837839771388	2.00496051667868
-0.0140705792280338	0.0189140618292594
0.255836837726514	0.486592359165449
0.2330411295989	0.432586168888297
0.22739351986788	0.409946249188451
0.114596533353777	0.171716676063748
0.0345788278341737	0.0459677229153477
-0.221391956823021	0.43080781394465
0.114753183184216	0.191246404651554
0.505546139406244	1.37464717675796
0.647205846183981	1.98017788374974
0.0489057911318369	0.0759299834135918
-0.49650521355176	1.08502213630848
0.0922559594174107	0.128294278448335
-0.0350240366637187	0.0543673112216726
-0.0551282199836246	0.0841655768135343
0.130202087937877	0.219069400499652
0.555218535627603	1.55259883783394
0.102811349961489	0.148341559089192
0.282533579327938	0.483740077114828
-0.0608156986325581	0.090217567402058
-0.42352417322108	1.08374764041164
0.0765883038101595	0.125739944178556
-0.419084877362666	0.928070464471568
0.398350418701847	0.69411192942908
0.125596009712082	0.195138859980566
0.367074233972107	0.645108630938933
0.42310520275726	0.96555375786245
0.399501898204376	0.94781004975612
0.118771284102031	0.191150946902319
-0.26613699453033	0.58177286765117
0.220858258381856	0.385894362997921
-0.357066436870751	0.972178881918623
-0.481928355535659	1.07674744263581
0.159335025546307	0.283526765199125
-0.354297202453178	0.742347669614648
0.400570507732886	0.862973573125693
0.185736187077918	0.387615780320068
-0.424620696311215	0.897909541503834
0.0519618916280301	0.0672568718056921
-0.040041434499968	0.0505484332351044
-0.463301973578783	1.03095489262836
-0.247935605823316	0.426284935223426
-0.184698342621906	0.323373500923408
0.3983588508255	0.954903710520738
-0.38252170816655	0.898491023309932
-0.329067189122656	0.654995366733622
-0.1734690947391	0.287217127372593
0.323802571435199	0.650886329432985
0.056689077307449	0.0670727744872496
0.050299449743742	0.0705042545291241
-0.141385113637557	0.225700720041872
0.660886257758805	1.6704771564045
0.138738045516324	0.213668169688791
0.344927689017363	0.670513172665138
0.341123768756056	0.846975483411797
0.149367858852331	0.270188508847195
-0.238307481560412	0.476180726564504
0.321320031236781	0.628034889044432
-0.387897084268925	0.796045979577639
0.105482800453494	0.161764673165264
0.276619646157515	0.610621532930946
0.215159068131224	0.400457594506165
-0.0115571643572953	0.0164917551914117
-0.232501221745278	0.492520755901886
0.213389734586731	0.392105541086708
-0.0540145767564292	0.0800159335578501
0.175158334537919	0.314541148471596
0.305076858080977	0.721722779143466
0.0919150232971424	0.127763154357401
0.090852372963103	0.16233024015965
0.0317732824278877	0.0421074805679184
-0.27419859889894	0.473333074803858
-0.842394427150951	2.43938460718536
-0.104104405836773	0.177919697855188
0.246046310686565	0.58684774207096
0.0826099256010428	0.142505507215935
-0.195753885855842	0.386294811979373
0.00472578603352112	0.00557236179168518
-0.0124337290563018	0.0150620721853307
-0.493702762950433	1.20647405925062
-0.187366144081236	0.353109277442429
-0.0597913449801987	0.0912074712712622
0.367240473761182	0.655716761888048
0.119975720486328	0.162963247179855
0.0392387612731672	0.0553447993841772
-0.155846799623935	0.302316904418695
-0.208942469135432	0.567750035434076
0.151053480837239	0.397029565452022
0.310669699946944	0.906804567017109
0.160089366439154	0.343371167123534
-0.0690055975400658	0.13051521895515
0.368867613280125	1.1360259956099
0.552231482362665	1.88281936589264
0.267149592922588	0.4830450205323
0.137461556015144	0.198268077709179
-0.439887284013423	1.00128172580274
-0.128988661729668	0.194269188897404
-0.358679231721199	0.94697934857353
-0.339662444932412	0.641592327140251
0.317342114710816	0.593628046576139
0.0180239684503973	0.0229543488109258
0.184248977809903	0.271011840789342
0.749508705408055	1.74778228042765
0.0363858257148567	0.0526307478930176
0.0805774470972327	0.147186887901939
0.16223210914424	0.275071156755431
0.0859784482461921	0.117222658271118
0.346980098819616	0.694164665556181
0.155488339831854	0.237905541265695
-0.200401393696261	0.402905906562889
0.017833188793543	0.0191118899378989
0.29289414512653	0.542929992725041
0.364147269843209	0.607815217874226
-0.0953272439897198	0.116030242611722
0.210983350930664	0.415546037253282
0.0836834404438873	0.141074484446093
-0.250524758004948	0.382544038499366
0.751907136377106	2.03288855637667
-0.0541811518102642	0.0734862395741191
-0.180542482310181	0.40965414449772
-0.023784224385686	0.0413483069896125
-0.212704423997718	0.489836602935228
-0.0346691031002849	0.0584238908509641
0.0317785118166974	0.0533949752175904
0.239262966999164	0.619618079043207
0.225207047867548	0.404847649611305
0.00938027536944857	0.0093512627368975
-0.0631591642400517	0.0769274075241693
0.398588235570412	0.776448658358411
-0.388667798637303	0.579598135497234
-0.0927812673218596	0.099340518102947
-0.430292332831862	0.619109733815996
0.205247167926136	0.237562346020819
0.165647692504156	0.266133643429396
-0.367941696756047	0.773074432658343
0.438522894481012	0.694534059069568
0.307852954886356	0.523216423481628
0.323196744207908	0.649170202385215
0.16346149785374	0.431049708450774
-0.200602725684968	0.548023270073678
-0.159915451420224	0.346743317978385
-0.401588983458986	1.18322075603405
0.139791130872023	0.265474552134976
0.086671793700464	0.171092109707999
0.7567022692944	2.1773624652821
0.217781501832915	0.301121810738409
-0.00705373256020617	0.0105601597390017
-0.152526356827404	0.244561416937147
0.400134792529464	0.804158877094217
-0.0142659357334073	0.0166503522491715
-0.130359325995426	0.196635163647247
0.0671204641768908	0.0679470050396127
-0.261982816788482	0.360641700908573
-0.289682102871397	0.385166559341552
-0.554836456226833	0.796169787269661
-0.406811390620012	1.01702203004962
0.039270497268158	0.0531226896051249
-0.087482776164627	0.155376647731797
-0.0413878295500715	0.0628387469553236
0.326557776278167	0.682590372401077
0.0082957929879835	0.0117495445500726
0.196575745885805	0.387771094005099
-0.0893777818214359	0.13753101949259
0.225926021968087	0.443948631719013
0.0896951139055253	0.148642022363581
0.552887985949471	1.56138932384436
-0.310023427179238	0.522355199910425
-0.620034206170223	1.26246971382657
0.530243039400132	1.08558392226314
-0.394607604805524	0.92925533391314
0.0118026149179759	0.0147394690113488
0.702690753660194	2.06987529920493
-0.194136176232144	0.366068540079571
-0.0392978607521545	0.0495777199738696
0.0953310940862811	0.154916190848668
0.348918863281778	0.727091080778336
0.0421045488060514	0.0552130588483941
-0.0830010516225062	0.108831328907161
-0.10103063646424	0.141962187139387
0.485297672356693	1.05783071553399
-0.148911721607173	0.21815385919917
0.453608603070259	0.993195563967486
-0.0307299729438787	0.0387446995400261
0.136640852597837	0.18333205196753
-0.0839804684793738	0.110260866649433
0.47728232986959	1.09407570399539
-0.321768003424495	0.623804424978837
0.0389851369017199	0.0549666566037472
-0.334426916593132	0.581897814168112
-0.145203857190489	0.263548590441719
0.275704647203442	0.448529520820685
-0.143774843017796	0.202967302514438
0.370607601532322	0.674192325566804
0.0506729871621563	0.071065191046601
-0.19327623161102	0.426369668436697
-0.23916400369063	0.517575155586339
0.14790846373275	0.27915962550019
-0.368989426747915	0.776028051636517
-0.403661908565377	0.990537884634593
0.199769200773099	0.399322317218749
-0.270928938890011	0.481213139089996
-0.27000900205075	0.439483513381127
-0.495572196290032	1.08194388002799
0.197659510131617	0.393865382514942
-0.550827669141416	1.17753182803466
-0.116718348115281	0.153556457163814
0.214117399148437	0.393669766721769
-0.552075710200818	1.55604958226206
-0.471975798031279	1.10134332699117
-0.269837736533547	0.478627469988318
0.0979717994805146	0.167075779404019
0.211597283553078	0.387925571047841
0.464860472534696	0.894383980701979
0.150545566129486	0.195659945543364
-0.300201183233391	0.489796484361584
-0.055149070875504	0.0818346726523443
0.0391368380605462	0.0551939429666965
0.399967661651931	0.838455616520488
0.00531614557080184	0.00703381772954705
0.252573001778106	0.414561473176926
0.111028245827973	0.155633060426655
-0.075100117990378	0.1053785623905
0.201770752473076	0.377815865859365
-0.00115916290397107	0.00168413491930489
0.267081986774566	0.482801976877611
0.0796236612570602	0.106398635733371
-0.318938248309899	0.585607260130535
-0.193757958370492	0.303297322440725
0.18321348996672	0.292539557487167
0.298027663955918	0.577156240434939
0.0380783650067101	0.0514250646529067
0.355943060400643	0.819646063325727
0.303210195092573	0.619313530368266
-0.397435299825812	0.796326571666181
-0.194890444619317	0.350784649471321
-0.0357706717314479	0.0482659228003445
-0.131818976708541	0.222186322768614
-0.148339494493877	0.21722623844396
-0.133072834561313	0.187817635862759
-0.0935686967626937	0.131688907716632
-0.0222547031621482	0.0318199984504072
-0.385302022573111	1.00952313131268
0.110565415267464	0.181526235249742
-0.311648844346962	0.633392867398136
-0.444630561186897	0.779691580390364
0.143967779238203	0.197475048032391
-0.465397345357299	0.93831785921753
-0.120186414712722	0.1808794380808
0.201132376449372	0.318515902365931
-0.234784009571378	0.357700385924196
0.0433054715909219	0.0595157137287386
-0.315777535562557	0.515494603196542
-0.295363772315488	0.56948061888868
-0.0976690227985676	0.132772023613713
-0.351489735239473	0.755332171312257
0.192875572392414	0.294573289477719
-0.668422598637532	1.87728034437741
0.0679340598512265	0.100479154791169
0.45113017531142	1.02682247091833
0.10942616694831	0.19441264730184
0.0191763832016763	0.0309424447935185
-0.213347172600015	0.405020131809558
0.20005455181976	0.373778755878472
-0.0698007687340786	0.103985624860543
0.0676807736076357	0.100072512203791
0.250907986300508	0.463588344735157
-0.0452472582352052	0.0591105379296401
-0.080737710358268	0.117080881886042
0.12148925575969	0.19810744915704
-0.275358700151097	0.567739362515368
0.164518258014357	0.297626006949124
-0.0923746729865684	0.138117199848831
0.0234870850497852	0.0314738916062868
-0.81867210580193	2.55231058933023
0.033510459909497	0.046444323617845
0.357985061674723	0.878394884308922
0.156817665945332	0.291672888933432
-0.248730949948807	0.48677043468129
0.131074888936589	0.241911732847802
0.247137926396829	0.547213777186591
0.201159256335903	0.456234457513864
0.164388958954176	0.34420238333895
0.12279834732097	0.220299283270842
0.0765618067412609	0.110864103735621
0.104248038769886	0.188437816596497
-0.313498272841466	0.763343695423584
-0.0942277999646361	0.164061412019004
-0.0855451600354151	0.13498612586229
-0.173562629070571	0.294884871667839
-0.197460105699667	0.419258946545226
0.210855190817107	0.415235728241873
0.0970560945430748	0.181738390197986
-0.342027290487415	0.870185849712957
0.0536976253165701	0.0846470895699028
-0.114146232978932	0.204101514019953
0.183123672387776	0.361664793076835
-0.0190518751489791	0.0247551494158965
-0.183767165462388	0.234113450897007
-0.138113111315234	0.1392492829424
-0.390054474608525	0.582361455389938
0.144190519681461	0.168504358143684
0.280400655212594	0.472202462317743
-0.504226850768717	0.994996641918118
0.259265839260593	0.384089029278457
-0.402475941788001	0.702503061242708
-0.33549951316453	0.684652148668995
0.531617424137138	1.45985148016056
0.142783070075202	0.23902775404394
0.271837809326223	0.506681105329189
-0.242546941598647	0.439489814630596
0.0227251462669041	0.0363594208242616
0.298796308811709	0.688907081217045
0.115888204672548	0.193449726559093
0.17732092601571	0.319336551118965
-0.168268241785742	0.30767848344206
-0.0410798512642756	0.0681131267688508
0.269078756689947	0.493760940775379
0.12454140708206	0.203968444257396
-0.66880989673494	1.87898228514283
0.327321394860548	0.684792430942127
0.323975978699394	0.651329148174584
0.0754543787530917	0.11940377935179
0.1542904288505	0.298706538436131
0.450440869842095	1.36697419368697
0.494861055123143	1.24423106604259
0.136512440969093	0.222131696586351
-0.335294741134594	0.715632727376589
0.0185161978163601	0.0261298923593224
-0.509332535871251	1.401487955939
-0.265192183837377	0.623970875640851
0.227710937649641	0.488196526836892
-0.282211228724794	0.632525986949793
-0.00644360663730394	0.0102759658561621
0.0735048684622523	0.123171169586601
0.107830182574451	0.209682023256295
-0.00681753880033759	0.0102035750584212
0.0657274107453112	0.104466457592635
-0.12191077633006	0.214752886515226
-0.127356251232918	0.239322887428189
-0.269411889329627	0.690163634678153
-0.00329994032020753	0.00492182309144857
-0.33152515644935	0.693084209543737
0.0124674429688153	0.0197675088112302
-0.294425854044388	0.687964939424096
-0.0283340016576788	0.0427604057754271
-0.328598145527663	0.790685970634019
-0.474543459125121	1.35826614635066
0.23458875266993	0.556185538730175
0.139699713975986	0.242657570002158
-0.203316982192098	0.357074447643965
0.0281781080386131	0.0354793725282403
-0.513081165239431	0.903717924402871
-0.618988556522665	1.29342986652521
-1.05769492027906	2.23700941005317
0.0854228106373641	0.110293776984858
-0.429847945729953	0.77558854394504
-0.224789338227741	0.396655076668806
-0.153869310242597	0.286257993973694
-0.170690227995329	0.313094897921169
-0.0269797662677261	0.0425909895118803
-0.510724786230759	1.42947136543642
-0.0219951648673606	0.0286882620966763
0.4350884241682	0.740147892752971
0.207349669474259	0.274845506986823
0.143957070629397	0.211915190524734
0.248223332564024	0.45183395922747
-0.0039149458548691	0.00525842479792493
-0.193733484092523	0.348320994663411
0.226096525882061	0.513532113333264
0.378587956114301	0.910344132538877
-0.0725493994669268	0.0882723108330544
-0.256983182727661	0.366296676120496
-0.0413740327898878	0.0594031716556768
-0.264325053113286	0.54313043442684
0.258608024019969	0.445203434071447
0.334936498828894	0.564120427926915
-0.0356486000997054	0.0496627144260698
-0.136696860333368	0.268095650084561
-0.32375419416619	0.7361371338345
0.106176677951337	0.186259964198095
0.186638058322414	0.328976444589712
-0.110215013030334	0.134497744584652
0.299576830765781	0.482078811912289
-0.384179140698417	0.612363547695261
0.171194625554794	0.219700170432633
-0.375496039789277	0.770769042514468
0.0231115564723464	0.0331302982728057
-0.264277811174624	0.508183431464086
0.131004751267817	0.231448167562912
0.504327586466479	1.19687813158596
-0.27007741325137	0.439617292241923
-0.284348207824458	0.624747880668677
0.0510773405606158	0.0716675518728351
-0.130757937818287	0.202724193834887
-0.359061304725967	0.606729165547987
-0.388323403327744	0.579043056004168
-0.103027173799025	0.134963070712283
-0.0887561650314991	0.136449386842067
0.0195054481509478	0.0285504986517785
0.0391155781572543	0.0608538335904511
-0.0752752132781066	0.129898195547108
-0.141275493742797	0.302931016789419
0.247213312085383	0.502534593988745
0.12442953246737	0.193069886344997
0.145404474476058	0.170126152156708
-0.0439704305596211	0.0398235300654178
-0.0279862787106934	0.027102061669148
-0.131838135172483	0.204713097575721
-0.379019353309238	0.872738046923645
0.504079353207109	1.40021641964103
-0.0157065560094244	0.0251663409744051
-0.3404544250437	0.677647708411295
-0.168380121371287	0.214323835528136
-0.193844379278767	0.274364467524544
-0.329375368308421	0.686917194352571
-0.147733476914939	0.249778467274317
0.278438810261088	0.542018241319102
0.302645644557836	0.496254312832763
0.372525928078188	0.870574052398181
-0.267521985649214	0.651328175279025
0.144032487274206	0.225911586080824
-0.22829019301827	0.454358985817641
0.0597792269220335	0.0933893934349279
0.170811035214454	0.219117863743497
-0.874409146245674	1.49655108240886
-0.395455807198455	0.547523030025951
-0.164498753959459	0.184063930961351
-0.203260613274537	0.356919444624961
0.0914050825333427	0.167236819697782
0.229263982788296	0.373295411248854
0.317061746196796	0.592887083879842
0.442967733053708	1.11787668456085
-0.21211635071908	0.302007519143348
0.532009460967581	1.64163148767871
-0.381746387044883	0.607182817123
-0.408042218611968	0.920730222990813
-0.184912590982562	0.216885216185392
-0.0900756180436465	0.105339608724523
0.397734786423797	0.588707039881124
-0.551101590052455	1.20615141823132
-0.0123928598194014	0.0181619877146145
0.0257595348412977	0.0373864236211553
-0.106808460978325	0.178201843014122
0.20987967383219	0.379872556778237
0.37575735289079	0.90104901249761
-0.0669048909319167	0.102264785184014
-0.168021413515419	0.307115332667248
0.159807836488148	0.284636735590264
-0.347394893710328	0.776112551329997
-0.151640303124235	0.269793218425164
0.565958223288811	1.54010588306099
-0.15134502504356	0.27483066421837
-0.317738061563108	0.734355010246028
0.0100067712584222	0.0156913828900329
0.198287031437284	0.395327630259137
0.0331943345017185	0.0491235991717376
0.286420418418213	0.601212103599299
0.0664072138928689	0.105657585517125
0.0624094907959983	0.086870308400796
-0.324140566003455	0.690571557488179
-0.308522345758942	0.669065257091121
-0.0851382550553782	0.140849245527649
-0.54613535446439	1.42739527500545
-0.0366391016397367	0.0526700087250773
0.0615641757781109	0.0930028388807575
0.162020818204417	0.292132010655894
0.116110253004109	0.234981465154487
-0.211431494593373	0.419021060097776
0.0785703549943865	0.120213752993797
0.466999949862205	1.17546244158725
0.0313369907561313	0.0474397388547229
0.106695780634041	0.163898167127665
0.329032012355891	0.873083479877983
0.0965244084853674	0.169822660716278
-0.0902520948396334	0.153359424682951
0.182146588642105	0.356179173676418
-0.135259261525931	0.255384653792356
-0.178731659412693	0.350097369543858
0.0992149850876463	0.17525258881838
-0.240749105213619	0.471143427654628
0.351043822071418	0.795064423762385
-0.354524671978378	0.811227494603783
-0.0744622838097275	0.0714933329768793
0.104877494725532	0.118352055066807
-0.130834014986282	0.146808439108632
0.0782352567077578	0.0988343754512926
-0.838654006517803	2.09386086367191
0.109702535814607	0.11516863282971
-0.194313860454697	0.349581359689346
-0.307828797258808	0.734681435600179
0.415457045728917	1.25054539830474
0.0734550187746596	0.127864934518058
-0.45692719860469	1.15494680539499
0.0202701523994653	0.0313862788231275
-0.445781677153946	1.05837007047217
-0.329469954809572	0.687191654489847
-0.221219662778628	0.33678637547959
-0.0924489967739074	0.129927855252168
0.102770653330888	0.177934380490703
-0.109692900944528	0.187539756965751
0.503124634884509	1.1929467796851
0.373157496112388	0.77452881432191
-0.614958506117437	1.48618247656888
0.441431019372796	1.1367803074976
-0.181959807471493	0.275663268252153
0.52010437476523	1.12763738637382
0.103624149525024	0.179617983648837
-0.0529962347142124	0.0828455200781772
-0.616735950460022	1.94606970616978
-0.0556633650917681	0.100488516058136
-0.282092033305699	0.805743390955551
0.153932780549862	0.348544640326924
-0.0156169091597596	0.0274993752995855
0.0393022782234831	0.0591778279689206
0.0607971375819318	0.084452631780674
-0.297653738042293	0.70714594583201
0.245285681322519	0.439575482686078
-0.418008586449901	1.16293657222408
0.353799528606937	0.804006385062439
-0.0721983530093278	0.121868040659707
-0.064230534978554	0.0689142593741591
-0.0647735475512685	0.0756172726981734
-0.117997654010498	0.138225755469638
0.107142283536358	0.139531981678438
0.230720189540074	0.338619517435321
-0.282342122205193	0.344549656955251
-0.474330463196308	1.13057429829337
0.0369429222028632	0.0568476857375422
-0.271892218512869	0.686297899096654
-0.0242484380947974	0.0413971933621824
0.202061325199844	0.434005876448012
-0.179301955111627	0.358529147283329
0.178111204831074	0.324241361585114
0.239169472354667	0.462119475799003
-0.19392791323875	0.303619689925019
0.470550010081498	1.14541639552799
-0.103037382831981	0.175817316869161
-0.234375416448707	0.487214349687793
0.157737908618868	0.293734626870366
-0.486691890354404	1.1370888727964
0.255717310306695	0.486291873948259
-0.234489579525243	0.42572214603812
0.192551145131217	0.293745435730439
0.0802390202630456	0.107296678779085
-0.376410217125865	0.949568178528091
-0.231219280144239	0.564718953603139
-0.275012592470174	0.650274669309019
0.190545933221237	0.488956114510366
-0.160443239345277	0.415383060199923
-0.0222072840831362	0.0414101692831487
0.209452032637346	0.542145489254095
0.294444418406027	0.656378417104843
0.0102790930376612	0.0132520744715979
0.0606917848680443	0.0842957485964806
0.375035178775294	0.889019362150844
-0.305189250083142	0.452338729317975
-0.011861211839828	0.0148901836068009
-0.014446739120551	0.0147898012212791
0.00381217082792991	0.00465783292550576
0.316514233179411	0.583473763814403
-0.0673424227822589	0.0850574780286947
-0.147486322478484	0.279390054144432
-0.0403750879766547	0.0683133579523752
0.290113999756444	0.705673123482394
-0.00000945111566132672	0.0000160615118777365
0.0311626947983448	0.0547323288031401
0.295018352309751	0.740722932207066
-0.230716950482531	0.450072720328105
0.255298241050898	0.485252055800723
-0.143580743787378	0.229947077787036
0.524149857905321	1.31450647870523
-0.26450411399094	0.543718084662956
0.339082370393003	0.824269986619513
-0.319842744000732	0.618714172999942
-0.159373394877126	0.240878205109274
-0.294537341317272	0.649514178444493
0.126818386715501	0.230700025987153
-0.094935619607938	0.150523580628346
-0.0409293139510534	0.058714896931677
0.161328919186559	0.320584956732489
0.0197817130088779	0.0312876568471876
0.0110994487611156	0.0179152942939887
0.302652724176834	0.720724734022075
-0.303779991613864	0.736698383967447
-0.00824437765773669	0.0129125256452596
0.0891948508412201	0.182434898405863
-0.265561611379923	0.612617244234015
0.440869559889468	1.12274811613466
-0.151491839791442	0.263547832358659
0.121171035176275	0.231549384921398
0.291574909381893	0.710710020545845
-0.32502300643328	0.693212136627304
-0.100556937589432	0.181711181504317
0.0628920881050155	0.0951862826058195
0.173066073396635	0.343417631817634
-0.185055446278066	0.332056136225316
0.134201801287905	0.240228963793517
0.12237272835412	0.178226567287486
0.147702391665377	0.221197586206828
0.0874429958753636	0.119414857372747
-0.277440863058424	0.559354547698106
0.275420296657208	0.595530344496261
0.285168009143081	0.585010255285788
-0.416311082783354	1.02509323826652
0.123624979229345	0.212382833334023
0.148977561088036	0.253998114108562
-0.457339529945259	0.873399168057219
-0.196547048290201	0.26931328550645
0.189097330036216	0.359366264055121
-0.279215913703368	0.549380923817117
0.0718487464704895	0.112108461027247
-0.0387044773165715	0.0638953433405021
0.251459331424403	0.518943228500617
0.0631016369474783	0.0990838360665435
-0.495992552383169	1.23704962720695
-0.37437811014676	0.806296564685426
0.183886939890086	0.319646483729945
-0.281733658068393	0.556067339188529
-0.402194528452644	0.826014471432416
-0.313829681436965	0.667624837186022
0.220317773248061	0.425381219050041
0.561323216954366	1.87905754393665
-0.545877394840954	1.37305045517272
0.137052413243461	0.223159995547425
0.458636432517416	0.936168939512703
-0.0828056173490542	0.108536274955353
0.154316477042792	0.220295653154557
-0.374829039996349	0.768985120583284
-0.021924864799042	0.0313329929456922
0.400246636620987	0.733613852757837
-0.459387596347521	0.99771986175846
0.460328835316324	1.54721307642721
-0.330391510945193	0.86296457648262
0.381254252792977	1.0891889832896
-0.101847023349182	0.181384168049631
0.0854097630342108	0.149119472302296
0.219782623077761	0.48310007887945
-0.199675051336633	0.417305152533846
0.187804029320778	0.331573968928566
-0.409125144831581	0.736098989561612
0.263446920693288	0.462177713480063
0.584131817022121	1.48917532246587
-0.34825663027072	0.778413357608428
-0.267585982291944	0.585972470873103
-0.0646507227548501	0.108564079912023
-0.126523060359586	0.237398680908129
0.0239433622812401	0.0355626173123614
0.163384341421508	0.295167394225769
-0.312308061751762	0.558039530936483
-0.00502146795113401	0.00766816115710902
0.0790216939652268	0.13122922735455
-0.595211091938298	1.50049925044035
-0.558382790893667	1.42809747462878
0.0424702000047038	0.0664112862429741
-0.113124474543765	0.214460933123149
-0.48026876643657	1.29053135870479
0.170367448338891	0.257886221059793
-0.0653658923163323	0.0823134891858169
0.244653820662757	0.386912262244366
0.00675285025441398	0.00894435328363215
-0.337906050521905	0.873625941888666
0.235744902523923	0.559769385704727
-0.3593030135083	0.839159854268949
-0.0375231578188805	0.0507449347677596
0.40001616086604	0.917149621619422
-0.21312499114183	0.384945581536484
0.0845896975601747	0.120924823041248
0.126630459976929	0.199145481519063
-0.266150647542403	0.446478907334521
-0.351426376892995	0.575691943045668
0.326034061397261	0.68102098054568
-0.00118013869949747	0.00179878162325621
-0.262385547636271	0.489488081014085
-0.0367729404739619	0.0479939578639351
-0.00789784171694705	0.0109213640152371
0.283328841333747	0.573767287977506
-0.171673749009301	0.342096593626051
0.0262303343618671	0.0390737289399339
-0.399606971580956	0.862462701266703
0.204863968623288	0.388920670292476
0.0388848805157027	0.0525755452413021
-0.231967213208968	0.442356938426043
-0.487732452484317	1.26448823139468
-0.487026541941989	1.26163887306715
-0.0541812871533272	0.0826129651899636
0.0354211713196439	0.0492187333433756
-0.809641090892118	2.20343986464937
0.100353868452997	0.157860032489605
0.0676531157578254	0.107837332985284
-0.355409494863222	0.673356777155319
0.0801821603489368	0.117936884060557
-0.194817349394855	0.305308095559683
-0.213856577280612	0.425082739530026
-0.536473999403326	1.45718951598804
-0.21579948059382	0.359690403677865
-0.299322791992413	0.606484628227903
-0.537817120780752	1.28983394272422
0.237239345566387	0.495984888270886
0.330505087391175	0.725568430919859
0.171582255439204	0.32214711689385
0.230673317145369	0.469260351187152
0.0876098158308498	0.144709451990909
0.227219129965647	0.451607664749088
-0.233250535500621	0.411000700261822
-0.26520889034799	0.591719329646259
0.321637478244043	0.620806937360401
-0.131536291511934	0.179569562965846
0.473702204586358	0.827969563171539
-0.389472973324152	0.581314206182127
-0.157871340496935	0.238076984023599
0.0251778980979721	0.0288068409457363
0.39800727866849	0.670380222257533
0.316224658189761	0.735780704037756
0.026169717228239	0.0411924494480442
-0.801683719657111	2.62253715779022
-0.0543449713173349	0.0805431754423647
0.229266185185275	0.336004047968879
-0.173840407811994	0.287941975751723
0.398408866962552	0.901111335794138
0.0925534335935733	0.155271607460942
-0.471939888453854	1.101401037244
0.0114368540352071	0.0153988361008544
0.175568584644259	0.292099248155085
-0.0709623002267557	0.0964124744453133
0.489463143648972	1.02214775043924
-0.0819207905215503	0.0994714674253052
-0.269025563840452	0.590243004704301
0.0735538188570122	0.101353107531444
-0.0157032437927344	0.0235498745869064
-0.595008238907032	0.988827692587633
-0.197298857684241	0.260724310743796
0.187007112553595	0.199701329053817
0.102887815844584	0.131486990667968
-0.625558406957888	1.14304028459105
-0.0502562456495683	0.053902941389207
0.135832929346989	0.182077727900585
-0.0421687698179095	0.060609453676251
0.029747393802857	0.0434223300292686
0.18815274038911	0.281933959818522
-0.0869280716320266	0.117940643606349
0.155242376152159	0.272145672186474
-0.0686088908261303	0.110275679618792
-0.212173613549995	0.402224372607708
0.0596529087857657	0.0987431316298452
0.0111995078953232	0.015074892511326
0.00201126883995342	0.00280263792712848
0.0736369616315176	0.096470711034568
0.163449463065728	0.242200760845916
-0.169925286255527	0.318134893289993
0.478162059077167	1.12746801024327
-0.276628920878574	0.353325644495605
-0.0406981332404425	0.0415952024826628
-0.377878160355439	0.639668190549366
-0.120888862717023	0.165033967335604
-0.0316725711196003	0.0384688972647079
-0.335504350070765	0.584307460088715
-0.473355220762195	1.10603592541332
-0.193986745348585	0.389817346504162
-0.0653835936398951	0.0914657415954128
0.0738713829311399	0.10182398723694
-0.184058232446521	0.321971591029933
-0.0968990477762426	0.157383544026315
0.531088757024085	2.01545630786318
-0.221888157513503	0.421896615177206
0.125745509513062	0.208291228744265
-0.0101410070009354	0.0140585414927881
-0.132121894503058	0.24825986911201
0.311125143961445	0.546506217725627
-0.243548037902263	0.395838956899114
-0.114869853148624	0.214729394977138
0.617829340646982	1.58887002543254
0.0786647011510191	0.0754981363405874
-0.388547903276969	0.579495379863473
0.298426877892013	0.370016011722942
0.19604653700162	0.248501757582501
-0.118471902419263	0.138847599152379
-0.226392856963622	0.322482481693918
-0.11590803231853	0.168835382684253
0.0503937713981957	0.0835285521854485
-0.233924576535189	0.485947272131353
-0.193601482839646	0.372855953264615
-0.57225336005468	1.22473828162241
0.0165328193724392	0.0184762297428032
0.373641401542543	0.776043465089136
-0.0199997319553869	0.0299947526061033
-0.089370601876297	0.158280114194754
-0.374302339465207	0.893317013920793
0.126331752216317	0.20945510047182
-0.146846667394385	0.242192382848085
-0.306276661939289	0.59061626317627
-0.110391153461779	0.165773377745565
-0.151770115268792	0.192575305426782
0.0546335616131238	0.0777972517158166
0.312479506471667	0.55771981812315
0.626595554428873	0.918993373516284
0.137477313963288	0.141351879600499
0.56041890997104	0.815851266430381
0.123773869884913	0.159124766048067
0.23011933189623	0.337589527018855
-0.223019191439569	0.260931276910712
0.296962098541394	0.567331385966029
0.175233099162547	0.348638987792227
-0.0664170487949169	0.101476985242384
0.230745147563262	0.381495464189865
0.0713875631802781	0.0832419803726692
0.0719209969106916	0.0940189613920102
-0.3274803565454	0.786707840391897
-0.0864318276429243	0.129395472977775
0.0849028289774533	0.126958923235329
-0.330694944429667	0.69052244867528
0.0973546731823119	0.130823665920582
-0.241199868126459	0.343687905589701
-0.124118730775693	0.180582971820971
-0.299544683382307	0.330709664981227
0.34984513618217	0.470074278246565
0.00232118537370919	0.00211915071275828
-0.155473725043807	0.212457748190792
-0.0262317717046116	0.0281552760855737
0.205679860776389	0.27216296650654
0.442956263321115	1.09227497766115
-0.0784853252923284	0.129481007396017
0.193254696132815	0.350812041092222
-0.594361456720429	1.2402966588512
0.329587816566887	0.699286179358453
0.114217638568229	0.19737089495451
0.105005365383585	0.160949766535169
-0.463930288923575	1.03313271359931
0.29236605899813	0.445438425354807
-0.284129757237355	0.505709823713587
